grid_id,grid_x_m,grid_y_m,centroid_longitude,centroid_latitude,rows,positive_cell_days,weather_missing_fraction
ofr10km_-10000_100000,-10000,100000,-95.069909,49.945759,1840,1,0.9211956521739131
ofr10km_-10000_110000,-10000,110000,-95.070064,50.035999,1840,1,0.9211956521739131
ofr10km_-10000_120000,-10000,120000,-95.070218,50.126268,1840,1,0.9222826086956522
ofr10km_-10000_130000,-10000,130000,-95.070374,50.216565,1840,3,0.9222826086956522
ofr10km_-10000_140000,-10000,140000,-95.07053,50.30689,1840,2,0.9222826086956522
ofr10km_-10000_150000,-10000,150000,-95.070686,50.397242,1840,2,0.9222826086956522
ofr10km_-10000_160000,-10000,160000,-95.070844,50.487622,1840,5,0.9222826086956522
ofr10km_-10000_170000,-10000,170000,-95.071002,50.57803,1840,2,0.9217391304347826
ofr10km_-10000_180000,-10000,180000,-95.071161,50.668465,1840,3,0.9217391304347826
ofr10km_-10000_190000,-10000,190000,-95.07132,50.758927,1840,2,0.9217391304347826
ofr10km_-10000_200000,-10000,200000,-95.071481,50.849417,1840,0,0.9217391304347826
ofr10km_-10000_210000,-10000,210000,-95.071642,50.939933,1840,3,0.9217391304347826
ofr10km_-10000_220000,-10000,220000,-95.071804,51.030476,1840,1,0.9217391304347826
ofr10km_-10000_230000,-10000,230000,-95.071966,51.121045,1840,1,0.9217391304347826
ofr10km_-10000_240000,-10000,240000,-95.072129,51.211641,1840,1,0.9217391304347826
ofr10km_-10000_250000,-10000,250000,-95.072293,51.302263,1840,1,0.9217391304347826
ofr10km_-10000_260000,-10000,260000,-95.072458,51.392911,1840,1,0.9217391304347826
ofr10km_-10000_270000,-10000,270000,-95.072623,51.483585,1840,2,0.9217391304347826
ofr10km_-10000_280000,-10000,280000,-95.07279,51.574285,1840,2,0.9217391304347826
ofr10km_-10000_290000,-10000,290000,-95.072957,51.665011,1840,2,0.9217391304347826
ofr10km_-10000_300000,-10000,300000,-95.073124,51.755762,1840,1,0.9217391304347826
ofr10km_-10000_310000,-10000,310000,-95.073293,51.846539,1840,0,0.9217391304347826
ofr10km_-10000_320000,-10000,320000,-95.073462,51.93734,1840,0,0.9217391304347826
ofr10km_-10000_330000,-10000,330000,-95.073632,52.028167,1840,1,0.9217391304347826
ofr10km_-10000_340000,-10000,340000,-95.073803,52.119018,1840,2,0.9217391304347826
ofr10km_-10000_350000,-10000,350000,-95.073975,52.209895,1840,0,0.9217391304347826
ofr10km_-10000_360000,-10000,360000,-95.074147,52.300795,1840,0,0.9217391304347826
ofr10km_-10000_370000,-10000,370000,-95.074321,52.39172,1840,0,0.9217391304347826
ofr10km_-10000_380000,-10000,380000,-95.074495,52.48267,1840,0,0.9217391304347826
ofr10km_-10000_390000,-10000,390000,-95.07467,52.573643,1840,0,0.9217391304347826
ofr10km_-10000_40000,-10000,40000,-95.068999,49.404917,1840,2,0.3815217391304348
ofr10km_-10000_400000,-10000,400000,-95.074845,52.66464,1840,1,0.9217391304347826
ofr10km_-10000_410000,-10000,410000,-95.075022,52.755661,1840,0,0.9217391304347826
ofr10km_-10000_420000,-10000,420000,-95.075199,52.846706,1840,1,0.9217391304347826
ofr10km_-10000_50000,-10000,50000,-95.069149,49.494985,1840,0,0.3815217391304348
ofr10km_-10000_60000,-10000,60000,-95.0693,49.585082,1840,5,0.41956521739130437
ofr10km_-10000_70000,-10000,70000,-95.069451,49.675208,1840,6,0.41956521739130437
ofr10km_-10000_80000,-10000,80000,-95.069603,49.765363,1840,11,0.46793478260869564
ofr10km_-10000_90000,-10000,90000,-95.069756,49.855547,1840,0,0.9211956521739131
ofr10km_-20000_120000,-20000,120000,-95.210654,50.126069,1840,1,0.9222826086956522
ofr10km_-20000_240000,-20000,240000,-95.216387,51.211435,1840,1,0.9217391304347826
ofr10km_-20000_250000,-20000,250000,-95.216879,51.302057,1840,2,0.9217391304347826
ofr10km_-20000_280000,-20000,280000,-95.218368,51.574078,1840,1,0.9217391304347826
ofr10km_-20000_300000,-20000,300000,-95.219372,51.755554,1840,1,0.9217391304347826
ofr10km_-20000_80000,-20000,80000,-95.20881,49.765166,1840,1,0.9211956521739131
ofr10km_-20000_90000,-20000,90000,-95.209268,49.855349,1840,1,0.9211956521739131
ofr10km_0_100000,0,100000,-94.930091,49.945759,1840,1,0.9211956521739131
ofr10km_0_110000,0,110000,-94.929936,50.035999,1840,2,0.9211956521739131
ofr10km_0_120000,0,120000,-94.929782,50.126268,1840,52,0.9211956521739131
ofr10km_0_130000,0,130000,-94.929626,50.216565,1840,15,0.9211956521739131
ofr10km_0_140000,0,140000,-94.92947,50.30689,1840,1,0.9211956521739131
ofr10km_0_150000,0,150000,-94.929314,50.397242,1840,3,0.9211956521739131
ofr10km_0_160000,0,160000,-94.929156,50.487622,1840,1,0.9211956521739131
ofr10km_0_170000,0,170000,-94.928998,50.57803,1840,0,0.9211956521739131
ofr10km_0_180000,0,180000,-94.928839,50.668465,1840,3,0.9217391304347826
ofr10km_0_190000,0,190000,-94.92868,50.758927,1840,0,0.9217391304347826
ofr10km_0_200000,0,200000,-94.928519,50.849417,1840,4,0.9217391304347826
ofr10km_0_210000,0,210000,-94.928358,50.939933,1840,3,0.9217391304347826
ofr10km_0_220000,0,220000,-94.928196,51.030476,1840,2,0.9217391304347826
ofr10km_0_230000,0,230000,-94.928034,51.121045,1840,3,0.9217391304347826
ofr10km_0_240000,0,240000,-94.927871,51.211641,1840,4,0.9217391304347826
ofr10km_0_250000,0,250000,-94.927707,51.302263,1840,6,0.9217391304347826
ofr10km_0_260000,0,260000,-94.927542,51.392911,1840,1,0.9217391304347826
ofr10km_0_270000,0,270000,-94.927377,51.483585,1840,1,0.9217391304347826
ofr10km_0_280000,0,280000,-94.92721,51.574285,1840,2,0.9217391304347826
ofr10km_0_290000,0,290000,-94.927043,51.665011,1840,1,0.9217391304347826
ofr10km_0_30000,0,30000,-94.93115,49.314879,1840,1,0.38967391304347826
ofr10km_0_300000,0,300000,-94.926876,51.755762,1840,2,0.9217391304347826
ofr10km_0_310000,0,310000,-94.926707,51.846539,1840,0,0.9217391304347826
ofr10km_0_320000,0,320000,-94.926538,51.93734,1840,1,0.9217391304347826
ofr10km_0_330000,0,330000,-94.926368,52.028167,1840,1,0.9217391304347826
ofr10km_0_340000,0,340000,-94.926197,52.119018,1840,0,0.9217391304347826
ofr10km_0_350000,0,350000,-94.926025,52.209895,1840,2,0.9217391304347826
ofr10km_0_360000,0,360000,-94.925853,52.300795,1840,1,0.9217391304347826
ofr10km_0_370000,0,370000,-94.925679,52.39172,1840,1,0.9217391304347826
ofr10km_0_380000,0,380000,-94.925505,52.48267,1840,0,0.9217391304347826
ofr10km_0_390000,0,390000,-94.92533,52.573643,1840,0,0.9217391304347826
ofr10km_0_40000,0,40000,-94.931001,49.404917,1840,2,0.38967391304347826
ofr10km_0_400000,0,400000,-94.925155,52.66464,1840,0,0.9217391304347826
ofr10km_0_410000,0,410000,-94.924978,52.755661,1840,0,0.9217391304347826
ofr10km_0_420000,0,420000,-94.924801,52.846706,1840,2,0.9217391304347826
ofr10km_0_430000,0,430000,-94.924623,52.937774,1840,0,0.4190217391304348
ofr10km_0_50000,0,50000,-94.930851,49.494985,1840,0,0.38967391304347826
ofr10km_0_60000,0,60000,-94.9307,49.585082,1840,7,0.38967391304347826
ofr10km_0_70000,0,70000,-94.930549,49.675208,1840,5,0.41956521739130437
ofr10km_0_80000,0,80000,-94.930397,49.765363,1840,5,0.41956521739130437
ofr10km_0_90000,0,90000,-94.930244,49.855547,1840,3,0.3706521739130435
ofr10km_1000000_-10000,1000000,-10000,-81.486978,47.993383,1840,1,0.35108695652173916
ofr10km_1000000_-100000,1000000,-100000,-81.735631,47.20623,1840,4,0.9331521739130435
ofr10km_1000000_-110000,1000000,-110000,-81.762703,47.118883,1840,1,0.9331521739130435
ofr10km_1000000_-120000,1000000,-120000,-81.789667,47.03156,1840,7,0.9331521739130435
ofr10km_1000000_-130000,1000000,-130000,-81.816523,46.944261,1840,2,0.9331521739130435
ofr10km_1000000_-140000,1000000,-140000,-81.843271,46.856985,1840,5,0.9331521739130435
ofr10km_1000000_-150000,1000000,-150000,-81.869913,46.769734,1840,5,0.9331521739130435
ofr10km_1000000_-160000,1000000,-160000,-81.896448,46.682507,1840,3,0.9331521739130435
ofr10km_1000000_-170000,1000000,-170000,-81.922878,46.595305,1840,2,0.9331521739130435
ofr10km_1000000_-180000,1000000,-180000,-81.949203,46.508127,1840,0,0.7402173913043478
ofr10km_1000000_-190000,1000000,-190000,-81.975424,46.420974,1840,1,0.7402173913043478
ofr10km_1000000_-20000,1000000,-20000,-81.515058,47.905832,1840,2,0.35108695652173916
ofr10km_1000000_-200000,1000000,-200000,-82.001541,46.333846,1840,0,0.7402173913043478
ofr10km_1000000_-210000,1000000,-210000,-82.027555,46.246743,1840,5,0.5070652173913044
ofr10km_1000000_-220000,1000000,-220000,-82.053466,46.159666,1840,5,0.5070652173913044
ofr10km_1000000_-230000,1000000,-230000,-82.079276,46.072614,1840,1,0.33260869565217394
ofr10km_1000000_-240000,1000000,-240000,-82.104984,45.985588,1840,0,0.33260869565217394
ofr10km_1000000_-250000,1000000,-250000,-82.130592,45.898587,1840,0,0.33260869565217394
ofr10km_1000000_-260000,1000000,-260000,-82.156099,45.811613,1840,0,0.33260869565217394
ofr10km_1000000_-270000,1000000,-270000,-82.181507,45.724665,1840,0,0.33260869565217394
ofr10km_1000000_-280000,1000000,-280000,-82.206816,45.637744,1840,0,0.33260869565217394
ofr10km_1000000_-290000,1000000,-290000,-82.232027,45.550848,1840,0,0.33260869565217394
ofr10km_1000000_-30000,1000000,-30000,-81.543024,47.818303,1840,3,0.35108695652173916
ofr10km_1000000_-300000,1000000,-300000,-82.25714,45.46398,1840,0,0.33260869565217394
ofr10km_1000000_-310000,1000000,-310000,-82.282155,45.377139,1840,0,0.33315217391304347
ofr10km_1000000_-320000,1000000,-320000,-82.307074,45.290324,1840,0,0.33315217391304347
ofr10km_1000000_-330000,1000000,-330000,-82.331896,45.203537,1840,0,0.33315217391304347
ofr10km_1000000_-340000,1000000,-340000,-82.356623,45.116778,1840,0,0.33315217391304347
ofr10km_1000000_-350000,1000000,-350000,-82.381255,45.030045,1840,0,0.33315217391304347
ofr10km_1000000_-360000,1000000,-360000,-82.405793,44.943341,1840,0,0.33315217391304347
ofr10km_1000000_-40000,1000000,-40000,-81.570876,47.730796,1840,0,0.35108695652173916
ofr10km_1000000_-50000,1000000,-50000,-81.598615,47.643312,1840,0,0.35434782608695653
ofr10km_1000000_-60000,1000000,-60000,-81.62624,47.55585,1840,0,0.9331521739130435
ofr10km_1000000_-70000,1000000,-70000,-81.653754,47.46841,1840,11,0.9331521739130435
ofr10km_1000000_-80000,1000000,-80000,-81.681157,47.380994,1840,1,0.9331521739130435
ofr10km_1000000_-90000,1000000,-90000,-81.708449,47.2936,1840,0,0.9331521739130435
ofr10km_1000000_0,1000000,0,-81.458782,48.080955,1840,0,0.35108695652173916
ofr10km_1000000_10000,1000000,10000,-81.43047,48.16855,1840,1,0.35108695652173916
ofr10km_1000000_100000,1000000,100000,-81.170316,48.957836,1840,0,0.35108695652173916
ofr10km_1000000_110000,1000000,110000,-81.140803,49.045635,1840,4,0.35108695652173916
ofr10km_1000000_120000,1000000,120000,-81.111166,49.133453,1840,0,0.39891304347826084
ofr10km_1000000_130000,1000000,130000,-81.081403,49.221291,1840,0,0.39891304347826084
ofr10km_1000000_140000,1000000,140000,-81.051515,49.309148,1840,1,0.9347826086956522
ofr10km_1000000_150000,1000000,150000,-81.021501,49.397023,1840,2,0.9347826086956522
ofr10km_1000000_160000,1000000,160000,-80.991358,49.484918,1840,0,0.9347826086956522
ofr10km_1000000_170000,1000000,170000,-80.961088,49.57283,1840,0,0.9347826086956522
ofr10km_1000000_180000,1000000,180000,-80.930689,49.660761,1840,0,0.9347826086956522
ofr10km_1000000_190000,1000000,190000,-80.90016,49.74871,1840,0,0.9347826086956522
ofr10km_1000000_20000,1000000,20000,-81.402041,48.256165,1840,1,0.35108695652173916
ofr10km_1000000_200000,1000000,200000,-80.869501,49.836676,1840,1,0.9347826086956522
ofr10km_1000000_210000,1000000,210000,-80.83871,49.924661,1840,0,0.9347826086956522
ofr10km_1000000_220000,1000000,220000,-80.807786,50.012662,1840,0,0.9347826086956522
ofr10km_1000000_230000,1000000,230000,-80.77673,50.100681,1840,0,0.9347826086956522
ofr10km_1000000_240000,1000000,240000,-80.74554,50.188717,1840,0,0.9347826086956522
ofr10km_1000000_250000,1000000,250000,-80.714215,50.276769,1840,0,0.9347826086956522
ofr10km_1000000_260000,1000000,260000,-80.682754,50.364838,1840,1,0.5994565217391304
ofr10km_1000000_270000,1000000,270000,-80.651157,50.452923,1840,0,0.5994565217391304
ofr10km_1000000_280000,1000000,280000,-80.619423,50.541025,1840,0,0.3717391304347826
ofr10km_1000000_290000,1000000,290000,-80.58755,50.629142,1840,0,0.3717391304347826
ofr10km_1000000_30000,1000000,30000,-81.373494,48.343802,1840,4,0.35108695652173916
ofr10km_1000000_300000,1000000,300000,-80.555538,50.717275,1840,0,0.3717391304347826
ofr10km_1000000_310000,1000000,310000,-80.523386,50.805423,1840,0,0.3717391304347826
ofr10km_1000000_320000,1000000,320000,-80.491093,50.893587,1840,0,0.3717391304347826
ofr10km_1000000_330000,1000000,330000,-80.458658,50.981766,1840,0,0.3717391304347826
ofr10km_1000000_340000,1000000,340000,-80.42608,51.069959,1840,0,0.3717391304347826
ofr10km_1000000_350000,1000000,350000,-80.393359,51.158167,1840,0,0.3695652173913043
ofr10km_1000000_360000,1000000,360000,-80.360493,51.24639,1840,0,0.3695652173913043
ofr10km_1000000_40000,1000000,40000,-81.344829,48.43146,1840,3,0.35108695652173916
ofr10km_1000000_50000,1000000,50000,-81.316046,48.519138,1840,1,0.35108695652173916
ofr10km_1000000_60000,1000000,60000,-81.287142,48.606837,1840,0,0.35108695652173916
ofr10km_1000000_70000,1000000,70000,-81.258118,48.694557,1840,0,0.35108695652173916
ofr10km_1000000_80000,1000000,80000,-81.228973,48.782296,1840,0,0.35108695652173916
ofr10km_1000000_90000,1000000,90000,-81.199706,48.870056,1840,1,0.35108695652173916
ofr10km_100000_-10000,100000,-10000,-93.566803,48.944408,1840,3,0.34456521739130436
ofr10km_100000_-20000,100000,-20000,-93.569872,48.854544,1840,3,0.34456521739130436
ofr10km_100000_-30000,100000,-30000,-93.572927,48.76471,1840,1,0.34456521739130436
ofr10km_100000_-40000,100000,-40000,-93.575969,48.674907,1840,1,0.34456521739130436
ofr10km_100000_-50000,100000,-50000,-93.578999,48.585133,1840,0,0.34456521739130436
ofr10km_100000_0,100000,0,-93.563722,49.034302,1840,1,0.34456521739130436
ofr10km_100000_10000,100000,10000,-93.560627,49.124225,1840,6,0.35434782608695653
ofr10km_100000_100000,100000,100000,-93.532161,49.934852,1840,4,0.49293478260869567
ofr10km_100000_110000,100000,110000,-93.528928,50.025065,1840,1,0.49293478260869567
ofr10km_100000_120000,100000,120000,-93.525681,50.115306,1840,1,0.49293478260869567
ofr10km_100000_130000,100000,130000,-93.52242,50.205575,1840,3,0.37282608695652175
ofr10km_100000_140000,100000,140000,-93.519144,50.295872,1840,2,0.37282608695652175
ofr10km_100000_150000,100000,150000,-93.515854,50.386197,1840,1,0.37282608695652175
ofr10km_100000_160000,100000,160000,-93.512549,50.476549,1840,2,0.37119565217391304
ofr10km_100000_170000,100000,170000,-93.50923,50.566929,1840,4,0.37119565217391304
ofr10km_100000_180000,100000,180000,-93.505895,50.657336,1840,1,0.37119565217391304
ofr10km_100000_190000,100000,190000,-93.502546,50.74777,1840,1,0.37119565217391304
ofr10km_100000_20000,100000,20000,-93.557519,49.214178,1840,1,0.49293478260869567
ofr10km_100000_200000,100000,200000,-93.499181,50.83823,1840,1,0.37119565217391304
ofr10km_100000_210000,100000,210000,-93.495802,50.928718,1840,0,0.37119565217391304
ofr10km_100000_220000,100000,220000,-93.492407,51.019232,1840,2,0.37119565217391304
ofr10km_100000_230000,100000,230000,-93.488997,51.109773,1840,2,0.42391304347826086
ofr10km_100000_240000,100000,240000,-93.485571,51.20034,1840,2,0.42282608695652174
ofr10km_100000_250000,100000,250000,-93.48213,51.290933,1840,5,0.42282608695652174
ofr10km_100000_260000,100000,260000,-93.478673,51.381552,1840,4,0.42282608695652174
ofr10km_100000_270000,100000,270000,-93.4752,51.472197,1840,2,0.42282608695652174
ofr10km_100000_280000,100000,280000,-93.471712,51.562868,1840,4,0.42282608695652174
ofr10km_100000_290000,100000,290000,-93.468207,51.653564,1840,1,0.42336956521739133
ofr10km_100000_30000,100000,30000,-93.554397,49.304161,1840,1,0.49293478260869567
ofr10km_100000_300000,100000,300000,-93.464687,51.744286,1840,1,0.42336956521739133
ofr10km_100000_310000,100000,310000,-93.46115,51.835033,1840,0,0.42336956521739133
ofr10km_100000_320000,100000,320000,-93.457596,51.925805,1840,0,0.933695652173913
ofr10km_100000_330000,100000,330000,-93.454027,52.016602,1840,2,0.933695652173913
ofr10km_100000_340000,100000,340000,-93.450441,52.107423,1840,3,0.9298913043478261
ofr10km_100000_350000,100000,350000,-93.446838,52.198269,1840,0,0.9298913043478261
ofr10km_100000_360000,100000,360000,-93.443218,52.28914,1840,0,0.9298913043478261
ofr10km_100000_370000,100000,370000,-93.439581,52.380034,1840,0,0.9298913043478261
ofr10km_100000_380000,100000,380000,-93.435928,52.470953,1840,0,0.6766304347826086
ofr10km_100000_390000,100000,390000,-93.432257,52.561896,1840,1,0.6766304347826086
ofr10km_100000_40000,100000,40000,-93.551262,49.394173,1840,1,0.49293478260869567
ofr10km_100000_400000,100000,400000,-93.428569,52.652862,1840,0,0.6766304347826086
ofr10km_100000_410000,100000,410000,-93.424864,52.743853,1840,1,0.6766304347826086
ofr10km_100000_420000,100000,420000,-93.421141,52.834866,1840,1,0.6766304347826086
ofr10km_100000_430000,100000,430000,-93.4174,52.925903,1840,1,0.6766304347826086
ofr10km_100000_440000,100000,440000,-93.413642,53.016963,1840,2,0.6766304347826086
ofr10km_100000_450000,100000,450000,-93.409866,53.108046,1840,10,0.6766304347826086
ofr10km_100000_460000,100000,460000,-93.406071,53.199151,1840,0,0.6766304347826086
ofr10km_100000_470000,100000,470000,-93.402259,53.29028,1840,0,0.6766304347826086
ofr10km_100000_480000,100000,480000,-93.398428,53.38143,1840,0,0.6766304347826086
ofr10km_100000_490000,100000,490000,-93.394579,53.472603,1840,0,0.6766304347826086
ofr10km_100000_50000,100000,50000,-93.548113,49.484214,1840,1,0.49293478260869567
ofr10km_100000_500000,100000,500000,-93.390712,53.563798,1840,2,0.6766304347826086
ofr10km_100000_510000,100000,510000,-93.386825,53.655015,1840,2,0.6766304347826086
ofr10km_100000_520000,100000,520000,-93.38292,53.746254,1840,0,0.6766304347826086
ofr10km_100000_530000,100000,530000,-93.378996,53.837515,1840,0,0.4141304347826087
ofr10km_100000_540000,100000,540000,-93.375053,53.928796,1840,1,0.4206521739130435
ofr10km_100000_60000,100000,60000,-93.54495,49.574284,1840,3,0.49293478260869567
ofr10km_100000_70000,100000,70000,-93.541774,49.664383,1840,2,0.49293478260869567
ofr10km_100000_80000,100000,80000,-93.538583,49.754511,1840,3,0.49293478260869567
ofr10km_100000_90000,100000,90000,-93.535379,49.844667,1840,3,0.49293478260869567
ofr10km_10000_100000,10000,100000,-94.790272,49.94556,1840,2,0.37119565217391304
ofr10km_10000_110000,10000,110000,-94.78981,50.0358,1840,6,0.37119565217391304
ofr10km_10000_120000,10000,120000,-94.789346,50.126069,1840,12,0.9211956521739131
ofr10km_10000_130000,10000,130000,-94.78888,50.216365,1840,6,0.9211956521739131
ofr10km_10000_140000,10000,140000,-94.788412,50.306689,1840,3,0.9211956521739131
ofr10km_10000_150000,10000,150000,-94.787941,50.397041,1840,2,0.9211956521739131
ofr10km_10000_160000,10000,160000,-94.787469,50.487421,1840,1,0.9211956521739131
ofr10km_10000_170000,10000,170000,-94.786995,50.577828,1840,1,0.9211956521739131
ofr10km_10000_180000,10000,180000,-94.786518,50.668263,1840,3,0.9211956521739131
ofr10km_10000_190000,10000,190000,-94.786039,50.758724,1840,0,0.9217391304347826
ofr10km_10000_20000,10000,20000,-94.793897,49.224675,1840,0,0.38967391304347826
ofr10km_10000_200000,10000,200000,-94.785558,50.849213,1840,1,0.9217391304347826
ofr10km_10000_210000,10000,210000,-94.785075,50.939729,1840,3,0.9217391304347826
ofr10km_10000_220000,10000,220000,-94.78459,51.030271,1840,2,0.9217391304347826
ofr10km_10000_230000,10000,230000,-94.784103,51.12084,1840,3,0.9217391304347826
ofr10km_10000_240000,10000,240000,-94.783613,51.211435,1840,0,0.9217391304347826
ofr10km_10000_250000,10000,250000,-94.783121,51.302057,1840,2,0.9217391304347826
ofr10km_10000_260000,10000,260000,-94.782627,51.392705,1840,2,0.9217391304347826
ofr10km_10000_270000,10000,270000,-94.782131,51.483378,1840,1,0.9217391304347826
ofr10km_10000_280000,10000,280000,-94.781632,51.574078,1840,7,0.9217391304347826
ofr10km_10000_290000,10000,290000,-94.781131,51.664803,1840,1,0.9217391304347826
ofr10km_10000_30000,10000,30000,-94.79345,49.314684,1840,0,0.38967391304347826
ofr10km_10000_300000,10000,300000,-94.780628,51.755554,1840,0,0.9217391304347826
ofr10km_10000_310000,10000,310000,-94.780122,51.846329,1840,0,0.9217391304347826
ofr10km_10000_320000,10000,320000,-94.779614,51.937131,1840,0,0.9217391304347826
ofr10km_10000_330000,10000,330000,-94.779104,52.027957,1840,1,0.9217391304347826
ofr10km_10000_340000,10000,340000,-94.778591,52.118808,1840,1,0.9217391304347826
ofr10km_10000_350000,10000,350000,-94.778076,52.209683,1840,0,0.9217391304347826
ofr10km_10000_360000,10000,360000,-94.777559,52.300583,1840,2,0.9217391304347826
ofr10km_10000_370000,10000,370000,-94.777039,52.391508,1840,2,0.9217391304347826
ofr10km_10000_380000,10000,380000,-94.776517,52.482457,1840,1,0.9217391304347826
ofr10km_10000_390000,10000,390000,-94.775992,52.57343,1840,0,0.9217391304347826
ofr10km_10000_40000,10000,40000,-94.793002,49.404722,1840,2,0.38967391304347826
ofr10km_10000_400000,10000,400000,-94.775465,52.664426,1840,0,0.9217391304347826
ofr10km_10000_410000,10000,410000,-94.774935,52.755447,1840,1,0.9217391304347826
ofr10km_10000_420000,10000,420000,-94.774403,52.846491,1840,1,0.8320652173913043
ofr10km_10000_430000,10000,430000,-94.773869,52.937558,1840,2,0.6739130434782609
ofr10km_10000_440000,10000,440000,-94.773331,53.028648,1840,1,0.4141304347826087
ofr10km_10000_50000,10000,50000,-94.792552,49.494789,1840,3,0.38967391304347826
ofr10km_10000_60000,10000,60000,-94.7921,49.584886,1840,3,0.38967391304347826
ofr10km_10000_70000,10000,70000,-94.791646,49.675011,1840,10,0.3467391304347826
ofr10km_10000_80000,10000,80000,-94.79119,49.765166,1840,5,0.35108695652173916
ofr10km_10000_90000,10000,90000,-94.790732,49.855349,1840,5,0.3690217391304348
ofr10km_1010000_-10000,1010000,-10000,-81.356587,47.974406,1840,0,0.35108695652173916
ofr10km_1010000_-100000,1010000,-100000,-81.607495,47.187656,1840,2,0.3407608695652174
ofr10km_1010000_-110000,1010000,-110000,-81.634814,47.100354,1840,1,0.3407608695652174
ofr10km_1010000_-120000,1010000,-120000,-81.662023,47.013074,1840,4,0.3407608695652174
ofr10km_1010000_-130000,1010000,-130000,-81.689123,46.925819,1840,1,0.3407608695652174
ofr10km_1010000_-140000,1010000,-140000,-81.716114,46.838587,1840,2,0.3407608695652174
ofr10km_1010000_-150000,1010000,-150000,-81.742998,46.751379,1840,0,0.9331521739130435
ofr10km_1010000_-160000,1010000,-160000,-81.769775,46.664195,1840,4,0.9331521739130435
ofr10km_1010000_-170000,1010000,-170000,-81.796446,46.577036,1840,6,0.9331521739130435
ofr10km_1010000_-180000,1010000,-180000,-81.823011,46.489901,1840,0,0.7402173913043478
ofr10km_1010000_-190000,1010000,-190000,-81.849471,46.402791,1840,2,0.5070652173913044
ofr10km_1010000_-20000,1010000,-20000,-81.384922,47.886901,1840,0,0.35108695652173916
ofr10km_1010000_-200000,1010000,-200000,-81.875826,46.315706,1840,4,0.5070652173913044
ofr10km_1010000_-210000,1010000,-210000,-81.902077,46.228645,1840,1,0.5070652173913044
ofr10km_1010000_-220000,1010000,-220000,-81.928225,46.14161,1840,4,0.5070652173913044
ofr10km_1010000_-230000,1010000,-230000,-81.95427,46.054601,1840,1,0.33260869565217394
ofr10km_1010000_-240000,1010000,-240000,-81.980213,45.967617,1840,0,0.33260869565217394
ofr10km_1010000_-250000,1010000,-250000,-82.006055,45.880659,1840,1,0.33260869565217394
ofr10km_1010000_-260000,1010000,-260000,-82.031795,45.793726,1840,0,0.33206521739130435
ofr10km_1010000_-270000,1010000,-270000,-82.057435,45.70682,1840,0,0.33260869565217394
ofr10km_1010000_-280000,1010000,-280000,-82.082976,45.61994,1840,0,0.33260869565217394
ofr10km_1010000_-290000,1010000,-290000,-82.108417,45.533087,1840,0,0.3309782608695652
ofr10km_1010000_-30000,1010000,-30000,-81.413141,47.799417,1840,0,0.35108695652173916
ofr10km_1010000_-300000,1010000,-300000,-82.133759,45.44626,1840,0,0.3309782608695652
ofr10km_1010000_-310000,1010000,-310000,-82.159004,45.359459,1840,0,0.3309782608695652
ofr10km_1010000_-320000,1010000,-320000,-82.184151,45.272686,1840,0,0.33315217391304347
ofr10km_1010000_-330000,1010000,-330000,-82.209201,45.18594,1840,0,0.33315217391304347
ofr10km_1010000_-340000,1010000,-340000,-82.234154,45.099221,1840,0,0.33315217391304347
ofr10km_1010000_-350000,1010000,-350000,-82.259012,45.01253,1840,0,0.3309782608695652
ofr10km_1010000_-360000,1010000,-360000,-82.283774,44.925866,1840,0,0.3309782608695652
ofr10km_1010000_-370000,1010000,-370000,-82.308442,44.839229,1840,0,0.3309782608695652
ofr10km_1010000_-380000,1010000,-380000,-82.333015,44.752621,1840,0,0.3309782608695652
ofr10km_1010000_-390000,1010000,-390000,-82.357494,44.666041,1840,0,0.3309782608695652
ofr10km_1010000_-40000,1010000,-40000,-81.441245,47.711955,1840,1,0.35108695652173916
ofr10km_1010000_-50000,1010000,-50000,-81.469235,47.624516,1840,1,0.9331521739130435
ofr10km_1010000_-60000,1010000,-60000,-81.497112,47.537098,1840,0,0.9331521739130435
ofr10km_1010000_-70000,1010000,-70000,-81.524875,47.449704,1840,1,0.9331521739130435
ofr10km_1010000_-80000,1010000,-80000,-81.552527,47.362332,1840,2,0.9331521739130435
ofr10km_1010000_-90000,1010000,-90000,-81.580066,47.274982,1840,0,0.9331521739130435
ofr10km_1010000_0,1010000,0,-81.328136,48.061933,1840,0,0.35108695652173916
ofr10km_1010000_10000,1010000,10000,-81.299568,48.149482,1840,2,0.35108695652173916
ofr10km_1010000_100000,1010000,100000,-81.037066,48.93835,1840,3,0.35108695652173916
ofr10km_1010000_110000,1010000,110000,-81.007287,49.026102,1840,3,0.35108695652173916
ofr10km_1010000_120000,1010000,120000,-80.977382,49.113873,1840,0,0.35108695652173916
ofr10km_1010000_130000,1010000,130000,-80.947352,49.201663,1840,0,0.39891304347826084
ofr10km_1010000_140000,1010000,140000,-80.917195,49.289472,1840,1,0.9347826086956522
ofr10km_1010000_150000,1010000,150000,-80.88691,49.3773,1840,0,0.9347826086956522
ofr10km_1010000_160000,1010000,160000,-80.856497,49.465146,1840,0,0.9347826086956522
ofr10km_1010000_170000,1010000,170000,-80.825955,49.55301,1840,0,0.9347826086956522
ofr10km_1010000_180000,1010000,180000,-80.795283,49.640893,1840,1,0.9347826086956522
ofr10km_1010000_190000,1010000,190000,-80.76448,49.728793,1840,0,0.9347826086956522
ofr10km_1010000_20000,1010000,20000,-81.270882,48.237052,1840,0,0.35108695652173916
ofr10km_1010000_200000,1010000,200000,-80.733545,49.816711,1840,0,0.9347826086956522
ofr10km_1010000_210000,1010000,210000,-80.702478,49.904646,1840,0,0.9347826086956522
ofr10km_1010000_220000,1010000,220000,-80.671278,49.992599,1840,0,0.9347826086956522
ofr10km_1010000_230000,1010000,230000,-80.639943,50.080568,1840,0,0.9347826086956522
ofr10km_1010000_240000,1010000,240000,-80.608474,50.168554,1840,1,0.9347826086956522
ofr10km_1010000_250000,1010000,250000,-80.576868,50.256557,1840,0,0.5994565217391304
ofr10km_1010000_260000,1010000,260000,-80.545126,50.344576,1840,0,0.5994565217391304
ofr10km_1010000_270000,1010000,270000,-80.513246,50.432611,1840,0,0.5994565217391304
ofr10km_1010000_280000,1010000,280000,-80.481228,50.520663,1840,0,0.5994565217391304
ofr10km_1010000_290000,1010000,290000,-80.449071,50.60873,1840,0,0.3717391304347826
ofr10km_1010000_30000,1010000,30000,-81.242077,48.324642,1840,0,0.35108695652173916
ofr10km_1010000_300000,1010000,300000,-80.416773,50.696812,1840,0,0.3717391304347826
ofr10km_1010000_310000,1010000,310000,-80.384334,50.78491,1840,0,0.3717391304347826
ofr10km_1010000_320000,1010000,320000,-80.351753,50.873023,1840,0,0.3717391304347826
ofr10km_1010000_330000,1010000,330000,-80.319029,50.96115,1840,0,0.3717391304347826
ofr10km_1010000_340000,1010000,340000,-80.286161,51.049292,1840,0,0.3717391304347826
ofr10km_1010000_350000,1010000,350000,-80.253148,51.137449,1840,0,0.3695652173913043
ofr10km_1010000_360000,1010000,360000,-80.219989,51.22562,1840,0,0.3695652173913043
ofr10km_1010000_40000,1010000,40000,-81.213153,48.412254,1840,1,0.35108695652173916
ofr10km_1010000_50000,1010000,50000,-81.184109,48.499886,1840,5,0.35108695652173916
ofr10km_1010000_60000,1010000,60000,-81.154945,48.587539,1840,0,0.35108695652173916
ofr10km_1010000_70000,1010000,70000,-81.125659,48.675212,1840,0,0.35108695652173916
ofr10km_1010000_80000,1010000,80000,-81.096251,48.762905,1840,0,0.35108695652173916
ofr10km_1010000_90000,1010000,90000,-81.06672,48.850617,1840,2,0.35108695652173916
ofr10km_1020000_-10000,1020000,-10000,-81.226313,47.955252,1840,0,0.35108695652173916
ofr10km_1020000_-100000,1020000,-100000,-81.47947,47.168908,1840,0,0.3407608695652174
ofr10km_1020000_-110000,1020000,-110000,-81.507034,47.08165,1840,4,0.3407608695652174
ofr10km_1020000_-120000,1020000,-120000,-81.534487,46.994415,1840,2,0.3407608695652174
ofr10km_1020000_-130000,1020000,-130000,-81.561831,46.907203,1840,6,0.3407608695652174
ofr10km_1020000_-140000,1020000,-140000,-81.589065,46.820015,1840,5,0.3407608695652174
ofr10km_1020000_-150000,1020000,-150000,-81.616191,46.732851,1840,7,0.3407608695652174
ofr10km_1020000_-160000,1020000,-160000,-81.643209,46.645711,1840,2,0.9331521739130435
ofr10km_1020000_-170000,1020000,-170000,-81.67012,46.558595,1840,1,0.9331521739130435
ofr10km_1020000_-180000,1020000,-180000,-81.696924,46.471504,1840,2,0.5168478260869566
ofr10km_1020000_-190000,1020000,-190000,-81.723622,46.384437,1840,1,0.5168478260869566
ofr10km_1020000_-20000,1020000,-20000,-81.254901,47.867792,1840,0,0.35108695652173916
ofr10km_1020000_-200000,1020000,-200000,-81.750214,46.297395,1840,1,0.5070652173913044
ofr10km_1020000_-210000,1020000,-210000,-81.776702,46.210378,1840,1,0.5070652173913044
ofr10km_1020000_-220000,1020000,-220000,-81.803086,46.123385,1840,7,0.5070652173913044
ofr10km_1020000_-230000,1020000,-230000,-81.829366,46.036418,1840,2,0.33260869565217394
ofr10km_1020000_-240000,1020000,-240000,-81.855543,45.949477,1840,0,0.33260869565217394
ofr10km_1020000_-250000,1020000,-250000,-81.881618,45.862561,1840,0,0.33260869565217394
ofr10km_1020000_-260000,1020000,-260000,-81.907591,45.775671,1840,0,0.5054347826086957
ofr10km_1020000_-270000,1020000,-270000,-81.933463,45.688807,1840,0,0.33260869565217394
ofr10km_1020000_-280000,1020000,-280000,-81.959234,45.601969,1840,0,0.33260869565217394
ofr10km_1020000_-290000,1020000,-290000,-81.984905,45.515157,1840,0,0.3309782608695652
ofr10km_1020000_-30000,1020000,-30000,-81.283373,47.780354,1840,0,0.35108695652173916
ofr10km_1020000_-300000,1020000,-300000,-82.010477,45.428372,1840,0,0.3309782608695652
ofr10km_1020000_-310000,1020000,-310000,-82.03595,45.341613,1840,0,0.3309782608695652
ofr10km_1020000_-320000,1020000,-320000,-82.061324,45.254882,1840,0,0.3309782608695652
ofr10km_1020000_-330000,1020000,-330000,-82.086601,45.168177,1840,0,0.33315217391304347
ofr10km_1020000_-340000,1020000,-340000,-82.111781,45.081499,1840,0,0.3309782608695652
ofr10km_1020000_-350000,1020000,-350000,-82.136864,44.994849,1840,0,0.3309782608695652
ofr10km_1020000_-360000,1020000,-360000,-82.16185,44.908226,1840,0,0.3309782608695652
ofr10km_1020000_-370000,1020000,-370000,-82.186741,44.82163,1840,0,0.3309782608695652
ofr10km_1020000_-380000,1020000,-380000,-82.211538,44.735063,1840,0,0.3309782608695652
ofr10km_1020000_-390000,1020000,-390000,-82.236239,44.648523,1840,0,0.3309782608695652
ofr10km_1020000_-40000,1020000,-40000,-81.311729,47.692938,1840,1,0.35108695652173916
ofr10km_1020000_-400000,1020000,-400000,-82.260847,44.562012,1840,0,0.3309782608695652
ofr10km_1020000_-410000,1020000,-410000,-82.285361,44.475528,1840,0,0.33043478260869563
ofr10km_1020000_-50000,1020000,-50000,-81.33997,47.605543,1840,1,0.9331521739130435
ofr10km_1020000_-60000,1020000,-60000,-81.368096,47.518171,1840,1,0.9331521739130435
ofr10km_1020000_-70000,1020000,-70000,-81.396109,47.430821,1840,3,0.9331521739130435
ofr10km_1020000_-80000,1020000,-80000,-81.424008,47.343494,1840,1,0.9331521739130435
ofr10km_1020000_-90000,1020000,-90000,-81.451795,47.25619,1840,2,0.9331521739130435
ofr10km_1020000_0,1020000,0,-81.197607,48.042733,1840,2,0.35108695652173916
ofr10km_1020000_10000,1020000,10000,-81.168783,48.130236,1840,2,0.35108695652173916
ofr10km_1020000_100000,1020000,100000,-80.903939,48.918682,1840,3,0.35108695652173916
ofr10km_1020000_110000,1020000,110000,-80.873895,49.006386,1840,0,0.35108695652173916
ofr10km_1020000_120000,1020000,120000,-80.843725,49.09411,1840,3,0.5510869565217391
ofr10km_1020000_130000,1020000,130000,-80.813427,49.181852,1840,0,0.5510869565217391
ofr10km_1020000_140000,1020000,140000,-80.783002,49.269613,1840,0,0.9331521739130435
ofr10km_1020000_150000,1020000,150000,-80.752448,49.357392,1840,0,0.9347826086956522
ofr10km_1020000_160000,1020000,160000,-80.721765,49.44519,1840,0,0.9347826086956522
ofr10km_1020000_170000,1020000,170000,-80.690952,49.533005,1840,0,0.9347826086956522
ofr10km_1020000_180000,1020000,180000,-80.660007,49.620839,1840,0,0.9347826086956522
ofr10km_1020000_190000,1020000,190000,-80.628931,49.70869,1840,0,0.9347826086956522
ofr10km_1020000_20000,1020000,20000,-81.139841,48.217759,1840,0,0.35108695652173916
ofr10km_1020000_200000,1020000,200000,-80.597722,49.796559,1840,0,0.9347826086956522
ofr10km_1020000_210000,1020000,210000,-80.56638,49.884445,1840,0,0.9347826086956522
ofr10km_1020000_220000,1020000,220000,-80.534903,49.972348,1840,0,0.9347826086956522
ofr10km_1020000_230000,1020000,230000,-80.503291,50.060267,1840,0,0.9347826086956522
ofr10km_1020000_240000,1020000,240000,-80.471543,50.148204,1840,0,0.9347826086956522
ofr10km_1020000_250000,1020000,250000,-80.439658,50.236156,1840,0,0.9347826086956522
ofr10km_1020000_260000,1020000,260000,-80.407635,50.324125,1840,0,0.5994565217391304
ofr10km_1020000_270000,1020000,270000,-80.375474,50.41211,1840,0,0.5994565217391304
ofr10km_1020000_280000,1020000,280000,-80.343173,50.500111,1840,0,0.5994565217391304
ofr10km_1020000_290000,1020000,290000,-80.310732,50.588127,1840,0,0.3717391304347826
ofr10km_1020000_30000,1020000,30000,-81.110779,48.305304,1840,1,0.35108695652173916
ofr10km_1020000_300000,1020000,300000,-80.278149,50.676159,1840,0,0.3717391304347826
ofr10km_1020000_310000,1020000,310000,-80.245424,50.764205,1840,0,0.3717391304347826
ofr10km_1020000_320000,1020000,320000,-80.212556,50.852267,1840,0,0.3717391304347826
ofr10km_1020000_330000,1020000,330000,-80.179543,50.940343,1840,0,0.3717391304347826
ofr10km_1020000_340000,1020000,340000,-80.146386,51.028433,1840,0,0.3695652173913043
ofr10km_1020000_350000,1020000,350000,-80.113083,51.116538,1840,0,0.3695652173913043
ofr10km_1020000_360000,1020000,360000,-80.079632,51.204657,1840,0,0.3695652173913043
ofr10km_1020000_40000,1020000,40000,-81.081597,48.392869,1840,0,0.35108695652173916
ofr10km_1020000_50000,1020000,50000,-81.052294,48.480454,1840,1,0.35108695652173916
ofr10km_1020000_60000,1020000,60000,-81.022869,48.56806,1840,0,0.35108695652173916
ofr10km_1020000_70000,1020000,70000,-80.993322,48.655686,1840,1,0.35108695652173916
ofr10km_1020000_80000,1020000,80000,-80.963652,48.743332,1840,0,0.35108695652173916
ofr10km_1020000_90000,1020000,90000,-80.933858,48.830997,1840,1,0.35108695652173916
ofr10km_1030000_-10000,1030000,-10000,-81.096156,47.93592,1840,1,0.35108695652173916
ofr10km_1030000_-100000,1030000,-100000,-81.351555,47.149986,1840,5,0.3407608695652174
ofr10km_1030000_-110000,1030000,-110000,-81.379364,47.062772,1840,4,0.3407608695652174
ofr10km_1030000_-120000,1030000,-120000,-81.407061,46.975582,1840,4,0.3407608695652174
ofr10km_1030000_-130000,1030000,-130000,-81.434648,46.888415,1840,4,0.3407608695652174
ofr10km_1030000_-140000,1030000,-140000,-81.462124,46.801271,1840,2,0.3407608695652174
ofr10km_1030000_-150000,1030000,-150000,-81.489491,46.714151,1840,2,0.3407608695652174
ofr10km_1030000_-160000,1030000,-160000,-81.51675,46.627055,1840,3,0.3407608695652174
ofr10km_1030000_-170000,1030000,-170000,-81.5439,46.539983,1840,8,0.3407608695652174
ofr10km_1030000_-180000,1030000,-180000,-81.570943,46.452936,1840,0,0.5168478260869566
ofr10km_1030000_-190000,1030000,-190000,-81.597878,46.365912,1840,2,0.5168478260869566
ofr10km_1030000_-20000,1030000,-20000,-81.124997,47.848506,1840,2,0.35108695652173916
ofr10km_1030000_-200000,1030000,-200000,-81.624708,46.278914,1840,4,0.5168478260869566
ofr10km_1030000_-210000,1030000,-210000,-81.651432,46.19194,1840,7,0.5168478260869566
ofr10km_1030000_-220000,1030000,-220000,-81.678051,46.104991,1840,4,0.5168478260869566
ofr10km_1030000_-230000,1030000,-230000,-81.704565,46.018067,1840,2,0.33260869565217394
ofr10km_1030000_-240000,1030000,-240000,-81.730976,45.931168,1840,1,0.33260869565217394
ofr10km_1030000_-250000,1030000,-250000,-81.757284,45.844295,1840,2,0.5054347826086957
ofr10km_1030000_-260000,1030000,-260000,-81.783489,45.757448,1840,3,0.33315217391304347
ofr10km_1030000_-270000,1030000,-270000,-81.809591,45.670626,1840,0,0.33260869565217394
ofr10km_1030000_-280000,1030000,-280000,-81.835593,45.58383,1840,1,0.33260869565217394
ofr10km_1030000_-290000,1030000,-290000,-81.861494,45.497061,1840,0,0.33260869565217394
ofr10km_1030000_-30000,1030000,-30000,-81.153721,47.761114,1840,0,0.35108695652173916
ofr10km_1030000_-300000,1030000,-300000,-81.887294,45.410318,1840,0,0.33260869565217394
ofr10km_1030000_-310000,1030000,-310000,-81.912995,45.323601,1840,0,0.33260869565217394
ofr10km_1030000_-320000,1030000,-320000,-81.938596,45.236911,1840,0,0.33043478260869563
ofr10km_1030000_-330000,1030000,-330000,-81.964099,45.150248,1840,0,0.3309782608695652
ofr10km_1030000_-340000,1030000,-340000,-81.989504,45.063612,1840,0,0.3309782608695652
ofr10km_1030000_-350000,1030000,-350000,-82.014811,44.977003,1840,0,0.3309782608695652
ofr10km_1030000_-360000,1030000,-360000,-82.040022,44.890421,1840,0,0.3309782608695652
ofr10km_1030000_-370000,1030000,-370000,-82.065136,44.803867,1840,0,0.3309782608695652
ofr10km_1030000_-380000,1030000,-380000,-82.090155,44.71734,1840,0,0.3309782608695652
ofr10km_1030000_-390000,1030000,-390000,-82.115078,44.630841,1840,0,0.33043478260869563
ofr10km_1030000_-40000,1030000,-40000,-81.182328,47.673744,1840,1,0.35380434782608694
ofr10km_1030000_-400000,1030000,-400000,-82.139906,44.544371,1840,0,0.33043478260869563
ofr10km_1030000_-410000,1030000,-410000,-82.164641,44.457928,1840,0,0.33043478260869563
ofr10km_1030000_-420000,1030000,-420000,-82.189281,44.371514,1840,0,0.33043478260869563
ofr10km_1030000_-430000,1030000,-430000,-82.213828,44.285128,1840,0,0.33043478260869563
ofr10km_1030000_-440000,1030000,-440000,-82.238283,44.198771,1840,0,0.33043478260869563
ofr10km_1030000_-50000,1030000,-50000,-81.210819,47.586395,1840,1,0.8331521739130435
ofr10km_1030000_-60000,1030000,-60000,-81.239194,47.499068,1840,2,0.9331521739130435
ofr10km_1030000_-70000,1030000,-70000,-81.267455,47.411764,1840,1,0.9331521739130435
ofr10km_1030000_-80000,1030000,-80000,-81.295602,47.324482,1840,0,0.9331521739130435
ofr10km_1030000_-90000,1030000,-90000,-81.323635,47.237223,1840,0,0.3407608695652174
ofr10km_1030000_0,1030000,0,-81.067196,48.023355,1840,0,0.35108695652173916
ofr10km_1030000_10000,1030000,10000,-81.038118,48.110811,1840,1,0.35108695652173916
ofr10km_1030000_100000,1030000,100000,-80.770938,48.898832,1840,0,0.35108695652173916
ofr10km_1030000_110000,1030000,110000,-80.74063,48.986488,1840,1,0.39891304347826084
ofr10km_1030000_120000,1030000,120000,-80.710194,49.074163,1840,0,0.5510869565217391
ofr10km_1030000_130000,1030000,130000,-80.67963,49.161857,1840,0,0.9331521739130435
ofr10km_1030000_140000,1030000,140000,-80.648938,49.249569,1840,0,0.9331521739130435
ofr10km_1030000_150000,1030000,150000,-80.618116,49.3373,1840,0,0.9347826086956522
ofr10km_1030000_160000,1030000,160000,-80.587163,49.425049,1840,1,0.9347826086956522
ofr10km_1030000_170000,1030000,170000,-80.556079,49.512815,1840,0,0.9347826086956522
ofr10km_1030000_180000,1030000,180000,-80.524864,49.6006,1840,0,0.9347826086956522
ofr10km_1030000_190000,1030000,190000,-80.493515,49.688402,1840,1,0.9347826086956522
ofr10km_1030000_20000,1030000,20000,-81.00892,48.198288,1840,0,0.35108695652173916
ofr10km_1030000_200000,1030000,200000,-80.462033,49.776221,1840,0,0.9347826086956522
ofr10km_1030000_210000,1030000,210000,-80.430416,49.864057,1840,0,0.9347826086956522
ofr10km_1030000_220000,1030000,220000,-80.398664,49.95191,1840,0,0.9347826086956522
ofr10km_1030000_230000,1030000,230000,-80.366775,50.039779,1840,0,0.9347826086956522
ofr10km_1030000_240000,1030000,240000,-80.334749,50.127665,1840,0,0.9347826086956522
ofr10km_1030000_250000,1030000,250000,-80.302586,50.215568,1840,0,0.9211956521739131
ofr10km_1030000_260000,1030000,260000,-80.270283,50.303486,1840,0,0.5994565217391304
ofr10km_1030000_270000,1030000,270000,-80.237841,50.39142,1840,0,0.5994565217391304
ofr10km_1030000_280000,1030000,280000,-80.205258,50.47937,1840,1,0.5994565217391304
ofr10km_1030000_290000,1030000,290000,-80.172534,50.567335,1840,0,0.5994565217391304
ofr10km_1030000_30000,1030000,30000,-80.979601,48.285786,1840,0,0.35108695652173916
ofr10km_1030000_300000,1030000,300000,-80.139667,50.655315,1840,0,0.3717391304347826
ofr10km_1030000_310000,1030000,310000,-80.106657,50.74331,1840,0,0.3717391304347826
ofr10km_1030000_320000,1030000,320000,-80.073502,50.831319,1840,0,0.3717391304347826
ofr10km_1030000_330000,1030000,330000,-80.040203,50.919343,1840,0,0.3695652173913043
ofr10km_1030000_340000,1030000,340000,-80.006757,51.007382,1840,0,0.3695652173913043
ofr10km_1030000_350000,1030000,350000,-79.973164,51.095434,1840,0,0.3695652173913043
ofr10km_1030000_360000,1030000,360000,-79.939423,51.1835,1840,0,0.3695652173913043
ofr10km_1030000_40000,1030000,40000,-80.950162,48.373304,1840,0,0.35108695652173916
ofr10km_1030000_50000,1030000,50000,-80.9206,48.460842,1840,0,0.35108695652173916
ofr10km_1030000_60000,1030000,60000,-80.890916,48.548401,1840,0,0.35108695652173916
ofr10km_1030000_70000,1030000,70000,-80.861109,48.635979,1840,1,0.35108695652173916
ofr10km_1030000_80000,1030000,80000,-80.831177,48.723577,1840,0,0.35108695652173916
ofr10km_1030000_90000,1030000,90000,-80.801121,48.811195,1840,3,0.35108695652173916
ofr10km_1040000_-10000,1040000,-10000,-80.966117,47.916411,1840,1,0.34402173913043477
ofr10km_1040000_-100000,1040000,-100000,-81.223753,47.13089,1840,2,0.3407608695652174
ofr10km_1040000_-110000,1040000,-110000,-81.251806,47.043722,1840,3,0.3407608695652174
ofr10km_1040000_-120000,1040000,-120000,-81.279746,46.956576,1840,3,0.3407608695652174
ofr10km_1040000_-130000,1040000,-130000,-81.307575,46.869454,1840,1,0.3407608695652174
ofr10km_1040000_-140000,1040000,-140000,-81.335293,46.782355,1840,8,0.3407608695652174
ofr10km_1040000_-150000,1040000,-150000,-81.362901,46.69528,1840,2,0.3407608695652174
ofr10km_1040000_-160000,1040000,-160000,-81.390399,46.608228,1840,4,0.3407608695652174
ofr10km_1040000_-170000,1040000,-170000,-81.417788,46.5212,1840,2,0.3407608695652174
ofr10km_1040000_-180000,1040000,-180000,-81.445068,46.434197,1840,3,0.5168478260869566
ofr10km_1040000_-190000,1040000,-190000,-81.472241,46.347217,1840,7,0.5168478260869566
ofr10km_1040000_-20000,1040000,-20000,-80.99521,47.829044,1840,0,0.34619565217391307
ofr10km_1040000_-200000,1040000,-200000,-81.499307,46.260262,1840,6,0.5168478260869566
ofr10km_1040000_-210000,1040000,-210000,-81.526266,46.173332,1840,4,0.5168478260869566
ofr10km_1040000_-220000,1040000,-220000,-81.55312,46.086427,1840,9,0.5168478260869566
ofr10km_1040000_-230000,1040000,-230000,-81.579868,45.999546,1840,2,0.5152173913043478
ofr10km_1040000_-240000,1040000,-240000,-81.606512,45.912691,1840,1,0.5152173913043478
ofr10km_1040000_-250000,1040000,-250000,-81.633052,45.825861,1840,0,0.33315217391304347
ofr10km_1040000_-260000,1040000,-260000,-81.659488,45.739057,1840,1,0.33315217391304347
ofr10km_1040000_-270000,1040000,-270000,-81.685821,45.652278,1840,1,0.33315217391304347
ofr10km_1040000_-280000,1040000,-280000,-81.712052,45.565525,1840,1,0.33260869565217394
ofr10km_1040000_-290000,1040000,-290000,-81.738182,45.478798,1840,0,0.33260869565217394
ofr10km_1040000_-30000,1040000,-30000,-81.024185,47.741698,1840,0,0.34782608695652173
ofr10km_1040000_-300000,1040000,-300000,-81.76421,45.392097,1840,0,0.33260869565217394
ofr10km_1040000_-310000,1040000,-310000,-81.790138,45.305423,1840,0,0.33043478260869563
ofr10km_1040000_-320000,1040000,-320000,-81.815966,45.218775,1840,0,0.33043478260869563
ofr10km_1040000_-330000,1040000,-330000,-81.841695,45.132154,1840,0,0.33043478260869563
ofr10km_1040000_-340000,1040000,-340000,-81.867325,45.045559,1840,0,0.33043478260869563
ofr10km_1040000_-350000,1040000,-350000,-81.892856,44.958992,1840,0,0.3309782608695652
ofr10km_1040000_-360000,1040000,-360000,-81.91829,44.872452,1840,0,0.3309782608695652
ofr10km_1040000_-370000,1040000,-370000,-81.943627,44.785939,1840,0,0.33043478260869563
ofr10km_1040000_-380000,1040000,-380000,-81.968867,44.699454,1840,0,0.33043478260869563
ofr10km_1040000_-390000,1040000,-390000,-81.994011,44.612997,1840,0,0.33043478260869563
ofr10km_1040000_-40000,1040000,-40000,-81.053043,47.654374,1840,1,0.34782608695652173
ofr10km_1040000_-400000,1040000,-400000,-82.01906,44.526567,1840,0,0.33043478260869563
ofr10km_1040000_-410000,1040000,-410000,-82.044014,44.440165,1840,0,0.33043478260869563
ofr10km_1040000_-420000,1040000,-420000,-82.068873,44.353792,1840,0,0.33043478260869563
ofr10km_1040000_-430000,1040000,-430000,-82.093638,44.267447,1840,0,0.33043478260869563
ofr10km_1040000_-440000,1040000,-440000,-82.11831,44.18113,1840,0,0.33043478260869563
ofr10km_1040000_-450000,1040000,-450000,-82.142889,44.094842,1840,0,0.33043478260869563
ofr10km_1040000_-50000,1040000,-50000,-81.081783,47.567071,1840,0,0.34782608695652173
ofr10km_1040000_-60000,1040000,-60000,-81.110407,47.47979,1840,1,0.9331521739130435
ofr10km_1040000_-70000,1040000,-70000,-81.138915,47.392532,1840,0,0.9331521739130435
ofr10km_1040000_-80000,1040000,-80000,-81.167309,47.305295,1840,1,0.3407608695652174
ofr10km_1040000_-90000,1040000,-90000,-81.195588,47.218081,1840,1,0.3407608695652174
ofr10km_1040000_0,1040000,0,-80.936904,48.003799,1840,0,0.35108695652173916
ofr10km_1040000_10000,1040000,10000,-80.907572,48.091208,1840,2,0.35108695652173916
ofr10km_1040000_100000,1040000,100000,-80.638064,48.8788,1840,1,0.35108695652173916
ofr10km_1040000_110000,1040000,110000,-80.607492,48.966408,1840,0,0.39891304347826084
ofr10km_1040000_120000,1040000,120000,-80.576792,49.054035,1840,0,0.39891304347826084
ofr10km_1040000_130000,1040000,130000,-80.545962,49.14168,1840,1,0.9331521739130435
ofr10km_1040000_140000,1040000,140000,-80.515003,49.229343,1840,0,0.9331521739130435
ofr10km_1040000_150000,1040000,150000,-80.483914,49.317024,1840,0,0.9331521739130435
ofr10km_1040000_160000,1040000,160000,-80.452693,49.404724,1840,0,0.9347826086956522
ofr10km_1040000_170000,1040000,170000,-80.421339,49.492441,1840,0,0.9347826086956522
ofr10km_1040000_180000,1040000,180000,-80.389853,49.580176,1840,0,0.9347826086956522
ofr10km_1040000_190000,1040000,190000,-80.358233,49.667928,1840,1,0.9347826086956522
ofr10km_1040000_20000,1040000,20000,-80.878119,48.178638,1840,2,0.35108695652173916
ofr10km_1040000_200000,1040000,200000,-80.326478,49.755697,1840,0,0.9347826086956522
ofr10km_1040000_210000,1040000,210000,-80.294587,49.843483,1840,0,0.9347826086956522
ofr10km_1040000_220000,1040000,220000,-80.26256,49.931285,1840,0,0.9347826086956522
ofr10km_1040000_230000,1040000,230000,-80.230396,50.019104,1840,0,0.9347826086956522
ofr10km_1040000_240000,1040000,240000,-80.198094,50.10694,1840,0,0.9211956521739131
ofr10km_1040000_250000,1040000,250000,-80.165652,50.194791,1840,0,0.9211956521739131
ofr10km_1040000_260000,1040000,260000,-80.133071,50.282658,1840,0,0.5994565217391304
ofr10km_1040000_270000,1040000,270000,-80.100349,50.370541,1840,0,0.5994565217391304
ofr10km_1040000_280000,1040000,280000,-80.067485,50.458439,1840,0,0.5994565217391304
ofr10km_1040000_290000,1040000,290000,-80.034479,50.546352,1840,0,0.5994565217391304
ofr10km_1040000_30000,1040000,30000,-80.848545,48.266089,1840,0,0.35108695652173916
ofr10km_1040000_300000,1040000,300000,-80.001329,50.634281,1840,0,0.3717391304347826
ofr10km_1040000_310000,1040000,310000,-79.968034,50.722224,1840,0,0.3717391304347826
ofr10km_1040000_320000,1040000,320000,-79.934595,50.810181,1840,0,0.3717391304347826
ofr10km_1040000_330000,1040000,330000,-79.901009,50.898153,1840,1,0.3695652173913043
ofr10km_1040000_340000,1040000,340000,-79.867275,50.986139,1840,0,0.3695652173913043
ofr10km_1040000_350000,1040000,350000,-79.833394,51.074139,1840,0,0.3695652173913043
ofr10km_1040000_380000,1040000,380000,-79.730851,51.338218,1840,0,0.3695652173913043
ofr10km_1040000_40000,1040000,40000,-80.818848,48.353559,1840,0,0.35108695652173916
ofr10km_1040000_50000,1040000,50000,-80.789029,48.44105,1840,1,0.35108695652173916
ofr10km_1040000_60000,1040000,60000,-80.759086,48.528561,1840,0,0.35108695652173916
ofr10km_1040000_70000,1040000,70000,-80.729019,48.616092,1840,1,0.35108695652173916
ofr10km_1040000_80000,1040000,80000,-80.698827,48.703642,1840,0,0.35108695652173916
ofr10km_1040000_90000,1040000,90000,-80.668509,48.791212,1840,1,0.35108695652173916
ofr10km_1050000_-10000,1050000,-10000,-80.836197,47.896725,1840,1,0.3402173913043478
ofr10km_1050000_-100000,1050000,-100000,-81.096064,47.11162,1840,1,0.3407608695652174
ofr10km_1050000_-110000,1050000,-110000,-81.12436,47.024497,1840,5,0.3407608695652174
ofr10km_1050000_-120000,1050000,-120000,-81.152543,46.937397,1840,5,0.3407608695652174
ofr10km_1050000_-130000,1050000,-130000,-81.180613,46.85032,1840,10,0.3407608695652174
ofr10km_1050000_-140000,1050000,-140000,-81.208572,46.763266,1840,2,0.3407608695652174
ofr10km_1050000_-150000,1050000,-150000,-81.23642,46.676236,1840,4,0.3407608695652174
ofr10km_1050000_-160000,1050000,-160000,-81.264157,46.589229,1840,2,0.3407608695652174
ofr10km_1050000_-170000,1050000,-170000,-81.291784,46.502246,1840,10,0.3407608695652174
ofr10km_1050000_-180000,1050000,-180000,-81.319302,46.415287,1840,4,0.3407608695652174
ofr10km_1050000_-190000,1050000,-190000,-81.346711,46.328352,1840,2,0.5168478260869566
ofr10km_1050000_-20000,1050000,-20000,-80.865542,47.809404,1840,1,0.3402173913043478
ofr10km_1050000_-200000,1050000,-200000,-81.374013,46.241441,1840,8,0.5168478260869566
ofr10km_1050000_-210000,1050000,-210000,-81.401207,46.154555,1840,5,0.5168478260869566
ofr10km_1050000_-220000,1050000,-220000,-81.428294,46.067694,1840,9,0.5168478260869566
ofr10km_1050000_-230000,1050000,-230000,-81.455276,45.980857,1840,6,0.5152173913043478
ofr10km_1050000_-240000,1050000,-240000,-81.482152,45.894045,1840,0,0.5152173913043478
ofr10km_1050000_-250000,1050000,-250000,-81.508923,45.807259,1840,0,0.33315217391304347
ofr10km_1050000_-260000,1050000,-260000,-81.53559,45.720498,1840,0,0.33315217391304347
ofr10km_1050000_-270000,1050000,-270000,-81.562153,45.633762,1840,0,0.33315217391304347
ofr10km_1050000_-280000,1050000,-280000,-81.588613,45.547052,1840,0,0.33315217391304347
ofr10km_1050000_-290000,1050000,-290000,-81.614971,45.460368,1840,0,0.33260869565217394
ofr10km_1050000_-30000,1050000,-30000,-80.894768,47.722105,1840,0,0.34782608695652173
ofr10km_1050000_-300000,1050000,-300000,-81.641227,45.37371,1840,0,0.33043478260869563
ofr10km_1050000_-310000,1050000,-310000,-81.667382,45.287079,1840,0,0.33043478260869563
ofr10km_1050000_-320000,1050000,-320000,-81.693436,45.200473,1840,0,0.33043478260869563
ofr10km_1050000_-330000,1050000,-330000,-81.719389,45.113895,1840,0,0.33043478260869563
ofr10km_1050000_-340000,1050000,-340000,-81.745244,45.027342,1840,0,0.33043478260869563
ofr10km_1050000_-350000,1050000,-350000,-81.770999,44.940817,1840,0,0.3309782608695652
ofr10km_1050000_-360000,1050000,-360000,-81.796655,44.854319,1840,0,0.3309782608695652
ofr10km_1050000_-370000,1050000,-370000,-81.822214,44.767848,1840,0,0.33043478260869563
ofr10km_1050000_-380000,1050000,-380000,-81.847676,44.681405,1840,0,0.33043478260869563
ofr10km_1050000_-390000,1050000,-390000,-81.87304,44.594989,1840,0,0.33043478260869563
ofr10km_1050000_-40000,1050000,-40000,-80.923875,47.634828,1840,1,0.34782608695652173
ofr10km_1050000_-400000,1050000,-400000,-81.898309,44.508601,1840,0,0.33043478260869563
ofr10km_1050000_-410000,1050000,-410000,-81.923481,44.422241,1840,0,0.33043478260869563
ofr10km_1050000_-420000,1050000,-420000,-81.948559,44.335908,1840,0,0.33043478260869563
ofr10km_1050000_-430000,1050000,-430000,-81.973542,44.249604,1840,0,0.33043478260869563
ofr10km_1050000_-440000,1050000,-440000,-81.99843,44.163329,1840,0,0.33043478260869563
ofr10km_1050000_-450000,1050000,-450000,-82.023225,44.077081,1840,0,0.33043478260869563
ofr10km_1050000_-50000,1050000,-50000,-80.952864,47.547571,1840,0,0.34782608695652173
ofr10km_1050000_-60000,1050000,-60000,-80.981735,47.460337,1840,0,0.8331521739130435
ofr10km_1050000_-70000,1050000,-70000,-81.010491,47.373124,1840,0,0.3407608695652174
ofr10km_1050000_-80000,1050000,-80000,-81.03913,47.285934,1840,1,0.3407608695652174
ofr10km_1050000_-90000,1050000,-90000,-81.067654,47.198766,1840,1,0.3407608695652174
ofr10km_1050000_0,1050000,0,-80.806732,47.984066,1840,1,0.34402173913043477
ofr10km_1050000_10000,1050000,10000,-80.777147,48.071428,1840,0,0.34402173913043477
ofr10km_1050000_100000,1050000,100000,-80.505317,48.858587,1840,0,0.39891304347826084
ofr10km_1050000_110000,1050000,110000,-80.474482,48.946146,1840,0,0.39891304347826084
ofr10km_1050000_120000,1050000,120000,-80.443518,49.033724,1840,2,0.39891304347826084
ofr10km_1050000_130000,1050000,130000,-80.412424,49.121319,1840,2,0.9331521739130435
ofr10km_1050000_140000,1050000,140000,-80.381199,49.208933,1840,3,0.9331521739130435
ofr10km_1050000_150000,1050000,150000,-80.349843,49.296565,1840,0,0.9331521739130435
ofr10km_1050000_160000,1050000,160000,-80.318354,49.384215,1840,0,0.9331521739130435
ofr10km_1050000_170000,1050000,170000,-80.286732,49.471882,1840,0,0.9347826086956522
ofr10km_1050000_180000,1050000,180000,-80.254976,49.559567,1840,2,0.9347826086956522
ofr10km_1050000_190000,1050000,190000,-80.223085,49.647269,1840,0,0.9347826086956522
ofr10km_1050000_20000,1050000,20000,-80.74744,48.15881,1840,1,0.34402173913043477
ofr10km_1050000_200000,1050000,200000,-80.191058,49.734987,1840,0,0.9347826086956522
ofr10km_1050000_210000,1050000,210000,-80.158895,49.822723,1840,0,0.9347826086956522
ofr10km_1050000_220000,1050000,220000,-80.126594,49.910474,1840,1,0.9347826086956522
ofr10km_1050000_230000,1050000,230000,-80.094155,49.998243,1840,0,0.9211956521739131
ofr10km_1050000_240000,1050000,240000,-80.061577,50.086027,1840,0,0.9211956521739131
ofr10km_1050000_250000,1050000,250000,-80.028859,50.173827,1840,0,0.9211956521739131
ofr10km_1050000_260000,1050000,260000,-79.996,50.261642,1840,0,0.9211956521739131
ofr10km_1050000_270000,1050000,270000,-79.962998,50.349474,1840,0,0.5994565217391304
ofr10km_1050000_280000,1050000,280000,-79.929855,50.43732,1840,1,0.5994565217391304
ofr10km_1050000_290000,1050000,290000,-79.896567,50.525181,1840,0,0.5994565217391304
ofr10km_1050000_30000,1050000,30000,-80.71761,48.246213,1840,0,0.34402173913043477
ofr10km_1050000_300000,1050000,300000,-79.863135,50.613057,1840,1,0.3717391304347826
ofr10km_1050000_310000,1050000,310000,-79.829557,50.700948,1840,0,0.3717391304347826
ofr10km_1050000_320000,1050000,320000,-79.795833,50.788853,1840,0,0.3695652173913043
ofr10km_1050000_330000,1050000,330000,-79.761962,50.876772,1840,0,0.3695652173913043
ofr10km_1050000_340000,1050000,340000,-79.727942,50.964704,1840,0,0.3695652173913043
ofr10km_1050000_350000,1050000,350000,-79.693773,51.052651,1840,0,0.3695652173913043
ofr10km_1050000_360000,1050000,360000,-79.659453,51.140611,1840,0,0.3695652173913043
ofr10km_1050000_370000,1050000,370000,-79.624983,51.228584,1840,0,0.3695652173913043
ofr10km_1050000_380000,1050000,380000,-79.59036,51.31657,1840,0,0.3695652173913043
ofr10km_1050000_390000,1050000,390000,-79.555584,51.404569,1840,0,0.3695652173913043
ofr10km_1050000_40000,1050000,40000,-80.687657,48.333636,1840,1,0.34619565217391307
ofr10km_1050000_50000,1050000,50000,-80.657581,48.421079,1840,1,0.3521739130434783
ofr10km_1050000_60000,1050000,60000,-80.62738,48.508542,1840,0,0.35108695652173916
ofr10km_1050000_70000,1050000,70000,-80.597054,48.596025,1840,0,0.35108695652173916
ofr10km_1050000_80000,1050000,80000,-80.566602,48.683526,1840,0,0.35108695652173916
ofr10km_1050000_90000,1050000,90000,-80.536023,48.771047,1840,0,0.35108695652173916
ofr10km_1060000_-10000,1060000,-10000,-80.706398,47.876861,1840,0,0.3402173913043478
ofr10km_1060000_-100000,1060000,-100000,-80.968489,47.092177,1840,2,0.3407608695652174
ofr10km_1060000_-110000,1060000,-110000,-80.997027,47.0051,1840,4,0.3407608695652174
ofr10km_1060000_-120000,1060000,-120000,-81.025452,46.918046,1840,14,0.3407608695652174
ofr10km_1060000_-130000,1060000,-130000,-81.053763,46.831015,1840,2,0.3407608695652174
ofr10km_1060000_-140000,1060000,-140000,-81.081962,46.744006,1840,5,0.3407608695652174
ofr10km_1060000_-150000,1060000,-150000,-81.110049,46.657021,1840,2,0.3407608695652174
ofr10km_1060000_-160000,1060000,-160000,-81.138024,46.570059,1840,1,0.3407608695652174
ofr10km_1060000_-170000,1060000,-170000,-81.165889,46.483121,1840,6,0.3407608695652174
ofr10km_1060000_-180000,1060000,-180000,-81.193644,46.396207,1840,11,0.3407608695652174
ofr10km_1060000_-190000,1060000,-190000,-81.221289,46.309317,1840,2,0.33967391304347827
ofr10km_1060000_-20000,1060000,-20000,-80.735993,47.789589,1840,1,0.34782608695652173
ofr10km_1060000_-200000,1060000,-200000,-81.248826,46.222451,1840,8,0.33967391304347827
ofr10km_1060000_-210000,1060000,-210000,-81.276254,46.135609,1840,8,0.5168478260869566
ofr10km_1060000_-220000,1060000,-220000,-81.303575,46.048792,1840,13,0.5168478260869566
ofr10km_1060000_-230000,1060000,-230000,-81.330789,45.961999,1840,3,0.5152173913043478
ofr10km_1060000_-240000,1060000,-240000,-81.357897,45.875232,1840,0,0.5152173913043478
ofr10km_1060000_-250000,1060000,-250000,-81.384899,45.788489,1840,0,0.33315217391304347
ofr10km_1060000_-260000,1060000,-260000,-81.411796,45.701772,1840,0,0.33315217391304347
ofr10km_1060000_-270000,1060000,-270000,-81.438588,45.61508,1840,0,0.33315217391304347
ofr10km_1060000_-280000,1060000,-280000,-81.465277,45.528413,1840,0,0.33315217391304347
ofr10km_1060000_-290000,1060000,-290000,-81.491863,45.441772,1840,0,0.33043478260869563
ofr10km_1060000_-30000,1060000,-30000,-80.765469,47.702337,1840,1,0.34782608695652173
ofr10km_1060000_-300000,1060000,-300000,-81.518345,45.355158,1840,0,0.33043478260869563
ofr10km_1060000_-310000,1060000,-310000,-81.544726,45.268569,1840,0,0.33043478260869563
ofr10km_1060000_-320000,1060000,-320000,-81.571005,45.182006,1840,0,0.33043478260869563
ofr10km_1060000_-330000,1060000,-330000,-81.597184,45.09547,1840,0,0.3309782608695652
ofr10km_1060000_-340000,1060000,-340000,-81.623261,45.008961,1840,0,0.3309782608695652
ofr10km_1060000_-350000,1060000,-350000,-81.64924,44.922478,1840,0,0.3309782608695652
ofr10km_1060000_-360000,1060000,-360000,-81.675118,44.836023,1840,0,0.3309782608695652
ofr10km_1060000_-370000,1060000,-370000,-81.700899,44.749594,1840,0,0.33043478260869563
ofr10km_1060000_-380000,1060000,-380000,-81.726581,44.663193,1840,0,0.33043478260869563
ofr10km_1060000_-390000,1060000,-390000,-81.752165,44.576819,1840,0,0.33043478260869563
ofr10km_1060000_-40000,1060000,-40000,-80.794825,47.615106,1840,1,0.34782608695652173
ofr10km_1060000_-400000,1060000,-400000,-81.777653,44.490472,1840,0,0.33043478260869563
ofr10km_1060000_-410000,1060000,-410000,-81.803044,44.404154,1840,0,0.33043478260869563
ofr10km_1060000_-420000,1060000,-420000,-81.828339,44.317863,1840,0,0.33043478260869563
ofr10km_1060000_-430000,1060000,-430000,-81.853539,44.2316,1840,0,0.33043478260869563
ofr10km_1060000_-440000,1060000,-440000,-81.878644,44.145366,1840,0,0.33043478260869563
ofr10km_1060000_-450000,1060000,-450000,-81.903654,44.05916,1840,0,0.33043478260869563
ofr10km_1060000_-50000,1060000,-50000,-80.824062,47.527897,1840,0,0.34782608695652173
ofr10km_1060000_-60000,1060000,-60000,-80.85318,47.440709,1840,0,0.34782608695652173
ofr10km_1060000_-70000,1060000,-70000,-80.882182,47.353543,1840,0,0.3407608695652174
ofr10km_1060000_-80000,1060000,-80000,-80.911067,47.266399,1840,2,0.3407608695652174
ofr10km_1060000_-90000,1060000,-90000,-80.939835,47.179277,1840,0,0.3407608695652174
ofr10km_1060000_0,1060000,0,-80.676681,47.964155,1840,3,0.3402173913043478
ofr10km_1060000_10000,1060000,10000,-80.646843,48.051469,1840,2,0.3402173913043478
ofr10km_1060000_100000,1060000,100000,-80.372698,48.838193,1840,0,0.39891304347826084
ofr10km_1060000_110000,1060000,110000,-80.341601,48.925703,1840,0,0.39891304347826084
ofr10km_1060000_120000,1060000,120000,-80.310374,49.013231,1840,0,0.5510869565217391
ofr10km_1060000_130000,1060000,130000,-80.279016,49.100777,1840,0,0.9331521739130435
ofr10km_1060000_140000,1060000,140000,-80.247527,49.188341,1840,2,0.9331521739130435
ofr10km_1060000_150000,1060000,150000,-80.215904,49.275923,1840,0,0.9331521739130435
ofr10km_1060000_160000,1060000,160000,-80.184149,49.363523,1840,0,0.9331521739130435
ofr10km_1060000_170000,1060000,170000,-80.152259,49.45114,1840,0,0.9331521739130435
ofr10km_1060000_180000,1060000,180000,-80.120234,49.538774,1840,0,0.9347826086956522
ofr10km_1060000_190000,1060000,190000,-80.088073,49.626425,1840,1,0.9347826086956522
ofr10km_1060000_20000,1060000,20000,-80.616882,48.138804,1840,1,0.34619565217391307
ofr10km_1060000_200000,1060000,200000,-80.055776,49.714093,1840,1,0.9211956521739131
ofr10km_1060000_210000,1060000,210000,-80.02334,49.801777,1840,0,0.9211956521739131
ofr10km_1060000_220000,1060000,220000,-79.990767,49.889478,1840,0,0.9211956521739131
ofr10km_1060000_230000,1060000,230000,-79.958054,49.977194,1840,0,0.9211956521739131
ofr10km_1060000_240000,1060000,240000,-79.925201,50.064927,1840,0,0.9211956521739131
ofr10km_1060000_250000,1060000,250000,-79.892206,50.152675,1840,0,0.9211956521739131
ofr10km_1060000_260000,1060000,260000,-79.85907,50.240439,1840,0,0.9211956521739131
ofr10km_1060000_270000,1060000,270000,-79.825791,50.328218,1840,0,0.9211956521739131
ofr10km_1060000_280000,1060000,280000,-79.792368,50.416012,1840,0,0.5994565217391304
ofr10km_1060000_290000,1060000,290000,-79.7588,50.503821,1840,0,0.5994565217391304
ofr10km_1060000_30000,1060000,30000,-80.586798,48.226159,1840,6,0.34619565217391307
ofr10km_1060000_300000,1060000,300000,-79.725086,50.591644,1840,1,0.5994565217391304
ofr10km_1060000_310000,1060000,310000,-79.691226,50.679482,1840,0,0.3717391304347826
ofr10km_1060000_320000,1060000,320000,-79.657219,50.767334,1840,0,0.3717391304347826
ofr10km_1060000_330000,1060000,330000,-79.623063,50.8552,1840,0,0.3695652173913043
ofr10km_1060000_340000,1060000,340000,-79.588757,50.943079,1840,0,0.3695652173913043
ofr10km_1060000_350000,1060000,350000,-79.554302,51.030972,1840,0,0.3695652173913043
ofr10km_1060000_360000,1060000,360000,-79.519695,51.118878,1840,0,0.3695652173913043
ofr10km_1060000_40000,1060000,40000,-80.556591,48.313534,1840,0,0.34619565217391307
ofr10km_1060000_50000,1060000,50000,-80.526258,48.400929,1840,1,0.34619565217391307
ofr10km_1060000_60000,1060000,60000,-80.4958,48.488343,1840,0,0.34619565217391307
ofr10km_1060000_70000,1060000,70000,-80.465216,48.575777,1840,0,0.3467391304347826
ofr10km_1060000_80000,1060000,80000,-80.434505,48.66323,1840,0,0.3467391304347826
ofr10km_1060000_90000,1060000,90000,-80.403666,48.750702,1840,1,0.34782608695652173
ofr10km_1070000_-10000,1070000,-10000,-80.576719,47.856822,1840,0,0.3402173913043478
ofr10km_1070000_-100000,1070000,-100000,-80.841028,47.072561,1840,1,0.3407608695652174
ofr10km_1070000_-110000,1070000,-110000,-80.869808,46.985531,1840,3,0.3407608695652174
ofr10km_1070000_-120000,1070000,-120000,-80.898474,46.898522,1840,7,0.3407608695652174
ofr10km_1070000_-130000,1070000,-130000,-80.927026,46.811537,1840,18,0.3407608695652174
ofr10km_1070000_-140000,1070000,-140000,-80.955464,46.724574,1840,5,0.3407608695652174
ofr10km_1070000_-150000,1070000,-150000,-80.98379,46.637635,1840,2,0.3407608695652174
ofr10km_1070000_-160000,1070000,-160000,-81.012003,46.550719,1840,10,0.3407608695652174
ofr10km_1070000_-170000,1070000,-170000,-81.040104,46.463826,1840,2,0.3407608695652174
ofr10km_1070000_-180000,1070000,-180000,-81.068095,46.376957,1840,8,0.3407608695652174
ofr10km_1070000_-190000,1070000,-190000,-81.095976,46.290112,1840,5,0.33967391304347827
ofr10km_1070000_-20000,1070000,-20000,-80.606565,47.769597,1840,3,0.34782608695652173
ofr10km_1070000_-200000,1070000,-200000,-81.123747,46.203291,1840,5,0.33967391304347827
ofr10km_1070000_-210000,1070000,-210000,-81.151409,46.116494,1840,9,0.33967391304347827
ofr10km_1070000_-220000,1070000,-220000,-81.178962,46.029721,1840,3,0.33967391304347827
ofr10km_1070000_-230000,1070000,-230000,-81.206408,45.942973,1840,6,0.5152173913043478
ofr10km_1070000_-240000,1070000,-240000,-81.233747,45.85625,1840,0,0.5152173913043478
ofr10km_1070000_-250000,1070000,-250000,-81.260979,45.769552,1840,0,0.33315217391304347
ofr10km_1070000_-260000,1070000,-260000,-81.288106,45.682878,1840,0,0.33315217391304347
ofr10km_1070000_-270000,1070000,-270000,-81.315127,45.59623,1840,0,0.33315217391304347
ofr10km_1070000_-280000,1070000,-280000,-81.342044,45.509608,1840,0,0.33043478260869563
ofr10km_1070000_-290000,1070000,-290000,-81.368856,45.42301,1840,0,0.33043478260869563
ofr10km_1070000_-30000,1070000,-30000,-80.636289,47.682392,1840,0,0.34782608695652173
ofr10km_1070000_-300000,1070000,-300000,-81.395566,45.336439,1840,0,0.33043478260869563
ofr10km_1070000_-310000,1070000,-310000,-81.422172,45.249894,1840,0,0.33043478260869563
ofr10km_1070000_-320000,1070000,-320000,-81.448676,45.163375,1840,0,0.3309782608695652
ofr10km_1070000_-330000,1070000,-330000,-81.475078,45.076882,1840,0,0.3309782608695652
ofr10km_1070000_-340000,1070000,-340000,-81.501379,44.990415,1840,0,0.3309782608695652
ofr10km_1070000_-350000,1070000,-350000,-81.52758,44.903975,1840,0,0.3309782608695652
ofr10km_1070000_-360000,1070000,-360000,-81.55368,44.817562,1840,0,0.3309782608695652
ofr10km_1070000_-370000,1070000,-370000,-81.579681,44.731176,1840,0,0.3309782608695652
ofr10km_1070000_-380000,1070000,-380000,-81.605584,44.644817,1840,0,0.33043478260869563
ofr10km_1070000_-390000,1070000,-390000,-81.631388,44.558486,1840,0,0.33043478260869563
ofr10km_1070000_-40000,1070000,-40000,-80.665893,47.595209,1840,1,0.34782608695652173
ofr10km_1070000_-400000,1070000,-400000,-81.657094,44.472181,1840,0,0.33043478260869563
ofr10km_1070000_-410000,1070000,-410000,-81.682703,44.385905,1840,0,0.33043478260869563
ofr10km_1070000_-420000,1070000,-420000,-81.708215,44.299656,1840,0,0.33043478260869563
ofr10km_1070000_-430000,1070000,-430000,-81.733631,44.213435,1840,0,0.33043478260869563
ofr10km_1070000_-440000,1070000,-440000,-81.758952,44.127242,1840,0,0.33043478260869563
ofr10km_1070000_-50000,1070000,-50000,-80.695377,47.508047,1840,0,0.34782608695652173
ofr10km_1070000_-60000,1070000,-60000,-80.724743,47.420906,1840,1,0.34782608695652173
ofr10km_1070000_-70000,1070000,-70000,-80.75399,47.333787,1840,1,0.3407608695652174
ofr10km_1070000_-80000,1070000,-80000,-80.783119,47.24669,1840,0,0.3407608695652174
ofr10km_1070000_-90000,1070000,-90000,-80.812132,47.159615,1840,1,0.3407608695652174
ofr10km_1070000_0,1070000,0,-80.546752,47.944068,1840,2,0.3402173913043478
ofr10km_1070000_10000,1070000,10000,-80.516662,48.031334,1840,0,0.3402173913043478
ofr10km_1070000_100000,1070000,100000,-80.240209,48.817618,1840,1,0.34782608695652173
ofr10km_1070000_110000,1070000,110000,-80.208851,48.905078,1840,0,0.34782608695652173
ofr10km_1070000_120000,1070000,120000,-80.177362,48.992556,1840,0,0.3576086956521739
ofr10km_1070000_130000,1070000,130000,-80.145741,49.080053,1840,0,0.3576086956521739
ofr10km_1070000_140000,1070000,140000,-80.113987,49.167567,1840,2,0.9331521739130435
ofr10km_1070000_150000,1070000,150000,-80.082099,49.255098,1840,1,0.9211956521739131
ofr10km_1070000_160000,1070000,160000,-80.050078,49.342647,1840,0,0.9211956521739131
ofr10km_1070000_170000,1070000,170000,-80.017921,49.430213,1840,0,0.9211956521739131
ofr10km_1070000_180000,1070000,180000,-79.985628,49.517797,1840,0,0.9211956521739131
ofr10km_1070000_190000,1070000,190000,-79.953198,49.605397,1840,0,0.9211956521739131
ofr10km_1070000_20000,1070000,20000,-80.486448,48.118621,1840,0,0.3565217391304348
ofr10km_1070000_200000,1070000,200000,-79.92063,49.693013,1840,0,0.9211956521739131
ofr10km_1070000_210000,1070000,210000,-79.887924,49.780646,1840,0,0.9211956521739131
ofr10km_1070000_220000,1070000,220000,-79.855079,49.868295,1840,0,0.9211956521739131
ofr10km_1070000_230000,1070000,230000,-79.822092,49.95596,1840,0,0.9211956521739131
ofr10km_1070000_240000,1070000,240000,-79.788965,50.043641,1840,0,0.9211956521739131
ofr10km_1070000_250000,1070000,250000,-79.755696,50.131337,1840,0,0.9211956521739131
ofr10km_1070000_260000,1070000,260000,-79.722283,50.219048,1840,0,0.9211956521739131
ofr10km_1070000_270000,1070000,270000,-79.688727,50.306775,1840,0,0.9211956521739131
ofr10km_1070000_280000,1070000,280000,-79.655025,50.394516,1840,0,0.9211956521739131
ofr10km_1070000_290000,1070000,290000,-79.621178,50.482272,1840,0,0.5994565217391304
ofr10km_1070000_30000,1070000,30000,-80.456111,48.205927,1840,0,0.3565217391304348
ofr10km_1070000_300000,1070000,300000,-79.587185,50.570042,1840,0,0.5994565217391304
ofr10km_1070000_310000,1070000,310000,-79.553043,50.657827,1840,0,0.3717391304347826
ofr10km_1070000_320000,1070000,320000,-79.518753,50.745625,1840,0,0.41793478260869565
ofr10km_1070000_40000,1070000,40000,-80.425648,48.293254,1840,0,0.34619565217391307
ofr10km_1070000_50000,1070000,50000,-80.39506,48.3806,1840,0,0.34619565217391307
ofr10km_1070000_60000,1070000,60000,-80.364346,48.467965,1840,1,0.34619565217391307
ofr10km_1070000_70000,1070000,70000,-80.333504,48.55535,1840,0,0.34782608695652173
ofr10km_1070000_80000,1070000,80000,-80.302535,48.642754,1840,0,0.34782608695652173
ofr10km_1070000_90000,1070000,90000,-80.271437,48.730177,1840,0,0.34782608695652173
ofr10km_1080000_-10000,1080000,-10000,-80.447163,47.836606,1840,2,0.34782608695652173
ofr10km_1080000_-100000,1080000,-100000,-80.713682,47.052773,1840,5,0.3407608695652174
ofr10km_1080000_-110000,1080000,-110000,-80.742705,46.965789,1840,4,0.3407608695652174
ofr10km_1080000_-120000,1080000,-120000,-80.771611,46.878827,1840,6,0.3407608695652174
ofr10km_1080000_-130000,1080000,-130000,-80.800402,46.791888,1840,4,0.3407608695652174
ofr10km_1080000_-140000,1080000,-140000,-80.829079,46.704971,1840,6,0.3407608695652174
ofr10km_1080000_-150000,1080000,-150000,-80.857642,46.618078,1840,16,0.3407608695652174
ofr10km_1080000_-160000,1080000,-160000,-80.886093,46.531208,1840,16,0.3407608695652174
ofr10km_1080000_-170000,1080000,-170000,-80.914431,46.444361,1840,11,0.3407608695652174
ofr10km_1080000_-180000,1080000,-180000,-80.942657,46.357538,1840,8,0.33967391304347827
ofr10km_1080000_-190000,1080000,-190000,-80.970772,46.270738,1840,3,0.33967391304347827
ofr10km_1080000_-20000,1080000,-20000,-80.477257,47.749429,1840,5,0.34782608695652173
ofr10km_1080000_-200000,1080000,-200000,-80.998777,46.183962,1840,4,0.33967391304347827
ofr10km_1080000_-210000,1080000,-210000,-81.026672,46.09721,1840,3,0.33967391304347827
ofr10km_1080000_-220000,1080000,-220000,-81.054457,46.010483,1840,1,0.33967391304347827
ofr10km_1080000_-230000,1080000,-230000,-81.082135,45.923779,1840,2,0.33967391304347827
ofr10km_1080000_-240000,1080000,-240000,-81.109704,45.837101,1840,0,0.33315217391304347
ofr10km_1080000_-250000,1080000,-250000,-81.137166,45.750447,1840,0,0.33315217391304347
ofr10km_1080000_-260000,1080000,-260000,-81.164521,45.663818,1840,0,0.33315217391304347
ofr10km_1080000_-270000,1080000,-270000,-81.191771,45.577214,1840,0,0.33315217391304347
ofr10km_1080000_-280000,1080000,-280000,-81.218915,45.490636,1840,0,0.33043478260869563
ofr10km_1080000_-290000,1080000,-290000,-81.245954,45.404083,1840,0,0.33043478260869563
ofr10km_1080000_-30000,1080000,-30000,-80.50723,47.662273,1840,1,0.34782608695652173
ofr10km_1080000_-300000,1080000,-300000,-81.272889,45.317555,1840,0,0.33043478260869563
ofr10km_1080000_-310000,1080000,-310000,-81.29972,45.231054,1840,0,0.3309782608695652
ofr10km_1080000_-320000,1080000,-320000,-81.326448,45.144578,1840,0,0.3309782608695652
ofr10km_1080000_-330000,1080000,-330000,-81.353074,45.058129,1840,0,0.3309782608695652
ofr10km_1080000_-340000,1080000,-340000,-81.379597,44.971706,1840,0,0.3309782608695652
ofr10km_1080000_-350000,1080000,-350000,-81.40602,44.885309,1840,0,0.3309782608695652
ofr10km_1080000_-360000,1080000,-360000,-81.432342,44.798939,1840,0,0.3309782608695652
ofr10km_1080000_-370000,1080000,-370000,-81.458563,44.712596,1840,0,0.3309782608695652
ofr10km_1080000_-380000,1080000,-380000,-81.484685,44.62628,1840,0,0.33043478260869563
ofr10km_1080000_-390000,1080000,-390000,-81.510708,44.539991,1840,0,0.33043478260869563
ofr10km_1080000_-40000,1080000,-40000,-80.537082,47.575137,1840,0,0.34782608695652173
ofr10km_1080000_-400000,1080000,-400000,-81.536632,44.453729,1840,0,0.33043478260869563
ofr10km_1080000_-410000,1080000,-410000,-81.562458,44.367495,1840,0,0.33043478260869563
ofr10km_1080000_-50000,1080000,-50000,-80.566812,47.488023,1840,0,0.34782608695652173
ofr10km_1080000_-60000,1080000,-60000,-80.596423,47.400929,1840,1,0.34782608695652173
ofr10km_1080000_-70000,1080000,-70000,-80.625915,47.313858,1840,0,0.34782608695652173
ofr10km_1080000_-80000,1080000,-80000,-80.655288,47.226807,1840,1,0.3407608695652174
ofr10km_1080000_-90000,1080000,-90000,-80.684544,47.139779,1840,3,0.3407608695652174
ofr10km_1080000_0,1080000,0,-80.416945,47.923804,1840,0,0.3402173913043478
ofr10km_1080000_10000,1080000,10000,-80.386604,48.011022,1840,0,0.3402173913043478
ofr10km_1080000_100000,1080000,100000,-80.10785,48.796863,1840,0,0.34782608695652173
ofr10km_1080000_110000,1080000,110000,-80.076231,48.884273,1840,0,0.3576086956521739
ofr10km_1080000_120000,1080000,120000,-80.044481,48.971701,1840,0,0.3576086956521739
ofr10km_1080000_130000,1080000,130000,-80.012597,49.059147,1840,0,0.3576086956521739
ofr10km_1080000_140000,1080000,140000,-79.98058,49.14661,1840,1,0.9211956521739131
ofr10km_1080000_150000,1080000,150000,-79.948429,49.234091,1840,0,0.9211956521739131
ofr10km_1080000_160000,1080000,160000,-79.916142,49.321589,1840,0,0.9211956521739131
ofr10km_1080000_170000,1080000,170000,-79.883719,49.409104,1840,0,0.9211956521739131
ofr10km_1080000_180000,1080000,180000,-79.851159,49.496636,1840,0,0.9211956521739131
ofr10km_1080000_190000,1080000,190000,-79.818461,49.584184,1840,0,0.9211956521739131
ofr10km_1080000_20000,1080000,20000,-80.356138,48.09826,1840,1,0.3402173913043478
ofr10km_1080000_200000,1080000,200000,-79.785624,49.671749,1840,0,0.9211956521739131
ofr10km_1080000_210000,1080000,210000,-79.752648,49.75933,1840,0,0.9211956521739131
ofr10km_1080000_220000,1080000,220000,-79.719531,49.846927,1840,0,0.9211956521739131
ofr10km_1080000_230000,1080000,230000,-79.686272,49.93454,1840,1,0.9211956521739131
ofr10km_1080000_240000,1080000,240000,-79.652872,50.022169,1840,0,0.9211956521739131
ofr10km_1080000_250000,1080000,250000,-79.619328,50.109812,1840,0,0.9211956521739131
ofr10km_1080000_260000,1080000,260000,-79.58564,50.197471,1840,0,0.9211956521739131
ofr10km_1080000_270000,1080000,270000,-79.551808,50.285144,1840,0,0.9211956521739131
ofr10km_1080000_280000,1080000,280000,-79.517829,50.372833,1840,0,0.9211956521739131
ofr10km_1080000_30000,1080000,30000,-80.325548,48.185518,1840,1,0.3565217391304348
ofr10km_1080000_40000,1080000,40000,-80.294832,48.272795,1840,1,0.3565217391304348
ofr10km_1080000_50000,1080000,50000,-80.263989,48.360092,1840,0,0.3565217391304348
ofr10km_1080000_60000,1080000,60000,-80.233019,48.447409,1840,0,0.34619565217391307
ofr10km_1080000_70000,1080000,70000,-80.201921,48.534744,1840,2,0.3576086956521739
ofr10km_1080000_80000,1080000,80000,-80.170694,48.622099,1840,1,0.3576086956521739
ofr10km_1080000_90000,1080000,90000,-80.139337,48.709472,1840,0,0.34782608695652173
ofr10km_1090000_-10000,1090000,-10000,-80.317729,47.816215,1840,0,0.3402173913043478
ofr10km_1090000_-100000,1090000,-100000,-80.586454,47.032812,1840,6,0.3407608695652174
ofr10km_1090000_-110000,1090000,-110000,-80.615716,46.945874,1840,5,0.3407608695652174
ofr10km_1090000_-120000,1090000,-120000,-80.644862,46.85896,1840,12,0.3407608695652174
ofr10km_1090000_-130000,1090000,-130000,-80.673893,46.772067,1840,5,0.3407608695652174
ofr10km_1090000_-140000,1090000,-140000,-80.702808,46.685198,1840,7,0.3407608695652174
ofr10km_1090000_-150000,1090000,-150000,-80.731608,46.598351,1840,9,0.3407608695652174
ofr10km_1090000_-160000,1090000,-160000,-80.760295,46.511527,1840,5,0.3407608695652174
ofr10km_1090000_-170000,1090000,-170000,-80.788869,46.424726,1840,14,0.3407608695652174
ofr10km_1090000_-180000,1090000,-180000,-80.817329,46.337948,1840,14,0.3407608695652174
ofr10km_1090000_-190000,1090000,-190000,-80.845679,46.251194,1840,7,0.33967391304347827
ofr10km_1090000_-20000,1090000,-20000,-80.348072,47.729086,1840,1,0.34782608695652173
ofr10km_1090000_-200000,1090000,-200000,-80.873916,46.164464,1840,2,0.33967391304347827
ofr10km_1090000_-210000,1090000,-210000,-80.902044,46.077758,1840,2,0.33967391304347827
ofr10km_1090000_-220000,1090000,-220000,-80.930061,45.991076,1840,3,0.33967391304347827
ofr10km_1090000_-230000,1090000,-230000,-80.957969,45.904418,1840,5,0.33967391304347827
ofr10km_1090000_-240000,1090000,-240000,-80.985768,45.817784,1840,0,0.33315217391304347
ofr10km_1090000_-250000,1090000,-250000,-81.013459,45.731175,1840,0,0.33315217391304347
ofr10km_1090000_-260000,1090000,-260000,-81.041043,45.644591,1840,0,0.33315217391304347
ofr10km_1090000_-270000,1090000,-270000,-81.06852,45.558032,1840,0,0.33315217391304347
ofr10km_1090000_-280000,1090000,-280000,-81.095891,45.471498,1840,0,0.33315217391304347
ofr10km_1090000_-290000,1090000,-290000,-81.123156,45.38499,1840,0,0.33043478260869563
ofr10km_1090000_-30000,1090000,-30000,-80.378292,47.641978,1840,2,0.34782608695652173
ofr10km_1090000_-300000,1090000,-300000,-81.150316,45.298506,1840,0,0.3309782608695652
ofr10km_1090000_-310000,1090000,-310000,-81.177371,45.212049,1840,0,0.3309782608695652
ofr10km_1090000_-320000,1090000,-320000,-81.204323,45.125617,1840,0,0.3309782608695652
ofr10km_1090000_-330000,1090000,-330000,-81.231171,45.039212,1840,0,0.3309782608695652
ofr10km_1090000_-340000,1090000,-340000,-81.257917,44.952832,1840,0,0.3309782608695652
ofr10km_1090000_-350000,1090000,-350000,-81.284561,44.866479,1840,0,0.3309782608695652
ofr10km_1090000_-360000,1090000,-360000,-81.311103,44.780152,1840,0,0.3309782608695652
ofr10km_1090000_-370000,1090000,-370000,-81.337544,44.693852,1840,0,0.3309782608695652
ofr10km_1090000_-380000,1090000,-380000,-81.363885,44.607579,1840,0,0.33043478260869563
ofr10km_1090000_-390000,1090000,-390000,-81.390126,44.521333,1840,0,0.33043478260869563
ofr10km_1090000_-40000,1090000,-40000,-80.408391,47.55489,1840,3,0.34782608695652173
ofr10km_1090000_-400000,1090000,-400000,-81.416268,44.435114,1840,0,0.33043478260869563
ofr10km_1090000_-50000,1090000,-50000,-80.438367,47.467824,1840,1,0.34782608695652173
ofr10km_1090000_-60000,1090000,-60000,-80.468223,47.380778,1840,2,0.34782608695652173
ofr10km_1090000_-70000,1090000,-70000,-80.497959,47.293754,1840,4,0.34782608695652173
ofr10km_1090000_-80000,1090000,-80000,-80.527576,47.206752,1840,4,0.3407608695652174
ofr10km_1090000_-90000,1090000,-90000,-80.557074,47.119771,1840,3,0.3407608695652174
ofr10km_1090000_0,1090000,0,-80.287262,47.903364,1840,0,0.3402173913043478
ofr10km_1090000_10000,1090000,10000,-80.25667,47.990533,1840,0,0.3402173913043478
ofr10km_1090000_100000,1090000,100000,-79.975622,48.775928,1840,0,0.34293478260869564
ofr10km_1090000_110000,1090000,110000,-79.943744,48.863287,1840,0,0.34293478260869564
ofr10km_1090000_120000,1090000,120000,-79.911733,48.950664,1840,1,0.3576086956521739
ofr10km_1090000_130000,1090000,130000,-79.879588,49.038059,1840,0,0.9211956521739131
ofr10km_1090000_140000,1090000,140000,-79.847309,49.125472,1840,0,0.9211956521739131
ofr10km_1090000_150000,1090000,150000,-79.814894,49.212901,1840,0,0.9211956521739131
ofr10km_1090000_160000,1090000,160000,-79.782342,49.300348,1840,0,0.9211956521739131
ofr10km_1090000_170000,1090000,170000,-79.749654,49.387812,1840,0,0.9211956521739131
ofr10km_1090000_180000,1090000,180000,-79.716827,49.475292,1840,0,0.9211956521739131
ofr10km_1090000_190000,1090000,190000,-79.683862,49.562788,1840,0,0.9211956521739131
ofr10km_1090000_20000,1090000,20000,-80.225953,48.077722,1840,2,0.3402173913043478
ofr10km_1090000_200000,1090000,200000,-79.650757,49.650301,1840,0,0.9211956521739131
ofr10km_1090000_210000,1090000,210000,-79.617511,49.73783,1840,0,0.9211956521739131
ofr10km_1090000_220000,1090000,220000,-79.584124,49.825375,1840,0,0.9211956521739131
ofr10km_1090000_230000,1090000,230000,-79.550595,49.912935,1840,2,0.9211956521739131
ofr10km_1090000_240000,1090000,240000,-79.516922,50.00051,1840,0,0.9211956521739131
ofr10km_1090000_30000,1090000,30000,-80.195111,48.164931,1840,3,0.3565217391304348
ofr10km_1090000_40000,1090000,40000,-80.164142,48.252159,1840,2,0.3565217391304348
ofr10km_1090000_50000,1090000,50000,-80.133045,48.339407,1840,1,0.3565217391304348
ofr10km_1090000_60000,1090000,60000,-80.10182,48.426673,1840,1,0.3576086956521739
ofr10km_1090000_70000,1090000,70000,-80.070466,48.513959,1840,2,0.3576086956521739
ofr10km_1090000_80000,1090000,80000,-80.038982,48.601263,1840,1,0.34293478260869564
ofr10km_1090000_90000,1090000,90000,-80.007368,48.688586,1840,0,0.34293478260869564
ofr10km_1100000_-10000,1100000,-10000,-80.188418,47.795648,1840,1,0.3402173913043478
ofr10km_1100000_-100000,1100000,-100000,-80.459342,47.012678,1840,5,0.3407608695652174
ofr10km_1100000_-110000,1100000,-110000,-80.488845,46.925789,1840,4,0.3407608695652174
ofr10km_1100000_-120000,1100000,-120000,-80.51823,46.838921,1840,3,0.3407608695652174
ofr10km_1100000_-130000,1100000,-130000,-80.547498,46.752076,1840,9,0.3407608695652174
ofr10km_1100000_-140000,1100000,-140000,-80.576651,46.665253,1840,3,0.3407608695652174
ofr10km_1100000_-150000,1100000,-150000,-80.605688,46.578453,1840,7,0.3407608695652174
ofr10km_1100000_-160000,1100000,-160000,-80.634611,46.491675,1840,11,0.3407608695652174
ofr10km_1100000_-170000,1100000,-170000,-80.663419,46.404921,1840,8,0.3407608695652174
ofr10km_1100000_-180000,1100000,-180000,-80.692114,46.31819,1840,8,0.3407608695652174
ofr10km_1100000_-190000,1100000,-190000,-80.720696,46.231482,1840,11,0.3407608695652174
ofr10km_1100000_-20000,1100000,-20000,-80.21901,47.708568,1840,1,0.3402173913043478
ofr10km_1100000_-200000,1100000,-200000,-80.749167,46.144798,1840,8,0.33967391304347827
ofr10km_1100000_-210000,1100000,-210000,-80.777526,46.058138,1840,6,0.33967391304347827
ofr10km_1100000_-220000,1100000,-220000,-80.805774,45.971501,1840,5,0.33967391304347827
ofr10km_1100000_-230000,1100000,-230000,-80.833912,45.884889,1840,5,0.33967391304347827
ofr10km_1100000_-240000,1100000,-240000,-80.86194,45.798301,1840,0,0.3358695652173913
ofr10km_1100000_-250000,1100000,-250000,-80.88986,45.711737,1840,0,0.3353260869565217
ofr10km_1100000_-260000,1100000,-260000,-80.917671,45.625198,1840,0,0.33315217391304347
ofr10km_1100000_-270000,1100000,-270000,-80.945375,45.538684,1840,0,0.33315217391304347
ofr10km_1100000_-280000,1100000,-280000,-80.972972,45.452195,1840,0,0.33315217391304347
ofr10km_1100000_-290000,1100000,-290000,-81.000462,45.365731,1840,0,0.3309782608695652
ofr10km_1100000_-30000,1100000,-30000,-80.249477,47.621508,1840,1,0.34782608695652173
ofr10km_1100000_-300000,1100000,-300000,-81.027847,45.279293,1840,0,0.3309782608695652
ofr10km_1100000_-310000,1100000,-310000,-81.055126,45.192879,1840,0,0.3309782608695652
ofr10km_1100000_-320000,1100000,-320000,-81.082301,45.106492,1840,0,0.3309782608695652
ofr10km_1100000_-330000,1100000,-330000,-81.109372,45.020131,1840,0,0.3309782608695652
ofr10km_1100000_-340000,1100000,-340000,-81.136339,44.933795,1840,0,0.3309782608695652
ofr10km_1100000_-350000,1100000,-350000,-81.163203,44.847486,1840,0,0.3309782608695652
ofr10km_1100000_-360000,1100000,-360000,-81.189965,44.761203,1840,0,0.3309782608695652
ofr10km_1100000_-370000,1100000,-370000,-81.216626,44.674947,1840,0,0.33043478260869563
ofr10km_1100000_-380000,1100000,-380000,-81.243185,44.588717,1840,0,0.33043478260869563
ofr10km_1100000_-40000,1100000,-40000,-80.279821,47.534469,1840,1,0.34782608695652173
ofr10km_1100000_-50000,1100000,-50000,-80.310043,47.447451,1840,1,0.34782608695652173
ofr10km_1100000_-60000,1100000,-60000,-80.340143,47.360454,1840,1,0.34782608695652173
ofr10km_1100000_-70000,1100000,-70000,-80.370122,47.273478,1840,1,0.34782608695652173
ofr10km_1100000_-80000,1100000,-80000,-80.399982,47.186523,1840,3,0.3407608695652174
ofr10km_1100000_-90000,1100000,-90000,-80.429721,47.09959,1840,4,0.3407608695652174
ofr10km_1100000_0,1100000,0,-80.157703,47.882748,1840,3,0.3402173913043478
ofr10km_1100000_10000,1100000,10000,-80.126862,47.969868,1840,1,0.3402173913043478
ofr10km_1100000_100000,1100000,100000,-79.843526,48.754812,1840,0,0.34293478260869564
ofr10km_1100000_110000,1100000,110000,-79.81139,48.842121,1840,0,0.34293478260869564
ofr10km_1100000_120000,1100000,120000,-79.779119,48.929447,1840,0,0.34293478260869564
ofr10km_1100000_130000,1100000,130000,-79.746713,49.016791,1840,0,0.9211956521739131
ofr10km_1100000_140000,1100000,140000,-79.714172,49.104152,1840,0,0.9211956521739131
ofr10km_1100000_150000,1100000,150000,-79.681495,49.19153,1840,0,0.9211956521739131
ofr10km_1100000_160000,1100000,160000,-79.64868,49.278925,1840,0,0.9211956521739131
ofr10km_1100000_170000,1100000,170000,-79.615727,49.366336,1840,0,0.9211956521739131
ofr10km_1100000_180000,1100000,180000,-79.582635,49.453765,1840,0,0.9211956521739131
ofr10km_1100000_190000,1100000,190000,-79.549403,49.541209,1840,1,0.9211956521739131
ofr10km_1100000_20000,1100000,20000,-80.095895,48.057007,1840,4,0.3402173913043478
ofr10km_1100000_30000,1100000,30000,-80.064801,48.144167,1840,5,0.3402173913043478
ofr10km_1100000_40000,1100000,40000,-80.033579,48.231345,1840,2,0.3402173913043478
ofr10km_1100000_50000,1100000,50000,-80.002229,48.318543,1840,0,0.3402173913043478
ofr10km_1100000_60000,1100000,60000,-79.97075,48.40576,1840,0,0.34293478260869564
ofr10km_1100000_70000,1100000,70000,-79.939141,48.492995,1840,1,0.34293478260869564
ofr10km_1100000_80000,1100000,80000,-79.907401,48.580249,1840,1,0.34293478260869564
ofr10km_1100000_90000,1100000,90000,-79.87553,48.667522,1840,0,0.34293478260869564
ofr10km_110000_-10000,110000,-10000,-93.430361,48.942286,1840,1,0.34456521739130436
ofr10km_110000_-20000,110000,-20000,-93.433722,48.852428,1840,8,0.34456521739130436
ofr10km_110000_-30000,110000,-30000,-93.437068,48.762599,1840,0,0.34456521739130436
ofr10km_110000_-40000,110000,-40000,-93.4404,48.672801,1840,2,0.34456521739130436
ofr10km_110000_-50000,110000,-50000,-93.443717,48.583032,1840,2,0.34456521739130436
ofr10km_110000_0,110000,0,-93.426987,49.032175,1840,3,0.34456521739130436
ofr10km_110000_10000,110000,10000,-93.423597,49.122093,1840,5,0.34456521739130436
ofr10km_110000_100000,110000,100000,-93.392423,49.932671,1840,4,0.49293478260869567
ofr10km_110000_110000,110000,110000,-93.388883,50.022879,1840,1,0.49293478260869567
ofr10km_110000_120000,110000,120000,-93.385328,50.113114,1840,2,0.5967391304347827
ofr10km_110000_130000,110000,130000,-93.381756,50.203378,1840,0,0.3717391304347826
ofr10km_110000_140000,110000,140000,-93.378169,50.293669,1840,4,0.3717391304347826
ofr10km_110000_150000,110000,150000,-93.374566,50.383988,1840,2,0.3717391304347826
ofr10km_110000_160000,110000,160000,-93.370947,50.474335,1840,1,0.37119565217391304
ofr10km_110000_170000,110000,170000,-93.367311,50.564709,1840,1,0.37119565217391304
ofr10km_110000_180000,110000,180000,-93.36366,50.65511,1840,3,0.37119565217391304
ofr10km_110000_190000,110000,190000,-93.359992,50.745538,1840,4,0.37119565217391304
ofr10km_110000_20000,110000,20000,-93.420193,49.212041,1840,3,0.49293478260869567
ofr10km_110000_200000,110000,200000,-93.356307,50.835994,1840,1,0.37119565217391304
ofr10km_110000_210000,110000,210000,-93.352606,50.926476,1840,2,0.37119565217391304
ofr10km_110000_220000,110000,220000,-93.348888,51.016984,1840,1,0.37119565217391304
ofr10km_110000_230000,110000,230000,-93.345154,51.107519,1840,0,0.42391304347826086
ofr10km_110000_240000,110000,240000,-93.341402,51.19808,1840,1,0.42391304347826086
ofr10km_110000_250000,110000,250000,-93.337634,51.288668,1840,2,0.42282608695652174
ofr10km_110000_260000,110000,260000,-93.333848,51.379281,1840,3,0.42282608695652174
ofr10km_110000_270000,110000,270000,-93.330045,51.46992,1840,2,0.42282608695652174
ofr10km_110000_280000,110000,280000,-93.326225,51.560585,1840,2,0.42282608695652174
ofr10km_110000_290000,110000,290000,-93.322387,51.651276,1840,0,0.42282608695652174
ofr10km_110000_30000,110000,30000,-93.416775,49.302018,1840,2,0.49293478260869567
ofr10km_110000_300000,110000,300000,-93.318531,51.741991,1840,0,0.42336956521739133
ofr10km_110000_310000,110000,310000,-93.314658,51.832732,1840,1,0.5739130434782609
ofr10km_110000_320000,110000,320000,-93.310767,51.923498,1840,1,0.9315217391304348
ofr10km_110000_330000,110000,330000,-93.306858,52.014289,1840,1,0.933695652173913
ofr10km_110000_340000,110000,340000,-93.30293,52.105104,1840,0,0.9298913043478261
ofr10km_110000_350000,110000,350000,-93.298985,52.195944,1840,0,0.9298913043478261
ofr10km_110000_360000,110000,360000,-93.295021,52.286809,1840,0,0.9298913043478261
ofr10km_110000_370000,110000,370000,-93.291038,52.377698,1840,0,0.8434782608695652
ofr10km_110000_380000,110000,380000,-93.287037,52.46861,1840,1,0.6766304347826086
ofr10km_110000_390000,110000,390000,-93.283018,52.559547,1840,0,0.6766304347826086
ofr10km_110000_40000,110000,40000,-93.413341,49.392025,1840,2,0.49293478260869567
ofr10km_110000_400000,110000,400000,-93.278979,52.650507,1840,0,0.6766304347826086
ofr10km_110000_410000,110000,410000,-93.274921,52.741491,1840,1,0.6766304347826086
ofr10km_110000_420000,110000,420000,-93.270844,52.832499,1840,1,0.6766304347826086
ofr10km_110000_430000,110000,430000,-93.266748,52.923529,1840,1,0.6766304347826086
ofr10km_110000_440000,110000,440000,-93.262632,53.014583,1840,6,0.6766304347826086
ofr10km_110000_450000,110000,450000,-93.258497,53.10566,1840,3,0.6766304347826086
ofr10km_110000_460000,110000,460000,-93.254342,53.196759,1840,0,0.6766304347826086
ofr10km_110000_470000,110000,470000,-93.250167,53.287881,1840,0,0.6766304347826086
ofr10km_110000_480000,110000,480000,-93.245972,53.379025,1840,0,0.6766304347826086
ofr10km_110000_490000,110000,490000,-93.241757,53.470192,1840,1,0.6766304347826086
ofr10km_110000_50000,110000,50000,-93.409893,49.48206,1840,2,0.49293478260869567
ofr10km_110000_500000,110000,500000,-93.237521,53.56138,1840,0,0.6766304347826086
ofr10km_110000_510000,110000,510000,-93.233265,53.652591,1840,2,0.6766304347826086
ofr10km_110000_520000,110000,520000,-93.228989,53.743823,1840,0,0.6766304347826086
ofr10km_110000_530000,110000,530000,-93.224692,53.835077,1840,0,0.6766304347826086
ofr10km_110000_540000,110000,540000,-93.220373,53.926353,1840,0,0.4206521739130435
ofr10km_110000_550000,110000,550000,-93.216034,54.017649,1840,0,0.4190217391304348
ofr10km_110000_60000,110000,60000,-93.406429,49.572125,1840,0,0.49293478260869567
ofr10km_110000_70000,110000,70000,-93.402951,49.662219,1840,1,0.49293478260869567
ofr10km_110000_80000,110000,80000,-93.399457,49.752341,1840,2,0.49293478260869567
ofr10km_110000_90000,110000,90000,-93.395948,49.842492,1840,1,0.49293478260869567
ofr10km_1110000_-10000,1110000,-10000,-80.059233,47.774905,1840,2,0.3402173913043478
ofr10km_1110000_-100000,1110000,-100000,-80.332348,46.992373,1840,1,0.3407608695652174
ofr10km_1110000_-110000,1110000,-110000,-80.36209,46.905531,1840,8,0.3407608695652174
ofr10km_1110000_-120000,1110000,-120000,-80.391714,46.818711,1840,1,0.3407608695652174
ofr10km_1110000_-130000,1110000,-130000,-80.42122,46.731913,1840,7,0.3407608695652174
ofr10km_1110000_-140000,1110000,-140000,-80.450609,46.645138,1840,8,0.3407608695652174
ofr10km_1110000_-150000,1110000,-150000,-80.479883,46.558385,1840,2,0.3407608695652174
ofr10km_1110000_-160000,1110000,-160000,-80.50904,46.471654,1840,4,0.3407608695652174
ofr10km_1110000_-170000,1110000,-170000,-80.538083,46.384947,1840,1,0.3407608695652174
ofr10km_1110000_-180000,1110000,-180000,-80.567011,46.298263,1840,6,0.3407608695652174
ofr10km_1110000_-190000,1110000,-190000,-80.595826,46.211601,1840,6,0.3407608695652174
ofr10km_1110000_-20000,1110000,-20000,-80.090071,47.687875,1840,0,0.3402173913043478
ofr10km_1110000_-200000,1110000,-200000,-80.624529,46.124964,1840,4,0.3407608695652174
ofr10km_1110000_-210000,1110000,-210000,-80.653118,46.038349,1840,6,0.33967391304347827
ofr10km_1110000_-220000,1110000,-220000,-80.681597,45.951759,1840,2,0.33967391304347827
ofr10km_1110000_-230000,1110000,-230000,-80.709964,45.865193,1840,4,0.3358695652173913
ofr10km_1110000_-240000,1110000,-240000,-80.738221,45.77865,1840,0,0.3358695652173913
ofr10km_1110000_-250000,1110000,-250000,-80.766369,45.692133,1840,0,0.3358695652173913
ofr10km_1110000_-260000,1110000,-260000,-80.794407,45.605639,1840,0,0.3353260869565217
ofr10km_1110000_-270000,1110000,-270000,-80.822337,45.51917,1840,0,0.3298913043478261
ofr10km_1110000_-280000,1110000,-280000,-80.85016,45.432726,1840,0,0.33043478260869563
ofr10km_1110000_-290000,1110000,-290000,-80.877875,45.346308,1840,0,0.33043478260869563
ofr10km_1110000_-30000,1110000,-30000,-80.120784,47.600864,1840,0,0.34782608695652173
ofr10km_1110000_-300000,1110000,-300000,-80.905483,45.259914,1840,0,0.3309782608695652
ofr10km_1110000_-310000,1110000,-310000,-80.932986,45.173546,1840,0,0.3309782608695652
ofr10km_1110000_-320000,1110000,-320000,-80.960383,45.087203,1840,0,0.3309782608695652
ofr10km_1110000_-330000,1110000,-330000,-80.987675,45.000886,1840,0,0.3309782608695652
ofr10km_1110000_-340000,1110000,-340000,-81.014863,44.914595,1840,0,0.3309782608695652
ofr10km_1110000_-350000,1110000,-350000,-81.041948,44.82833,1840,0,0.33043478260869563
ofr10km_1110000_-360000,1110000,-360000,-81.068929,44.742091,1840,0,0.33043478260869563
ofr10km_1110000_-370000,1110000,-370000,-81.095808,44.655879,1840,0,0.33043478260869563
ofr10km_1110000_-380000,1110000,-380000,-81.122586,44.569693,1840,0,0.33043478260869563
ofr10km_1110000_-40000,1110000,-40000,-80.151374,47.513874,1840,1,0.34782608695652173
ofr10km_1110000_-50000,1110000,-50000,-80.18184,47.426905,1840,0,0.34782608695652173
ofr10km_1110000_-60000,1110000,-60000,-80.212184,47.339956,1840,4,0.34782608695652173
ofr10km_1110000_-70000,1110000,-70000,-80.242406,47.253028,1840,2,0.34782608695652173
ofr10km_1110000_-80000,1110000,-80000,-80.272507,47.166122,1840,9,0.34782608695652173
ofr10km_1110000_-90000,1110000,-90000,-80.302487,47.079237,1840,3,0.3407608695652174
ofr10km_1110000_0,1110000,0,-80.028269,47.861956,1840,2,0.3402173913043478
ofr10km_1110000_10000,1110000,10000,-79.997179,47.949026,1840,3,0.3402173913043478
ofr10km_1110000_100000,1110000,100000,-79.711564,48.733517,1840,0,0.34293478260869564
ofr10km_1110000_110000,1110000,110000,-79.679169,48.820775,1840,0,0.34293478260869564
ofr10km_1110000_120000,1110000,120000,-79.64664,48.908049,1840,0,0.36793478260869567
ofr10km_1110000_130000,1110000,130000,-79.613974,48.995342,1840,0,0.36793478260869567
ofr10km_1110000_140000,1110000,140000,-79.581172,49.082651,1840,0,0.9211956521739131
ofr10km_1110000_150000,1110000,150000,-79.548233,49.169977,1840,0,0.9211956521739131
ofr10km_1110000_20000,1110000,20000,-79.965962,48.036116,1840,2,0.3402173913043478
ofr10km_1110000_30000,1110000,30000,-79.934618,48.123226,1840,4,0.3402173913043478
ofr10km_1110000_40000,1110000,40000,-79.903145,48.210354,1840,1,0.3402173913043478
ofr10km_1110000_50000,1110000,50000,-79.871542,48.297502,1840,0,0.34293478260869564
ofr10km_1110000_60000,1110000,60000,-79.83981,48.384668,1840,1,0.34293478260869564
ofr10km_1110000_70000,1110000,70000,-79.807947,48.471853,1840,0,0.34293478260869564
ofr10km_1110000_80000,1110000,80000,-79.775952,48.559056,1840,2,0.34293478260869564
ofr10km_1110000_90000,1110000,90000,-79.743824,48.646278,1840,0,0.34293478260869564
ofr10km_1120000_-10000,1120000,-10000,-79.930173,47.753988,1840,1,0.3402173913043478
ofr10km_1120000_-100000,1120000,-100000,-80.205474,46.971896,1840,2,0.3407608695652174
ofr10km_1120000_-110000,1120000,-110000,-80.235454,46.885102,1840,5,0.3407608695652174
ofr10km_1120000_-120000,1120000,-120000,-80.265316,46.79833,1840,4,0.3407608695652174
ofr10km_1120000_-130000,1120000,-130000,-80.295059,46.71158,1840,6,0.3407608695652174
ofr10km_1120000_-140000,1120000,-140000,-80.324684,46.624853,1840,8,0.3407608695652174
ofr10km_1120000_-150000,1120000,-150000,-80.354192,46.538147,1840,3,0.3407608695652174
ofr10km_1120000_-160000,1120000,-160000,-80.383584,46.451464,1840,3,0.3407608695652174
ofr10km_1120000_-170000,1120000,-170000,-80.412861,46.364804,1840,1,0.3407608695652174
ofr10km_1120000_-180000,1120000,-180000,-80.442022,46.278167,1840,1,0.3407608695652174
ofr10km_1120000_-190000,1120000,-190000,-80.471069,46.191552,1840,3,0.3407608695652174
ofr10km_1120000_-20000,1120000,-20000,-79.961257,47.667007,1840,0,0.3402173913043478
ofr10km_1120000_-200000,1120000,-200000,-80.500003,46.104961,1840,1,0.3407608695652174
ofr10km_1120000_-210000,1120000,-210000,-80.528823,46.018394,1840,10,0.3407608695652174
ofr10km_1120000_-220000,1120000,-220000,-80.557531,45.93185,1840,26,0.3358695652173913
ofr10km_1120000_-230000,1120000,-230000,-80.586127,45.84533,1840,8,0.3358695652173913
ofr10km_1120000_-240000,1120000,-240000,-80.614612,45.758834,1840,2,0.3358695652173913
ofr10km_1120000_-250000,1120000,-250000,-80.642987,45.672362,1840,0,0.3358695652173913
ofr10km_1120000_-260000,1120000,-260000,-80.671252,45.585914,1840,0,0.3353260869565217
ofr10km_1120000_-270000,1120000,-270000,-80.699408,45.499491,1840,0,0.33043478260869563
ofr10km_1120000_-280000,1120000,-280000,-80.727455,45.413093,1840,0,0.33043478260869563
ofr10km_1120000_-290000,1120000,-290000,-80.755394,45.326719,1840,0,0.33043478260869563
ofr10km_1120000_-30000,1120000,-30000,-79.992216,47.580046,1840,5,0.34782608695652173
ofr10km_1120000_-300000,1120000,-300000,-80.783226,45.240371,1840,0,0.33043478260869563
ofr10km_1120000_-310000,1120000,-310000,-80.810951,45.154048,1840,0,0.33043478260869563
ofr10km_1120000_-320000,1120000,-320000,-80.83857,45.06775,1840,0,0.33043478260869563
ofr10km_1120000_-330000,1120000,-330000,-80.866083,44.981478,1840,0,0.33043478260869563
ofr10km_1120000_-340000,1120000,-340000,-80.893491,44.895232,1840,0,0.33043478260869563
ofr10km_1120000_-350000,1120000,-350000,-80.920796,44.809011,1840,0,0.33043478260869563
ofr10km_1120000_-360000,1120000,-360000,-80.947996,44.722817,1840,0,0.33043478260869563
ofr10km_1120000_-370000,1120000,-370000,-80.975093,44.636649,1840,0,0.33043478260869563
ofr10km_1120000_-40000,1120000,-40000,-80.02305,47.493105,1840,1,0.34782608695652173
ofr10km_1120000_-50000,1120000,-50000,-80.05376,47.406185,1840,1,0.34782608695652173
ofr10km_1120000_-60000,1120000,-60000,-80.084347,47.319285,1840,2,0.34782608695652173
ofr10km_1120000_-70000,1120000,-70000,-80.114811,47.232406,1840,2,0.34782608695652173
ofr10km_1120000_-80000,1120000,-80000,-80.145153,47.145548,1840,10,0.34782608695652173
ofr10km_1120000_-90000,1120000,-90000,-80.175373,47.058711,1840,5,0.3407608695652174
ofr10km_1120000_0,1120000,0,-79.898962,47.840989,1840,2,0.3402173913043478
ofr10km_1120000_10000,1120000,10000,-79.867624,47.928009,1840,1,0.3402173913043478
ofr10km_1120000_100000,1120000,100000,-79.579735,48.712043,1840,0,0.36793478260869567
ofr10km_1120000_110000,1120000,110000,-79.547084,48.799249,1840,0,0.36793478260869567
ofr10km_1120000_20000,1120000,20000,-79.836158,48.015049,1840,0,0.3402173913043478
ofr10km_1120000_30000,1120000,30000,-79.804564,48.102108,1840,3,0.3402173913043478
ofr10km_1120000_40000,1120000,40000,-79.77284,48.189186,1840,1,0.3402173913043478
ofr10km_1120000_50000,1120000,50000,-79.740986,48.276283,1840,1,0.34293478260869564
ofr10km_1120000_60000,1120000,60000,-79.709001,48.363399,1840,1,0.34293478260869564
ofr10km_1120000_70000,1120000,70000,-79.676884,48.450533,1840,1,0.34293478260869564
ofr10km_1120000_80000,1120000,80000,-79.644635,48.537685,1840,1,0.34293478260869564
ofr10km_1120000_90000,1120000,90000,-79.612252,48.624855,1840,0,0.34293478260869564
ofr10km_1130000_-10000,1130000,-10000,-79.801239,47.732896,1840,0,0.34782608695652173
ofr10km_1130000_-100000,1130000,-100000,-80.078719,46.951248,1840,8,0.3407608695652174
ofr10km_1130000_-110000,1130000,-110000,-80.108937,46.864503,1840,7,0.3407608695652174
ofr10km_1130000_-120000,1130000,-120000,-80.139036,46.777779,1840,6,0.3407608695652174
ofr10km_1130000_-130000,1130000,-130000,-80.169015,46.691077,1840,6,0.3407608695652174
ofr10km_1130000_-140000,1130000,-140000,-80.198876,46.604398,1840,3,0.3407608695652174
ofr10km_1130000_-150000,1130000,-150000,-80.228619,46.51774,1840,1,0.3407608695652174
ofr10km_1130000_-160000,1130000,-160000,-80.258245,46.431105,1840,0,0.3407608695652174
ofr10km_1130000_-170000,1130000,-170000,-80.287754,46.344492,1840,2,0.3407608695652174
ofr10km_1130000_-180000,1130000,-180000,-80.317147,46.257902,1840,11,0.3407608695652174
ofr10km_1130000_-190000,1130000,-190000,-80.346426,46.171335,1840,3,0.3407608695652174
ofr10km_1130000_-20000,1130000,-20000,-79.832569,47.645965,1840,0,0.34782608695652173
ofr10km_1130000_-200000,1130000,-200000,-80.37559,46.084791,1840,4,0.3407608695652174
ofr10km_1130000_-210000,1130000,-210000,-80.40464,45.998271,1840,3,0.3407608695652174
ofr10km_1130000_-220000,1130000,-220000,-80.433577,45.911774,1840,0,0.33641304347826084
ofr10km_1130000_-230000,1130000,-230000,-80.462401,45.8253,1840,5,0.3358695652173913
ofr10km_1130000_-240000,1130000,-240000,-80.491113,45.738851,1840,9,0.3358695652173913
ofr10km_1130000_-250000,1130000,-250000,-80.519715,45.652425,1840,4,0.3358695652173913
ofr10km_1130000_-260000,1130000,-260000,-80.548205,45.566024,1840,0,0.3358695652173913
ofr10km_1130000_-270000,1130000,-270000,-80.576586,45.479647,1840,0,0.33043478260869563
ofr10km_1130000_-280000,1130000,-280000,-80.604858,45.393294,1840,0,0.33043478260869563
ofr10km_1130000_-290000,1130000,-290000,-80.63302,45.306967,1840,0,0.33043478260869563
ofr10km_1130000_-30000,1130000,-30000,-79.863772,47.559054,1840,0,0.34782608695652173
ofr10km_1130000_-300000,1130000,-300000,-80.661075,45.220664,1840,0,0.33043478260869563
ofr10km_1130000_-310000,1130000,-310000,-80.689022,45.134386,1840,0,0.33043478260869563
ofr10km_1130000_-320000,1130000,-320000,-80.716862,45.048134,1840,0,0.33043478260869563
ofr10km_1130000_-330000,1130000,-330000,-80.744596,44.961907,1840,0,0.33043478260869563
ofr10km_1130000_-340000,1130000,-340000,-80.772224,44.875706,1840,0,0.33043478260869563
ofr10km_1130000_-350000,1130000,-350000,-80.799747,44.78953,1840,0,0.33043478260869563
ofr10km_1130000_-360000,1130000,-360000,-80.827166,44.703381,1840,0,0.33043478260869563
ofr10km_1130000_-40000,1130000,-40000,-79.89485,47.472162,1840,0,0.34782608695652173
ofr10km_1130000_-50000,1130000,-50000,-79.925803,47.385292,1840,1,0.34782608695652173
ofr10km_1130000_-60000,1130000,-60000,-79.956632,47.298441,1840,7,0.34782608695652173
ofr10km_1130000_-70000,1130000,-70000,-79.987337,47.211611,1840,2,0.34782608695652173
ofr10km_1130000_-80000,1130000,-80000,-80.017919,47.124802,1840,6,0.34782608695652173
ofr10km_1130000_-90000,1130000,-90000,-80.04838,47.038015,1840,11,0.3407608695652174
ofr10km_1130000_0,1130000,0,-79.769781,47.819846,1840,2,0.3402173913043478
ofr10km_1130000_10000,1130000,10000,-79.738196,47.906817,1840,1,0.3402173913043478
ofr10km_1130000_20000,1130000,20000,-79.706482,47.993806,1840,0,0.3402173913043478
ofr10km_1130000_30000,1130000,30000,-79.674639,48.080815,1840,0,0.3402173913043478
ofr10km_1130000_40000,1130000,40000,-79.642665,48.167842,1840,2,0.34293478260869564
ofr10km_1130000_50000,1130000,50000,-79.61056,48.254888,1840,1,0.3423913043478261
ofr10km_1130000_60000,1130000,60000,-79.578324,48.341952,1840,0,0.34293478260869564
ofr10km_1130000_70000,1130000,70000,-79.545954,48.429035,1840,0,0.34293478260869564
ofr10km_1140000_-10000,1140000,-10000,-79.672432,47.711629,1840,0,0.34782608695652173
ofr10km_1140000_-100000,1140000,-100000,-79.952085,46.930429,1840,17,0.3358695652173913
ofr10km_1140000_-110000,1140000,-110000,-79.98254,46.843732,1840,8,0.3407608695652174
ofr10km_1140000_-120000,1140000,-120000,-80.012875,46.757058,1840,5,0.3407608695652174
ofr10km_1140000_-130000,1140000,-130000,-80.04309,46.670404,1840,3,0.3347826086956522
ofr10km_1140000_-140000,1140000,-140000,-80.073185,46.583773,1840,3,0.3347826086956522
ofr10km_1140000_-150000,1140000,-150000,-80.103162,46.497164,1840,2,0.3347826086956522
ofr10km_1140000_-160000,1140000,-160000,-80.133021,46.410576,1840,1,0.3565217391304348
ofr10km_1140000_-170000,1140000,-170000,-80.162763,46.324012,1840,1,0.3347826086956522
ofr10km_1140000_-180000,1140000,-180000,-80.192388,46.23747,1840,2,0.3347826086956522
ofr10km_1140000_-190000,1140000,-190000,-80.221897,46.15095,1840,1,0.3565217391304348
ofr10km_1140000_-20000,1140000,-20000,-79.704007,47.624749,1840,0,0.34782608695652173
ofr10km_1140000_-200000,1140000,-200000,-80.25129,46.064454,1840,5,0.3565217391304348
ofr10km_1140000_-210000,1140000,-210000,-80.28057,45.977981,1840,2,0.33641304347826084
ofr10km_1140000_-220000,1140000,-220000,-80.309735,45.891531,1840,3,0.33641304347826084
ofr10km_1140000_-230000,1140000,-230000,-80.338787,45.805104,1840,5,0.33641304347826084
ofr10km_1140000_-240000,1140000,-240000,-80.367726,45.718702,1840,2,0.3358695652173913
ofr10km_1140000_-250000,1140000,-250000,-80.396553,45.632323,1840,15,0.3358695652173913
ofr10km_1140000_-260000,1140000,-260000,-80.425269,45.545968,1840,7,0.3358695652173913
ofr10km_1140000_-270000,1140000,-270000,-80.453874,45.459637,1840,0,0.33043478260869563
ofr10km_1140000_-280000,1140000,-280000,-80.482369,45.373331,1840,0,0.33043478260869563
ofr10km_1140000_-290000,1140000,-290000,-80.510755,45.28705,1840,0,0.33043478260869563
ofr10km_1140000_-30000,1140000,-30000,-79.735454,47.537888,1840,0,0.34782608695652173
ofr10km_1140000_-300000,1140000,-300000,-80.539031,45.200793,1840,0,0.33043478260869563
ofr10km_1140000_-310000,1140000,-310000,-80.5672,45.114561,1840,0,0.33043478260869563
ofr10km_1140000_-320000,1140000,-320000,-80.595261,45.028355,1840,0,0.33043478260869563
ofr10km_1140000_-330000,1140000,-330000,-80.623214,44.942173,1840,0,0.33043478260869563
ofr10km_1140000_-340000,1140000,-340000,-80.651062,44.856017,1840,0,0.33043478260869563
ofr10km_1140000_-350000,1140000,-350000,-80.678803,44.769887,1840,0,0.33043478260869563
ofr10km_1140000_-40000,1140000,-40000,-79.766775,47.451047,1840,1,0.34782608695652173
ofr10km_1140000_-50000,1140000,-50000,-79.797971,47.364226,1840,3,0.34782608695652173
ofr10km_1140000_-60000,1140000,-60000,-79.829041,47.277425,1840,6,0.34782608695652173
ofr10km_1140000_-70000,1140000,-70000,-79.859986,47.190645,1840,5,0.34782608695652173
ofr10km_1140000_-80000,1140000,-80000,-79.890808,47.103885,1840,2,0.8331521739130435
ofr10km_1140000_-90000,1140000,-90000,-79.921508,47.017146,1840,9,0.3358695652173913
ofr10km_1140000_0,1140000,0,-79.640729,47.79853,1840,1,0.34782608695652173
ofr10km_1140000_10000,1140000,10000,-79.608897,47.885449,1840,3,0.3402173913043478
ofr10km_1140000_20000,1140000,20000,-79.576936,47.972388,1840,0,0.3402173913043478
ofr10km_1140000_30000,1140000,30000,-79.544844,48.059345,1840,0,0.34293478260869564
ofr10km_1140000_40000,1140000,40000,-79.512621,48.146321,1840,1,0.34293478260869564
ofr10km_1140000_50000,1140000,50000,-79.480266,48.233316,1840,1,0.3423913043478261
ofr10km_1150000_-10000,1150000,-10000,-79.543754,47.690189,1840,0,0.34782608695652173
ofr10km_1150000_-100000,1150000,-100000,-79.825572,46.909439,1840,5,0.3358695652173913
ofr10km_1150000_-110000,1150000,-110000,-79.856264,46.822792,1840,5,0.3358695652173913
ofr10km_1150000_-120000,1150000,-120000,-79.886834,46.736166,1840,3,0.34347826086956523
ofr10km_1150000_-130000,1150000,-130000,-79.917284,46.649562,1840,3,0.34347826086956523
ofr10km_1150000_-140000,1150000,-140000,-79.947614,46.562979,1840,2,0.3347826086956522
ofr10km_1150000_-150000,1150000,-150000,-79.977824,46.476418,1840,3,0.3347826086956522
ofr10km_1150000_-160000,1150000,-160000,-80.007915,46.38988,1840,0,0.3565217391304348
ofr10km_1150000_-170000,1150000,-170000,-80.037888,46.303363,1840,0,0.3565217391304348
ofr10km_1150000_-180000,1150000,-180000,-80.067744,46.216869,1840,4,0.3565217391304348
ofr10km_1150000_-190000,1150000,-190000,-80.097483,46.130398,1840,3,0.3565217391304348
ofr10km_1150000_-20000,1150000,-20000,-79.575572,47.603359,1840,0,0.34782608695652173
ofr10km_1150000_-200000,1150000,-200000,-80.127106,46.043949,1840,5,0.3565217391304348
ofr10km_1150000_-210000,1150000,-210000,-80.156613,45.957524,1840,2,0.33641304347826084
ofr10km_1150000_-220000,1150000,-220000,-80.186006,45.871121,1840,5,0.33641304347826084
ofr10km_1150000_-230000,1150000,-230000,-80.215285,45.784742,1840,4,0.33641304347826084
ofr10km_1150000_-240000,1150000,-240000,-80.24445,45.698387,1840,13,0.3358695652173913
ofr10km_1150000_-250000,1150000,-250000,-80.273503,45.612055,1840,4,0.3358695652173913
ofr10km_1150000_-260000,1150000,-260000,-80.302443,45.525747,1840,5,0.33043478260869563
ofr10km_1150000_-270000,1150000,-270000,-80.331272,45.439463,1840,2,0.33043478260869563
ofr10km_1150000_-280000,1150000,-280000,-80.35999,45.353204,1840,2,0.33043478260869563
ofr10km_1150000_-290000,1150000,-290000,-80.388598,45.266969,1840,0,0.33043478260869563
ofr10km_1150000_-30000,1150000,-30000,-79.607263,47.516549,1840,0,0.34782608695652173
ofr10km_1150000_-300000,1150000,-300000,-80.417096,45.180759,1840,0,0.33043478260869563
ofr10km_1150000_-310000,1150000,-310000,-80.445485,45.094573,1840,0,0.33043478260869563
ofr10km_1150000_-320000,1150000,-320000,-80.473766,45.008412,1840,0,0.33043478260869563
ofr10km_1150000_-330000,1150000,-330000,-80.501939,44.922277,1840,0,0.33043478260869563
ofr10km_1150000_-340000,1150000,-340000,-80.530005,44.836167,1840,0,0.33043478260869563
ofr10km_1150000_-350000,1150000,-350000,-80.557964,44.750082,1840,0,0.33043478260869563
ofr10km_1150000_-360000,1150000,-360000,-80.585818,44.664023,1840,0,0.33043478260869563
ofr10km_1150000_-40000,1150000,-40000,-79.638826,47.429758,1840,2,0.34782608695652173
ofr10km_1150000_-50000,1150000,-50000,-79.670263,47.342987,1840,1,0.34782608695652173
ofr10km_1150000_-60000,1150000,-60000,-79.701574,47.256236,1840,5,0.34782608695652173
ofr10km_1150000_-70000,1150000,-70000,-79.732759,47.169506,1840,3,0.821195652173913
ofr10km_1150000_-80000,1150000,-80000,-79.76382,47.082796,1840,7,0.3358695652173913
ofr10km_1150000_-90000,1150000,-90000,-79.794758,46.996107,1840,5,0.3358695652173913
ofr10km_1160000_-100000,1160000,-100000,-79.699181,46.888279,1840,5,0.3358695652173913
ofr10km_1160000_-110000,1160000,-110000,-79.730109,46.801681,1840,7,0.3358695652173913
ofr10km_1160000_-120000,1160000,-120000,-79.760915,46.715105,1840,9,0.34347826086956523
ofr10km_1160000_-130000,1160000,-130000,-79.791598,46.62855,1840,3,0.34347826086956523
ofr10km_1160000_-140000,1160000,-140000,-79.822161,46.542016,1840,4,0.34347826086956523
ofr10km_1160000_-150000,1160000,-150000,-79.852604,46.455504,1840,2,0.34347826086956523
ofr10km_1160000_-160000,1160000,-160000,-79.882927,46.369015,1840,0,0.34347826086956523
ofr10km_1160000_-170000,1160000,-170000,-79.913131,46.282547,1840,0,0.3565217391304348
ofr10km_1160000_-180000,1160000,-180000,-79.943217,46.196101,1840,4,0.3565217391304348
ofr10km_1160000_-190000,1160000,-190000,-79.973185,46.109678,1840,2,0.3565217391304348
ofr10km_1160000_-200000,1160000,-200000,-80.003037,46.023278,1840,2,0.3565217391304348
ofr10km_1160000_-210000,1160000,-210000,-80.032772,45.9369,1840,3,0.3309782608695652
ofr10km_1160000_-220000,1160000,-220000,-80.062392,45.850546,1840,1,0.33641304347826084
ofr10km_1160000_-230000,1160000,-230000,-80.091897,45.764215,1840,4,0.3358695652173913
ofr10km_1160000_-240000,1160000,-240000,-80.121288,45.677907,1840,9,0.33043478260869563
ofr10km_1160000_-250000,1160000,-250000,-80.150565,45.591622,1840,3,0.33043478260869563
ofr10km_1160000_-260000,1160000,-260000,-80.179729,45.505362,1840,1,0.33043478260869563
ofr10km_1160000_-270000,1160000,-270000,-80.208781,45.419125,1840,1,0.33043478260869563
ofr10km_1160000_-280000,1160000,-280000,-80.237722,45.332913,1840,1,0.33043478260869563
ofr10km_1160000_-290000,1160000,-290000,-80.266551,45.246724,1840,0,0.33043478260869563
ofr10km_1160000_-300000,1160000,-300000,-80.29527,45.160561,1840,0,0.33043478260869563
ofr10km_1160000_-310000,1160000,-310000,-80.32388,45.074422,1840,0,0.33043478260869563
ofr10km_1160000_-320000,1160000,-320000,-80.35238,44.988307,1840,0,0.33043478260869563
ofr10km_1160000_-330000,1160000,-330000,-80.380771,44.902218,1840,0,0.33043478260869563
ofr10km_1160000_-340000,1160000,-340000,-80.409055,44.816154,1840,0,0.33043478260869563
ofr10km_1160000_-350000,1160000,-350000,-80.437232,44.730115,1840,0,0.33043478260869563
ofr10km_1160000_-360000,1160000,-360000,-80.465301,44.644102,1840,0,0.33043478260869563
ofr10km_1160000_-50000,1160000,-50000,-79.542681,47.321576,1840,0,0.34782608695652173
ofr10km_1160000_-60000,1160000,-60000,-79.574232,47.234876,1840,3,0.8201086956521739
ofr10km_1160000_-70000,1160000,-70000,-79.605656,47.148196,1840,1,0.3358695652173913
ofr10km_1160000_-80000,1160000,-80000,-79.636956,47.061536,1840,7,0.3358695652173913
ofr10km_1160000_-90000,1160000,-90000,-79.66813,46.974897,1840,7,0.3358695652173913
ofr10km_1170000_-100000,1170000,-100000,-79.572914,46.866948,1840,3,0.3358695652173913
ofr10km_1170000_-110000,1170000,-110000,-79.604077,46.780401,1840,3,0.3358695652173913
ofr10km_1170000_-120000,1170000,-120000,-79.635117,46.693874,1840,3,0.34347826086956523
ofr10km_1170000_-130000,1170000,-130000,-79.666034,46.607369,1840,2,0.34347826086956523
ofr10km_1170000_-140000,1170000,-140000,-79.696829,46.520885,1840,0,0.34347826086956523
ofr10km_1170000_-150000,1170000,-150000,-79.727504,46.434422,1840,1,0.34347826086956523
ofr10km_1170000_-160000,1170000,-160000,-79.758057,46.347982,1840,0,0.34347826086956523
ofr10km_1170000_-170000,1170000,-170000,-79.788492,46.261563,1840,0,0.3565217391304348
ofr10km_1170000_-180000,1170000,-180000,-79.818807,46.175166,1840,5,0.3565217391304348
ofr10km_1170000_-190000,1170000,-190000,-79.849004,46.088792,1840,3,0.3565217391304348
ofr10km_1170000_-200000,1170000,-200000,-79.879084,46.00244,1840,0,0.3309782608695652
ofr10km_1170000_-210000,1170000,-210000,-79.909046,45.916111,1840,7,0.3309782608695652
ofr10km_1170000_-220000,1170000,-220000,-79.938892,45.829805,1840,1,0.3309782608695652
ofr10km_1170000_-230000,1170000,-230000,-79.968623,45.743521,1840,0,0.33043478260869563
ofr10km_1170000_-240000,1170000,-240000,-79.998238,45.657261,1840,1,0.33043478260869563
ofr10km_1170000_-250000,1170000,-250000,-80.02774,45.571025,1840,1,0.33043478260869563
ofr10km_1170000_-260000,1170000,-260000,-80.057127,45.484812,1840,4,0.33043478260869563
ofr10km_1170000_-270000,1170000,-270000,-80.086402,45.398623,1840,1,0.33043478260869563
ofr10km_1170000_-280000,1170000,-280000,-80.115564,45.312458,1840,1,0.33043478260869563
ofr10km_1170000_-290000,1170000,-290000,-80.144615,45.226316,1840,2,0.33043478260869563
ofr10km_1170000_-300000,1170000,-300000,-80.173554,45.1402,1840,0,0.33043478260869563
ofr10km_1170000_-310000,1170000,-310000,-80.202383,45.054108,1840,0,0.33043478260869563
ofr10km_1170000_-320000,1170000,-320000,-80.231102,44.96804,1840,0,0.33043478260869563
ofr10km_1170000_-330000,1170000,-330000,-80.259711,44.881997,1840,0,0.33043478260869563
ofr10km_1170000_-340000,1170000,-340000,-80.288212,44.79598,1840,0,0.33043478260869563
ofr10km_1170000_-350000,1170000,-350000,-80.316605,44.709987,1840,0,0.3342391304347826
ofr10km_1170000_-360000,1170000,-360000,-80.344891,44.62402,1840,0,0.3342391304347826
ofr10km_1170000_-50000,1170000,-50000,-79.415226,47.299993,1840,1,0.34782608695652173
ofr10km_1170000_-60000,1170000,-60000,-79.447016,47.213344,1840,0,0.3358695652173913
ofr10km_1170000_-70000,1170000,-70000,-79.478679,47.126715,1840,2,0.3358695652173913
ofr10km_1170000_-80000,1170000,-80000,-79.510216,47.040105,1840,2,0.3358695652173913
ofr10km_1170000_-90000,1170000,-90000,-79.541627,46.953516,1840,2,0.3358695652173913
ofr10km_1180000_-100000,1180000,-100000,-79.446771,46.845448,1840,3,0.3358695652173913
ofr10km_1180000_-110000,1180000,-110000,-79.478168,46.758951,1840,1,0.33315217391304347
ofr10km_1180000_-120000,1180000,-120000,-79.509441,46.672474,1840,1,0.33315217391304347
ofr10km_1180000_-130000,1180000,-130000,-79.540591,46.586019,1840,2,0.33315217391304347
ofr10km_1180000_-140000,1180000,-140000,-79.571618,46.499585,1840,0,0.34347826086956523
ofr10km_1180000_-150000,1180000,-150000,-79.602524,46.413172,1840,2,0.34347826086956523
ofr10km_1180000_-160000,1180000,-160000,-79.633308,46.326781,1840,3,0.34347826086956523
ofr10km_1180000_-170000,1180000,-170000,-79.663972,46.240411,1840,0,0.3565217391304348
ofr10km_1180000_-180000,1180000,-180000,-79.694516,46.154064,1840,3,0.3565217391304348
ofr10km_1180000_-190000,1180000,-190000,-79.724941,46.067739,1840,3,0.3565217391304348
ofr10km_1180000_-200000,1180000,-200000,-79.755248,45.981436,1840,2,0.3565217391304348
ofr10km_1180000_-210000,1180000,-210000,-79.785436,45.895155,1840,3,0.3309782608695652
ofr10km_1180000_-220000,1180000,-220000,-79.815508,45.808898,1840,3,0.3309782608695652
ofr10km_1180000_-230000,1180000,-230000,-79.845464,45.722663,1840,1,0.33043478260869563
ofr10km_1180000_-240000,1180000,-240000,-79.875303,45.636451,1840,1,0.33043478260869563
ofr10km_1180000_-250000,1180000,-250000,-79.905028,45.550263,1840,1,0.33043478260869563
ofr10km_1180000_-260000,1180000,-260000,-79.934638,45.464098,1840,0,0.33043478260869563
ofr10km_1180000_-270000,1180000,-270000,-79.964135,45.377956,1840,2,0.33043478260869563
ofr10km_1180000_-280000,1180000,-280000,-79.993518,45.291839,1840,0,0.33043478260869563
ofr10km_1180000_-290000,1180000,-290000,-80.022789,45.205745,1840,1,0.33043478260869563
ofr10km_1180000_-300000,1180000,-300000,-80.051948,45.119676,1840,4,0.33043478260869563
ofr10km_1180000_-310000,1180000,-310000,-80.080996,45.033631,1840,0,0.33043478260869563
ofr10km_1180000_-320000,1180000,-320000,-80.109933,44.947611,1840,0,0.33043478260869563
ofr10km_1180000_-330000,1180000,-330000,-80.13876,44.861615,1840,0,0.3353260869565217
ofr10km_1180000_-340000,1180000,-340000,-80.167478,44.775644,1840,0,0.3342391304347826
ofr10km_1180000_-350000,1180000,-350000,-80.196087,44.689698,1840,0,0.3342391304347826
ofr10km_1180000_-360000,1180000,-360000,-80.224588,44.603778,1840,0,0.3342391304347826
ofr10km_1180000_-80000,1180000,-80000,-79.383601,47.018504,1840,2,0.3358695652173913
ofr10km_1180000_-90000,1180000,-90000,-79.415249,46.931966,1840,2,0.3358695652173913
ofr10km_1190000_-100000,1190000,-100000,-79.320752,46.823778,1840,2,0.3358695652173913
ofr10km_1190000_-110000,1190000,-110000,-79.352383,46.737332,1840,1,0.33315217391304347
ofr10km_1190000_-120000,1190000,-120000,-79.383889,46.650906,1840,3,0.33315217391304347
ofr10km_1190000_-130000,1190000,-130000,-79.41527,46.564501,1840,0,0.33315217391304347
ofr10km_1190000_-140000,1190000,-140000,-79.446529,46.478117,1840,1,0.33315217391304347
ofr10km_1190000_-150000,1190000,-150000,-79.477665,46.391754,1840,3,0.33315217391304347
ofr10km_1190000_-160000,1190000,-160000,-79.508679,46.305413,1840,2,0.34347826086956523
ofr10km_1190000_-170000,1190000,-170000,-79.539572,46.219093,1840,0,0.34347826086956523
ofr10km_1190000_-180000,1190000,-180000,-79.570344,46.132795,1840,4,0.3565217391304348
ofr10km_1190000_-190000,1190000,-190000,-79.600996,46.046519,1840,1,0.3565217391304348
ofr10km_1190000_-200000,1190000,-200000,-79.631529,45.960266,1840,1,0.3565217391304348
ofr10km_1190000_-210000,1190000,-210000,-79.661944,45.874034,1840,1,0.3309782608695652
ofr10km_1190000_-220000,1190000,-220000,-79.692241,45.787826,1840,4,0.3309782608695652
ofr10km_1190000_-230000,1190000,-230000,-79.72242,45.70164,1840,0,0.33043478260869563
ofr10km_1190000_-240000,1190000,-240000,-79.752484,45.615476,1840,0,0.33043478260869563
ofr10km_1190000_-250000,1190000,-250000,-79.782431,45.529336,1840,0,0.33043478260869563
ofr10km_1190000_-260000,1190000,-260000,-79.812263,45.44322,1840,0,0.33043478260869563
ofr10km_1190000_-270000,1190000,-270000,-79.841981,45.357127,1840,0,0.33043478260869563
ofr10km_1190000_-280000,1190000,-280000,-79.871585,45.271057,1840,4,0.33043478260869563
ofr10km_1190000_-290000,1190000,-290000,-79.901075,45.185011,1840,5,0.33043478260869563
ofr10km_1190000_-300000,1190000,-300000,-79.930453,45.09899,1840,2,0.33043478260869563
ofr10km_1190000_-310000,1190000,-310000,-79.959719,45.012992,1840,0,0.33043478260869563
ofr10km_1190000_-350000,1190000,-350000,-80.075676,44.669249,1840,0,0.3342391304347826
ofr10km_1190000_-360000,1190000,-360000,-80.104392,44.583375,1840,0,0.3342391304347826
ofr10km_1190000_-370000,1190000,-370000,-80.132999,44.497526,1840,0,0.33043478260869563
ofr10km_1200000_-100000,1200000,-100000,-79.194859,46.801939,1840,2,0.3358695652173913
ofr10km_1200000_-110000,1200000,-110000,-79.226722,46.715544,1840,5,0.33315217391304347
ofr10km_1200000_-120000,1200000,-120000,-79.25846,46.629169,1840,0,0.33315217391304347
ofr10km_1200000_-130000,1200000,-130000,-79.290073,46.542814,1840,0,0.33315217391304347
ofr10km_1200000_-140000,1200000,-140000,-79.321562,46.456481,1840,3,0.33315217391304347
ofr10km_1200000_-150000,1200000,-150000,-79.352928,46.370169,1840,1,0.33315217391304347
ofr10km_1200000_-160000,1200000,-160000,-79.384171,46.283878,1840,6,0.33315217391304347
ofr10km_1200000_-170000,1200000,-170000,-79.415292,46.197608,1840,1,0.34347826086956523
ofr10km_1200000_-180000,1200000,-180000,-79.446291,46.11136,1840,2,0.3565217391304348
ofr10km_1200000_-190000,1200000,-190000,-79.47717,46.025134,1840,1,0.3565217391304348
ofr10km_1200000_-200000,1200000,-200000,-79.507929,45.93893,1840,0,0.3565217391304348
ofr10km_1200000_-210000,1200000,-210000,-79.538569,45.852748,1840,3,0.3309782608695652
ofr10km_1200000_-220000,1200000,-220000,-79.56909,45.766588,1840,1,0.3309782608695652
ofr10km_1200000_-230000,1200000,-230000,-79.599494,45.680452,1840,0,0.33043478260869563
ofr10km_1200000_-240000,1200000,-240000,-79.62978,45.594337,1840,0,0.33043478260869563
ofr10km_1200000_-250000,1200000,-250000,-79.659949,45.508246,1840,0,0.33043478260869563
ofr10km_1200000_-260000,1200000,-260000,-79.690003,45.422178,1840,2,0.33043478260869563
ofr10km_1200000_-270000,1200000,-270000,-79.719941,45.336134,1840,1,0.33043478260869563
ofr10km_1200000_-280000,1200000,-280000,-79.749765,45.250112,1840,0,0.33043478260869563
ofr10km_1200000_-290000,1200000,-290000,-79.779474,45.164115,1840,3,0.33043478260869563
ofr10km_1200000_-300000,1200000,-300000,-79.809071,45.078141,1840,2,0.33043478260869563
ofr10km_1200000_-310000,1200000,-310000,-79.838554,44.992192,1840,5,0.33369565217391306
ofr10km_1200000_-320000,1200000,-320000,-79.867926,44.906267,1840,0,0.33369565217391306
ofr10km_1200000_-330000,1200000,-330000,-79.897186,44.820366,1840,0,0.33858695652173915
ofr10km_120000_-10000,120000,-10000,-93.293934,48.939971,1840,1,0.34456521739130436
ofr10km_120000_-20000,120000,-20000,-93.297586,48.850119,1840,1,0.34456521739130436
ofr10km_120000_-30000,120000,-30000,-93.301223,48.760296,1840,2,0.34456521739130436
ofr10km_120000_-40000,120000,-40000,-93.304844,48.670503,1840,7,0.34456521739130436
ofr10km_120000_0,120000,0,-93.290266,49.029854,1840,1,0.34456521739130436
ofr10km_120000_10000,120000,10000,-93.286582,49.119767,1840,2,0.34456521739130436
ofr10km_120000_100000,120000,100000,-93.252701,49.930292,1840,0,0.5967391304347827
ofr10km_120000_110000,120000,110000,-93.248854,50.020493,1840,3,0.5967391304347827
ofr10km_120000_120000,120000,120000,-93.24499,50.110723,1840,2,0.3684782608695652
ofr10km_120000_130000,120000,130000,-93.241108,50.200981,1840,3,0.3717391304347826
ofr10km_120000_140000,120000,140000,-93.237209,50.291266,1840,2,0.3717391304347826
ofr10km_120000_150000,120000,150000,-93.233293,50.381579,1840,2,0.3717391304347826
ofr10km_120000_160000,120000,160000,-93.22936,50.47192,1840,2,0.37119565217391304
ofr10km_120000_170000,120000,170000,-93.225409,50.562288,1840,0,0.37119565217391304
ofr10km_120000_180000,120000,180000,-93.22144,50.652683,1840,1,0.37119565217391304
ofr10km_120000_190000,120000,190000,-93.217454,50.743105,1840,5,0.37119565217391304
ofr10km_120000_20000,120000,20000,-93.282883,49.209709,1840,2,0.49293478260869567
ofr10km_120000_200000,120000,200000,-93.213449,50.833554,1840,0,0.37119565217391304
ofr10km_120000_210000,120000,210000,-93.209427,50.924029,1840,1,0.37119565217391304
ofr10km_120000_220000,120000,220000,-93.205387,51.014532,1840,3,0.42391304347826086
ofr10km_120000_230000,120000,230000,-93.201328,51.10506,1840,0,0.42391304347826086
ofr10km_120000_240000,120000,240000,-93.197251,51.195615,1840,1,0.42391304347826086
ofr10km_120000_250000,120000,250000,-93.193155,51.286196,1840,0,0.42282608695652174
ofr10km_120000_260000,120000,260000,-93.18904,51.376803,1840,4,0.42282608695652174
ofr10km_120000_270000,120000,270000,-93.184907,51.467436,1840,3,0.42282608695652174
ofr10km_120000_280000,120000,280000,-93.180755,51.558095,1840,2,0.42282608695652174
ofr10km_120000_290000,120000,290000,-93.176584,51.648779,1840,0,0.42282608695652174
ofr10km_120000_30000,120000,30000,-93.279167,49.29968,1840,0,0.49293478260869567
ofr10km_120000_300000,120000,300000,-93.172394,51.739488,1840,1,0.5739130434782609
ofr10km_120000_310000,120000,310000,-93.168184,51.830222,1840,2,0.9315217391304348
ofr10km_120000_320000,120000,320000,-93.163955,51.920982,1840,0,0.9315217391304348
ofr10km_120000_330000,120000,330000,-93.159707,52.011766,1840,0,0.933695652173913
ofr10km_120000_340000,120000,340000,-93.155439,52.102575,1840,0,0.933695652173913
ofr10km_120000_350000,120000,350000,-93.15115,52.193409,1840,0,0.9298913043478261
ofr10km_120000_360000,120000,360000,-93.146842,52.284266,1840,1,0.9298913043478261
ofr10km_120000_370000,120000,370000,-93.142514,52.375149,1840,0,0.6766304347826086
ofr10km_120000_380000,120000,380000,-93.138166,52.466055,1840,0,0.6766304347826086
ofr10km_120000_390000,120000,390000,-93.133797,52.556985,1840,4,0.6766304347826086
ofr10km_120000_40000,120000,40000,-93.275436,49.389681,1840,0,0.49293478260869567
ofr10km_120000_400000,120000,400000,-93.129408,52.647938,1840,0,0.6766304347826086
ofr10km_120000_410000,120000,410000,-93.124997,52.738916,1840,1,0.6766304347826086
ofr10km_120000_420000,120000,420000,-93.120567,52.829916,1840,2,0.6766304347826086
ofr10km_120000_430000,120000,430000,-93.116115,52.92094,1840,1,0.6766304347826086
ofr10km_120000_440000,120000,440000,-93.111642,53.011987,1840,1,0.6766304347826086
ofr10km_120000_450000,120000,450000,-93.107147,53.103057,1840,1,0.6766304347826086
ofr10km_120000_460000,120000,460000,-93.102632,53.194149,1840,0,0.6766304347826086
ofr10km_120000_470000,120000,470000,-93.098094,53.285264,1840,1,0.6766304347826086
ofr10km_120000_480000,120000,480000,-93.093535,53.376402,1840,1,0.6766304347826086
ofr10km_120000_490000,120000,490000,-93.088954,53.467561,1840,0,0.6766304347826086
ofr10km_120000_50000,120000,50000,-93.271688,49.479711,1840,4,0.49293478260869567
ofr10km_120000_500000,120000,500000,-93.084351,53.558743,1840,0,0.6766304347826086
ofr10km_120000_510000,120000,510000,-93.079726,53.649947,1840,2,0.6766304347826086
ofr10km_120000_520000,120000,520000,-93.075078,53.741172,1840,0,0.6766304347826086
ofr10km_120000_530000,120000,530000,-93.070408,53.832419,1840,0,0.6766304347826086
ofr10km_120000_540000,120000,540000,-93.065715,53.923687,1840,0,0.6766304347826086
ofr10km_120000_550000,120000,550000,-93.060999,54.014976,1840,0,0.4206521739130435
ofr10km_120000_560000,120000,560000,-93.05626,54.106287,1840,0,0.4190217391304348
ofr10km_120000_60000,120000,60000,-93.267924,49.56977,1840,1,0.49293478260869567
ofr10km_120000_70000,120000,70000,-93.264143,49.659857,1840,2,0.49293478260869567
ofr10km_120000_80000,120000,80000,-93.260346,49.749974,1840,2,0.49293478260869567
ofr10km_120000_90000,120000,90000,-93.256532,49.840119,1840,6,0.5967391304347827
ofr10km_1210000_-110000,1210000,-110000,-79.101187,46.693587,1840,1,0.33315217391304347
ofr10km_1210000_-120000,1210000,-120000,-79.133157,46.607263,1840,2,0.33315217391304347
ofr10km_1210000_-130000,1210000,-130000,-79.165001,46.52096,1840,3,0.33315217391304347
ofr10km_1210000_-140000,1210000,-140000,-79.196719,46.434678,1840,3,0.33315217391304347
ofr10km_1210000_-150000,1210000,-150000,-79.228314,46.348416,1840,9,0.33315217391304347
ofr10km_1210000_-160000,1210000,-160000,-79.259785,46.262176,1840,1,0.33315217391304347
ofr10km_1210000_-170000,1210000,-170000,-79.291133,46.175956,1840,2,0.33315217391304347
ofr10km_1210000_-180000,1210000,-180000,-79.32236,46.089759,1840,0,0.34347826086956523
ofr10km_1210000_-190000,1210000,-190000,-79.353465,46.003583,1840,0,0.3565217391304348
ofr10km_1210000_-200000,1210000,-200000,-79.384449,45.917428,1840,0,0.3309782608695652
ofr10km_1210000_-210000,1210000,-210000,-79.415313,45.831296,1840,1,0.3309782608695652
ofr10km_1210000_-220000,1210000,-220000,-79.446058,45.745187,1840,0,0.33043478260869563
ofr10km_1210000_-230000,1210000,-230000,-79.476684,45.659099,1840,0,0.33043478260869563
ofr10km_1210000_-240000,1210000,-240000,-79.507192,45.573034,1840,0,0.33043478260869563
ofr10km_1210000_-250000,1210000,-250000,-79.537583,45.486992,1840,0,0.33043478260869563
ofr10km_1210000_-260000,1210000,-260000,-79.567857,45.400973,1840,5,0.33043478260869563
ofr10km_1210000_-270000,1210000,-270000,-79.598016,45.314978,1840,0,0.33043478260869563
ofr10km_1210000_-280000,1210000,-280000,-79.628058,45.229005,1840,0,0.33043478260869563
ofr10km_1210000_-290000,1210000,-290000,-79.657987,45.143056,1840,0,0.33043478260869563
ofr10km_1210000_-300000,1210000,-300000,-79.687801,45.057131,1840,0,0.33043478260869563
ofr10km_1210000_-310000,1210000,-310000,-79.717502,44.97123,1840,6,0.33043478260869563
ofr10km_1210000_-320000,1210000,-320000,-79.747089,44.885353,1840,5,0.33369565217391306
ofr10km_1210000_-330000,1210000,-330000,-79.776565,44.7995,1840,0,0.33369565217391306
ofr10km_1220000_-120000,1220000,-120000,-79.007979,46.58519,1840,0,0.33315217391304347
ofr10km_1220000_-130000,1220000,-130000,-79.040053,46.498938,1840,2,0.33315217391304347
ofr10km_1220000_-140000,1220000,-140000,-79.072,46.412707,1840,1,0.33315217391304347
ofr10km_1220000_-150000,1220000,-150000,-79.103823,46.326497,1840,7,0.33315217391304347
ofr10km_1220000_-160000,1220000,-160000,-79.135522,46.240307,1840,4,0.33315217391304347
ofr10km_1220000_-170000,1220000,-170000,-79.167097,46.154139,1840,0,0.33315217391304347
ofr10km_1220000_-180000,1220000,-180000,-79.198549,46.067992,1840,0,0.34347826086956523
ofr10km_1220000_-190000,1220000,-190000,-79.22988,45.981866,1840,2,0.34347826086956523
ofr10km_1220000_-200000,1220000,-200000,-79.261088,45.895762,1840,1,0.33369565217391306
ofr10km_1220000_-210000,1220000,-210000,-79.292176,45.80968,1840,3,0.33369565217391306
ofr10km_1220000_-220000,1220000,-220000,-79.323144,45.72362,1840,1,0.33043478260869563
ofr10km_1220000_-230000,1220000,-230000,-79.353992,45.637583,1840,0,0.33043478260869563
ofr10km_1220000_-240000,1220000,-240000,-79.384722,45.551568,1840,0,0.33043478260869563
ofr10km_1220000_-250000,1220000,-250000,-79.415334,45.465575,1840,0,0.33043478260869563
ofr10km_1220000_-260000,1220000,-260000,-79.445828,45.379605,1840,1,0.33369565217391306
ofr10km_1220000_-270000,1220000,-270000,-79.476205,45.293659,1840,0,0.33043478260869563
ofr10km_1220000_-280000,1220000,-280000,-79.506467,45.207735,1840,1,0.33043478260869563
ofr10km_1220000_-290000,1220000,-290000,-79.536613,45.121835,1840,0,0.33043478260869563
ofr10km_1220000_-300000,1220000,-300000,-79.566644,45.035959,1840,0,0.33043478260869563
ofr10km_1220000_-310000,1220000,-310000,-79.596561,44.950106,1840,4,0.33369565217391306
ofr10km_1220000_-320000,1220000,-320000,-79.626365,44.864277,1840,4,0.33369565217391306
ofr10km_1230000_-130000,1230000,-130000,-78.91523,46.476749,1840,0,0.33315217391304347
ofr10km_1230000_-140000,1230000,-140000,-78.947407,46.39057,1840,1,0.33315217391304347
ofr10km_1230000_-150000,1230000,-150000,-78.979457,46.304411,1840,4,0.33315217391304347
ofr10km_1230000_-160000,1230000,-160000,-79.011383,46.218272,1840,1,0.33315217391304347
ofr10km_1230000_-170000,1230000,-170000,-79.043184,46.132155,1840,0,0.33315217391304347
ofr10km_1230000_-180000,1230000,-180000,-79.074861,46.046059,1840,2,0.34347826086956523
ofr10km_1230000_-190000,1230000,-190000,-79.106416,45.959984,1840,11,0.3565217391304348
ofr10km_1230000_-200000,1230000,-200000,-79.137848,45.873931,1840,3,0.3358695652173913
ofr10km_1230000_-210000,1230000,-210000,-79.169159,45.787899,1840,1,0.33369565217391306
ofr10km_1230000_-220000,1230000,-220000,-79.200349,45.70189,1840,2,0.3347826086956522
ofr10km_1230000_-230000,1230000,-230000,-79.231419,45.615902,1840,0,0.33043478260869563
ofr10km_1230000_-240000,1230000,-240000,-79.26237,45.529937,1840,0,0.33369565217391306
ofr10km_1230000_-250000,1230000,-250000,-79.293202,45.443995,1840,0,0.33369565217391306
ofr10km_1230000_-260000,1230000,-260000,-79.323915,45.358075,1840,0,0.33369565217391306
ofr10km_1230000_-270000,1230000,-270000,-79.354511,45.272178,1840,0,0.33043478260869563
ofr10km_1230000_-280000,1230000,-280000,-79.384991,45.186304,1840,0,0.33043478260869563
ofr10km_1230000_-290000,1230000,-290000,-79.415354,45.100453,1840,1,0.33043478260869563
ofr10km_1230000_-300000,1230000,-300000,-79.445602,45.014625,1840,0,0.33315217391304347
ofr10km_1230000_-310000,1230000,-310000,-79.475735,44.928822,1840,2,0.33315217391304347
ofr10km_1230000_-320000,1230000,-320000,-79.505753,44.843042,1840,3,0.33315217391304347
ofr10km_1230000_-330000,1230000,-330000,-79.535658,44.757286,1840,1,0.33858695652173915
ofr10km_1240000_-140000,1240000,-140000,-78.822938,46.368266,1840,3,0.33315217391304347
ofr10km_1240000_-150000,1240000,-150000,-78.855216,46.282158,1840,0,0.33315217391304347
ofr10km_1240000_-160000,1240000,-160000,-78.887367,46.196072,1840,0,0.33315217391304347
ofr10km_1240000_-170000,1240000,-170000,-78.919394,46.110006,1840,1,0.34347826086956523
ofr10km_1240000_-180000,1240000,-180000,-78.951296,46.023961,1840,2,0.3358695652173913
ofr10km_1240000_-190000,1240000,-190000,-78.983075,45.937937,1840,1,0.3565217391304348
ofr10km_1240000_-200000,1240000,-200000,-79.01473,45.851935,1840,0,0.3358695652173913
ofr10km_1240000_-210000,1240000,-210000,-79.046263,45.765955,1840,0,0.3358695652173913
ofr10km_1240000_-220000,1240000,-220000,-79.077675,45.679996,1840,1,0.3347826086956522
ofr10km_1240000_-230000,1240000,-230000,-79.108966,45.594059,1840,1,0.3347826086956522
ofr10km_1240000_-240000,1240000,-240000,-79.140137,45.508144,1840,3,0.33369565217391306
ofr10km_1240000_-250000,1240000,-250000,-79.171188,45.422251,1840,1,0.33369565217391306
ofr10km_1240000_-260000,1240000,-260000,-79.20212,45.336382,1840,1,0.33369565217391306
ofr10km_1240000_-270000,1240000,-270000,-79.232934,45.250534,1840,2,0.33369565217391306
ofr10km_1240000_-280000,1240000,-280000,-79.263631,45.16471,1840,0,0.33043478260869563
ofr10km_1240000_-290000,1240000,-290000,-79.294211,45.078909,1840,1,0.33315217391304347
ofr10km_1240000_-300000,1240000,-300000,-79.324674,44.993131,1840,0,0.33315217391304347
ofr10km_1240000_-310000,1240000,-310000,-79.355022,44.907376,1840,0,0.33315217391304347
ofr10km_1240000_-320000,1240000,-320000,-79.385255,44.821645,1840,0,0.33315217391304347
ofr10km_1250000_-140000,1250000,-140000,-78.698597,46.345795,1840,9,0.33315217391304347
ofr10km_1250000_-150000,1250000,-150000,-78.7311,46.25974,1840,0,0.33315217391304347
ofr10km_1250000_-160000,1250000,-160000,-78.763477,46.173706,1840,1,0.34347826086956523
ofr10km_1250000_-170000,1250000,-170000,-78.795728,46.087692,1840,1,0.34347826086956523
ofr10km_1250000_-180000,1250000,-180000,-78.827854,46.001698,1840,3,0.3358695652173913
ofr10km_1250000_-190000,1250000,-190000,-78.859856,45.915726,1840,0,0.3358695652173913
ofr10km_1250000_-200000,1250000,-200000,-78.891734,45.829775,1840,0,0.3358695652173913
ofr10km_1250000_-210000,1250000,-210000,-78.923489,45.743846,1840,1,0.34619565217391307
ofr10km_1250000_-220000,1250000,-220000,-78.955122,45.657938,1840,1,0.3347826086956522
ofr10km_1250000_-230000,1250000,-230000,-78.986633,45.572052,1840,0,0.3347826086956522
ofr10km_1250000_-240000,1250000,-240000,-79.018023,45.486188,1840,0,0.33315217391304347
ofr10km_1250000_-250000,1250000,-250000,-79.049293,45.400346,1840,0,0.33315217391304347
ofr10km_1250000_-260000,1250000,-260000,-79.080443,45.314526,1840,0,0.33315217391304347
ofr10km_1250000_-270000,1250000,-270000,-79.111475,45.228729,1840,0,0.33369565217391306
ofr10km_1250000_-280000,1250000,-280000,-79.142388,45.142955,1840,0,0.33315217391304347
ofr10km_1250000_-290000,1250000,-290000,-79.173184,45.057203,1840,1,0.33315217391304347
ofr10km_1250000_-300000,1250000,-300000,-79.203862,44.971475,1840,0,0.33315217391304347
ofr10km_1250000_-310000,1250000,-310000,-79.234425,44.88577,1840,3,0.33315217391304347
ofr10km_1250000_-320000,1250000,-320000,-79.264872,44.800089,1840,1,0.33315217391304347
ofr10km_1260000_-140000,1260000,-140000,-78.574382,46.323159,1840,1,0.9201086956521739
ofr10km_1260000_-150000,1260000,-150000,-78.607111,46.237156,1840,4,0.34347826086956523
ofr10km_1260000_-160000,1260000,-160000,-78.639713,46.151174,1840,1,0.34347826086956523
ofr10km_1260000_-170000,1260000,-170000,-78.672188,46.065212,1840,0,0.3358695652173913
ofr10km_1260000_-180000,1260000,-180000,-78.704537,45.979271,1840,0,0.3358695652173913
ofr10km_1260000_-190000,1260000,-190000,-78.736761,45.893351,1840,0,0.3358695652173913
ofr10km_1260000_-200000,1260000,-200000,-78.768861,45.807451,1840,0,0.3358695652173913
ofr10km_1260000_-210000,1260000,-210000,-78.800837,45.721573,1840,0,0.34619565217391307
ofr10km_1260000_-220000,1260000,-220000,-78.83269,45.635717,1840,3,0.3347826086956522
ofr10km_1260000_-230000,1260000,-230000,-78.86442,45.549882,1840,3,0.3347826086956522
ofr10km_1260000_-240000,1260000,-240000,-78.896029,45.464069,1840,13,0.33315217391304347
ofr10km_1260000_-250000,1260000,-250000,-78.927517,45.378278,1840,1,0.33315217391304347
ofr10km_1260000_-260000,1260000,-260000,-78.958885,45.292509,1840,2,0.33315217391304347
ofr10km_1260000_-270000,1260000,-270000,-78.990133,45.206762,1840,2,0.33315217391304347
ofr10km_1260000_-280000,1260000,-280000,-79.021262,45.121038,1840,3,0.33315217391304347
ofr10km_1260000_-290000,1260000,-290000,-79.052273,45.035337,1840,0,0.33315217391304347
ofr10km_1260000_-300000,1260000,-300000,-79.083167,44.949659,1840,0,0.33315217391304347
ofr10km_1260000_-310000,1260000,-310000,-79.113943,44.864004,1840,1,0.33315217391304347
ofr10km_1260000_-320000,1260000,-320000,-79.144603,44.778372,1840,0,0.33315217391304347
ofr10km_1270000_-140000,1270000,-140000,-78.450296,46.300357,1840,2,0.9201086956521739
ofr10km_1270000_-150000,1270000,-150000,-78.48325,46.214407,1840,1,0.9201086956521739
ofr10km_1270000_-160000,1270000,-160000,-78.516075,46.128478,1840,0,0.34619565217391307
ofr10km_1270000_-170000,1270000,-170000,-78.548773,46.042568,1840,1,0.3358695652173913
ofr10km_1270000_-180000,1270000,-180000,-78.581345,45.956679,1840,0,0.3358695652173913
ofr10km_1270000_-190000,1270000,-190000,-78.613791,45.870811,1840,1,0.3358695652173913
ofr10km_1270000_-200000,1270000,-200000,-78.646112,45.784964,1840,6,0.3358695652173913
ofr10km_1270000_-210000,1270000,-210000,-78.678308,45.699138,1840,2,0.3347826086956522
ofr10km_1270000_-220000,1270000,-220000,-78.71038,45.613333,1840,7,0.3347826086956522
ofr10km_1270000_-230000,1270000,-230000,-78.74233,45.52755,1840,9,0.3347826086956522
ofr10km_1270000_-240000,1270000,-240000,-78.774157,45.441788,1840,4,0.33315217391304347
ofr10km_1270000_-250000,1270000,-250000,-78.805862,45.356048,1840,3,0.33315217391304347
ofr10km_1270000_-260000,1270000,-260000,-78.837447,45.27033,1840,1,0.33315217391304347
ofr10km_1270000_-270000,1270000,-270000,-78.868911,45.184634,1840,3,0.33315217391304347
ofr10km_1270000_-280000,1270000,-280000,-78.900255,45.098961,1840,2,0.33315217391304347
ofr10km_1270000_-290000,1270000,-290000,-78.931481,45.013311,1840,2,0.33315217391304347
ofr10km_1270000_-300000,1270000,-300000,-78.962588,44.927683,1840,0,0.33315217391304347
ofr10km_1270000_-310000,1270000,-310000,-78.993577,44.842078,1840,0,0.33315217391304347
ofr10km_1270000_-320000,1270000,-320000,-79.02445,44.756496,1840,0,0.33315217391304347
ofr10km_1270000_-330000,1270000,-330000,-79.055206,44.670938,1840,0,0.33858695652173915
ofr10km_1270000_-340000,1270000,-340000,-79.085846,44.585403,1840,0,0.33858695652173915
ofr10km_1280000_-150000,1280000,-150000,-78.359516,46.191493,1840,3,0.34619565217391307
ofr10km_1280000_-160000,1280000,-160000,-78.392565,46.105617,1840,2,0.34619565217391307
ofr10km_1280000_-170000,1280000,-170000,-78.425485,46.01976,1840,2,0.34619565217391307
ofr10km_1280000_-180000,1280000,-180000,-78.458279,45.933924,1840,2,0.34619565217391307
ofr10km_1280000_-190000,1280000,-190000,-78.490946,45.848108,1840,1,0.34619565217391307
ofr10km_1280000_-200000,1280000,-200000,-78.523487,45.762313,1840,3,0.34619565217391307
ofr10km_1280000_-210000,1280000,-210000,-78.555902,45.676539,1840,2,0.3423913043478261
ofr10km_1280000_-220000,1280000,-220000,-78.588194,45.590786,1840,7,0.3423913043478261
ofr10km_1280000_-230000,1280000,-230000,-78.620361,45.505055,1840,7,0.3347826086956522
ofr10km_1280000_-240000,1280000,-240000,-78.652406,45.419345,1840,5,0.33315217391304347
ofr10km_1280000_-250000,1280000,-250000,-78.684328,45.333656,1840,1,0.33315217391304347
ofr10km_1280000_-260000,1280000,-260000,-78.716128,45.24799,1840,0,0.33315217391304347
ofr10km_1280000_-270000,1280000,-270000,-78.747808,45.162345,1840,11,0.33315217391304347
ofr10km_1280000_-280000,1280000,-280000,-78.779367,45.076723,1840,0,0.33315217391304347
ofr10km_1280000_-290000,1280000,-290000,-78.810806,44.991124,1840,0,0.33315217391304347
ofr10km_1280000_-300000,1280000,-300000,-78.842127,44.905547,1840,1,0.33315217391304347
ofr10km_1280000_-310000,1280000,-310000,-78.873329,44.819992,1840,1,0.33315217391304347
ofr10km_1280000_-320000,1280000,-320000,-78.904413,44.734461,1840,2,0.33858695652173915
ofr10km_1280000_-330000,1280000,-330000,-78.93538,44.648953,1840,1,0.33858695652173915
ofr10km_1290000_-140000,1290000,-140000,-78.20251,46.254258,1840,0,0.9206521739130434
ofr10km_1290000_-150000,1290000,-150000,-78.235911,46.168414,1840,0,0.9206521739130434
ofr10km_1290000_-160000,1290000,-160000,-78.269182,46.082591,1840,0,0.34619565217391307
ofr10km_1290000_-170000,1290000,-170000,-78.302325,45.996788,1840,2,0.34619565217391307
ofr10km_1290000_-180000,1290000,-180000,-78.335339,45.911005,1840,1,0.34619565217391307
ofr10km_1290000_-190000,1290000,-190000,-78.368226,45.825242,1840,1,0.34619565217391307
ofr10km_1290000_-200000,1290000,-200000,-78.400987,45.739499,1840,2,0.34619565217391307
ofr10km_1290000_-210000,1290000,-210000,-78.433622,45.653778,1840,7,0.3423913043478261
ofr10km_1290000_-220000,1290000,-220000,-78.466131,45.568077,1840,8,0.3423913043478261
ofr10km_1290000_-230000,1290000,-230000,-78.498516,45.482398,1840,6,0.3347826086956522
ofr10km_1290000_-240000,1290000,-240000,-78.530777,45.39674,1840,0,0.3347826086956522
ofr10km_1290000_-250000,1290000,-250000,-78.562915,45.311103,1840,0,0.3347826086956522
ofr10km_1290000_-260000,1290000,-260000,-78.594931,45.225489,1840,1,0.3342391304347826
ofr10km_1290000_-270000,1290000,-270000,-78.626825,45.139896,1840,0,0.3342391304347826
ofr10km_1290000_-280000,1290000,-280000,-78.658598,45.054325,1840,0,0.33369565217391306
ofr10km_1290000_-290000,1290000,-290000,-78.690251,44.968777,1840,0,0.33315217391304347
ofr10km_1290000_-300000,1290000,-300000,-78.721784,44.883251,1840,0,0.33315217391304347
ofr10km_1290000_-310000,1290000,-310000,-78.753198,44.797747,1840,2,0.33152173913043476
ofr10km_1290000_-320000,1290000,-320000,-78.784493,44.712267,1840,2,0.33152173913043476
ofr10km_1290000_-330000,1290000,-330000,-78.815671,44.626809,1840,0,0.33152173913043476
ofr10km_1300000_-140000,1300000,-140000,-78.078812,46.23096,1840,1,0.9206521739130434
ofr10km_1300000_-150000,1300000,-150000,-78.112436,46.145171,1840,5,0.9206521739130434
ofr10km_1300000_-160000,1300000,-160000,-78.145929,46.059402,1840,1,0.34619565217391307
ofr10km_1300000_-170000,1300000,-170000,-78.179292,45.973652,1840,0,0.34619565217391307
ofr10km_1300000_-180000,1300000,-180000,-78.212527,45.887922,1840,0,0.34619565217391307
ofr10km_1300000_-190000,1300000,-190000,-78.245634,45.802212,1840,6,0.34619565217391307
ofr10km_1300000_-200000,1300000,-200000,-78.278613,45.716523,1840,3,0.34619565217391307
ofr10km_1300000_-210000,1300000,-210000,-78.311466,45.630854,1840,1,0.3423913043478261
ofr10km_1300000_-220000,1300000,-220000,-78.344193,45.545206,1840,1,0.3423913043478261
ofr10km_1300000_-230000,1300000,-230000,-78.376795,45.45958,1840,5,0.3347826086956522
ofr10km_1300000_-240000,1300000,-240000,-78.409272,45.373974,1840,2,0.3347826086956522
ofr10km_1300000_-250000,1300000,-250000,-78.441625,45.28839,1840,2,0.3342391304347826
ofr10km_1300000_-260000,1300000,-260000,-78.473856,45.202827,1840,0,0.3342391304347826
ofr10km_1300000_-270000,1300000,-270000,-78.505964,45.117286,1840,0,0.3342391304347826
ofr10km_1300000_-280000,1300000,-280000,-78.53795,45.031767,1840,0,0.3342391304347826
ofr10km_1300000_-290000,1300000,-290000,-78.569815,44.94627,1840,3,0.33369565217391306
ofr10km_1300000_-300000,1300000,-300000,-78.60156,44.860795,1840,1,0.33369565217391306
ofr10km_1300000_-310000,1300000,-310000,-78.633185,44.775343,1840,0,0.33152173913043476
ofr10km_1300000_-320000,1300000,-320000,-78.664691,44.689914,1840,0,0.33152173913043476
ofr10km_1300000_-330000,1300000,-330000,-78.696079,44.604507,1840,0,0.33152173913043476
ofr10km_130000_-10000,130000,-10000,-93.157522,48.937464,1840,2,0.34456521739130436
ofr10km_130000_-20000,130000,-20000,-93.161466,48.847617,1840,3,0.34456521739130436
ofr10km_130000_-30000,130000,-30000,-93.165393,48.757801,1840,1,0.34456521739130436
ofr10km_130000_-40000,130000,-40000,-93.169303,48.668014,1840,8,0.34456521739130436
ofr10km_130000_0,130000,0,-93.153561,49.027341,1840,0,0.34456521739130436
ofr10km_130000_10000,130000,10000,-93.149584,49.117247,1840,0,0.34456521739130436
ofr10km_130000_100000,130000,100000,-93.112997,49.927715,1840,4,0.5967391304347827
ofr10km_130000_110000,130000,110000,-93.108842,50.01791,1840,2,0.5967391304347827
ofr10km_130000_120000,130000,120000,-93.104669,50.108133,1840,3,0.3684782608695652
ofr10km_130000_130000,130000,130000,-93.100477,50.198384,1840,2,0.3684782608695652
ofr10km_130000_140000,130000,140000,-93.096267,50.288663,1840,3,0.3717391304347826
ofr10km_130000_150000,130000,150000,-93.092039,50.378969,1840,2,0.3717391304347826
ofr10km_130000_160000,130000,160000,-93.087791,50.469303,1840,0,0.3717391304347826
ofr10km_130000_170000,130000,170000,-93.083524,50.559664,1840,1,0.37119565217391304
ofr10km_130000_180000,130000,180000,-93.079239,50.650053,1840,1,0.37119565217391304
ofr10km_130000_190000,130000,190000,-93.074934,50.740468,1840,1,0.37119565217391304
ofr10km_130000_20000,130000,20000,-93.145589,49.207183,1840,1,0.35434782608695653
ofr10km_130000_200000,130000,200000,-93.07061,50.830911,1840,1,0.37119565217391304
ofr10km_130000_210000,130000,210000,-93.066266,50.92138,1840,2,0.37119565217391304
ofr10km_130000_220000,130000,220000,-93.061903,51.011875,1840,1,0.37119565217391304
ofr10km_130000_230000,130000,230000,-93.05752,51.102397,1840,2,0.42391304347826086
ofr10km_130000_240000,130000,240000,-93.053117,51.192945,1840,1,0.42391304347826086
ofr10km_130000_250000,130000,250000,-93.048695,51.283519,1840,2,0.42282608695652174
ofr10km_130000_260000,130000,260000,-93.044252,51.37412,1840,4,0.42282608695652174
ofr10km_130000_270000,130000,270000,-93.039788,51.464746,1840,2,0.42282608695652174
ofr10km_130000_280000,130000,280000,-93.035305,51.555397,1840,3,0.42282608695652174
ofr10km_130000_290000,130000,290000,-93.030801,51.646074,1840,2,0.42282608695652174
ofr10km_130000_30000,130000,30000,-93.141576,49.297148,1840,0,0.49293478260869567
ofr10km_130000_300000,130000,300000,-93.026276,51.736776,1840,0,0.5739130434782609
ofr10km_130000_310000,130000,310000,-93.02173,51.827504,1840,1,0.9315217391304348
ofr10km_130000_320000,130000,320000,-93.017163,51.918256,1840,0,0.9315217391304348
ofr10km_130000_330000,130000,330000,-93.012576,52.009033,1840,0,0.933695652173913
ofr10km_130000_340000,130000,340000,-93.007967,52.099835,1840,2,0.933695652173913
ofr10km_130000_350000,130000,350000,-93.003336,52.190662,1840,0,0.933695652173913
ofr10km_130000_360000,130000,360000,-92.998684,52.281512,1840,0,0.9298913043478261
ofr10km_130000_370000,130000,370000,-92.99401,52.372387,1840,0,0.6766304347826086
ofr10km_130000_380000,130000,380000,-92.989315,52.463286,1840,9,0.6766304347826086
ofr10km_130000_390000,130000,390000,-92.984597,52.554209,1840,0,0.6766304347826086
ofr10km_130000_40000,130000,40000,-93.137547,49.387142,1840,1,0.49293478260869567
ofr10km_130000_400000,130000,400000,-92.979857,52.645155,1840,0,0.6766304347826086
ofr10km_130000_410000,130000,410000,-92.975095,52.736125,1840,1,0.6766304347826086
ofr10km_130000_420000,130000,420000,-92.97031,52.827119,1840,0,0.6766304347826086
ofr10km_130000_430000,130000,430000,-92.965503,52.918135,1840,0,0.6766304347826086
ofr10km_130000_440000,130000,440000,-92.960673,53.009175,1840,3,0.6766304347826086
ofr10km_130000_450000,130000,450000,-92.955819,53.100237,1840,1,0.6744565217391304
ofr10km_130000_460000,130000,460000,-92.950943,53.191322,1840,0,0.6744565217391304
ofr10km_130000_470000,130000,470000,-92.946044,53.28243,1840,2,0.6744565217391304
ofr10km_130000_480000,130000,480000,-92.94112,53.37356,1840,0,0.6766304347826086
ofr10km_130000_490000,130000,490000,-92.936174,53.464712,1840,2,0.6766304347826086
ofr10km_130000_50000,130000,50000,-93.133499,49.477166,1840,1,0.49293478260869567
ofr10km_130000_500000,130000,500000,-92.931203,53.555886,1840,1,0.6766304347826086
ofr10km_130000_510000,130000,510000,-92.926209,53.647082,1840,1,0.6766304347826086
ofr10km_130000_520000,130000,520000,-92.92119,53.7383,1840,1,0.6766304347826086
ofr10km_130000_530000,130000,530000,-92.916147,53.829539,1840,0,0.6847826086956522
ofr10km_130000_540000,130000,540000,-92.911079,53.920799,1840,0,0.6847826086956522
ofr10km_130000_550000,130000,550000,-92.905987,54.012081,1840,0,0.6847826086956522
ofr10km_130000_560000,130000,560000,-92.90087,54.103384,1840,1,0.8418478260869565
ofr10km_130000_570000,130000,570000,-92.895728,54.194707,1840,0,0.9211956521739131
ofr10km_130000_580000,130000,580000,-92.89056,54.286051,1840,0,0.9211956521739131
ofr10km_130000_60000,130000,60000,-93.129434,49.567218,1840,2,0.5967391304347827
ofr10km_130000_70000,130000,70000,-93.125352,49.657299,1840,1,0.5967391304347827
ofr10km_130000_80000,130000,80000,-93.121251,49.747409,1840,4,0.5967391304347827
ofr10km_130000_90000,130000,90000,-93.117133,49.837548,1840,1,0.5967391304347827
ofr10km_1310000_-140000,1310000,-140000,-77.955246,46.207499,1840,5,0.8206521739130435
ofr10km_1310000_-150000,1310000,-150000,-77.98909,46.121764,1840,3,0.3375
ofr10km_1310000_-160000,1310000,-160000,-78.022804,46.036048,1840,1,0.34402173913043477
ofr10km_1310000_-170000,1310000,-170000,-78.056388,45.950352,1840,1,0.34402173913043477
ofr10km_1310000_-180000,1310000,-180000,-78.089843,45.864676,1840,0,0.34402173913043477
ofr10km_1310000_-190000,1310000,-190000,-78.123168,45.77902,1840,2,0.34402173913043477
ofr10km_1310000_-200000,1310000,-200000,-78.156366,45.693384,1840,2,0.34402173913043477
ofr10km_1310000_-210000,1310000,-210000,-78.189436,45.607769,1840,0,0.3423913043478261
ofr10km_1310000_-220000,1310000,-220000,-78.22238,45.522174,1840,1,0.3423913043478261
ofr10km_1310000_-230000,1310000,-230000,-78.255198,45.4366,1840,2,0.3423913043478261
ofr10km_1310000_-240000,1310000,-240000,-78.28789,45.351047,1840,2,0.3391304347826087
ofr10km_1310000_-250000,1310000,-250000,-78.320458,45.265515,1840,0,0.3391304347826087
ofr10km_1310000_-260000,1310000,-260000,-78.352903,45.180004,1840,1,0.3342391304347826
ofr10km_1310000_-270000,1310000,-270000,-78.385224,45.094516,1840,1,0.3342391304347826
ofr10km_1310000_-280000,1310000,-280000,-78.417423,45.009049,1840,0,0.3342391304347826
ofr10km_1310000_-290000,1310000,-290000,-78.4495,44.923604,1840,1,0.33152173913043476
ofr10km_1310000_-300000,1310000,-300000,-78.481456,44.838181,1840,2,0.33152173913043476
ofr10km_1310000_-310000,1310000,-310000,-78.513292,44.75278,1840,3,0.33152173913043476
ofr10km_1310000_-320000,1310000,-320000,-78.545008,44.667402,1840,0,0.33152173913043476
ofr10km_1320000_-140000,1320000,-140000,-77.83181,46.183873,1840,5,0.3375
ofr10km_1320000_-150000,1320000,-150000,-77.865876,46.098193,1840,1,0.3375
ofr10km_1320000_-160000,1320000,-160000,-77.89981,46.012532,1840,1,0.3375
ofr10km_1320000_-170000,1320000,-170000,-77.933614,45.92689,1840,2,0.34402173913043477
ofr10km_1320000_-180000,1320000,-180000,-77.967287,45.841268,1840,0,0.34402173913043477
ofr10km_1320000_-190000,1320000,-190000,-78.000831,45.755665,1840,2,0.34402173913043477
ofr10km_1320000_-200000,1320000,-200000,-78.034246,45.670083,1840,0,0.34402173913043477
ofr10km_1320000_-210000,1320000,-210000,-78.067533,45.584521,1840,3,0.3423913043478261
ofr10km_1320000_-220000,1320000,-220000,-78.100692,45.49898,1840,0,0.3423913043478261
ofr10km_1320000_-230000,1320000,-230000,-78.133726,45.413459,1840,0,0.3423913043478261
ofr10km_1320000_-240000,1320000,-240000,-78.166633,45.327959,1840,2,0.3423913043478261
ofr10km_1320000_-250000,1320000,-250000,-78.199415,45.24248,1840,1,0.3391304347826087
ofr10km_1320000_-260000,1320000,-260000,-78.232073,45.157022,1840,0,0.3342391304347826
ofr10km_1320000_-270000,1320000,-270000,-78.264607,45.071586,1840,1,0.3309782608695652
ofr10km_1320000_-280000,1320000,-280000,-78.297017,44.986171,1840,0,0.3309782608695652
ofr10km_1320000_-290000,1320000,-290000,-78.329306,44.900778,1840,1,0.3309782608695652
ofr10km_1320000_-300000,1320000,-300000,-78.361472,44.815407,1840,0,0.33152173913043476
ofr10km_1320000_-310000,1320000,-310000,-78.393518,44.730059,1840,3,0.33152173913043476
ofr10km_1320000_-320000,1320000,-320000,-78.425443,44.644732,1840,0,0.33152173913043476
ofr10km_1320000_-330000,1320000,-330000,-78.457249,44.559429,1840,0,0.33152173913043476
ofr10km_1320000_-340000,1320000,-340000,-78.488935,44.474148,1840,0,0.33152173913043476
ofr10km_1330000_-140000,1330000,-140000,-77.708507,46.160084,1840,1,0.3375
ofr10km_1330000_-150000,1330000,-150000,-77.742794,46.074458,1840,1,0.3375
ofr10km_1330000_-160000,1330000,-160000,-77.776947,45.988852,1840,4,0.3375
ofr10km_1330000_-170000,1330000,-170000,-77.81097,45.903264,1840,5,0.3375
ofr10km_1330000_-180000,1330000,-180000,-77.844861,45.817697,1840,2,0.34402173913043477
ofr10km_1330000_-190000,1330000,-190000,-77.878622,45.732149,1840,2,0.34402173913043477
ofr10km_1330000_-200000,1330000,-200000,-77.912254,45.64662,1840,0,0.33804347826086956
ofr10km_1330000_-210000,1330000,-210000,-77.945757,45.561112,1840,2,0.3423913043478261
ofr10km_1330000_-220000,1330000,-220000,-77.979132,45.475624,1840,1,0.3423913043478261
ofr10km_1330000_-230000,1330000,-230000,-78.01238,45.390157,1840,0,0.3358695652173913
ofr10km_1330000_-240000,1330000,-240000,-78.045501,45.30471,1840,0,0.3358695652173913
ofr10km_1330000_-250000,1330000,-250000,-78.078496,45.219284,1840,0,0.3423913043478261
ofr10km_1330000_-260000,1330000,-260000,-78.111367,45.13388,1840,0,0.3309782608695652
ofr10km_1330000_-270000,1330000,-270000,-78.144112,45.048496,1840,0,0.3309782608695652
ofr10km_1330000_-280000,1330000,-280000,-78.176734,44.963134,1840,0,0.3309782608695652
ofr10km_1330000_-290000,1330000,-290000,-78.209233,44.877794,1840,0,0.33152173913043476
ofr10km_1330000_-300000,1330000,-300000,-78.24161,44.792475,1840,3,0.33152173913043476
ofr10km_1330000_-310000,1330000,-310000,-78.273865,44.707179,1840,2,0.33152173913043476
ofr10km_1330000_-320000,1330000,-320000,-78.305998,44.621905,1840,1,0.33152173913043476
ofr10km_1330000_-330000,1330000,-330000,-78.338012,44.536653,1840,2,0.33152173913043476
ofr10km_1340000_-140000,1340000,-140000,-77.585338,46.136131,1840,1,0.3375
ofr10km_1340000_-150000,1340000,-150000,-77.619843,46.050561,1840,3,0.3375
ofr10km_1340000_-160000,1340000,-160000,-77.654216,45.965009,1840,2,0.3375
ofr10km_1340000_-170000,1340000,-170000,-77.688456,45.879477,1840,6,0.3375
ofr10km_1340000_-180000,1340000,-180000,-77.722565,45.793964,1840,3,0.3375
ofr10km_1340000_-190000,1340000,-190000,-77.756543,45.70847,1840,1,0.3375
ofr10km_1340000_-200000,1340000,-200000,-77.79039,45.622996,1840,0,0.33804347826086956
ofr10km_1340000_-210000,1340000,-210000,-77.824109,45.537542,1840,1,0.3358695652173913
ofr10km_1340000_-220000,1340000,-220000,-77.857698,45.452108,1840,0,0.3358695652173913
ofr10km_1340000_-230000,1340000,-230000,-77.89116,45.366695,1840,2,0.3358695652173913
ofr10km_1340000_-240000,1340000,-240000,-77.924495,45.281302,1840,2,0.3358695652173913
ofr10km_1340000_-250000,1340000,-250000,-77.957703,45.195929,1840,0,0.3423913043478261
ofr10km_1340000_-260000,1340000,-260000,-77.990785,45.110578,1840,0,0.3309782608695652
ofr10km_1340000_-270000,1340000,-270000,-78.023742,45.025248,1840,0,0.3309782608695652
ofr10km_1340000_-280000,1340000,-280000,-78.056574,44.939939,1840,1,0.3309782608695652
ofr10km_1340000_-290000,1340000,-290000,-78.089283,44.854651,1840,1,0.33152173913043476
ofr10km_1340000_-300000,1340000,-300000,-78.121869,44.769385,1840,1,0.33152173913043476
ofr10km_1340000_-310000,1340000,-310000,-78.154332,44.684141,1840,1,0.33152173913043476
ofr10km_1340000_-320000,1340000,-320000,-78.186674,44.59892,1840,2,0.33152173913043476
ofr10km_1340000_-330000,1340000,-330000,-78.218895,44.51372,1840,2,0.33152173913043476
ofr10km_1350000_-150000,1350000,-150000,-77.497026,46.0265,1840,0,0.3375
ofr10km_1350000_-160000,1350000,-160000,-77.531617,45.941004,1840,1,0.3375
ofr10km_1350000_-170000,1350000,-170000,-77.566074,45.855527,1840,2,0.3375
ofr10km_1350000_-180000,1350000,-180000,-77.6004,45.770069,1840,0,0.3375
ofr10km_1350000_-190000,1350000,-190000,-77.634594,45.68463,1840,1,0.3375
ofr10km_1350000_-200000,1350000,-200000,-77.668657,45.599211,1840,0,0.3358695652173913
ofr10km_1350000_-210000,1350000,-210000,-77.702589,45.513811,1840,0,0.3358695652173913
ofr10km_1350000_-220000,1350000,-220000,-77.736393,45.428432,1840,1,0.3358695652173913
ofr10km_1350000_-230000,1350000,-230000,-77.770068,45.343072,1840,0,0.3358695652173913
ofr10km_1350000_-240000,1350000,-240000,-77.803615,45.257733,1840,2,0.3423913043478261
ofr10km_1350000_-250000,1350000,-250000,-77.837035,45.172415,1840,1,0.3423913043478261
ofr10km_1350000_-260000,1350000,-260000,-77.870328,45.087117,1840,0,0.3309782608695652
ofr10km_1350000_-270000,1350000,-270000,-77.903496,45.00184,1840,0,0.3309782608695652
ofr10km_1350000_-280000,1350000,-280000,-77.936538,44.916585,1840,0,0.3309782608695652
ofr10km_1350000_-290000,1350000,-290000,-77.969456,44.83135,1840,0,0.33152173913043476
ofr10km_1350000_-300000,1350000,-300000,-78.002251,44.746137,1840,0,0.33152173913043476
ofr10km_1350000_-310000,1350000,-310000,-78.034922,44.660946,1840,3,0.33152173913043476
ofr10km_1350000_-320000,1350000,-320000,-78.067471,44.575777,1840,0,0.33152173913043476
ofr10km_1350000_-330000,1350000,-330000,-78.099898,44.49063,1840,0,0.33152173913043476
ofr10km_1350000_-340000,1350000,-340000,-78.132204,44.405505,1840,0,0.33152173913043476
ofr10km_1360000_-150000,1360000,-150000,-77.374343,46.002278,1840,0,0.3375
ofr10km_1360000_-160000,1360000,-160000,-77.409151,45.916837,1840,0,0.3375
ofr10km_1360000_-170000,1360000,-170000,-77.443825,45.831415,1840,3,0.3375
ofr10km_1360000_-180000,1360000,-180000,-77.478366,45.746012,1840,2,0.3375
ofr10km_1360000_-190000,1360000,-190000,-77.512775,45.660629,1840,2,0.3375
ofr10km_1360000_-200000,1360000,-200000,-77.547053,45.575264,1840,0,0.3358695652173913
ofr10km_1360000_-210000,1360000,-210000,-77.581199,45.48992,1840,0,0.3358695652173913
ofr10km_1360000_-220000,1360000,-220000,-77.615216,45.404595,1840,1,0.3358695652173913
ofr10km_1360000_-230000,1360000,-230000,-77.649104,45.31929,1840,0,0.3358695652173913
ofr10km_1360000_-240000,1360000,-240000,-77.682863,45.234005,1840,3,0.3358695652173913
ofr10km_1360000_-250000,1360000,-250000,-77.716494,45.148741,1840,1,0.3358695652173913
ofr10km_1360000_-260000,1360000,-260000,-77.749997,45.063497,1840,0,0.3309782608695652
ofr10km_1360000_-270000,1360000,-270000,-77.783375,44.978274,1840,0,0.3309782608695652
ofr10km_1360000_-280000,1360000,-280000,-77.816627,44.893072,1840,0,0.3309782608695652
ofr10km_1360000_-290000,1360000,-290000,-77.849753,44.807891,1840,0,0.33152173913043476
ofr10km_1360000_-300000,1360000,-300000,-77.882755,44.722732,1840,3,0.33152173913043476
ofr10km_1360000_-310000,1360000,-310000,-77.915634,44.637594,1840,1,0.33152173913043476
ofr10km_1360000_-320000,1360000,-320000,-77.948389,44.552478,1840,0,0.33152173913043476
ofr10km_1360000_-330000,1360000,-330000,-77.981022,44.467383,1840,0,0.33152173913043476
ofr10km_1370000_-150000,1370000,-150000,-77.251794,45.977893,1840,1,0.33695652173913043
ofr10km_1370000_-160000,1370000,-160000,-77.286818,45.892508,1840,1,0.33695652173913043
ofr10km_1370000_-170000,1370000,-170000,-77.321708,45.807142,1840,2,0.3375
ofr10km_1370000_-180000,1370000,-180000,-77.356465,45.721795,1840,2,0.3375
ofr10km_1370000_-190000,1370000,-190000,-77.391088,45.636467,1840,2,0.3375
ofr10km_1370000_-200000,1370000,-200000,-77.42558,45.551158,1840,0,0.33695652173913043
ofr10km_1370000_-210000,1370000,-210000,-77.459939,45.465868,1840,0,0.33695652173913043
ofr10km_1370000_-220000,1370000,-220000,-77.494169,45.380598,1840,1,0.3358695652173913
ofr10km_1370000_-230000,1370000,-230000,-77.528268,45.295348,1840,0,0.3358695652173913
ofr10km_1370000_-240000,1370000,-240000,-77.562238,45.210118,1840,0,0.3358695652173913
ofr10km_1370000_-250000,1370000,-250000,-77.596079,45.124908,1840,1,0.3358695652173913
ofr10km_1370000_-260000,1370000,-260000,-77.629793,45.039719,1840,2,0.3309782608695652
ofr10km_1370000_-270000,1370000,-270000,-77.66338,44.95455,1840,4,0.3309782608695652
ofr10km_1370000_-280000,1370000,-280000,-77.69684,44.869402,1840,1,0.33152173913043476
ofr10km_1370000_-290000,1370000,-290000,-77.730174,44.784275,1840,1,0.33152173913043476
ofr10km_1370000_-300000,1370000,-300000,-77.763384,44.699169,1840,2,0.33152173913043476
ofr10km_1370000_-310000,1370000,-310000,-77.796469,44.614084,1840,0,0.33152173913043476
ofr10km_1370000_-320000,1370000,-320000,-77.82943,44.529021,1840,1,0.33152173913043476
ofr10km_1370000_-330000,1370000,-330000,-77.862268,44.44398,1840,0,0.33152173913043476
ofr10km_1380000_-170000,1380000,-170000,-77.199725,45.782708,1840,0,0.33695652173913043
ofr10km_1380000_-180000,1380000,-180000,-77.234696,45.697416,1840,2,0.33695652173913043
ofr10km_1380000_-190000,1380000,-190000,-77.269533,45.612144,1840,0,0.3375
ofr10km_1380000_-200000,1380000,-200000,-77.304238,45.526891,1840,0,0.33695652173913043
ofr10km_1380000_-210000,1380000,-210000,-77.33881,45.441657,1840,0,0.33695652173913043
ofr10km_1380000_-220000,1380000,-220000,-77.373251,45.356442,1840,0,0.33695652173913043
ofr10km_1380000_-230000,1380000,-230000,-77.407561,45.271247,1840,1,0.3358695652173913
ofr10km_1380000_-240000,1380000,-240000,-77.441742,45.186072,1840,0,0.3358695652173913
ofr10km_1380000_-250000,1380000,-250000,-77.475793,45.100917,1840,3,0.3358695652173913
ofr10km_1380000_-260000,1380000,-260000,-77.509716,45.015782,1840,1,0.3358695652173913
ofr10km_1380000_-270000,1380000,-270000,-77.543511,44.930668,1840,1,0.3309782608695652
ofr10km_1380000_-280000,1380000,-280000,-77.577179,44.845574,1840,0,0.33152173913043476
ofr10km_1380000_-290000,1380000,-290000,-77.61072,44.760501,1840,0,0.33152173913043476
ofr10km_1380000_-300000,1380000,-300000,-77.644136,44.675449,1840,0,0.33152173913043476
ofr10km_1380000_-310000,1380000,-310000,-77.677427,44.590418,1840,0,0.33152173913043476
ofr10km_1380000_-320000,1380000,-320000,-77.710594,44.505409,1840,0,0.33152173913043476
ofr10km_1390000_-170000,1390000,-170000,-77.077877,45.758112,1840,1,0.33695652173913043
ofr10km_1390000_-180000,1390000,-180000,-77.113061,45.672878,1840,1,0.33695652173913043
ofr10km_1390000_-190000,1390000,-190000,-77.148112,45.587661,1840,0,0.33695652173913043
ofr10km_1390000_-200000,1390000,-200000,-77.183028,45.502464,1840,0,0.3375
ofr10km_1390000_-210000,1390000,-210000,-77.217812,45.417286,1840,2,0.33695652173913043
ofr10km_1390000_-220000,1390000,-220000,-77.252464,45.332127,1840,0,0.33695652173913043
ofr10km_1390000_-230000,1390000,-230000,-77.286985,45.246987,1840,3,0.33695652173913043
ofr10km_1390000_-240000,1390000,-240000,-77.321375,45.161867,1840,0,0.3358695652173913
ofr10km_1390000_-250000,1390000,-250000,-77.355635,45.076767,1840,3,0.3358695652173913
ofr10km_1390000_-260000,1390000,-260000,-77.389767,44.991687,1840,1,0.33315217391304347
ofr10km_1390000_-270000,1390000,-270000,-77.423769,44.906628,1840,3,0.33152173913043476
ofr10km_1390000_-280000,1390000,-280000,-77.457644,44.821588,1840,1,0.33152173913043476
ofr10km_1390000_-290000,1390000,-290000,-77.491392,44.73657,1840,1,0.33152173913043476
ofr10km_1390000_-300000,1390000,-300000,-77.525014,44.651572,1840,0,0.33152173913043476
ofr10km_1390000_-310000,1390000,-310000,-77.55851,44.566596,1840,1,0.33152173913043476
ofr10km_1390000_-320000,1390000,-320000,-77.591881,44.48164,1840,0,0.33152173913043476
ofr10km_1400000_-170000,1400000,-170000,-76.956163,45.733357,1840,0,0.33695652173913043
ofr10km_1400000_-180000,1400000,-180000,-76.991561,45.648178,1840,1,0.33695652173913043
ofr10km_1400000_-190000,1400000,-190000,-77.026823,45.563019,1840,0,0.33695652173913043
ofr10km_1400000_-200000,1400000,-200000,-77.061951,45.477878,1840,0,0.3375
ofr10km_1400000_-210000,1400000,-210000,-77.096946,45.392755,1840,0,0.33695652173913043
ofr10km_1400000_-220000,1400000,-220000,-77.131809,45.307652,1840,0,0.33695652173913043
ofr10km_1400000_-230000,1400000,-230000,-77.166539,45.222568,1840,1,0.33695652173913043
ofr10km_1400000_-240000,1400000,-240000,-77.201138,45.137504,1840,0,0.33695652173913043
ofr10km_1400000_-250000,1400000,-250000,-77.235607,45.05246,1840,0,0.3358695652173913
ofr10km_1400000_-260000,1400000,-260000,-77.269945,44.967435,1840,2,0.33315217391304347
ofr10km_1400000_-270000,1400000,-270000,-77.304155,44.88243,1840,2,0.33315217391304347
ofr10km_1400000_-280000,1400000,-280000,-77.338237,44.797446,1840,0,0.33315217391304347
ofr10km_1400000_-290000,1400000,-290000,-77.37219,44.712482,1840,1,0.33315217391304347
ofr10km_1400000_-300000,1400000,-300000,-77.406017,44.627539,1840,0,0.33152173913043476
ofr10km_1400000_-310000,1400000,-310000,-77.439718,44.542617,1840,0,0.33152173913043476
ofr10km_1400000_-320000,1400000,-320000,-77.473293,44.457716,1840,0,0.33152173913043476
ofr10km_140000_-10000,140000,-10000,-93.021127,48.934764,1840,1,0.34456521739130436
ofr10km_140000_-20000,140000,-20000,-93.025363,48.844924,1840,2,0.34456521739130436
ofr10km_140000_-30000,140000,-30000,-93.02958,48.755114,1840,5,0.34456521739130436
ofr10km_140000_-40000,140000,-40000,-93.03378,48.665334,1840,3,0.34456521739130436
ofr10km_140000_0,140000,0,-93.016874,49.024634,1840,1,0.34456521739130436
ofr10km_140000_10000,140000,10000,-93.012602,49.114533,1840,1,0.34402173913043477
ofr10km_140000_100000,140000,100000,-92.97331,49.92494,1840,1,0.5967391304347827
ofr10km_140000_110000,140000,110000,-92.968848,50.015128,1840,2,0.5967391304347827
ofr10km_140000_120000,140000,120000,-92.964366,50.105344,1840,1,0.3684782608695652
ofr10km_140000_130000,140000,130000,-92.959865,50.195588,1840,5,0.3684782608695652
ofr10km_140000_140000,140000,140000,-92.955344,50.28586,1840,4,0.3684782608695652
ofr10km_140000_150000,140000,150000,-92.950802,50.376159,1840,0,0.3684782608695652
ofr10km_140000_160000,140000,160000,-92.946241,50.466486,1840,2,0.3684782608695652
ofr10km_140000_170000,140000,170000,-92.941659,50.55684,1840,1,0.3717391304347826
ofr10km_140000_180000,140000,180000,-92.937056,50.647221,1840,3,0.37119565217391304
ofr10km_140000_190000,140000,190000,-92.932433,50.737629,1840,0,0.37119565217391304
ofr10km_140000_20000,140000,20000,-93.008311,49.204462,1840,2,0.35434782608695653
ofr10km_140000_200000,140000,200000,-92.92779,50.828064,1840,1,0.37119565217391304
ofr10km_140000_210000,140000,210000,-92.923125,50.918526,1840,1,0.37119565217391304
ofr10km_140000_220000,140000,220000,-92.918439,51.009014,1840,1,0.37119565217391304
ofr10km_140000_230000,140000,230000,-92.913732,51.099529,1840,2,0.37119565217391304
ofr10km_140000_240000,140000,240000,-92.909004,51.19007,1840,3,0.42391304347826086
ofr10km_140000_250000,140000,250000,-92.904254,51.280637,1840,0,0.42391304347826086
ofr10km_140000_260000,140000,260000,-92.899483,51.371229,1840,3,0.42282608695652174
ofr10km_140000_270000,140000,270000,-92.89469,51.461848,1840,0,0.42282608695652174
ofr10km_140000_280000,140000,280000,-92.889875,51.552492,1840,4,0.5739130434782609
ofr10km_140000_290000,140000,290000,-92.885038,51.643162,1840,2,0.5739130434782609
ofr10km_140000_30000,140000,30000,-93.004002,49.294421,1840,1,0.5967391304347827
ofr10km_140000_300000,140000,300000,-92.880178,51.733856,1840,0,0.5739130434782609
ofr10km_140000_310000,140000,310000,-92.875297,51.824576,1840,0,0.9315217391304348
ofr10km_140000_320000,140000,320000,-92.870393,51.915321,1840,1,0.9315217391304348
ofr10km_140000_330000,140000,330000,-92.865466,52.006091,1840,0,0.9315217391304348
ofr10km_140000_340000,140000,340000,-92.860516,52.096885,1840,2,0.933695652173913
ofr10km_140000_350000,140000,350000,-92.855543,52.187704,1840,0,0.933695652173913
ofr10km_140000_360000,140000,360000,-92.850547,52.278547,1840,0,0.9298913043478261
ofr10km_140000_370000,140000,370000,-92.845528,52.369414,1840,0,0.6766304347826086
ofr10km_140000_380000,140000,380000,-92.840485,52.460305,1840,1,0.6766304347826086
ofr10km_140000_390000,140000,390000,-92.835419,52.55122,1840,1,0.6766304347826086
ofr10km_140000_40000,140000,40000,-92.999675,49.384408,1840,1,0.5967391304347827
ofr10km_140000_400000,140000,400000,-92.830329,52.642159,1840,0,0.6766304347826086
ofr10km_140000_410000,140000,410000,-92.825215,52.733121,1840,0,0.6766304347826086
ofr10km_140000_420000,140000,420000,-92.820076,52.824106,1840,0,0.6766304347826086
ofr10km_140000_430000,140000,430000,-92.814914,52.915115,1840,1,0.6766304347826086
ofr10km_140000_440000,140000,440000,-92.809727,53.006146,1840,1,0.6744565217391304
ofr10km_140000_450000,140000,450000,-92.804515,53.097201,1840,0,0.6744565217391304
ofr10km_140000_460000,140000,460000,-92.799278,53.188278,1840,0,0.6744565217391304
ofr10km_140000_470000,140000,470000,-92.794016,53.279377,1840,0,0.6744565217391304
ofr10km_140000_480000,140000,480000,-92.78873,53.370499,1840,0,0.6744565217391304
ofr10km_140000_490000,140000,490000,-92.783417,53.461643,1840,0,0.6766304347826086
ofr10km_140000_50000,140000,50000,-92.995328,49.474425,1840,0,0.5967391304347827
ofr10km_140000_500000,140000,500000,-92.778079,53.552809,1840,0,0.6766304347826086
ofr10km_140000_510000,140000,510000,-92.772716,53.643997,1840,0,0.6847826086956522
ofr10km_140000_520000,140000,520000,-92.767326,53.735207,1840,0,0.6847826086956522
ofr10km_140000_530000,140000,530000,-92.76191,53.826438,1840,1,0.6847826086956522
ofr10km_140000_540000,140000,540000,-92.756468,53.91769,1840,0,0.6847826086956522
ofr10km_140000_550000,140000,550000,-92.751,54.008963,1840,0,0.6847826086956522
ofr10km_140000_560000,140000,560000,-92.745504,54.100258,1840,0,0.6847826086956522
ofr10km_140000_570000,140000,570000,-92.739982,54.191573,1840,0,0.6847826086956522
ofr10km_140000_580000,140000,580000,-92.734433,54.282909,1840,0,0.8418478260869565
ofr10km_140000_590000,140000,590000,-92.728856,54.374265,1840,0,0.9211956521739131
ofr10km_140000_60000,140000,60000,-92.990963,49.564471,1840,3,0.5967391304347827
ofr10km_140000_70000,140000,70000,-92.986579,49.654545,1840,1,0.5967391304347827
ofr10km_140000_80000,140000,80000,-92.982175,49.744648,1840,3,0.5967391304347827
ofr10km_140000_90000,140000,90000,-92.977752,49.83478,1840,4,0.5967391304347827
ofr10km_1410000_-160000,1410000,-160000,-76.798839,45.79358,1840,0,0.33695652173913043
ofr10km_1410000_-170000,1410000,-170000,-76.834585,45.708441,1840,0,0.33695652173913043
ofr10km_1410000_-180000,1410000,-180000,-76.870195,45.623319,1840,0,0.33695652173913043
ofr10km_1410000_-190000,1410000,-190000,-76.905669,45.538216,1840,0,0.33695652173913043
ofr10km_1410000_-200000,1410000,-200000,-76.941008,45.453132,1840,0,0.3375
ofr10km_1410000_-210000,1410000,-210000,-76.976213,45.368066,1840,0,0.3375
ofr10km_1410000_-220000,1410000,-220000,-77.011285,45.283019,1840,0,0.33695652173913043
ofr10km_1410000_-230000,1410000,-230000,-77.046224,45.197992,1840,3,0.33695652173913043
ofr10km_1410000_-240000,1410000,-240000,-77.081031,45.112983,1840,0,0.33695652173913043
ofr10km_1410000_-250000,1410000,-250000,-77.115708,45.027994,1840,1,0.33369565217391306
ofr10km_1410000_-260000,1410000,-260000,-77.150254,44.943025,1840,1,0.33315217391304347
ofr10km_1410000_-270000,1410000,-270000,-77.18467,44.858076,1840,2,0.33315217391304347
ofr10km_1410000_-280000,1410000,-280000,-77.218957,44.773147,1840,3,0.33315217391304347
ofr10km_1410000_-290000,1410000,-290000,-77.253116,44.688238,1840,1,0.33315217391304347
ofr10km_1410000_-300000,1410000,-300000,-77.287147,44.60335,1840,0,0.33315217391304347
ofr10km_1410000_-310000,1410000,-310000,-77.321051,44.518483,1840,0,0.33315217391304347
ofr10km_1410000_-320000,1410000,-320000,-77.354829,44.433636,1840,0,0.33315217391304347
ofr10km_1410000_-330000,1410000,-330000,-77.388482,44.348811,1840,0,0.33315217391304347
ofr10km_1420000_-170000,1420000,-170000,-76.713144,45.683365,1840,0,0.33695652173913043
ofr10km_1420000_-180000,1420000,-180000,-76.748965,45.598301,1840,0,0.33695652173913043
ofr10km_1420000_-190000,1420000,-190000,-76.784649,45.513255,1840,0,0.33695652173913043
ofr10km_1420000_-200000,1420000,-200000,-76.820199,45.428227,1840,0,0.33695652173913043
ofr10km_1420000_-210000,1420000,-210000,-76.855613,45.343218,1840,2,0.33695652173913043
ofr10km_1420000_-220000,1420000,-220000,-76.890894,45.258228,1840,3,0.33641304347826084
ofr10km_1420000_-230000,1420000,-230000,-76.926041,45.173257,1840,4,0.33641304347826084
ofr10km_1420000_-240000,1420000,-240000,-76.961056,45.088304,1840,3,0.33641304347826084
ofr10km_1420000_-250000,1420000,-250000,-76.995939,45.003372,1840,4,0.33315217391304347
ofr10km_1420000_-260000,1420000,-260000,-77.030691,44.918458,1840,1,0.33315217391304347
ofr10km_1420000_-270000,1420000,-270000,-77.065313,44.833565,1840,2,0.33315217391304347
ofr10km_1420000_-280000,1420000,-280000,-77.099805,44.748691,1840,1,0.33315217391304347
ofr10km_1420000_-290000,1420000,-290000,-77.134168,44.663838,1840,0,0.3483695652173913
ofr10km_1420000_-300000,1420000,-300000,-77.168403,44.579005,1840,0,0.33315217391304347
ofr10km_1420000_-310000,1420000,-310000,-77.202511,44.494193,1840,0,0.33315217391304347
ofr10km_1420000_-320000,1420000,-320000,-77.236491,44.409401,1840,0,0.33315217391304347
ofr10km_1430000_-190000,1430000,-190000,-76.663765,45.488135,1840,0,0.4369565217391304
ofr10km_1430000_-200000,1430000,-200000,-76.699524,45.403164,1840,0,0.4369565217391304
ofr10km_1430000_-210000,1430000,-210000,-76.735147,45.318212,1840,1,0.33260869565217394
ofr10km_1430000_-220000,1430000,-220000,-76.770636,45.233279,1840,4,0.33260869565217394
ofr10km_1430000_-230000,1430000,-230000,-76.805991,45.148364,1840,5,0.33641304347826084
ofr10km_1430000_-240000,1430000,-240000,-76.841212,45.063469,1840,4,0.3342391304347826
ofr10km_1430000_-250000,1430000,-250000,-76.876302,44.978592,1840,0,0.33315217391304347
ofr10km_1430000_-260000,1430000,-260000,-76.911259,44.893735,1840,1,0.33315217391304347
ofr10km_1430000_-270000,1430000,-270000,-76.946086,44.808897,1840,0,0.3483695652173913
ofr10km_1430000_-280000,1430000,-280000,-76.980782,44.72408,1840,0,0.3483695652173913
ofr10km_1430000_-290000,1430000,-290000,-77.015349,44.639282,1840,1,0.3483695652173913
ofr10km_1430000_-300000,1430000,-300000,-77.049787,44.554505,1840,2,0.3483695652173913
ofr10km_1430000_-310000,1430000,-310000,-77.084097,44.469748,1840,0,0.3483695652173913
ofr10km_1440000_-190000,1440000,-190000,-76.543017,45.462856,1840,0,0.33315217391304347
ofr10km_1440000_-200000,1440000,-200000,-76.578985,45.377943,1840,2,0.33315217391304347
ofr10km_1440000_-210000,1440000,-210000,-76.614816,45.293048,1840,3,0.33315217391304347
ofr10km_1440000_-220000,1440000,-220000,-76.650512,45.208172,1840,1,0.33315217391304347
ofr10km_1440000_-230000,1440000,-230000,-76.686073,45.123314,1840,1,0.33315217391304347
ofr10km_1440000_-240000,1440000,-240000,-76.721501,45.038476,1840,0,0.33260869565217394
ofr10km_1440000_-250000,1440000,-250000,-76.756796,44.953656,1840,2,0.3483695652173913
ofr10km_1440000_-260000,1440000,-260000,-76.791958,44.868855,1840,3,0.3483695652173913
ofr10km_1440000_-270000,1440000,-270000,-76.826989,44.784074,1840,1,0.3483695652173913
ofr10km_1440000_-280000,1440000,-280000,-76.861889,44.699312,1840,1,0.3483695652173913
ofr10km_1440000_-290000,1440000,-290000,-76.896659,44.614571,1840,0,0.3483695652173913
ofr10km_1440000_-300000,1440000,-300000,-76.931299,44.529849,1840,0,0.3483695652173913
ofr10km_1450000_-190000,1450000,-190000,-76.422406,45.437419,1840,0,0.33152173913043476
ofr10km_1450000_-200000,1450000,-200000,-76.458581,45.352564,1840,0,0.33315217391304347
ofr10km_1450000_-210000,1450000,-210000,-76.49462,45.267727,1840,7,0.33315217391304347
ofr10km_1450000_-220000,1450000,-220000,-76.530522,45.182908,1840,0,0.33315217391304347
ofr10km_1450000_-230000,1450000,-230000,-76.56629,45.098108,1840,0,0.33260869565217394
ofr10km_1450000_-240000,1450000,-240000,-76.601923,45.013326,1840,1,0.3309782608695652
ofr10km_1450000_-250000,1450000,-250000,-76.637422,44.928563,1840,0,0.3309782608695652
ofr10km_1450000_-260000,1450000,-260000,-76.672789,44.843819,1840,1,0.3483695652173913
ofr10km_1450000_-270000,1450000,-270000,-76.708023,44.759095,1840,0,0.3483695652173913
ofr10km_1450000_-280000,1450000,-280000,-76.743126,44.67439,1840,1,0.3483695652173913
ofr10km_1450000_-290000,1450000,-290000,-76.778098,44.589704,1840,1,0.3483695652173913
ofr10km_1450000_-300000,1450000,-300000,-76.81294,44.505039,1840,1,0.3483695652173913
ofr10km_1460000_-200000,1460000,-200000,-76.338314,45.327027,1840,0,0.33152173913043476
ofr10km_1460000_-210000,1460000,-210000,-76.374559,45.242248,1840,1,0.33315217391304347
ofr10km_1460000_-220000,1460000,-220000,-76.410668,45.157487,1840,0,0.33315217391304347
ofr10km_1460000_-230000,1460000,-230000,-76.446641,45.072744,1840,0,0.33260869565217394
ofr10km_1460000_-240000,1460000,-240000,-76.482478,44.98802,1840,0,0.3309782608695652
ofr10km_1460000_-260000,1460000,-260000,-76.553752,44.818628,1840,1,0.3309782608695652
ofr10km_1460000_-270000,1460000,-270000,-76.589189,44.73396,1840,1,0.3483695652173913
ofr10km_1460000_-280000,1460000,-280000,-76.624494,44.649312,1840,1,0.3483695652173913
ofr10km_1460000_-290000,1460000,-290000,-76.659667,44.564683,1840,0,0.3483695652173913
ofr10km_1470000_-200000,1470000,-200000,-76.218185,45.301333,1840,0,0.33152173913043476
ofr10km_1470000_-210000,1470000,-210000,-76.254636,45.216612,1840,0,0.33260869565217394
ofr10km_1470000_-220000,1470000,-220000,-76.290949,45.131909,1840,0,0.33260869565217394
ofr10km_1470000_-230000,1470000,-230000,-76.327127,45.047224,1840,0,0.33260869565217394
ofr10km_1470000_-280000,1470000,-280000,-76.505993,44.624079,1840,0,0.3483695652173913
ofr10km_1480000_-210000,1480000,-210000,-76.134849,45.190819,1840,0,0.33260869565217394
ofr10km_150000_-10000,150000,-10000,-92.884751,48.931871,1840,1,0.34456521739130436
ofr10km_150000_-20000,150000,-20000,-92.889278,48.842038,1840,3,0.34456521739130436
ofr10km_150000_-30000,150000,-30000,-92.893785,48.752236,1840,3,0.34456521739130436
ofr10km_150000_-40000,150000,-40000,-92.898274,48.662463,1840,2,0.34456521739130436
ofr10km_150000_0,150000,0,-92.880204,49.021734,1840,2,0.34402173913043477
ofr10km_150000_10000,150000,10000,-92.875638,49.111626,1840,2,0.34402173913043477
ofr10km_150000_100000,150000,100000,-92.833643,49.921966,1840,7,0.37771739130434784
ofr10km_150000_110000,150000,110000,-92.828874,50.012147,1840,6,0.37771739130434784
ofr10km_150000_120000,150000,120000,-92.824084,50.102356,1840,3,0.3684782608695652
ofr10km_150000_130000,150000,130000,-92.819273,50.192592,1840,5,0.3684782608695652
ofr10km_150000_140000,150000,140000,-92.81444,50.282856,1840,2,0.3684782608695652
ofr10km_150000_150000,150000,150000,-92.809587,50.373148,1840,0,0.3684782608695652
ofr10km_150000_160000,150000,160000,-92.804711,50.463467,1840,1,0.3684782608695652
ofr10km_150000_170000,150000,170000,-92.799814,50.553814,1840,0,0.37282608695652175
ofr10km_150000_180000,150000,180000,-92.794895,50.644187,1840,0,0.37282608695652175
ofr10km_150000_190000,150000,190000,-92.789954,50.734588,1840,1,0.37282608695652175
ofr10km_150000_20000,150000,20000,-92.871053,49.201548,1840,0,0.596195652173913
ofr10km_150000_200000,150000,200000,-92.78499,50.825015,1840,2,0.37282608695652175
ofr10km_150000_210000,150000,210000,-92.780005,50.915469,1840,2,0.37282608695652175
ofr10km_150000_220000,150000,220000,-92.774997,51.00595,1840,1,0.37119565217391304
ofr10km_150000_230000,150000,230000,-92.769966,51.096456,1840,3,0.37119565217391304
ofr10km_150000_240000,150000,240000,-92.764912,51.186989,1840,0,0.37119565217391304
ofr10km_150000_250000,150000,250000,-92.759836,51.277548,1840,2,0.42391304347826086
ofr10km_150000_260000,150000,260000,-92.754736,51.368133,1840,0,0.5739130434782609
ofr10km_150000_270000,150000,270000,-92.749613,51.458744,1840,1,0.5739130434782609
ofr10km_150000_280000,150000,280000,-92.744467,51.54938,1840,1,0.5739130434782609
ofr10km_150000_290000,150000,290000,-92.739297,51.640041,1840,0,0.5739130434782609
ofr10km_150000_30000,150000,30000,-92.866447,49.291499,1840,0,0.596195652173913
ofr10km_150000_300000,150000,300000,-92.734104,51.730728,1840,2,0.5739130434782609
ofr10km_150000_310000,150000,310000,-92.728886,51.82144,1840,0,0.9315217391304348
ofr10km_150000_320000,150000,320000,-92.723644,51.912177,1840,1,0.9315217391304348
ofr10km_150000_330000,150000,330000,-92.718379,52.002938,1840,0,0.9315217391304348
ofr10km_150000_340000,150000,340000,-92.713088,52.093724,1840,0,0.9315217391304348
ofr10km_150000_350000,150000,350000,-92.707774,52.184535,1840,2,0.9298913043478261
ofr10km_150000_360000,150000,360000,-92.702434,52.27537,1840,0,0.8402173913043478
ofr10km_150000_370000,150000,370000,-92.69707,52.366228,1840,1,0.6766304347826086
ofr10km_150000_380000,150000,380000,-92.69168,52.457111,1840,0,0.6766304347826086
ofr10km_150000_390000,150000,390000,-92.686265,52.548018,1840,1,0.6766304347826086
ofr10km_150000_40000,150000,40000,-92.861822,49.381479,1840,2,0.596195652173913
ofr10km_150000_400000,150000,400000,-92.680825,52.638948,1840,0,0.6766304347826086
ofr10km_150000_410000,150000,410000,-92.675359,52.729902,1840,1,0.6766304347826086
ofr10km_150000_420000,150000,420000,-92.669867,52.820879,1840,0,0.6744565217391304
ofr10km_150000_430000,150000,430000,-92.664349,52.911879,1840,0,0.6744565217391304
ofr10km_150000_440000,150000,440000,-92.658805,53.002902,1840,2,0.6744565217391304
ofr10km_150000_450000,150000,450000,-92.653235,53.093948,1840,3,0.6744565217391304
ofr10km_150000_460000,150000,460000,-92.647638,53.185016,1840,1,0.6744565217391304
ofr10km_150000_470000,150000,470000,-92.642014,53.276107,1840,1,0.6744565217391304
ofr10km_150000_480000,150000,480000,-92.636364,53.367221,1840,0,0.6744565217391304
ofr10km_150000_490000,150000,490000,-92.630686,53.458356,1840,0,0.6847826086956522
ofr10km_150000_50000,150000,50000,-92.857176,49.471489,1840,1,0.5967391304347827
ofr10km_150000_500000,150000,500000,-92.624981,53.549513,1840,0,0.6847826086956522
ofr10km_150000_510000,150000,510000,-92.619249,53.640692,1840,0,0.6847826086956522
ofr10km_150000_520000,150000,520000,-92.613488,53.731893,1840,0,0.6847826086956522
ofr10km_150000_530000,150000,530000,-92.6077,53.823115,1840,0,0.6847826086956522
ofr10km_150000_540000,150000,540000,-92.601884,53.914359,1840,0,0.6847826086956522
ofr10km_150000_550000,150000,550000,-92.596039,54.005623,1840,0,0.6847826086956522
ofr10km_150000_560000,150000,560000,-92.590166,54.096908,1840,2,0.6847826086956522
ofr10km_150000_570000,150000,570000,-92.584264,54.188215,1840,0,0.6847826086956522
ofr10km_150000_580000,150000,580000,-92.578333,54.279541,1840,0,0.6847826086956522
ofr10km_150000_590000,150000,590000,-92.572373,54.370889,1840,0,0.9331521739130435
ofr10km_150000_60000,150000,60000,-92.852511,49.561527,1840,2,0.5967391304347827
ofr10km_150000_600000,150000,600000,-92.566383,54.462256,1840,0,0.9217391304347826
ofr10km_150000_70000,150000,70000,-92.847824,49.651594,1840,5,0.5967391304347827
ofr10km_150000_80000,150000,80000,-92.843118,49.74169,1840,2,0.5967391304347827
ofr10km_150000_90000,150000,90000,-92.838391,49.831814,1840,7,0.5967391304347827
ofr10km_160000_-10000,160000,-10000,-92.748394,48.928786,1840,4,0.34402173913043477
ofr10km_160000_-20000,160000,-20000,-92.753212,48.838961,1840,3,0.34402173913043477
ofr10km_160000_-30000,160000,-30000,-92.75801,48.749165,1840,1,0.34456521739130436
ofr10km_160000_-40000,160000,-40000,-92.762787,48.6594,1840,2,0.34293478260869564
ofr10km_160000_-50000,160000,-50000,-92.767544,48.569665,1840,1,0.34293478260869564
ofr10km_160000_0,160000,0,-92.743555,49.018641,1840,2,0.34402173913043477
ofr10km_160000_10000,160000,10000,-92.738695,49.108526,1840,0,0.34402173913043477
ofr10km_160000_100000,160000,100000,-92.693996,49.918795,1840,0,0.37771739130434784
ofr10km_160000_110000,160000,110000,-92.688921,50.008968,1840,9,0.37771739130434784
ofr10km_160000_120000,160000,120000,-92.683823,50.099168,1840,6,0.37282608695652175
ofr10km_160000_130000,160000,130000,-92.678702,50.189397,1840,0,0.37282608695652175
ofr10km_160000_140000,160000,140000,-92.673558,50.279653,1840,0,0.3684782608695652
ofr10km_160000_150000,160000,150000,-92.668392,50.369937,1840,0,0.3684782608695652
ofr10km_160000_160000,160000,160000,-92.663203,50.460248,1840,1,0.36141304347826086
ofr10km_160000_170000,160000,170000,-92.657991,50.550586,1840,1,0.37282608695652175
ofr10km_160000_180000,160000,180000,-92.652755,50.640952,1840,0,0.37282608695652175
ofr10km_160000_190000,160000,190000,-92.647496,50.731344,1840,2,0.37282608695652175
ofr10km_160000_20000,160000,20000,-92.733814,49.19844,1840,1,0.596195652173913
ofr10km_160000_200000,160000,200000,-92.642213,50.821763,1840,1,0.37282608695652175
ofr10km_160000_210000,160000,210000,-92.636907,50.912209,1840,2,0.37282608695652175
ofr10km_160000_220000,160000,220000,-92.631577,51.002681,1840,1,0.37282608695652175
ofr10km_160000_230000,160000,230000,-92.626222,51.093179,1840,1,0.37282608695652175
ofr10km_160000_240000,160000,240000,-92.620844,51.183704,1840,4,0.37282608695652175
ofr10km_160000_250000,160000,250000,-92.61544,51.274254,1840,3,0.9342391304347826
ofr10km_160000_260000,160000,260000,-92.610013,51.364831,1840,0,0.9309782608695653
ofr10km_160000_270000,160000,270000,-92.60456,51.455433,1840,2,0.9309782608695653
ofr10km_160000_280000,160000,280000,-92.599083,51.54606,1840,2,0.5739130434782609
ofr10km_160000_290000,160000,290000,-92.59358,51.636713,1840,0,0.5739130434782609
ofr10km_160000_30000,160000,30000,-92.728912,49.288383,1840,2,0.596195652173913
ofr10km_160000_300000,160000,300000,-92.588053,51.727392,1840,1,0.5739130434782609
ofr10km_160000_310000,160000,310000,-92.582499,51.818095,1840,0,0.5739130434782609
ofr10km_160000_320000,160000,320000,-92.576921,51.908823,1840,2,0.9315217391304348
ofr10km_160000_330000,160000,330000,-92.571316,51.999576,1840,0,0.9315217391304348
ofr10km_160000_340000,160000,340000,-92.565685,52.090353,1840,0,0.9315217391304348
ofr10km_160000_350000,160000,350000,-92.560029,52.181155,1840,1,0.8402173913043478
ofr10km_160000_360000,160000,360000,-92.554346,52.271981,1840,3,0.8402173913043478
ofr10km_160000_370000,160000,370000,-92.548636,52.362831,1840,0,0.6766304347826086
ofr10km_160000_380000,160000,380000,-92.5429,52.453705,1840,1,0.6766304347826086
ofr10km_160000_390000,160000,390000,-92.537136,52.544603,1840,0,0.6766304347826086
ofr10km_160000_40000,160000,40000,-92.723989,49.378356,1840,0,0.596195652173913
ofr10km_160000_400000,160000,400000,-92.531346,52.635524,1840,0,0.6766304347826086
ofr10km_160000_410000,160000,410000,-92.525529,52.726469,1840,1,0.6766304347826086
ofr10km_160000_420000,160000,420000,-92.519684,52.817437,1840,0,0.6766304347826086
ofr10km_160000_430000,160000,430000,-92.513811,52.908428,1840,1,0.6744565217391304
ofr10km_160000_440000,160000,440000,-92.50791,52.999442,1840,2,0.6744565217391304
ofr10km_160000_450000,160000,450000,-92.501982,53.090479,1840,3,0.6744565217391304
ofr10km_160000_460000,160000,460000,-92.496025,53.181538,1840,1,0.6847826086956522
ofr10km_160000_470000,160000,470000,-92.490039,53.27262,1840,1,0.6847826086956522
ofr10km_160000_480000,160000,480000,-92.484025,53.363724,1840,0,0.6847826086956522
ofr10km_160000_490000,160000,490000,-92.477983,53.45485,1840,0,0.6847826086956522
ofr10km_160000_50000,160000,50000,-92.719045,49.468357,1840,0,0.596195652173913
ofr10km_160000_500000,160000,500000,-92.471911,53.545998,1840,0,0.6847826086956522
ofr10km_160000_510000,160000,510000,-92.465809,53.637168,1840,0,0.6847826086956522
ofr10km_160000_520000,160000,520000,-92.459679,53.728359,1840,0,0.6847826086956522
ofr10km_160000_530000,160000,530000,-92.453518,53.819572,1840,1,0.6847826086956522
ofr10km_160000_540000,160000,540000,-92.447328,53.910806,1840,0,0.6847826086956522
ofr10km_160000_550000,160000,550000,-92.441107,54.002061,1840,0,0.6847826086956522
ofr10km_160000_560000,160000,560000,-92.434856,54.093336,1840,0,0.6847826086956522
ofr10km_160000_570000,160000,570000,-92.428575,54.184633,1840,0,0.6847826086956522
ofr10km_160000_580000,160000,580000,-92.422262,54.27595,1840,0,0.8418478260869565
ofr10km_160000_590000,160000,590000,-92.415919,54.367288,1840,0,0.8418478260869565
ofr10km_160000_60000,160000,60000,-92.714079,49.558388,1840,1,0.5967391304347827
ofr10km_160000_600000,160000,600000,-92.409544,54.458646,1840,0,0.8418478260869565
ofr10km_160000_610000,160000,610000,-92.403138,54.550023,1840,0,0.9331521739130435
ofr10km_160000_620000,160000,620000,-92.3967,54.641421,1840,0,0.9217391304347826
ofr10km_160000_70000,160000,70000,-92.709091,49.648447,1840,1,0.5967391304347827
ofr10km_160000_80000,160000,80000,-92.704081,49.738535,1840,5,0.5967391304347827
ofr10km_160000_90000,160000,90000,-92.69905,49.828651,1840,5,0.37771739130434784
ofr10km_170000_-10000,170000,-10000,-92.612057,48.925508,1840,1,0.34402173913043477
ofr10km_170000_-20000,170000,-20000,-92.617167,48.835691,1840,2,0.34456521739130436
ofr10km_170000_-30000,170000,-30000,-92.622254,48.745904,1840,2,0.8385869565217391
ofr10km_170000_-40000,170000,-40000,-92.62732,48.656147,1840,0,0.8385869565217391
ofr10km_170000_-50000,170000,-50000,-92.632365,48.566419,1840,0,0.34293478260869564
ofr10km_170000_-60000,170000,-60000,-92.637388,48.476723,1840,2,0.8353260869565218
ofr10km_170000_0,170000,0,-92.606926,49.015355,1840,1,0.3483695652173913
ofr10km_170000_10000,170000,10000,-92.601772,49.105231,1840,1,0.35489130434782606
ofr10km_170000_100000,170000,100000,-92.554372,49.915426,1840,3,0.37282608695652175
ofr10km_170000_110000,170000,110000,-92.54899,50.00559,1840,2,0.37282608695652175
ofr10km_170000_120000,170000,120000,-92.543584,50.095782,1840,2,0.37282608695652175
ofr10km_170000_130000,170000,130000,-92.538154,50.186002,1840,1,0.37282608695652175
ofr10km_170000_140000,170000,140000,-92.532699,50.27625,1840,0,0.37282608695652175
ofr10km_170000_150000,170000,150000,-92.527221,50.366525,1840,3,0.36141304347826086
ofr10km_170000_160000,170000,160000,-92.521718,50.456828,1840,2,0.36141304347826086
ofr10km_170000_170000,170000,170000,-92.516191,50.547157,1840,0,0.37282608695652175
ofr10km_170000_180000,170000,180000,-92.510639,50.637514,1840,2,0.37282608695652175
ofr10km_170000_190000,170000,190000,-92.505062,50.727897,1840,0,0.37282608695652175
ofr10km_170000_20000,170000,20000,-92.596596,49.195137,1840,2,0.596195652173913
ofr10km_170000_200000,170000,200000,-92.49946,50.818308,1840,0,0.37282608695652175
ofr10km_170000_210000,170000,210000,-92.493833,50.908745,1840,2,0.37282608695652175
ofr10km_170000_220000,170000,220000,-92.488181,50.999208,1840,0,0.37282608695652175
ofr10km_170000_230000,170000,230000,-92.482503,51.089697,1840,0,0.37282608695652175
ofr10km_170000_240000,170000,240000,-92.476799,51.180213,1840,1,0.9342391304347826
ofr10km_170000_250000,170000,250000,-92.47107,51.270755,1840,0,0.9342391304347826
ofr10km_170000_260000,170000,260000,-92.465314,51.361322,1840,1,0.9342391304347826
ofr10km_170000_270000,170000,270000,-92.459532,51.451915,1840,2,0.9315217391304348
ofr10km_170000_280000,170000,280000,-92.453724,51.542534,1840,1,0.9315217391304348
ofr10km_170000_290000,170000,290000,-92.447889,51.633178,1840,1,0.9315217391304348
ofr10km_170000_30000,170000,30000,-92.591398,49.285072,1840,0,0.596195652173913
ofr10km_170000_300000,170000,300000,-92.442027,51.723847,1840,0,0.9315217391304348
ofr10km_170000_310000,170000,310000,-92.436138,51.814541,1840,1,0.9315217391304348
ofr10km_170000_320000,170000,320000,-92.430222,51.90526,1840,1,0.9315217391304348
ofr10km_170000_330000,170000,330000,-92.424279,51.996003,1840,0,0.9315217391304348
ofr10km_170000_340000,170000,340000,-92.418309,52.086772,1840,0,0.9315217391304348
ofr10km_170000_350000,170000,350000,-92.41231,52.177564,1840,0,0.9298913043478261
ofr10km_170000_360000,170000,360000,-92.406284,52.268381,1840,1,0.9298913043478261
ofr10km_170000_370000,170000,370000,-92.400229,52.359221,1840,0,0.8434782608695652
ofr10km_170000_380000,170000,380000,-92.394146,52.450086,1840,0,0.8434782608695652
ofr10km_170000_390000,170000,390000,-92.388035,52.540974,1840,0,0.6766304347826086
ofr10km_170000_40000,170000,40000,-92.586178,49.375037,1840,2,0.596195652173913
ofr10km_170000_400000,170000,400000,-92.381895,52.631886,1840,0,0.6766304347826086
ofr10km_170000_410000,170000,410000,-92.375726,52.722821,1840,0,0.6766304347826086
ofr10km_170000_420000,170000,420000,-92.369528,52.81378,1840,0,0.6766304347826086
ofr10km_170000_430000,170000,430000,-92.3633,52.904761,1840,0,0.6766304347826086
ofr10km_170000_440000,170000,440000,-92.357043,52.995766,1840,0,0.6847826086956522
ofr10km_170000_450000,170000,450000,-92.350757,53.086793,1840,0,0.6847826086956522
ofr10km_170000_460000,170000,460000,-92.34444,53.177842,1840,2,0.6847826086956522
ofr10km_170000_470000,170000,470000,-92.338093,53.268914,1840,1,0.6847826086956522
ofr10km_170000_480000,170000,480000,-92.331716,53.360009,1840,1,0.6847826086956522
ofr10km_170000_490000,170000,490000,-92.325308,53.451125,1840,1,0.6847826086956522
ofr10km_170000_50000,170000,50000,-92.580934,49.46503,1840,1,0.596195652173913
ofr10km_170000_500000,170000,500000,-92.318869,53.542263,1840,1,0.6847826086956522
ofr10km_170000_510000,170000,510000,-92.3124,53.633423,1840,1,0.6847826086956522
ofr10km_170000_520000,170000,520000,-92.305899,53.724604,1840,0,0.6847826086956522
ofr10km_170000_530000,170000,530000,-92.299366,53.815807,1840,1,0.6847826086956522
ofr10km_170000_540000,170000,540000,-92.292802,53.907031,1840,0,0.6847826086956522
ofr10km_170000_550000,170000,550000,-92.286205,53.998276,1840,0,0.6847826086956522
ofr10km_170000_560000,170000,560000,-92.279577,54.089542,1840,0,0.6847826086956522
ofr10km_170000_570000,170000,570000,-92.272916,54.180828,1840,1,0.6847826086956522
ofr10km_170000_580000,170000,580000,-92.266223,54.272135,1840,0,0.8418478260869565
ofr10km_170000_590000,170000,590000,-92.259496,54.363462,1840,0,0.8418478260869565
ofr10km_170000_60000,170000,60000,-92.575668,49.555052,1840,2,0.596195652173913
ofr10km_170000_600000,170000,600000,-92.252736,54.45481,1840,0,0.8418478260869565
ofr10km_170000_610000,170000,610000,-92.245943,54.546177,1840,0,0.8418478260869565
ofr10km_170000_620000,170000,620000,-92.239117,54.637564,1840,0,0.8418478260869565
ofr10km_170000_630000,170000,630000,-92.232256,54.728971,1840,0,0.9217391304347826
ofr10km_170000_70000,170000,70000,-92.570379,49.645103,1840,0,0.5967391304347827
ofr10km_170000_80000,170000,80000,-92.565067,49.735182,1840,2,0.37282608695652175
ofr10km_170000_90000,170000,90000,-92.559731,49.82529,1840,1,0.37282608695652175
ofr10km_180000_-10000,180000,-10000,-92.475743,48.922038,1840,0,0.3576086956521739
ofr10km_180000_-20000,180000,-20000,-92.481143,48.832229,1840,0,0.3576086956521739
ofr10km_180000_-30000,180000,-30000,-92.486521,48.742451,1840,1,0.3576086956521739
ofr10km_180000_-40000,180000,-40000,-92.491875,48.652702,1840,0,0.3576086956521739
ofr10km_180000_-50000,180000,-50000,-92.497207,48.562983,1840,1,0.8385869565217391
ofr10km_180000_-60000,180000,-60000,-92.502516,48.473295,1840,0,0.8353260869565218
ofr10km_180000_-70000,180000,-70000,-92.507803,48.383637,1840,1,0.8353260869565218
ofr10km_180000_0,180000,0,-92.470319,49.011876,1840,1,0.36793478260869567
ofr10km_180000_10000,180000,10000,-92.464872,49.101744,1840,1,0.36793478260869567
ofr10km_180000_100000,180000,100000,-92.414772,49.911859,1840,0,0.37282608695652175
ofr10km_180000_110000,180000,110000,-92.409083,50.002015,1840,2,0.37282608695652175
ofr10km_180000_120000,180000,120000,-92.403369,50.092198,1840,5,0.37282608695652175
ofr10km_180000_130000,180000,130000,-92.397629,50.182409,1840,1,0.37282608695652175
ofr10km_180000_140000,180000,140000,-92.391865,50.272647,1840,4,0.37282608695652175
ofr10km_180000_150000,180000,150000,-92.386074,50.362913,1840,1,0.3739130434782609
ofr10km_180000_160000,180000,160000,-92.380258,50.453206,1840,2,0.3739130434782609
ofr10km_180000_170000,180000,170000,-92.374416,50.543527,1840,1,0.3739130434782609
ofr10km_180000_180000,180000,180000,-92.368548,50.633874,1840,0,0.37282608695652175
ofr10km_180000_190000,180000,190000,-92.362653,50.724249,1840,1,0.37282608695652175
ofr10km_180000_20000,180000,20000,-92.459401,49.191641,1840,0,0.8347826086956521
ofr10km_180000_200000,180000,200000,-92.356732,50.81465,1840,2,0.37282608695652175
ofr10km_180000_210000,180000,210000,-92.350785,50.905077,1840,2,0.37282608695652175
ofr10km_180000_220000,180000,220000,-92.34481,50.995531,1840,3,0.37282608695652175
ofr10km_180000_230000,180000,230000,-92.338809,51.086011,1840,0,0.37282608695652175
ofr10km_180000_240000,180000,240000,-92.332781,51.176518,1840,2,0.9342391304347826
ofr10km_180000_250000,180000,250000,-92.326725,51.26705,1840,1,0.9342391304347826
ofr10km_180000_260000,180000,260000,-92.320641,51.357608,1840,2,0.9342391304347826
ofr10km_180000_270000,180000,270000,-92.31453,51.448191,1840,5,0.9315217391304348
ofr10km_180000_280000,180000,280000,-92.308391,51.5388,1840,1,0.9315217391304348
ofr10km_180000_290000,180000,290000,-92.302224,51.629435,1840,1,0.9315217391304348
ofr10km_180000_30000,180000,30000,-92.453907,49.281567,1840,1,0.8347826086956521
ofr10km_180000_300000,180000,300000,-92.296028,51.720094,1840,0,0.9315217391304348
ofr10km_180000_310000,180000,310000,-92.289804,51.810778,1840,0,0.9315217391304348
ofr10km_180000_320000,180000,320000,-92.283552,51.901488,1840,1,0.9315217391304348
ofr10km_180000_330000,180000,330000,-92.27727,51.992221,1840,0,0.9315217391304348
ofr10km_180000_340000,180000,340000,-92.270959,52.08298,1840,0,0.9315217391304348
ofr10km_180000_350000,180000,350000,-92.264619,52.173762,1840,0,0.9315217391304348
ofr10km_180000_360000,180000,360000,-92.25825,52.264569,1840,0,0.9298913043478261
ofr10km_180000_370000,180000,370000,-92.251851,52.3554,1840,0,0.8434782608695652
ofr10km_180000_380000,180000,380000,-92.245421,52.446255,1840,2,0.8434782608695652
ofr10km_180000_390000,180000,390000,-92.238962,52.537133,1840,0,0.8434782608695652
ofr10km_180000_40000,180000,40000,-92.448389,49.371523,1840,2,0.596195652173913
ofr10km_180000_400000,180000,400000,-92.232473,52.628035,1840,1,0.6766304347826086
ofr10km_180000_410000,180000,410000,-92.225952,52.71896,1840,1,0.6766304347826086
ofr10km_180000_420000,180000,420000,-92.219401,52.809908,1840,0,0.6847826086956522
ofr10km_180000_430000,180000,430000,-92.212819,52.90088,1840,0,0.6847826086956522
ofr10km_180000_440000,180000,440000,-92.206206,52.991874,1840,0,0.6847826086956522
ofr10km_180000_450000,180000,450000,-92.199562,53.082891,1840,0,0.6847826086956522
ofr10km_180000_460000,180000,460000,-92.192885,53.17393,1840,2,0.6847826086956522
ofr10km_180000_470000,180000,470000,-92.186177,53.264992,1840,1,0.6847826086956522
ofr10km_180000_480000,180000,480000,-92.179437,53.356075,1840,0,0.6847826086956522
ofr10km_180000_490000,180000,490000,-92.172664,53.447181,1840,0,0.6847826086956522
ofr10km_180000_50000,180000,50000,-92.442847,49.461507,1840,0,0.596195652173913
ofr10km_180000_500000,180000,500000,-92.165859,53.538309,1840,2,0.6847826086956522
ofr10km_180000_510000,180000,510000,-92.159021,53.629458,1840,0,0.6847826086956522
ofr10km_180000_520000,180000,520000,-92.15215,53.720629,1840,1,0.6847826086956522
ofr10km_180000_530000,180000,530000,-92.145246,53.811821,1840,0,0.6847826086956522
ofr10km_180000_540000,180000,540000,-92.138308,53.903035,1840,1,0.6847826086956522
ofr10km_180000_550000,180000,550000,-92.131336,53.994269,1840,1,0.6847826086956522
ofr10km_180000_560000,180000,560000,-92.12433,54.085524,1840,0,0.6847826086956522
ofr10km_180000_570000,180000,570000,-92.11729,54.1768,1840,0,0.8418478260869565
ofr10km_180000_580000,180000,580000,-92.110216,54.268096,1840,0,0.8418478260869565
ofr10km_180000_590000,180000,590000,-92.103106,54.359412,1840,0,0.8418478260869565
ofr10km_180000_60000,180000,60000,-92.437281,49.551521,1840,2,0.5967391304347827
ofr10km_180000_600000,180000,600000,-92.095962,54.450749,1840,0,0.8418478260869565
ofr10km_180000_610000,180000,610000,-92.088782,54.542105,1840,0,0.8418478260869565
ofr10km_180000_620000,180000,620000,-92.081567,54.633482,1840,0,0.8418478260869565
ofr10km_180000_630000,180000,630000,-92.074316,54.724877,1840,0,0.8418478260869565
ofr10km_180000_640000,180000,640000,-92.067029,54.816292,1840,0,0.9331521739130435
ofr10km_180000_70000,180000,70000,-92.43169,49.641563,1840,7,0.3782608695652174
ofr10km_180000_80000,180000,80000,-92.426076,49.731633,1840,0,0.37282608695652175
ofr10km_180000_90000,180000,90000,-92.420436,49.821732,1840,0,0.37282608695652175
ofr10km_190000_-10000,190000,-10000,-92.339451,48.918375,1840,2,0.3673913043478261
ofr10km_190000_-20000,190000,-20000,-92.345143,48.828575,1840,1,0.3576086956521739
ofr10km_190000_-30000,190000,-30000,-92.35081,48.738806,1840,1,0.3576086956521739
ofr10km_190000_-40000,190000,-40000,-92.356453,48.649066,1840,0,0.35706521739130437
ofr10km_190000_-50000,190000,-50000,-92.362072,48.559356,1840,1,0.35706521739130437
ofr10km_190000_-60000,190000,-60000,-92.367667,48.469677,1840,0,0.35434782608695653
ofr10km_190000_-70000,190000,-70000,-92.373239,48.380028,1840,0,0.35434782608695653
ofr10km_190000_-80000,190000,-80000,-92.378787,48.29041,1840,1,0.35434782608695653
ofr10km_190000_-90000,190000,-90000,-92.384312,48.200822,1840,1,0.35434782608695653
ofr10km_190000_0,190000,0,-92.333735,49.008204,1840,1,0.36793478260869567
ofr10km_190000_10000,190000,10000,-92.327995,49.098063,1840,0,0.36793478260869567
ofr10km_190000_100000,190000,100000,-92.275196,49.908095,1840,0,0.37282608695652175
ofr10km_190000_110000,190000,110000,-92.269201,49.99824,1840,0,0.37282608695652175
ofr10km_190000_120000,190000,120000,-92.263179,50.088414,1840,5,0.37282608695652175
ofr10km_190000_130000,190000,130000,-92.257131,50.178615,1840,2,0.37282608695652175
ofr10km_190000_140000,190000,140000,-92.251055,50.268844,1840,2,0.37282608695652175
ofr10km_190000_150000,190000,150000,-92.244953,50.359101,1840,2,0.3733695652173913
ofr10km_190000_160000,190000,160000,-92.238824,50.449384,1840,2,0.3739130434782609
ofr10km_190000_170000,190000,170000,-92.232667,50.539695,1840,1,0.3739130434782609
ofr10km_190000_180000,190000,180000,-92.226483,50.630033,1840,2,0.3739130434782609
ofr10km_190000_190000,190000,190000,-92.220271,50.720397,1840,1,0.46630434782608693
ofr10km_190000_20000,190000,20000,-92.32223,49.187951,1840,2,0.36793478260869567
ofr10km_190000_200000,190000,200000,-92.214031,50.810789,1840,1,0.37282608695652175
ofr10km_190000_210000,190000,210000,-92.207763,50.901206,1840,0,0.37282608695652175
ofr10km_190000_220000,190000,220000,-92.201467,50.991651,1840,1,0.37282608695652175
ofr10km_190000_230000,190000,230000,-92.195143,51.082121,1840,1,0.9342391304347826
ofr10km_190000_240000,190000,240000,-92.188789,51.172617,1840,0,0.9342391304347826
ofr10km_190000_250000,190000,250000,-92.182407,51.263139,1840,0,0.9342391304347826
ofr10km_190000_260000,190000,260000,-92.175997,51.353687,1840,1,0.9342391304347826
ofr10km_190000_270000,190000,270000,-92.169556,51.444261,1840,0,0.9315217391304348
ofr10km_190000_280000,190000,280000,-92.163087,51.53486,1840,1,0.9315217391304348
ofr10km_190000_290000,190000,290000,-92.156587,51.625484,1840,1,0.9315217391304348
ofr10km_190000_30000,190000,30000,-92.316439,49.277868,1840,0,0.8347826086956521
ofr10km_190000_300000,190000,300000,-92.150058,51.716133,1840,0,0.9315217391304348
ofr10km_190000_310000,190000,310000,-92.143499,51.806807,1840,0,0.9315217391304348
ofr10km_190000_320000,190000,320000,-92.13691,51.897506,1840,0,0.9315217391304348
ofr10km_190000_330000,190000,330000,-92.13029,51.98823,1840,1,0.9315217391304348
ofr10km_190000_340000,190000,340000,-92.12364,52.078978,1840,0,0.9315217391304348
ofr10km_190000_350000,190000,350000,-92.116958,52.16975,1840,0,0.933695652173913
ofr10km_190000_360000,190000,360000,-92.110246,52.260546,1840,0,0.9331521739130435
ofr10km_190000_370000,190000,370000,-92.103502,52.351367,1840,1,0.9331521739130435
ofr10km_190000_380000,190000,380000,-92.096727,52.442211,1840,0,0.8434782608695652
ofr10km_190000_390000,190000,390000,-92.08992,52.533079,1840,0,0.8418478260869565
ofr10km_190000_40000,190000,40000,-92.310624,49.367814,1840,1,0.8347826086956521
ofr10km_190000_400000,190000,400000,-92.083081,52.62397,1840,0,0.6847826086956522
ofr10km_190000_410000,190000,410000,-92.07621,52.714884,1840,0,0.6847826086956522
ofr10km_190000_420000,190000,420000,-92.069306,52.805822,1840,0,0.6847826086956522
ofr10km_190000_430000,190000,430000,-92.06237,52.896783,1840,0,0.6847826086956522
ofr10km_190000_440000,190000,440000,-92.055401,52.987766,1840,2,0.6847826086956522
ofr10km_190000_450000,190000,450000,-92.048398,53.078772,1840,1,0.6847826086956522
ofr10km_190000_460000,190000,460000,-92.041363,53.169801,1840,3,0.6847826086956522
ofr10km_190000_470000,190000,470000,-92.034293,53.260851,1840,0,0.6847826086956522
ofr10km_190000_480000,190000,480000,-92.02719,53.351924,1840,1,0.6847826086956522
ofr10km_190000_490000,190000,490000,-92.020053,53.443019,1840,0,0.6847826086956522
ofr10km_190000_50000,190000,50000,-92.304784,49.45779,1840,0,0.596195652173913
ofr10km_190000_500000,190000,500000,-92.012882,53.534136,1840,0,0.6847826086956522
ofr10km_190000_510000,190000,510000,-92.005676,53.625274,1840,1,0.6847826086956522
ofr10km_190000_520000,190000,520000,-91.998435,53.716434,1840,2,0.6847826086956522
ofr10km_190000_530000,190000,530000,-91.991159,53.807615,1840,1,0.6847826086956522
ofr10km_190000_540000,190000,540000,-91.983848,53.898817,1840,0,0.6847826086956522
ofr10km_190000_550000,190000,550000,-91.976501,53.99004,1840,0,0.6847826086956522
ofr10km_190000_560000,190000,560000,-91.969118,54.081284,1840,0,0.8418478260869565
ofr10km_190000_570000,190000,570000,-91.961699,54.172548,1840,2,0.8418478260869565
ofr10km_190000_580000,190000,580000,-91.954244,54.263833,1840,1,0.8418478260869565
ofr10km_190000_590000,190000,590000,-91.946752,54.355138,1840,0,0.8418478260869565
ofr10km_190000_60000,190000,60000,-92.298918,49.547794,1840,5,0.596195652173913
ofr10km_190000_600000,190000,600000,-91.939223,54.446463,1840,1,0.8418478260869565
ofr10km_190000_610000,190000,610000,-91.931657,54.537808,1840,0,0.8418478260869565
ofr10km_190000_620000,190000,620000,-91.924054,54.629172,1840,0,0.8418478260869565
ofr10km_190000_630000,190000,630000,-91.916412,54.720557,1840,1,0.8418478260869565
ofr10km_190000_640000,190000,640000,-91.908733,54.81196,1840,0,0.8418478260869565
ofr10km_190000_650000,190000,650000,-91.901016,54.903383,1840,1,0.8418478260869565
ofr10km_190000_70000,190000,70000,-92.293026,49.637826,1840,4,0.3782608695652174
ofr10km_190000_80000,190000,80000,-92.287109,49.727888,1840,2,0.37282608695652175
ofr10km_190000_90000,190000,90000,-92.281166,49.817977,1840,2,0.37282608695652175
ofr10km_200000_-10000,200000,-10000,-92.203184,48.91452,1840,0,0.3673913043478261
ofr10km_200000_-20000,200000,-20000,-92.209167,48.82473,1840,2,0.3673913043478261
ofr10km_200000_-30000,200000,-30000,-92.215123,48.73497,1840,2,0.35706521739130437
ofr10km_200000_-40000,200000,-40000,-92.221055,48.645239,1840,1,0.35706521739130437
ofr10km_200000_-50000,200000,-50000,-92.226961,48.555539,1840,1,0.35706521739130437
ofr10km_200000_-60000,200000,-60000,-92.232842,48.465869,1840,0,0.35706521739130437
ofr10km_200000_-70000,200000,-70000,-92.238698,48.37623,1840,1,0.35380434782608694
ofr10km_200000_0,200000,0,-92.197176,49.004339,1840,2,0.36793478260869567
ofr10km_200000_10000,200000,10000,-92.191143,49.094188,1840,0,0.36793478260869567
ofr10km_200000_100000,200000,100000,-92.135647,49.904132,1840,2,0.37282608695652175
ofr10km_200000_110000,200000,110000,-92.129345,49.994268,1840,2,0.37282608695652175
ofr10km_200000_120000,200000,120000,-92.123016,50.084432,1840,3,0.37282608695652175
ofr10km_200000_130000,200000,130000,-92.116658,50.174623,1840,2,0.37282608695652175
ofr10km_200000_140000,200000,140000,-92.110273,50.264842,1840,1,0.3733695652173913
ofr10km_200000_150000,200000,150000,-92.103859,50.355088,1840,2,0.3733695652173913
ofr10km_200000_160000,200000,160000,-92.097416,50.445362,1840,2,0.3739130434782609
ofr10km_200000_170000,200000,170000,-92.090945,50.535662,1840,0,0.3739130434782609
ofr10km_200000_180000,200000,180000,-92.084445,50.62599,1840,1,0.3739130434782609
ofr10km_200000_190000,200000,190000,-92.077916,50.716344,1840,4,0.3739130434782609
ofr10km_200000_20000,200000,20000,-92.185083,49.184067,1840,0,0.36793478260869567
ofr10km_200000_200000,200000,200000,-92.071358,50.806725,1840,2,0.46630434782608693
ofr10km_200000_210000,200000,210000,-92.06477,50.897132,1840,1,0.37282608695652175
ofr10km_200000_220000,200000,220000,-92.058152,50.987566,1840,0,0.9342391304347826
ofr10km_200000_230000,200000,230000,-92.051505,51.078026,1840,0,0.9342391304347826
ofr10km_200000_240000,200000,240000,-92.044827,51.168512,1840,2,0.9342391304347826
ofr10km_200000_250000,200000,250000,-92.038119,51.259024,1840,1,0.9342391304347826
ofr10km_200000_260000,200000,260000,-92.031381,51.349561,1840,3,0.9342391304347826
ofr10km_200000_270000,200000,270000,-92.024612,51.440124,1840,1,0.9342391304347826
ofr10km_200000_280000,200000,280000,-92.017812,51.530712,1840,2,0.9315217391304348
ofr10km_200000_290000,200000,290000,-92.010981,51.621326,1840,0,0.9315217391304348
ofr10km_200000_30000,200000,30000,-92.178997,49.273974,1840,0,0.36793478260869567
ofr10km_200000_300000,200000,300000,-92.004118,51.711964,1840,1,0.9315217391304348
ofr10km_200000_310000,200000,310000,-91.997224,51.802628,1840,0,0.9315217391304348
ofr10km_200000_320000,200000,320000,-91.990298,51.893316,1840,2,0.9315217391304348
ofr10km_200000_330000,200000,330000,-91.983341,51.984028,1840,0,0.9347826086956522
ofr10km_200000_340000,200000,340000,-91.976351,52.074766,1840,0,0.9347826086956522
ofr10km_200000_350000,200000,350000,-91.969328,52.165527,1840,0,0.933695652173913
ofr10km_200000_360000,200000,360000,-91.962273,52.256312,1840,0,0.9331521739130435
ofr10km_200000_370000,200000,370000,-91.955185,52.347122,1840,0,0.8505434782608695
ofr10km_200000_380000,200000,380000,-91.948064,52.437955,1840,0,0.8505434782608695
ofr10km_200000_390000,200000,390000,-91.940909,52.528811,1840,0,0.6847826086956522
ofr10km_200000_40000,200000,40000,-92.172885,49.363911,1840,0,0.8347826086956521
ofr10km_200000_400000,200000,400000,-91.933721,52.619691,1840,0,0.6847826086956522
ofr10km_200000_410000,200000,410000,-91.926499,52.710595,1840,1,0.6847826086956522
ofr10km_200000_420000,200000,420000,-91.919243,52.801521,1840,0,0.6847826086956522
ofr10km_200000_430000,200000,430000,-91.911953,52.892471,1840,0,0.6847826086956522
ofr10km_200000_440000,200000,440000,-91.904628,52.983443,1840,0,0.6847826086956522
ofr10km_200000_450000,200000,450000,-91.897268,53.074437,1840,0,0.6847826086956522
ofr10km_200000_460000,200000,460000,-91.889873,53.165454,1840,2,0.6847826086956522
ofr10km_200000_470000,200000,470000,-91.882443,53.256494,1840,0,0.6847826086956522
ofr10km_200000_480000,200000,480000,-91.874978,53.347555,1840,3,0.6847826086956522
ofr10km_200000_490000,200000,490000,-91.867476,53.438638,1840,5,0.6847826086956522
ofr10km_200000_50000,200000,50000,-92.166746,49.453877,1840,1,0.596195652173913
ofr10km_200000_500000,200000,500000,-91.859939,53.529744,1840,2,0.6847826086956522
ofr10km_200000_510000,200000,510000,-91.852365,53.62087,1840,0,0.6847826086956522
ofr10km_200000_520000,200000,520000,-91.844755,53.712018,1840,2,0.6847826086956522
ofr10km_200000_530000,200000,530000,-91.837107,53.803187,1840,0,0.6847826086956522
ofr10km_200000_540000,200000,540000,-91.829423,53.894378,1840,0,0.6847826086956522
ofr10km_200000_550000,200000,550000,-91.821701,53.985589,1840,0,0.8418478260869565
ofr10km_200000_560000,200000,560000,-91.813942,54.076821,1840,1,0.8418478260869565
ofr10km_200000_570000,200000,570000,-91.806144,54.168073,1840,0,0.8418478260869565
ofr10km_200000_580000,200000,580000,-91.798308,54.259346,1840,0,0.8418478260869565
ofr10km_200000_590000,200000,590000,-91.790434,54.350639,1840,1,0.8418478260869565
ofr10km_200000_60000,200000,60000,-92.16058,49.543871,1840,4,0.596195652173913
ofr10km_200000_600000,200000,600000,-91.782521,54.441952,1840,0,0.8418478260869565
ofr10km_200000_610000,200000,610000,-91.774569,54.533285,1840,0,0.8418478260869565
ofr10km_200000_620000,200000,620000,-91.766578,54.624637,1840,0,0.8418478260869565
ofr10km_200000_630000,200000,630000,-91.758547,54.716009,1840,0,0.8418478260869565
ofr10km_200000_640000,200000,640000,-91.750476,54.8074,1840,0,0.8418478260869565
ofr10km_200000_650000,200000,650000,-91.742364,54.89881,1840,0,0.8418478260869565
ofr10km_200000_660000,200000,660000,-91.734213,54.99024,1840,0,0.8418478260869565
ofr10km_200000_670000,200000,670000,-91.72602,55.081688,1840,0,0.9331521739130435
ofr10km_200000_70000,200000,70000,-92.154388,49.633894,1840,0,0.3782608695652174
ofr10km_200000_80000,200000,80000,-92.148168,49.723945,1840,2,0.37282608695652175
ofr10km_200000_90000,200000,90000,-92.141921,49.814025,1840,0,0.37282608695652175
ofr10km_20000_-10000,20000,-10000,-94.658708,48.954441,1840,0,0.38532608695652176
ofr10km_20000_-20000,20000,-20000,-94.659439,48.864552,1840,0,0.38532608695652176
ofr10km_20000_-30000,20000,-30000,-94.660167,48.774693,1840,0,0.8358695652173913
ofr10km_20000_0,20000,0,-94.657974,49.044359,1840,0,0.38532608695652176
ofr10km_20000_10000,20000,10000,-94.657237,49.134308,1840,0,0.3826086956521739
ofr10km_20000_100000,20000,100000,-94.650456,49.945164,1840,4,0.37119565217391304
ofr10km_20000_110000,20000,110000,-94.649686,50.035403,1840,1,0.37119565217391304
ofr10km_20000_120000,20000,120000,-94.648912,50.12567,1840,2,0.37119565217391304
ofr10km_20000_130000,20000,130000,-94.648136,50.215965,1840,6,0.3706521739130435
ofr10km_20000_140000,20000,140000,-94.647355,50.306289,1840,5,0.9211956521739131
ofr10km_20000_150000,20000,150000,-94.646571,50.39664,1840,1,0.9211956521739131
ofr10km_20000_160000,20000,160000,-94.645784,50.487018,1840,0,0.9211956521739131
ofr10km_20000_170000,20000,170000,-94.644993,50.577424,1840,2,0.9211956521739131
ofr10km_20000_180000,20000,180000,-94.644199,50.667858,1840,1,0.9211956521739131
ofr10km_20000_190000,20000,190000,-94.643401,50.758319,1840,2,0.9211956521739131
ofr10km_20000_20000,20000,20000,-94.656496,49.224286,1840,0,0.3826086956521739
ofr10km_20000_200000,20000,200000,-94.6426,50.848806,1840,2,0.5728260869565217
ofr10km_20000_210000,20000,210000,-94.641795,50.939321,1840,2,0.425
ofr10km_20000_220000,20000,220000,-94.640986,51.029862,1840,0,0.425
ofr10km_20000_230000,20000,230000,-94.640173,51.12043,1840,1,0.425
ofr10km_20000_240000,20000,240000,-94.639357,51.211024,1840,5,0.425
ofr10km_20000_250000,20000,250000,-94.638538,51.301645,1840,3,0.5728260869565217
ofr10km_20000_260000,20000,260000,-94.637714,51.392292,1840,2,0.5728260869565217
ofr10km_20000_270000,20000,270000,-94.636887,51.482964,1840,1,0.5728260869565217
ofr10km_20000_280000,20000,280000,-94.636056,51.573663,1840,4,0.9201086956521739
ofr10km_20000_290000,20000,290000,-94.635221,51.664387,1840,1,0.9201086956521739
ofr10km_20000_30000,20000,30000,-94.655753,49.314294,1840,3,0.38967391304347826
ofr10km_20000_300000,20000,300000,-94.634382,51.755136,1840,0,0.9217391304347826
ofr10km_20000_310000,20000,310000,-94.63354,51.845911,1840,2,0.9217391304347826
ofr10km_20000_320000,20000,320000,-94.632693,51.936711,1840,0,0.9217391304347826
ofr10km_20000_330000,20000,330000,-94.631843,52.027536,1840,0,0.9201086956521739
ofr10km_20000_340000,20000,340000,-94.630988,52.118386,1840,1,0.9217391304347826
ofr10km_20000_350000,20000,350000,-94.63013,52.20926,1840,0,0.9217391304347826
ofr10km_20000_360000,20000,360000,-94.629268,52.30016,1840,0,0.9217391304347826
ofr10km_20000_370000,20000,370000,-94.628401,52.391083,1840,0,0.9217391304347826
ofr10km_20000_380000,20000,380000,-94.627531,52.482031,1840,0,0.9217391304347826
ofr10km_20000_390000,20000,390000,-94.626657,52.573002,1840,0,0.9217391304347826
ofr10km_20000_40000,20000,40000,-94.655006,49.404331,1840,1,0.38967391304347826
ofr10km_20000_400000,20000,400000,-94.625778,52.663998,1840,0,0.9217391304347826
ofr10km_20000_410000,20000,410000,-94.624895,52.755017,1840,0,0.8320652173913043
ofr10km_20000_420000,20000,420000,-94.624008,52.84606,1840,1,0.6766304347826086
ofr10km_20000_430000,20000,430000,-94.623117,52.937126,1840,1,0.6766304347826086
ofr10km_20000_440000,20000,440000,-94.622222,53.028216,1840,0,0.6766304347826086
ofr10km_20000_450000,20000,450000,-94.621322,53.119328,1840,0,0.4141304347826087
ofr10km_20000_50000,20000,50000,-94.654256,49.494398,1840,3,0.38967391304347826
ofr10km_20000_60000,20000,60000,-94.653503,49.584493,1840,1,0.3467391304347826
ofr10km_20000_70000,20000,70000,-94.652746,49.674618,1840,6,0.35108695652173916
ofr10km_20000_80000,20000,80000,-94.651986,49.764771,1840,8,0.35108695652173916
ofr10km_20000_90000,20000,90000,-94.651223,49.854953,1840,1,0.37119565217391304
ofr10km_210000_-10000,210000,-10000,-92.066943,48.910472,1840,3,0.3673913043478261
ofr10km_210000_-20000,210000,-20000,-92.073216,48.820692,1840,3,0.35706521739130437
ofr10km_210000_-30000,210000,-30000,-92.079462,48.730942,1840,3,0.35706521739130437
ofr10km_210000_-40000,210000,-40000,-92.085682,48.641222,1840,0,0.35706521739130437
ofr10km_210000_-50000,210000,-50000,-92.091875,48.551532,1840,1,0.35706521739130437
ofr10km_210000_-60000,210000,-60000,-92.098042,48.461871,1840,0,0.35706521739130437
ofr10km_210000_-70000,210000,-70000,-92.104183,48.372242,1840,2,0.3565217391304348
ofr10km_210000_0,210000,0,-92.060643,49.000282,1840,0,0.3673913043478261
ofr10km_210000_10000,210000,10000,-92.054317,49.090121,1840,2,0.3673913043478261
ofr10km_210000_100000,210000,100000,-91.996125,49.899972,1840,4,0.37282608695652175
ofr10km_210000_110000,210000,110000,-91.989518,49.990098,1840,1,0.37282608695652175
ofr10km_210000_120000,210000,120000,-91.982881,50.080251,1840,7,0.37282608695652175
ofr10km_210000_130000,210000,130000,-91.976215,50.170432,1840,2,0.37282608695652175
ofr10km_210000_140000,210000,140000,-91.969519,50.26064,1840,2,0.3733695652173913
ofr10km_210000_150000,210000,150000,-91.962793,50.350876,1840,0,0.3733695652173913
ofr10km_210000_160000,210000,160000,-91.956038,50.441138,1840,3,0.3739130434782609
ofr10km_210000_170000,210000,170000,-91.949253,50.531428,1840,0,0.3739130434782609
ofr10km_210000_180000,210000,180000,-91.942437,50.621745,1840,1,0.3739130434782609
ofr10km_210000_190000,210000,190000,-91.935591,50.712089,1840,1,0.3739130434782609
ofr10km_210000_20000,210000,20000,-92.047962,49.179989,1840,2,0.36793478260869567
ofr10km_210000_200000,210000,200000,-91.928714,50.802459,1840,2,0.3739130434782609
ofr10km_210000_210000,210000,210000,-91.921806,50.892855,1840,0,0.3739130434782609
ofr10km_210000_220000,210000,220000,-91.914867,50.983278,1840,0,0.9342391304347826
ofr10km_210000_230000,210000,230000,-91.907897,51.073727,1840,0,0.9342391304347826
ofr10km_210000_240000,210000,240000,-91.900895,51.164202,1840,3,0.9342391304347826
ofr10km_210000_250000,210000,250000,-91.893862,51.254703,1840,4,0.9342391304347826
ofr10km_210000_260000,210000,260000,-91.886796,51.345229,1840,0,0.9342391304347826
ofr10km_210000_270000,210000,270000,-91.879698,51.435781,1840,0,0.7570652173913044
ofr10km_210000_280000,210000,280000,-91.872568,51.526358,1840,0,0.7570652173913044
ofr10km_210000_290000,210000,290000,-91.865405,51.61696,1840,1,0.7570652173913044
ofr10km_210000_30000,210000,30000,-92.041581,49.269887,1840,0,0.36793478260869567
ofr10km_210000_300000,210000,300000,-91.85821,51.707587,1840,13,0.9347826086956522
ofr10km_210000_310000,210000,310000,-91.850981,51.798239,1840,1,0.9347826086956522
ofr10km_210000_320000,210000,320000,-91.843719,51.888916,1840,0,0.7570652173913044
ofr10km_210000_330000,210000,330000,-91.836423,51.979618,1840,1,0.9347826086956522
ofr10km_210000_340000,210000,340000,-91.829094,52.070343,1840,0,0.9347826086956522
ofr10km_210000_350000,210000,350000,-91.821731,52.161093,1840,1,0.9347826086956522
ofr10km_210000_360000,210000,360000,-91.814333,52.251867,1840,1,0.8505434782608695
ofr10km_210000_370000,210000,370000,-91.806901,52.342665,1840,1,0.8505434782608695
ofr10km_210000_380000,210000,380000,-91.799434,52.433486,1840,0,0.8505434782608695
ofr10km_210000_390000,210000,390000,-91.791932,52.524331,1840,1,0.8505434782608695
ofr10km_210000_40000,210000,40000,-92.035171,49.359813,1840,0,0.36793478260869567
ofr10km_210000_400000,210000,400000,-91.784395,52.6152,1840,1,0.6847826086956522
ofr10km_210000_410000,210000,410000,-91.776823,52.706091,1840,3,0.6847826086956522
ofr10km_210000_420000,210000,420000,-91.769215,52.797006,1840,1,0.6847826086956522
ofr10km_210000_430000,210000,430000,-91.761571,52.887943,1840,0,0.6847826086956522
ofr10km_210000_440000,210000,440000,-91.75389,52.978904,1840,1,0.6847826086956522
ofr10km_210000_450000,210000,450000,-91.746173,53.069886,1840,0,0.6847826086956522
ofr10km_210000_460000,210000,460000,-91.73842,53.160892,1840,2,0.6847826086956522
ofr10km_210000_470000,210000,470000,-91.730629,53.251919,1840,2,0.6847826086956522
ofr10km_210000_480000,210000,480000,-91.722801,53.342968,1840,0,0.6847826086956522
ofr10km_210000_490000,210000,490000,-91.714936,53.434039,1840,1,0.6847826086956522
ofr10km_210000_50000,210000,50000,-92.028734,49.449768,1840,1,0.596195652173913
ofr10km_210000_500000,210000,500000,-91.707032,53.525132,1840,1,0.6847826086956522
ofr10km_210000_510000,210000,510000,-91.699091,53.616247,1840,0,0.6847826086956522
ofr10km_210000_520000,210000,520000,-91.691111,53.707382,1840,0,0.6847826086956522
ofr10km_210000_530000,210000,530000,-91.683093,53.798539,1840,0,0.6847826086956522
ofr10km_210000_540000,210000,540000,-91.675036,53.889717,1840,0,0.8418478260869565
ofr10km_210000_550000,210000,550000,-91.666939,53.980916,1840,1,0.8418478260869565
ofr10km_210000_560000,210000,560000,-91.658803,54.072135,1840,0,0.8418478260869565
ofr10km_210000_570000,210000,570000,-91.650627,54.163375,1840,0,0.8418478260869565
ofr10km_210000_580000,210000,580000,-91.642412,54.254635,1840,0,0.8418478260869565
ofr10km_210000_590000,210000,590000,-91.634155,54.345916,1840,2,0.8418478260869565
ofr10km_210000_60000,210000,60000,-92.022269,49.539752,1840,2,0.596195652173913
ofr10km_210000_600000,210000,600000,-91.625859,54.437216,1840,1,0.8418478260869565
ofr10km_210000_610000,210000,610000,-91.617521,54.528536,1840,0,0.8418478260869565
ofr10km_210000_620000,210000,620000,-91.609142,54.619876,1840,0,0.8418478260869565
ofr10km_210000_630000,210000,630000,-91.600721,54.711235,1840,0,0.8418478260869565
ofr10km_210000_640000,210000,640000,-91.592258,54.802613,1840,0,0.8418478260869565
ofr10km_210000_650000,210000,650000,-91.583754,54.89401,1840,0,0.5396739130434782
ofr10km_210000_660000,210000,660000,-91.575206,54.985426,1840,0,0.5396739130434782
ofr10km_210000_670000,210000,670000,-91.566616,55.076861,1840,0,0.5396739130434782
ofr10km_210000_680000,210000,680000,-91.557983,55.168315,1840,0,0.5396739130434782
ofr10km_210000_70000,210000,70000,-92.015776,49.629765,1840,1,0.3733695652173913
ofr10km_210000_80000,210000,80000,-92.009255,49.719806,1840,2,0.3733695652173913
ofr10km_210000_90000,210000,90000,-92.002704,49.809875,1840,5,0.3733695652173913
ofr10km_220000_-10000,220000,-10000,-91.930729,48.906233,1840,1,0.3673913043478261
ofr10km_220000_-20000,220000,-20000,-91.937292,48.816463,1840,2,0.3673913043478261
ofr10km_220000_-30000,220000,-30000,-91.943828,48.726723,1840,0,0.35706521739130437
ofr10km_220000_-40000,220000,-40000,-91.950335,48.637013,1840,0,0.35706521739130437
ofr10km_220000_-50000,220000,-50000,-91.956815,48.547333,1840,0,0.35706521739130437
ofr10km_220000_-60000,220000,-60000,-91.963267,48.457684,1840,0,0.35706521739130437
ofr10km_220000_-70000,220000,-70000,-91.969693,48.368064,1840,2,0.3565217391304348
ofr10km_220000_-80000,220000,-80000,-91.976091,48.278475,1840,4,0.3565217391304348
ofr10km_220000_0,220000,0,-91.924137,48.996032,1840,0,0.3673913043478261
ofr10km_220000_10000,220000,10000,-91.917518,49.08586,1840,0,0.3673913043478261
ofr10km_220000_100000,220000,100000,-91.856633,49.895615,1840,2,0.3744565217391304
ofr10km_220000_110000,220000,110000,-91.849719,49.985729,1840,2,0.3744565217391304
ofr10km_220000_120000,220000,120000,-91.842775,50.075871,1840,4,0.3733695652173913
ofr10km_220000_130000,220000,130000,-91.8358,50.166041,1840,10,0.3744565217391304
ofr10km_220000_140000,220000,140000,-91.828795,50.256238,1840,0,0.3744565217391304
ofr10km_220000_150000,220000,150000,-91.821758,50.346463,1840,0,0.3744565217391304
ofr10km_220000_160000,220000,160000,-91.81469,50.436715,1840,0,0.3744565217391304
ofr10km_220000_170000,220000,170000,-91.80759,50.526993,1840,6,0.3744565217391304
ofr10km_220000_180000,220000,180000,-91.800459,50.617299,1840,2,0.3739130434782609
ofr10km_220000_190000,220000,190000,-91.793296,50.707631,1840,3,0.3739130434782609
ofr10km_220000_20000,220000,20000,-91.910869,49.175718,1840,1,0.3673913043478261
ofr10km_220000_200000,220000,200000,-91.786101,50.79799,1840,1,0.3739130434782609
ofr10km_220000_210000,220000,210000,-91.778874,50.888375,1840,1,0.3739130434782609
ofr10km_220000_220000,220000,220000,-91.771613,50.978786,1840,0,0.4668478260869565
ofr10km_220000_230000,220000,230000,-91.764321,51.069224,1840,0,0.9342391304347826
ofr10km_220000_240000,220000,240000,-91.756995,51.159687,1840,1,0.9342391304347826
ofr10km_220000_250000,220000,250000,-91.749636,51.250176,1840,3,0.7570652173913044
ofr10km_220000_260000,220000,260000,-91.742243,51.340691,1840,5,0.7570652173913044
ofr10km_220000_270000,220000,270000,-91.734817,51.431231,1840,1,0.7570652173913044
ofr10km_220000_280000,220000,280000,-91.727357,51.521797,1840,3,0.7570652173913044
ofr10km_220000_290000,220000,290000,-91.719863,51.612387,1840,0,0.7570652173913044
ofr10km_220000_30000,220000,30000,-91.904192,49.265604,1840,0,0.3673913043478261
ofr10km_220000_300000,220000,300000,-91.712334,51.703003,1840,3,0.9347826086956522
ofr10km_220000_310000,220000,310000,-91.704771,51.793643,1840,1,0.7570652173913044
ofr10km_220000_320000,220000,320000,-91.697173,51.884308,1840,2,0.7570652173913044
ofr10km_220000_330000,220000,330000,-91.68954,51.974997,1840,1,0.7597826086956522
ofr10km_220000_340000,220000,340000,-91.681872,52.065711,1840,0,0.7597826086956522
ofr10km_220000_350000,220000,350000,-91.674168,52.156449,1840,0,0.7597826086956522
ofr10km_220000_360000,220000,360000,-91.666428,52.247211,1840,0,0.8505434782608695
ofr10km_220000_370000,220000,370000,-91.658652,52.337996,1840,2,0.8505434782608695
ofr10km_220000_380000,220000,380000,-91.65084,52.428806,1840,0,0.8505434782608695
ofr10km_220000_390000,220000,390000,-91.642991,52.519639,1840,1,0.8505434782608695
ofr10km_220000_40000,220000,40000,-91.897486,49.35552,1840,1,0.36793478260869567
ofr10km_220000_400000,220000,400000,-91.635105,52.610495,1840,1,0.6847826086956522
ofr10km_220000_410000,220000,410000,-91.627182,52.701374,1840,2,0.6847826086956522
ofr10km_220000_420000,220000,420000,-91.619222,52.792276,1840,3,0.6847826086956522
ofr10km_220000_430000,220000,430000,-91.611224,52.883201,1840,2,0.6847826086956522
ofr10km_220000_440000,220000,440000,-91.603189,52.974149,1840,0,0.6847826086956522
ofr10km_220000_450000,220000,450000,-91.595115,53.065119,1840,1,0.6847826086956522
ofr10km_220000_460000,220000,460000,-91.587003,53.156112,1840,1,0.6847826086956522
ofr10km_220000_470000,220000,470000,-91.578852,53.247127,1840,0,0.6847826086956522
ofr10km_220000_480000,220000,480000,-91.570662,53.338163,1840,2,0.6847826086956522
ofr10km_220000_490000,220000,490000,-91.562433,53.429222,1840,2,0.6847826086956522
ofr10km_220000_50000,220000,50000,-91.890751,49.445465,1840,4,0.4657608695652174
ofr10km_220000_500000,220000,500000,-91.554164,53.520302,1840,3,0.6847826086956522
ofr10km_220000_510000,220000,510000,-91.545855,53.611404,1840,0,0.6847826086956522
ofr10km_220000_520000,220000,520000,-91.537507,53.702527,1840,0,0.6847826086956522
ofr10km_220000_530000,220000,530000,-91.529117,53.793671,1840,0,0.6847826086956522
ofr10km_220000_540000,220000,540000,-91.520688,53.884835,1840,0,0.8418478260869565
ofr10km_220000_550000,220000,550000,-91.512217,53.976021,1840,0,0.8418478260869565
ofr10km_220000_560000,220000,560000,-91.503705,54.067228,1840,0,0.8418478260869565
ofr10km_220000_570000,220000,570000,-91.495151,54.158454,1840,0,0.8418478260869565
ofr10km_220000_580000,220000,580000,-91.486555,54.249701,1840,0,0.8418478260869565
ofr10km_220000_590000,220000,590000,-91.477917,54.340968,1840,0,0.8418478260869565
ofr10km_220000_60000,220000,60000,-91.883987,49.535438,1840,0,0.4657608695652174
ofr10km_220000_600000,220000,600000,-91.469237,54.432255,1840,0,0.8418478260869565
ofr10km_220000_610000,220000,610000,-91.460514,54.523562,1840,0,0.8418478260869565
ofr10km_220000_620000,220000,620000,-91.451747,54.614888,1840,0,0.8418478260869565
ofr10km_220000_630000,220000,630000,-91.442937,54.706234,1840,0,0.5396739130434782
ofr10km_220000_640000,220000,640000,-91.434083,54.797598,1840,0,0.5396739130434782
ofr10km_220000_650000,220000,650000,-91.425186,54.888982,1840,0,0.5396739130434782
ofr10km_220000_660000,220000,660000,-91.416243,54.980385,1840,0,0.5396739130434782
ofr10km_220000_670000,220000,670000,-91.407256,55.071806,1840,0,0.5396739130434782
ofr10km_220000_680000,220000,680000,-91.398224,55.163246,1840,0,0.5396739130434782
ofr10km_220000_690000,220000,690000,-91.389146,55.254704,1840,0,0.5396739130434782
ofr10km_220000_70000,220000,70000,-91.877193,49.62544,1840,1,0.3744565217391304
ofr10km_220000_80000,220000,80000,-91.870369,49.71547,1840,1,0.3744565217391304
ofr10km_220000_90000,220000,90000,-91.863516,49.805528,1840,1,0.3744565217391304
ofr10km_230000_-10000,230000,-10000,-91.794543,48.901801,1840,3,0.3673913043478261
ofr10km_230000_-20000,230000,-20000,-91.801396,48.812042,1840,1,0.3673913043478261
ofr10km_230000_-30000,230000,-30000,-91.808221,48.722313,1840,0,0.35706521739130437
ofr10km_230000_-40000,230000,-40000,-91.815016,48.632614,1840,2,0.35706521739130437
ofr10km_230000_-50000,230000,-50000,-91.821783,48.542945,1840,1,0.35706521739130437
ofr10km_230000_-60000,230000,-60000,-91.82852,48.453306,1840,0,0.35706521739130437
ofr10km_230000_-70000,230000,-70000,-91.83523,48.363697,1840,0,0.3565217391304348
ofr10km_230000_-80000,230000,-80000,-91.841911,48.274119,1840,2,0.3565217391304348
ofr10km_230000_0,230000,0,-91.78766,48.991589,1840,0,0.3673913043478261
ofr10km_230000_10000,230000,10000,-91.780747,49.081406,1840,1,0.3673913043478261
ofr10km_230000_100000,230000,100000,-91.71717,49.89106,1840,2,0.3744565217391304
ofr10km_230000_110000,230000,110000,-91.709951,49.981163,1840,0,0.3744565217391304
ofr10km_230000_120000,230000,120000,-91.7027,50.071293,1840,2,0.3744565217391304
ofr10km_230000_130000,230000,130000,-91.695417,50.161452,1840,2,0.3744565217391304
ofr10km_230000_140000,230000,140000,-91.688101,50.251637,1840,3,0.3744565217391304
ofr10km_230000_150000,230000,150000,-91.680753,50.34185,1840,2,0.3744565217391304
ofr10km_230000_160000,230000,160000,-91.673373,50.43209,1840,4,0.3744565217391304
ofr10km_230000_170000,230000,170000,-91.66596,50.522357,1840,2,0.3744565217391304
ofr10km_230000_180000,230000,180000,-91.658513,50.612651,1840,4,0.3744565217391304
ofr10km_230000_190000,230000,190000,-91.651034,50.702971,1840,1,0.3744565217391304
ofr10km_230000_20000,230000,20000,-91.773805,49.171253,1840,1,0.3673913043478261
ofr10km_230000_200000,230000,200000,-91.64352,50.793318,1840,0,0.3739130434782609
ofr10km_230000_210000,230000,210000,-91.635974,50.883692,1840,0,0.3739130434782609
ofr10km_230000_220000,230000,220000,-91.628393,50.974091,1840,0,0.4668478260869565
ofr10km_230000_230000,230000,230000,-91.620777,51.064517,1840,2,0.7570652173913044
ofr10km_230000_240000,230000,240000,-91.613128,51.154968,1840,1,0.7570652173913044
ofr10km_230000_250000,230000,250000,-91.605444,51.245445,1840,1,0.7570652173913044
ofr10km_230000_260000,230000,260000,-91.597724,51.335948,1840,3,0.7570652173913044
ofr10km_230000_270000,230000,270000,-91.58997,51.426476,1840,0,0.7570652173913044
ofr10km_230000_280000,230000,280000,-91.58218,51.517029,1840,0,0.7570652173913044
ofr10km_230000_290000,230000,290000,-91.574355,51.607607,1840,0,0.7570652173913044
ofr10km_230000_30000,230000,30000,-91.766833,49.261128,1840,0,0.3673913043478261
ofr10km_230000_300000,230000,300000,-91.566494,51.69821,1840,0,0.5853260869565218
ofr10km_230000_310000,230000,310000,-91.558596,51.788838,1840,1,0.5853260869565218
ofr10km_230000_320000,230000,320000,-91.550662,51.879491,1840,1,0.5853260869565218
ofr10km_230000_330000,230000,330000,-91.542692,51.970168,1840,1,0.5853260869565218
ofr10km_230000_340000,230000,340000,-91.534685,52.060869,1840,0,0.7597826086956522
ofr10km_230000_350000,230000,350000,-91.52664,52.151594,1840,0,0.7597826086956522
ofr10km_230000_360000,230000,360000,-91.518558,52.242344,1840,0,0.7597826086956522
ofr10km_230000_370000,230000,370000,-91.510439,52.333117,1840,1,0.8505434782608695
ofr10km_230000_380000,230000,380000,-91.502282,52.423913,1840,1,0.8505434782608695
ofr10km_230000_390000,230000,390000,-91.494086,52.514733,1840,2,0.8505434782608695
ofr10km_230000_40000,230000,40000,-91.75983,49.351033,1840,1,0.36793478260869567
ofr10km_230000_400000,230000,400000,-91.485852,52.605577,1840,1,0.6847826086956522
ofr10km_230000_410000,230000,410000,-91.477579,52.696443,1840,1,0.6847826086956522
ofr10km_230000_420000,230000,420000,-91.469267,52.787332,1840,0,0.6847826086956522
ofr10km_230000_430000,230000,430000,-91.460916,52.878245,1840,0,0.6847826086956522
ofr10km_230000_440000,230000,440000,-91.452526,52.969179,1840,2,0.6847826086956522
ofr10km_230000_450000,230000,450000,-91.444095,53.060137,1840,0,0.6847826086956522
ofr10km_230000_460000,230000,460000,-91.435625,53.151116,1840,0,0.6847826086956522
ofr10km_230000_470000,230000,470000,-91.427114,53.242118,1840,1,0.6847826086956522
ofr10km_230000_480000,230000,480000,-91.418562,53.333141,1840,1,0.6847826086956522
ofr10km_230000_490000,230000,490000,-91.409969,53.424186,1840,1,0.6847826086956522
ofr10km_230000_50000,230000,50000,-91.752797,49.440966,1840,1,0.36793478260869567
ofr10km_230000_500000,230000,500000,-91.401335,53.515253,1840,0,0.6847826086956522
ofr10km_230000_510000,230000,510000,-91.39266,53.606341,1840,0,0.6847826086956522
ofr10km_230000_520000,230000,520000,-91.383942,53.697451,1840,0,0.6847826086956522
ofr10km_230000_530000,230000,530000,-91.375183,53.788581,1840,1,0.6847826086956522
ofr10km_230000_540000,230000,540000,-91.366381,53.879733,1840,0,0.8418478260869565
ofr10km_230000_550000,230000,550000,-91.357536,53.970905,1840,2,0.8418478260869565
ofr10km_230000_560000,230000,560000,-91.348648,54.062097,1840,0,0.8418478260869565
ofr10km_230000_570000,230000,570000,-91.339716,54.15331,1840,0,0.8418478260869565
ofr10km_230000_580000,230000,580000,-91.330741,54.244544,1840,0,0.8418478260869565
ofr10km_230000_590000,230000,590000,-91.321722,54.335797,1840,0,0.8418478260869565
ofr10km_230000_60000,230000,60000,-91.745734,49.530928,1840,0,0.4657608695652174
ofr10km_230000_600000,230000,600000,-91.312658,54.42707,1840,0,0.7554347826086957
ofr10km_230000_610000,230000,610000,-91.303549,54.518363,1840,0,0.5396739130434782
ofr10km_230000_620000,230000,620000,-91.294396,54.609675,1840,0,0.5396739130434782
ofr10km_230000_630000,230000,630000,-91.285197,54.701006,1840,0,0.5396739130434782
ofr10km_230000_640000,230000,640000,-91.275952,54.792357,1840,0,0.5396739130434782
ofr10km_230000_650000,230000,650000,-91.266662,54.883726,1840,0,0.5396739130434782
ofr10km_230000_660000,230000,660000,-91.257325,54.975115,1840,0,0.5396739130434782
ofr10km_230000_670000,230000,670000,-91.247941,55.066522,1840,0,0.5396739130434782
ofr10km_230000_680000,230000,680000,-91.23851,55.157947,1840,0,0.5396739130434782
ofr10km_230000_690000,230000,690000,-91.229031,55.24939,1840,0,0.5396739130434782
ofr10km_230000_70000,230000,70000,-91.73864,49.620919,1840,1,0.3744565217391304
ofr10km_230000_700000,230000,700000,-91.219505,55.340852,1840,0,0.5396739130434782
ofr10km_230000_710000,230000,710000,-91.209931,55.432331,1840,0,0.5396739130434782
ofr10km_230000_80000,230000,80000,-91.731514,49.710938,1840,1,0.3744565217391304
ofr10km_230000_90000,230000,90000,-91.724358,49.800985,1840,0,0.3744565217391304
ofr10km_240000_-10000,240000,-10000,-91.658386,48.897177,1840,1,0.3673913043478261
ofr10km_240000_-20000,240000,-20000,-91.66553,48.80743,1840,2,0.3673913043478261
ofr10km_240000_-30000,240000,-30000,-91.672643,48.717712,1840,1,0.3673913043478261
ofr10km_240000_-40000,240000,-40000,-91.679726,48.628024,1840,1,0.35706521739130437
ofr10km_240000_-50000,240000,-50000,-91.686779,48.538367,1840,0,0.35706521739130437
ofr10km_240000_-60000,240000,-60000,-91.693802,48.448739,1840,0,0.3565217391304348
ofr10km_240000_-70000,240000,-70000,-91.700795,48.359141,1840,0,0.3565217391304348
ofr10km_240000_-80000,240000,-80000,-91.707759,48.269574,1840,0,0.3565217391304348
ofr10km_240000_-90000,240000,-90000,-91.714693,48.180037,1840,0,0.3565217391304348
ofr10km_240000_0,240000,0,-91.651212,48.986953,1840,0,0.3673913043478261
ofr10km_240000_10000,240000,10000,-91.644007,49.076759,1840,1,0.3673913043478261
ofr10km_240000_100000,240000,100000,-91.577739,49.886307,1840,0,0.3744565217391304
ofr10km_240000_110000,240000,110000,-91.570214,49.976398,1840,1,0.3744565217391304
ofr10km_240000_120000,240000,120000,-91.562657,50.066517,1840,0,0.3744565217391304
ofr10km_240000_130000,240000,130000,-91.555065,50.156663,1840,3,0.3744565217391304
ofr10km_240000_140000,240000,140000,-91.54744,50.246837,1840,0,0.3744565217391304
ofr10km_240000_150000,240000,150000,-91.539782,50.337038,1840,3,0.3744565217391304
ofr10km_240000_160000,240000,160000,-91.532089,50.427265,1840,3,0.3744565217391304
ofr10km_240000_170000,240000,170000,-91.524362,50.51752,1840,2,0.3744565217391304
ofr10km_240000_180000,240000,180000,-91.516601,50.607802,1840,3,0.3744565217391304
ofr10km_240000_190000,240000,190000,-91.508805,50.69811,1840,4,0.3744565217391304
ofr10km_240000_20000,240000,20000,-91.636771,49.166594,1840,0,0.3673913043478261
ofr10km_240000_200000,240000,200000,-91.500974,50.788444,1840,2,0.3744565217391304
ofr10km_240000_210000,240000,210000,-91.493107,50.878805,1840,0,0.4668478260869565
ofr10km_240000_220000,240000,220000,-91.485206,50.969192,1840,0,0.9347826086956522
ofr10km_240000_230000,240000,230000,-91.477269,51.059605,1840,0,0.7570652173913044
ofr10km_240000_240000,240000,240000,-91.469295,51.150044,1840,1,0.7570652173913044
ofr10km_240000_250000,240000,250000,-91.461286,51.240509,1840,5,0.7570652173913044
ofr10km_240000_260000,240000,260000,-91.45324,51.330999,1840,4,0.5836956521739131
ofr10km_240000_270000,240000,270000,-91.445158,51.421514,1840,5,0.5836956521739131
ofr10km_240000_280000,240000,280000,-91.437039,51.512054,1840,0,0.45217391304347826
ofr10km_240000_290000,240000,290000,-91.428883,51.60262,1840,2,0.45217391304347826
ofr10km_240000_30000,240000,30000,-91.629503,49.256458,1840,0,0.3673913043478261
ofr10km_240000_300000,240000,300000,-91.420689,51.69321,1840,1,0.5853260869565218
ofr10km_240000_310000,240000,310000,-91.412458,51.783825,1840,0,0.5853260869565218
ofr10km_240000_320000,240000,320000,-91.404188,51.874465,1840,2,0.5853260869565218
ofr10km_240000_330000,240000,330000,-91.395881,51.965129,1840,0,0.5853260869565218
ofr10km_240000_340000,240000,340000,-91.387535,52.055817,1840,1,0.7597826086956522
ofr10km_240000_350000,240000,350000,-91.37915,52.146529,1840,1,0.7597826086956522
ofr10km_240000_360000,240000,360000,-91.370727,52.237265,1840,0,0.7597826086956522
ofr10km_240000_370000,240000,370000,-91.362264,52.328025,1840,4,0.7597826086956522
ofr10km_240000_380000,240000,380000,-91.353762,52.418809,1840,0,0.8505434782608695
ofr10km_240000_390000,240000,390000,-91.34522,52.509615,1840,0,0.8505434782608695
ofr10km_240000_40000,240000,40000,-91.622204,49.346351,1840,2,0.36793478260869567
ofr10km_240000_400000,240000,400000,-91.336637,52.600445,1840,1,0.6847826086956522
ofr10km_240000_410000,240000,410000,-91.328015,52.691298,1840,3,0.6847826086956522
ofr10km_240000_420000,240000,420000,-91.319352,52.782174,1840,0,0.6847826086956522
ofr10km_240000_430000,240000,430000,-91.310648,52.873073,1840,0,0.6847826086956522
ofr10km_240000_440000,240000,440000,-91.301902,52.963994,1840,7,0.6847826086956522
ofr10km_240000_450000,240000,450000,-91.293116,53.054938,1840,2,0.6847826086956522
ofr10km_240000_460000,240000,460000,-91.284287,53.145903,1840,0,0.6847826086956522
ofr10km_240000_470000,240000,470000,-91.275416,53.236891,1840,1,0.6847826086956522
ofr10km_240000_480000,240000,480000,-91.266503,53.327901,1840,0,0.6847826086956522
ofr10km_240000_490000,240000,490000,-91.257547,53.418932,1840,0,0.6847826086956522
ofr10km_240000_50000,240000,50000,-91.614874,49.436273,1840,4,0.36793478260869567
ofr10km_240000_500000,240000,500000,-91.248548,53.509985,1840,0,0.6847826086956522
ofr10km_240000_510000,240000,510000,-91.239506,53.601059,1840,1,0.6847826086956522
ofr10km_240000_520000,240000,520000,-91.23042,53.692155,1840,1,0.6847826086956522
ofr10km_240000_530000,240000,530000,-91.22129,53.783271,1840,0,0.6847826086956522
ofr10km_240000_540000,240000,540000,-91.212116,53.874409,1840,1,0.6847826086956522
ofr10km_240000_550000,240000,550000,-91.202898,53.965567,1840,0,0.8418478260869565
ofr10km_240000_560000,240000,560000,-91.193634,54.056745,1840,0,0.8418478260869565
ofr10km_240000_570000,240000,570000,-91.184325,54.147944,1840,0,0.8418478260869565
ofr10km_240000_580000,240000,580000,-91.174971,54.239162,1840,0,0.5396739130434782
ofr10km_240000_590000,240000,590000,-91.16557,54.330401,1840,1,0.5396739130434782
ofr10km_240000_60000,240000,60000,-91.607511,49.526223,1840,2,0.4657608695652174
ofr10km_240000_600000,240000,600000,-91.156124,54.42166,1840,2,0.5396739130434782
ofr10km_240000_610000,240000,610000,-91.14663,54.512938,1840,0,0.5396739130434782
ofr10km_240000_620000,240000,620000,-91.13709,54.604236,1840,0,0.5396739130434782
ofr10km_240000_630000,240000,630000,-91.127503,54.695552,1840,0,0.5396739130434782
ofr10km_240000_640000,240000,640000,-91.117868,54.786888,1840,0,0.5396739130434782
ofr10km_240000_650000,240000,650000,-91.108184,54.878243,1840,0,0.5396739130434782
ofr10km_240000_660000,240000,660000,-91.098453,54.969616,1840,0,0.5396739130434782
ofr10km_240000_670000,240000,670000,-91.088673,55.061008,1840,0,0.5396739130434782
ofr10km_240000_680000,240000,680000,-91.078843,55.152419,1840,0,0.5396739130434782
ofr10km_240000_690000,240000,690000,-91.068965,55.243847,1840,0,0.5396739130434782
ofr10km_240000_70000,240000,70000,-91.600117,49.616202,1840,0,0.3744565217391304
ofr10km_240000_700000,240000,700000,-91.059036,55.335294,1840,0,0.5396739130434782
ofr10km_240000_710000,240000,710000,-91.049057,55.426758,1840,0,0.5396739130434782
ofr10km_240000_720000,240000,720000,-91.039028,55.51824,1840,0,0.5396739130434782
ofr10km_240000_80000,240000,80000,-91.59269,49.706209,1840,0,0.3744565217391304
ofr10km_240000_90000,240000,90000,-91.585231,49.796244,1840,0,0.3744565217391304
ofr10km_250000_-10000,250000,-10000,-91.52226,48.892361,1840,3,0.3673913043478261
ofr10km_250000_-100000,250000,-100000,-91.588038,48.085821,1840,3,0.3565217391304348
ofr10km_250000_-20000,250000,-20000,-91.529694,48.802625,1840,4,0.3673913043478261
ofr10km_250000_-30000,250000,-30000,-91.537095,48.71292,1840,4,0.3673913043478261
ofr10km_250000_-40000,250000,-40000,-91.544466,48.623244,1840,4,0.3673913043478261
ofr10km_250000_-50000,250000,-50000,-91.551805,48.533598,1840,1,0.3673913043478261
ofr10km_250000_-60000,250000,-60000,-91.559113,48.443982,1840,0,0.35706521739130437
ofr10km_250000_-70000,250000,-70000,-91.56639,48.354396,1840,0,0.35706521739130437
ofr10km_250000_-80000,250000,-80000,-91.573636,48.26484,1840,1,0.35706521739130437
ofr10km_250000_-90000,250000,-90000,-91.580852,48.175315,1840,2,0.3565217391304348
ofr10km_250000_0,250000,0,-91.514795,48.982125,1840,1,0.3673913043478261
ofr10km_250000_10000,250000,10000,-91.507297,49.071919,1840,0,0.3673913043478261
ofr10km_250000_100000,250000,100000,-91.438341,49.881357,1840,3,0.3744565217391304
ofr10km_250000_110000,250000,110000,-91.430511,49.971436,1840,2,0.3744565217391304
ofr10km_250000_120000,250000,120000,-91.422647,50.061542,1840,1,0.3744565217391304
ofr10km_250000_130000,250000,130000,-91.414748,50.151676,1840,1,0.3744565217391304
ofr10km_250000_140000,250000,140000,-91.406813,50.241837,1840,0,0.3744565217391304
ofr10km_250000_150000,250000,150000,-91.398844,50.332025,1840,3,0.3744565217391304
ofr10km_250000_160000,250000,160000,-91.390839,50.42224,1840,1,0.3744565217391304
ofr10km_250000_170000,250000,170000,-91.382799,50.512482,1840,0,0.3744565217391304
ofr10km_250000_180000,250000,180000,-91.374723,50.602751,1840,1,0.3744565217391304
ofr10km_250000_190000,250000,190000,-91.366611,50.693046,1840,3,0.3744565217391304
ofr10km_250000_20000,250000,20000,-91.499768,49.161742,1840,1,0.3673913043478261
ofr10km_250000_200000,250000,200000,-91.358462,50.783368,1840,0,0.3744565217391304
ofr10km_250000_210000,250000,210000,-91.350277,50.873716,1840,1,0.3744565217391304
ofr10km_250000_220000,250000,220000,-91.342055,50.96409,1840,0,0.9347826086956522
ofr10km_250000_230000,250000,230000,-91.333796,51.05449,1840,2,0.5836956521739131
ofr10km_250000_240000,250000,240000,-91.325499,51.144916,1840,4,0.5836956521739131
ofr10km_250000_250000,250000,250000,-91.317165,51.235367,1840,0,0.5836956521739131
ofr10km_250000_260000,250000,260000,-91.308793,51.325844,1840,0,0.5836956521739131
ofr10km_250000_270000,250000,270000,-91.300383,51.416346,1840,2,0.45217391304347826
ofr10km_250000_280000,250000,280000,-91.291935,51.506873,1840,2,0.45217391304347826
ofr10km_250000_290000,250000,290000,-91.283448,51.597426,1840,2,0.45217391304347826
ofr10km_250000_30000,250000,30000,-91.492205,49.251594,1840,0,0.3673913043478261
ofr10km_250000_300000,250000,300000,-91.274922,51.688003,1840,0,0.45217391304347826
ofr10km_250000_310000,250000,310000,-91.266357,51.778604,1840,0,0.5853260869565218
ofr10km_250000_320000,250000,320000,-91.257752,51.86923,1840,1,0.5853260869565218
ofr10km_250000_330000,250000,330000,-91.249108,51.959881,1840,0,0.5853260869565218
ofr10km_250000_340000,250000,340000,-91.240424,52.050555,1840,0,0.5853260869565218
ofr10km_250000_350000,250000,350000,-91.231699,52.141254,1840,0,0.7597826086956522
ofr10km_250000_360000,250000,360000,-91.222934,52.231976,1840,1,0.7597826086956522
ofr10km_250000_370000,250000,370000,-91.214129,52.322723,1840,1,0.7597826086956522
ofr10km_250000_380000,250000,380000,-91.205282,52.413492,1840,0,0.9418478260869565
ofr10km_250000_390000,250000,390000,-91.196393,52.504285,1840,2,0.9418478260869565
ofr10km_250000_40000,250000,40000,-91.48461,49.341475,1840,4,0.36793478260869567
ofr10km_250000_400000,250000,400000,-91.187463,52.595101,1840,0,0.8505434782608695
ofr10km_250000_410000,250000,410000,-91.178491,52.68594,1840,0,0.6847826086956522
ofr10km_250000_420000,250000,420000,-91.169477,52.776802,1840,1,0.6847826086956522
ofr10km_250000_430000,250000,430000,-91.16042,52.867687,1840,3,0.6847826086956522
ofr10km_250000_440000,250000,440000,-91.151321,52.958594,1840,1,0.6847826086956522
ofr10km_250000_450000,250000,450000,-91.142178,53.049523,1840,2,0.6847826086956522
ofr10km_250000_460000,250000,460000,-91.132991,53.140475,1840,0,0.6847826086956522
ofr10km_250000_470000,250000,470000,-91.123761,53.231448,1840,0,0.6847826086956522
ofr10km_250000_480000,250000,480000,-91.114487,53.322443,1840,0,0.6847826086956522
ofr10km_250000_490000,250000,490000,-91.105168,53.41346,1840,1,0.6847826086956522
ofr10km_250000_50000,250000,50000,-91.476982,49.431385,1840,0,0.36793478260869567
ofr10km_250000_500000,250000,500000,-91.095805,53.504499,1840,1,0.6847826086956522
ofr10km_250000_510000,250000,510000,-91.086396,53.595559,1840,1,0.6847826086956522
ofr10km_250000_520000,250000,520000,-91.076942,53.686639,1840,0,0.6847826086956522
ofr10km_250000_530000,250000,530000,-91.067443,53.777741,1840,0,0.6847826086956522
ofr10km_250000_540000,250000,540000,-91.057897,53.868864,1840,0,0.6847826086956522
ofr10km_250000_550000,250000,550000,-91.048305,53.960007,1840,2,0.6847826086956522
ofr10km_250000_560000,250000,560000,-91.038666,54.05117,1840,0,0.5396739130434782
ofr10km_250000_570000,250000,570000,-91.02898,54.142354,1840,0,0.5396739130434782
ofr10km_250000_580000,250000,580000,-91.019247,54.233558,1840,0,0.5396739130434782
ofr10km_250000_590000,250000,590000,-91.009465,54.324782,1840,0,0.5396739130434782
ofr10km_250000_60000,250000,60000,-91.469321,49.521323,1840,2,0.4657608695652174
ofr10km_250000_600000,250000,600000,-90.999636,54.416025,1840,0,0.5396739130434782
ofr10km_250000_610000,250000,610000,-90.989758,54.507288,1840,0,0.5396739130434782
ofr10km_250000_620000,250000,620000,-90.979832,54.598571,1840,0,0.5228260869565218
ofr10km_250000_630000,250000,630000,-90.969856,54.689872,1840,0,0.5228260869565218
ofr10km_250000_640000,250000,640000,-90.959831,54.781193,1840,0,0.5228260869565218
ofr10km_250000_650000,250000,650000,-90.949756,54.872532,1840,0,0.5228260869565218
ofr10km_250000_660000,250000,660000,-90.93963,54.96389,1840,0,0.5228260869565218
ofr10km_250000_670000,250000,670000,-90.929454,55.055266,1840,0,0.5228260869565218
ofr10km_250000_680000,250000,680000,-90.919226,55.146661,1840,0,0.5228260869565218
ofr10km_250000_690000,250000,690000,-90.908948,55.238074,1840,0,0.5228260869565218
ofr10km_250000_70000,250000,70000,-91.461627,49.611289,1840,0,0.3744565217391304
ofr10km_250000_700000,250000,700000,-90.898617,55.329505,1840,0,0.5228260869565218
ofr10km_250000_710000,250000,710000,-90.888234,55.420953,1840,0,0.5228260869565218
ofr10km_250000_720000,250000,720000,-90.877799,55.512419,1840,0,0.5228260869565218
ofr10km_250000_730000,250000,730000,-90.86731,55.603902,1840,0,0.7554347826086957
ofr10km_250000_80000,250000,80000,-91.453899,49.701284,1840,0,0.3744565217391304
ofr10km_250000_90000,250000,90000,-91.446137,49.791307,1840,0,0.3744565217391304
ofr10km_260000_-10000,260000,-10000,-91.386166,48.887352,1840,5,0.3673913043478261
ofr10km_260000_-100000,260000,-100000,-91.454507,48.080922,1840,3,0.35706521739130437
ofr10km_260000_-20000,260000,-20000,-91.393889,48.79763,1840,2,0.3673913043478261
ofr10km_260000_-30000,260000,-30000,-91.401579,48.707936,1840,6,0.3673913043478261
ofr10km_260000_-40000,260000,-40000,-91.409237,48.618273,1840,1,0.3673913043478261
ofr10km_260000_-50000,260000,-50000,-91.416862,48.528639,1840,2,0.3673913043478261
ofr10km_260000_-60000,260000,-60000,-91.424455,48.439035,1840,1,0.35706521739130437
ofr10km_260000_-70000,260000,-70000,-91.432016,48.349461,1840,1,0.35706521739130437
ofr10km_260000_-80000,260000,-80000,-91.439544,48.259918,1840,1,0.35706521739130437
ofr10km_260000_-90000,260000,-90000,-91.447042,48.170405,1840,2,0.35706521739130437
ofr10km_260000_0,260000,0,-91.37841,48.977105,1840,4,0.3673913043478261
ofr10km_260000_10000,260000,10000,-91.37062,49.066886,1840,1,0.3673913043478261
ofr10km_260000_100000,260000,100000,-91.298978,49.87621,1840,1,0.3744565217391304
ofr10km_260000_110000,260000,110000,-91.290842,49.966276,1840,1,0.3744565217391304
ofr10km_260000_120000,260000,120000,-91.282672,50.056369,1840,0,0.3744565217391304
ofr10km_260000_130000,260000,130000,-91.274465,50.14649,1840,1,0.3744565217391304
ofr10km_260000_140000,260000,140000,-91.266222,50.236638,1840,3,0.3744565217391304
ofr10km_260000_150000,260000,150000,-91.257942,50.326813,1840,2,0.3744565217391304
ofr10km_260000_160000,260000,160000,-91.249625,50.417015,1840,2,0.3744565217391304
ofr10km_260000_170000,260000,170000,-91.241272,50.507244,1840,1,0.3744565217391304
ofr10km_260000_180000,260000,180000,-91.232881,50.597499,1840,1,0.3744565217391304
ofr10km_260000_190000,260000,190000,-91.224453,50.687781,1840,1,0.3744565217391304
ofr10km_260000_20000,260000,20000,-91.362797,49.156697,1840,0,0.3673913043478261
ofr10km_260000_200000,260000,200000,-91.215987,50.77809,1840,0,0.3744565217391304
ofr10km_260000_210000,260000,210000,-91.207483,50.868424,1840,0,0.5836956521739131
ofr10km_260000_220000,260000,220000,-91.198941,50.958785,1840,1,0.5836956521739131
ofr10km_260000_230000,260000,230000,-91.19036,51.049171,1840,0,0.45054347826086955
ofr10km_260000_240000,260000,240000,-91.181741,51.139583,1840,2,0.45054347826086955
ofr10km_260000_250000,260000,250000,-91.173082,51.230021,1840,1,0.45054347826086955
ofr10km_260000_260000,260000,260000,-91.164384,51.320484,1840,1,0.45217391304347826
ofr10km_260000_270000,260000,270000,-91.155647,51.410973,1840,1,0.45217391304347826
ofr10km_260000_280000,260000,280000,-91.146869,51.501486,1840,0,0.45217391304347826
ofr10km_260000_290000,260000,290000,-91.138052,51.592024,1840,0,0.45217391304347826
ofr10km_260000_30000,260000,30000,-91.35494,49.246536,1840,0,0.3673913043478261
ofr10km_260000_300000,260000,300000,-91.129194,51.682587,1840,0,0.45217391304347826
ofr10km_260000_310000,260000,310000,-91.120295,51.773175,1840,2,0.5853260869565218
ofr10km_260000_320000,260000,320000,-91.111356,51.863787,1840,0,0.5853260869565218
ofr10km_260000_330000,260000,330000,-91.102375,51.954424,1840,0,0.5853260869565218
ofr10km_260000_340000,260000,340000,-91.093353,52.045084,1840,2,0.5853260869565218
ofr10km_260000_350000,260000,350000,-91.084289,52.135769,1840,2,0.7597826086956522
ofr10km_260000_360000,260000,360000,-91.075183,52.226477,1840,0,0.7597826086956522
ofr10km_260000_370000,260000,370000,-91.066034,52.317209,1840,1,0.9418478260869565
ofr10km_260000_380000,260000,380000,-91.056843,52.407964,1840,0,0.9418478260869565
ofr10km_260000_390000,260000,390000,-91.047609,52.498742,1840,2,0.9418478260869565
ofr10km_260000_40000,260000,40000,-91.347049,49.336404,1840,4,0.36793478260869567
ofr10km_260000_400000,260000,400000,-91.038331,52.589544,1840,1,0.8505434782608695
ofr10km_260000_410000,260000,410000,-91.02901,52.680369,1840,0,0.8505434782608695
ofr10km_260000_420000,260000,420000,-91.019645,52.771216,1840,0,0.8505434782608695
ofr10km_260000_430000,260000,430000,-91.010236,52.862086,1840,1,0.8505434782608695
ofr10km_260000_440000,260000,440000,-91.000782,52.952978,1840,1,0.6847826086956522
ofr10km_260000_450000,260000,450000,-90.991283,53.043893,1840,2,0.6847826086956522
ofr10km_260000_460000,260000,460000,-90.98174,53.13483,1840,1,0.6847826086956522
ofr10km_260000_470000,260000,470000,-90.97215,53.225788,1840,0,0.6847826086956522
ofr10km_260000_480000,260000,480000,-90.962515,53.316769,1840,0,0.6847826086956522
ofr10km_260000_490000,260000,490000,-90.952834,53.40777,1840,1,0.6847826086956522
ofr10km_260000_50000,260000,50000,-91.339124,49.426301,1840,1,0.36793478260869567
ofr10km_260000_500000,260000,500000,-90.943106,53.498794,1840,0,0.6847826086956522
ofr10km_260000_510000,260000,510000,-90.933332,53.589838,1840,0,0.6847826086956522
ofr10km_260000_520000,260000,520000,-90.92351,53.680904,1840,0,0.6847826086956522
ofr10km_260000_530000,260000,530000,-90.913641,53.771991,1840,0,0.5228260869565218
ofr10km_260000_540000,260000,540000,-90.903724,53.863098,1840,0,0.5228260869565218
ofr10km_260000_550000,260000,550000,-90.893758,53.954226,1840,3,0.5228260869565218
ofr10km_260000_560000,260000,560000,-90.883745,54.045374,1840,0,0.5228260869565218
ofr10km_260000_570000,260000,570000,-90.873682,54.136542,1840,0,0.5228260869565218
ofr10km_260000_580000,260000,580000,-90.86357,54.22773,1840,0,0.5228260869565218
ofr10km_260000_590000,260000,590000,-90.853409,54.318939,1840,0,0.5228260869565218
ofr10km_260000_60000,260000,60000,-91.331164,49.516227,1840,2,0.3744565217391304
ofr10km_260000_600000,260000,600000,-90.843197,54.410166,1840,0,0.5228260869565218
ofr10km_260000_610000,260000,610000,-90.832935,54.501414,1840,2,0.5228260869565218
ofr10km_260000_620000,260000,620000,-90.822623,54.59268,1840,0,0.5228260869565218
ofr10km_260000_630000,260000,630000,-90.812259,54.683966,1840,0,0.5228260869565218
ofr10km_260000_640000,260000,640000,-90.801844,54.77527,1840,0,0.5228260869565218
ofr10km_260000_650000,260000,650000,-90.791377,54.866594,1840,0,0.5228260869565218
ofr10km_260000_660000,260000,660000,-90.780858,54.957936,1840,0,0.5228260869565218
ofr10km_260000_670000,260000,670000,-90.770286,55.049296,1840,0,0.5228260869565218
ofr10km_260000_680000,260000,680000,-90.759661,55.140674,1840,0,0.5228260869565218
ofr10km_260000_690000,260000,690000,-90.748983,55.232071,1840,0,0.5228260869565218
ofr10km_260000_70000,260000,70000,-91.32317,49.606181,1840,0,0.3744565217391304
ofr10km_260000_700000,260000,700000,-90.73825,55.323485,1840,0,0.5228260869565218
ofr10km_260000_710000,260000,710000,-90.727464,55.414917,1840,0,0.5228260869565218
ofr10km_260000_720000,260000,720000,-90.716623,55.506366,1840,0,0.5228260869565218
ofr10km_260000_730000,260000,730000,-90.705727,55.597833,1840,0,0.7554347826086957
ofr10km_260000_740000,260000,740000,-90.694775,55.689317,1840,0,0.7554347826086957
ofr10km_260000_750000,260000,750000,-90.683768,55.780818,1840,0,0.7554347826086957
ofr10km_260000_80000,260000,80000,-91.315141,49.696162,1840,0,0.3744565217391304
ofr10km_260000_90000,260000,90000,-91.307077,49.786172,1840,0,0.3744565217391304
ofr10km_270000_-10000,270000,-10000,-91.250105,48.882153,1840,1,0.3527173913043478
ofr10km_270000_-100000,270000,-100000,-91.321008,48.075836,1840,0,0.8396739130434783
ofr10km_270000_-20000,270000,-20000,-91.258118,48.792443,1840,2,0.3527173913043478
ofr10km_270000_-30000,270000,-30000,-91.266096,48.702762,1840,4,0.3527173913043478
ofr10km_270000_-40000,270000,-40000,-91.274041,48.613111,1840,1,0.3527173913043478
ofr10km_270000_-50000,270000,-50000,-91.281952,48.52349,1840,0,0.3527173913043478
ofr10km_270000_-60000,270000,-60000,-91.289829,48.433899,1840,0,0.35706521739130437
ofr10km_270000_-70000,270000,-70000,-91.297673,48.344338,1840,0,0.35706521739130437
ofr10km_270000_-80000,270000,-80000,-91.305484,48.254807,1840,5,0.35706521739130437
ofr10km_270000_-90000,270000,-90000,-91.313262,48.165306,1840,2,0.35706521739130437
ofr10km_270000_0,270000,0,-91.242058,48.971892,1840,0,0.3527173913043478
ofr10km_270000_10000,270000,10000,-91.233976,49.06166,1840,1,0.3527173913043478
ofr10km_270000_100000,270000,100000,-91.159649,49.870866,1840,1,0.3744565217391304
ofr10km_270000_110000,270000,110000,-91.151209,49.960918,1840,0,0.3744565217391304
ofr10km_270000_120000,270000,120000,-91.142732,50.050998,1840,0,0.3744565217391304
ofr10km_270000_130000,270000,130000,-91.134218,50.141105,1840,0,0.3744565217391304
ofr10km_270000_140000,270000,140000,-91.125666,50.231239,1840,2,0.3744565217391304
ofr10km_270000_150000,270000,150000,-91.117076,50.321401,1840,0,0.3744565217391304
ofr10km_270000_160000,270000,160000,-91.108448,50.411589,1840,3,0.3744565217391304
ofr10km_270000_170000,270000,170000,-91.099782,50.501804,1840,0,0.3744565217391304
ofr10km_270000_180000,270000,180000,-91.091077,50.592046,1840,2,0.3744565217391304
ofr10km_270000_190000,270000,190000,-91.082333,50.682314,1840,1,0.3744565217391304
ofr10km_270000_20000,270000,20000,-91.22586,49.151458,1840,2,0.3527173913043478
ofr10km_270000_200000,270000,200000,-91.07355,50.772609,1840,1,0.3744565217391304
ofr10km_270000_210000,270000,210000,-91.064728,50.862929,1840,1,0.5836956521739131
ofr10km_270000_220000,270000,220000,-91.055865,50.953276,1840,0,0.5836956521739131
ofr10km_270000_230000,270000,230000,-91.046963,51.043648,1840,0,0.45054347826086955
ofr10km_270000_240000,270000,240000,-91.038021,51.134046,1840,0,0.45054347826086955
ofr10km_270000_250000,270000,250000,-91.029038,51.22447,1840,0,0.45054347826086955
ofr10km_270000_260000,270000,260000,-91.020015,51.314919,1840,4,0.45217391304347826
ofr10km_270000_270000,270000,270000,-91.01095,51.405393,1840,1,0.45217391304347826
ofr10km_270000_280000,270000,280000,-91.001844,51.495892,1840,0,0.45217391304347826
ofr10km_270000_290000,270000,290000,-90.992696,51.586416,1840,0,0.45217391304347826
ofr10km_270000_30000,270000,30000,-91.217709,49.241284,1840,3,0.3527173913043478
ofr10km_270000_300000,270000,300000,-90.983507,51.676965,1840,0,0.45217391304347826
ofr10km_270000_310000,270000,310000,-90.974275,51.767538,1840,0,0.5853260869565218
ofr10km_270000_320000,270000,320000,-90.965001,51.858136,1840,0,0.5853260869565218
ofr10km_270000_330000,270000,330000,-90.955684,51.948757,1840,1,0.5853260869565218
ofr10km_270000_340000,270000,340000,-90.946324,52.039403,1840,0,0.5853260869565218
ofr10km_270000_350000,270000,350000,-90.936921,52.130073,1840,0,0.5853260869565218
ofr10km_270000_360000,270000,360000,-90.927474,52.220766,1840,1,0.7597826086956522
ofr10km_270000_370000,270000,370000,-90.917983,52.311483,1840,1,0.9418478260869565
ofr10km_270000_380000,270000,380000,-90.908447,52.402224,1840,2,0.9418478260869565
ofr10km_270000_390000,270000,390000,-90.898867,52.492987,1840,0,0.9418478260869565
ofr10km_270000_40000,270000,40000,-91.209522,49.33114,1840,0,0.35380434782608694
ofr10km_270000_400000,270000,400000,-90.889243,52.583774,1840,2,0.8505434782608695
ofr10km_270000_410000,270000,410000,-90.879573,52.674584,1840,0,0.8505434782608695
ofr10km_270000_420000,270000,420000,-90.869857,52.765416,1840,0,0.8505434782608695
ofr10km_270000_430000,270000,430000,-90.860096,52.85627,1840,0,0.8505434782608695
ofr10km_270000_440000,270000,440000,-90.850288,52.947148,1840,0,0.6847826086956522
ofr10km_270000_450000,270000,450000,-90.840434,53.038047,1840,0,0.6847826086956522
ofr10km_270000_460000,270000,460000,-90.830533,53.128968,1840,1,0.6847826086956522
ofr10km_270000_470000,270000,470000,-90.820585,53.219911,1840,0,0.6847826086956522
ofr10km_270000_480000,270000,480000,-90.810589,53.310876,1840,0,0.6847826086956522
ofr10km_270000_490000,270000,490000,-90.800546,53.401863,1840,0,0.8418478260869565
ofr10km_270000_50000,270000,50000,-91.2013,49.421023,1840,0,0.35380434782608694
ofr10km_270000_500000,270000,500000,-90.790454,53.49287,1840,0,0.6847826086956522
ofr10km_270000_510000,270000,510000,-90.780314,53.583899,1840,0,0.5228260869565218
ofr10km_270000_520000,270000,520000,-90.770125,53.674949,1840,1,0.5228260869565218
ofr10km_270000_530000,270000,530000,-90.759887,53.76602,1840,0,0.5228260869565218
ofr10km_270000_540000,270000,540000,-90.749599,53.857111,1840,1,0.5228260869565218
ofr10km_270000_550000,270000,550000,-90.739261,53.948223,1840,1,0.5228260869565218
ofr10km_270000_560000,270000,560000,-90.728872,54.039355,1840,0,0.5228260869565218
ofr10km_270000_570000,270000,570000,-90.718433,54.130508,1840,0,0.5228260869565218
ofr10km_270000_580000,270000,580000,-90.707943,54.22168,1840,0,0.5228260869565218
ofr10km_270000_590000,270000,590000,-90.697402,54.312872,1840,0,0.5228260869565218
ofr10km_270000_60000,270000,60000,-91.193042,49.510936,1840,0,0.38206521739130433
ofr10km_270000_600000,270000,600000,-90.686808,54.404083,1840,0,0.5228260869565218
ofr10km_270000_610000,270000,610000,-90.676163,54.495314,1840,0,0.5228260869565218
ofr10km_270000_620000,270000,620000,-90.665465,54.586564,1840,0,0.5228260869565218
ofr10km_270000_630000,270000,630000,-90.654713,54.677833,1840,0,0.5228260869565218
ofr10km_270000_640000,270000,640000,-90.643909,54.769121,1840,0,0.5228260869565218
ofr10km_270000_650000,270000,650000,-90.633051,54.860428,1840,0,0.5228260869565218
ofr10km_270000_660000,270000,660000,-90.622138,54.951753,1840,0,0.5228260869565218
ofr10km_270000_670000,270000,670000,-90.611171,55.043097,1840,0,0.5228260869565218
ofr10km_270000_680000,270000,680000,-90.600149,55.134458,1840,0,0.5228260869565218
ofr10km_270000_690000,270000,690000,-90.589071,55.225838,1840,0,0.5228260869565218
ofr10km_270000_70000,270000,70000,-91.184748,49.600876,1840,0,0.47282608695652173
ofr10km_270000_700000,270000,700000,-90.577938,55.317235,1840,0,0.5228260869565218
ofr10km_270000_710000,270000,710000,-90.566748,55.40865,1840,0,0.5228260869565218
ofr10km_270000_720000,270000,720000,-90.555502,55.500082,1840,0,0.7554347826086957
ofr10km_270000_730000,270000,730000,-90.544199,55.591532,1840,0,0.7554347826086957
ofr10km_270000_740000,270000,740000,-90.532838,55.682998,1840,0,0.7554347826086957
ofr10km_270000_750000,270000,750000,-90.521419,55.774482,1840,0,0.7554347826086957
ofr10km_270000_760000,270000,760000,-90.509942,55.865982,1840,0,0.7554347826086957
ofr10km_270000_80000,270000,80000,-91.176419,49.690845,1840,1,0.3744565217391304
ofr10km_270000_90000,270000,90000,-91.168052,49.780842,1840,4,0.3744565217391304
ofr10km_280000_-10000,280000,-10000,-91.114078,48.876761,1840,0,0.3527173913043478
ofr10km_280000_-20000,280000,-20000,-91.12238,48.787064,1840,0,0.3527173913043478
ofr10km_280000_-30000,280000,-30000,-91.130647,48.697397,1840,2,0.3527173913043478
ofr10km_280000_-40000,280000,-40000,-91.138878,48.607759,1840,1,0.3527173913043478
ofr10km_280000_-50000,280000,-50000,-91.147075,48.518151,1840,1,0.3527173913043478
ofr10km_280000_-60000,280000,-60000,-91.155236,48.428573,1840,0,0.3527173913043478
ofr10km_280000_-70000,280000,-70000,-91.163364,48.339025,1840,0,0.35706521739130437
ofr10km_280000_-80000,280000,-80000,-91.171457,48.249507,1840,1,0.35706521739130437
ofr10km_280000_-90000,280000,-90000,-91.179516,48.16002,1840,2,0.8396739130434783
ofr10km_280000_0,280000,0,-91.105741,48.966487,1840,1,0.3527173913043478
ofr10km_280000_10000,280000,10000,-91.097368,49.056242,1840,0,0.3527173913043478
ofr10km_280000_100000,280000,100000,-91.020358,49.865325,1840,1,0.9407608695652174
ofr10km_280000_110000,280000,110000,-91.011614,49.955363,1840,1,0.47282608695652173
ofr10km_280000_120000,280000,120000,-91.002831,50.045429,1840,0,0.47282608695652173
ofr10km_280000_130000,280000,130000,-90.994009,50.135522,1840,0,0.3744565217391304
ofr10km_280000_140000,280000,140000,-90.985149,50.225642,1840,2,0.3744565217391304
ofr10km_280000_150000,280000,150000,-90.976249,50.315789,1840,2,0.3744565217391304
ofr10km_280000_160000,280000,160000,-90.96731,50.405964,1840,2,0.4673913043478261
ofr10km_280000_170000,280000,170000,-90.958331,50.496164,1840,3,0.4673913043478261
ofr10km_280000_180000,280000,180000,-90.949312,50.586392,1840,1,0.3744565217391304
ofr10km_280000_190000,280000,190000,-90.940252,50.676646,1840,2,0.3744565217391304
ofr10km_280000_20000,280000,20000,-91.088958,49.146026,1840,2,0.3527173913043478
ofr10km_280000_200000,280000,200000,-90.931152,50.766926,1840,1,0.5836956521739131
ofr10km_280000_210000,280000,210000,-90.922012,50.857232,1840,2,0.5836956521739131
ofr10km_280000_220000,280000,220000,-90.91283,50.947564,1840,0,0.45054347826086955
ofr10km_280000_230000,280000,230000,-90.903607,51.037922,1840,1,0.45054347826086955
ofr10km_280000_240000,280000,240000,-90.894342,51.128305,1840,0,0.45054347826086955
ofr10km_280000_250000,280000,250000,-90.885035,51.218714,1840,0,0.45054347826086955
ofr10km_280000_260000,280000,260000,-90.875686,51.309149,1840,4,0.45217391304347826
ofr10km_280000_270000,280000,270000,-90.866294,51.399608,1840,0,0.45217391304347826
ofr10km_280000_280000,280000,280000,-90.85686,51.490092,1840,2,0.45217391304347826
ofr10km_280000_290000,280000,290000,-90.847383,51.580601,1840,0,0.45217391304347826
ofr10km_280000_30000,280000,30000,-91.080513,49.235839,1840,2,0.3798913043478261
ofr10km_280000_300000,280000,300000,-90.837862,51.671135,1840,0,0.45217391304347826
ofr10km_280000_310000,280000,310000,-90.828297,51.761693,1840,1,0.45217391304347826
ofr10km_280000_320000,280000,320000,-90.818689,51.852276,1840,0,0.45217391304347826
ofr10km_280000_330000,280000,330000,-90.809036,51.942882,1840,1,0.45217391304347826
ofr10km_280000_340000,280000,340000,-90.799338,52.033513,1840,2,0.45217391304347826
ofr10km_280000_350000,280000,350000,-90.789596,52.124168,1840,0,0.5853260869565218
ofr10km_280000_360000,280000,360000,-90.779808,52.214846,1840,1,0.7597826086956522
ofr10km_280000_370000,280000,370000,-90.769975,52.305547,1840,0,0.9418478260869565
ofr10km_280000_380000,280000,380000,-90.760096,52.396272,1840,1,0.9418478260869565
ofr10km_280000_390000,280000,390000,-90.750171,52.48702,1840,0,0.9418478260869565
ofr10km_280000_40000,280000,40000,-91.072031,49.325681,1840,0,0.35380434782608694
ofr10km_280000_400000,280000,400000,-90.740199,52.577791,1840,0,0.8505434782608695
ofr10km_280000_410000,280000,410000,-90.730181,52.668585,1840,0,0.8505434782608695
ofr10km_280000_420000,280000,420000,-90.720115,52.759402,1840,0,0.8505434782608695
ofr10km_280000_430000,280000,430000,-90.710002,52.850241,1840,2,0.8505434782608695
ofr10km_280000_440000,280000,440000,-90.699841,52.941102,1840,0,0.8505434782608695
ofr10km_280000_450000,280000,450000,-90.689632,53.031986,1840,0,0.6847826086956522
ofr10km_280000_460000,280000,460000,-90.679374,53.122891,1840,1,0.6847826086956522
ofr10km_280000_470000,280000,470000,-90.669067,53.213818,1840,0,0.6847826086956522
ofr10km_280000_480000,280000,480000,-90.658712,53.304767,1840,0,0.8505434782608695
ofr10km_280000_490000,280000,490000,-90.648306,53.395737,1840,1,0.7641304347826087
ofr10km_280000_50000,280000,50000,-91.063512,49.415551,1840,0,0.38206521739130433
ofr10km_280000_500000,280000,500000,-90.637851,53.486729,1840,0,0.5228260869565218
ofr10km_280000_510000,280000,510000,-90.627345,53.577741,1840,0,0.5228260869565218
ofr10km_280000_520000,280000,520000,-90.616789,53.668775,1840,0,0.5228260869565218
ofr10km_280000_530000,280000,530000,-90.606182,53.759829,1840,0,0.5228260869565218
ofr10km_280000_540000,280000,540000,-90.595523,53.850904,1840,1,0.5228260869565218
ofr10km_280000_550000,280000,550000,-90.584813,53.942,1840,0,0.5228260869565218
ofr10km_280000_560000,280000,560000,-90.574051,54.033115,1840,0,0.5228260869565218
ofr10km_280000_570000,280000,570000,-90.563236,54.124251,1840,0,0.5228260869565218
ofr10km_280000_580000,280000,580000,-90.552368,54.215406,1840,0,0.5228260869565218
ofr10km_280000_590000,280000,590000,-90.541447,54.306581,1840,0,0.5228260869565218
ofr10km_280000_60000,280000,60000,-91.054956,49.505449,1840,0,0.38206521739130433
ofr10km_280000_600000,280000,600000,-90.530472,54.397776,1840,0,0.5228260869565218
ofr10km_280000_610000,280000,610000,-90.519443,54.48899,1840,0,0.5228260869565218
ofr10km_280000_620000,280000,620000,-90.508359,54.580223,1840,0,0.5228260869565218
ofr10km_280000_630000,280000,630000,-90.497221,54.671475,1840,0,0.5228260869565218
ofr10km_280000_640000,280000,640000,-90.486028,54.762746,1840,0,0.5228260869565218
ofr10km_280000_650000,280000,650000,-90.474778,54.854035,1840,0,0.5228260869565218
ofr10km_280000_660000,280000,660000,-90.463473,54.945343,1840,0,0.5228260869565218
ofr10km_280000_670000,280000,670000,-90.452111,55.036669,1840,0,0.5228260869565218
ofr10km_280000_680000,280000,680000,-90.440692,55.128013,1840,0,0.5228260869565218
ofr10km_280000_690000,280000,690000,-90.429216,55.219375,1840,0,0.5228260869565218
ofr10km_280000_70000,280000,70000,-91.046363,49.595376,1840,0,0.38206521739130433
ofr10km_280000_700000,280000,700000,-90.417682,55.310755,1840,0,0.5228260869565218
ofr10km_280000_710000,280000,710000,-90.40609,55.402152,1840,0,0.5228260869565218
ofr10km_280000_720000,280000,720000,-90.394439,55.493567,1840,0,0.7554347826086957
ofr10km_280000_730000,280000,730000,-90.382728,55.584998,1840,0,0.7554347826086957
ofr10km_280000_740000,280000,740000,-90.370959,55.676447,1840,0,0.7554347826086957
ofr10km_280000_750000,280000,750000,-90.359129,55.767912,1840,0,0.7554347826086957
ofr10km_280000_760000,280000,760000,-90.347238,55.859394,1840,0,0.7554347826086957
ofr10km_280000_770000,280000,770000,-90.335287,55.950892,1840,0,0.7554347826086957
ofr10km_280000_80000,280000,80000,-91.037732,49.685331,1840,1,0.9407608695652174
ofr10km_280000_90000,280000,90000,-91.029064,49.775314,1840,0,0.9407608695652174
ofr10km_290000_-10000,290000,-10000,-90.978087,48.871177,1840,0,0.3527173913043478
ofr10km_290000_-20000,290000,-20000,-90.986678,48.781494,1840,1,0.3527173913043478
ofr10km_290000_-30000,290000,-30000,-90.995232,48.691841,1840,0,0.3527173913043478
ofr10km_290000_-40000,290000,-40000,-91.00375,48.602217,1840,0,0.3527173913043478
ofr10km_290000_-50000,290000,-50000,-91.012232,48.512623,1840,0,0.3527173913043478
ofr10km_290000_-60000,290000,-60000,-91.020678,48.423058,1840,2,0.3527173913043478
ofr10km_290000_-70000,290000,-70000,-91.029088,48.333524,1840,1,0.3625
ofr10km_290000_-80000,290000,-80000,-91.037463,48.244019,1840,0,0.3625
ofr10km_290000_-90000,290000,-90000,-91.045803,48.154545,1840,1,0.8396739130434783
ofr10km_290000_0,290000,0,-90.969459,48.960889,1840,2,0.3527173913043478
ofr10km_290000_10000,290000,10000,-90.960795,49.050631,1840,1,0.3527173913043478
ofr10km_290000_100000,290000,100000,-90.881105,49.859586,1840,0,0.9407608695652174
ofr10km_290000_110000,290000,110000,-90.872056,49.94961,1840,0,0.47282608695652173
ofr10km_290000_120000,290000,120000,-90.862968,50.039661,1840,2,0.47282608695652173
ofr10km_290000_130000,290000,130000,-90.853839,50.12974,1840,1,0.47282608695652173
ofr10km_290000_140000,290000,140000,-90.84467,50.219846,1840,5,0.47282608695652173
ofr10km_290000_150000,290000,150000,-90.835461,50.309978,1840,3,0.47282608695652173
ofr10km_290000_160000,290000,160000,-90.826211,50.400138,1840,2,0.9353260869565218
ofr10km_290000_170000,290000,170000,-90.816919,50.490324,1840,0,0.9353260869565218
ofr10km_290000_180000,290000,180000,-90.807587,50.580537,1840,6,0.9353260869565218
ofr10km_290000_190000,290000,190000,-90.798212,50.670776,1840,1,0.5836956521739131
ofr10km_290000_20000,290000,20000,-90.952093,49.140401,1840,1,0.3527173913043478
ofr10km_290000_200000,290000,200000,-90.788796,50.761041,1840,3,0.5836956521739131
ofr10km_290000_210000,290000,210000,-90.779337,50.851332,1840,0,0.5836956521739131
ofr10km_290000_220000,290000,220000,-90.769836,50.941649,1840,0,0.45163043478260867
ofr10km_290000_230000,290000,230000,-90.760292,51.031992,1840,1,0.45054347826086955
ofr10km_290000_240000,290000,240000,-90.750705,51.12236,1840,1,0.45054347826086955
ofr10km_290000_250000,290000,250000,-90.741074,51.212754,1840,0,0.45054347826086955
ofr10km_290000_260000,290000,260000,-90.7314,51.303173,1840,1,0.45217391304347826
ofr10km_290000_270000,290000,270000,-90.721682,51.393617,1840,2,0.45217391304347826
ofr10km_290000_280000,290000,280000,-90.711919,51.484086,1840,0,0.45217391304347826
ofr10km_290000_290000,290000,290000,-90.702112,51.57458,1840,0,0.45217391304347826
ofr10km_290000_30000,290000,30000,-90.943353,49.2302,1840,4,0.3798913043478261
ofr10km_290000_300000,290000,300000,-90.69226,51.665098,1840,1,0.45217391304347826
ofr10km_290000_310000,290000,310000,-90.682363,51.755641,1840,1,0.45217391304347826
ofr10km_290000_320000,290000,320000,-90.672421,51.846208,1840,0,0.45217391304347826
ofr10km_290000_330000,290000,330000,-90.662432,51.936799,1840,1,0.45217391304347826
ofr10km_290000_340000,290000,340000,-90.652398,52.027414,1840,0,0.45217391304347826
ofr10km_290000_350000,290000,350000,-90.642317,52.118052,1840,0,0.45217391304347826
ofr10km_290000_360000,290000,360000,-90.632189,52.208714,1840,1,0.45217391304347826
ofr10km_290000_370000,290000,370000,-90.622014,52.2994,1840,1,0.7597826086956522
ofr10km_290000_380000,290000,380000,-90.611791,52.390109,1840,0,0.7597826086956522
ofr10km_290000_390000,290000,390000,-90.601521,52.480841,1840,0,0.7597826086956522
ofr10km_290000_40000,290000,40000,-90.934576,49.320027,1840,0,0.38206521739130433
ofr10km_290000_400000,290000,400000,-90.591203,52.571596,1840,0,0.8505434782608695
ofr10km_290000_410000,290000,410000,-90.580836,52.662374,1840,0,0.8505434782608695
ofr10km_290000_420000,290000,420000,-90.570421,52.753174,1840,0,0.8505434782608695
ofr10km_290000_430000,290000,430000,-90.559956,52.843997,1840,0,0.8505434782608695
ofr10km_290000_440000,290000,440000,-90.549442,52.934842,1840,1,0.8505434782608695
ofr10km_290000_450000,290000,450000,-90.538878,53.025709,1840,1,0.8505434782608695
ofr10km_290000_460000,290000,460000,-90.528264,53.116598,1840,0,0.5402173913043479
ofr10km_290000_470000,290000,470000,-90.517599,53.207508,1840,2,0.5402173913043479
ofr10km_290000_480000,290000,480000,-90.506883,53.298441,1840,0,0.5402173913043479
ofr10km_290000_490000,290000,490000,-90.496117,53.389394,1840,0,0.5228260869565218
ofr10km_290000_50000,290000,50000,-90.92576,49.409884,1840,0,0.38206521739130433
ofr10km_290000_500000,290000,500000,-90.485298,53.480369,1840,0,0.5228260869565218
ofr10km_290000_510000,290000,510000,-90.474428,53.571365,1840,0,0.5228260869565218
ofr10km_290000_520000,290000,520000,-90.463505,53.662381,1840,0,0.5228260869565218
ofr10km_290000_530000,290000,530000,-90.452529,53.753419,1840,0,0.5228260869565218
ofr10km_290000_540000,290000,540000,-90.4415,53.844477,1840,1,0.5228260869565218
ofr10km_290000_550000,290000,550000,-90.430418,53.935555,1840,0,0.5228260869565218
ofr10km_290000_560000,290000,560000,-90.419282,54.026653,1840,0,0.5228260869565218
ofr10km_290000_570000,290000,570000,-90.408091,54.117771,1840,0,0.5228260869565218
ofr10km_290000_580000,290000,580000,-90.396846,54.20891,1840,0,0.5228260869565218
ofr10km_290000_590000,290000,590000,-90.385545,54.300067,1840,1,0.5228260869565218
ofr10km_290000_60000,290000,60000,-90.916907,49.499768,1840,1,0.38206521739130433
ofr10km_290000_600000,290000,600000,-90.374189,54.391244,1840,0,0.5228260869565218
ofr10km_290000_610000,290000,610000,-90.362777,54.482441,1840,0,0.5228260869565218
ofr10km_290000_620000,290000,620000,-90.351309,54.573656,1840,0,0.5228260869565218
ofr10km_290000_630000,290000,630000,-90.339784,54.664891,1840,0,0.5228260869565218
ofr10km_290000_640000,290000,640000,-90.328202,54.756144,1840,0,0.5228260869565218
ofr10km_290000_650000,290000,650000,-90.316562,54.847415,1840,0,0.5228260869565218
ofr10km_290000_660000,290000,660000,-90.304864,54.938705,1840,0,0.5228260869565218
ofr10km_290000_670000,290000,670000,-90.293108,55.030013,1840,0,0.5228260869565218
ofr10km_290000_680000,290000,680000,-90.281293,55.121339,1840,0,0.5228260869565218
ofr10km_290000_690000,290000,690000,-90.269418,55.212683,1840,0,0.5228260869565218
ofr10km_290000_70000,290000,70000,-90.908015,49.589681,1840,0,0.9407608695652174
ofr10km_290000_700000,290000,700000,-90.257484,55.304045,1840,0,0.5228260869565218
ofr10km_290000_710000,290000,710000,-90.245489,55.395424,1840,0,0.7554347826086957
ofr10km_290000_720000,290000,720000,-90.233434,55.48682,1840,0,0.7554347826086957
ofr10km_290000_730000,290000,730000,-90.221318,55.578233,1840,0,0.7554347826086957
ofr10km_290000_740000,290000,740000,-90.209139,55.669663,1840,0,0.7554347826086957
ofr10km_290000_750000,290000,750000,-90.196899,55.76111,1840,0,0.7554347826086957
ofr10km_290000_760000,290000,760000,-90.184596,55.852573,1840,0,0.7554347826086957
ofr10km_290000_770000,290000,770000,-90.17223,55.944052,1840,0,0.7554347826086957
ofr10km_290000_780000,290000,780000,-90.159801,56.035548,1840,0,0.7554347826086957
ofr10km_290000_790000,290000,790000,-90.147307,56.127059,1840,0,0.7554347826086957
ofr10km_290000_80000,290000,80000,-90.899084,49.679621,1840,0,0.9407608695652174
ofr10km_290000_90000,290000,90000,-90.890114,49.76959,1840,0,0.9407608695652174
ofr10km_300000_-10000,300000,-10000,-90.842133,48.865402,1840,1,0.3527173913043478
ofr10km_300000_-20000,300000,-20000,-90.851012,48.775734,1840,1,0.3527173913043478
ofr10km_300000_-30000,300000,-30000,-90.859854,48.686094,1840,0,0.3527173913043478
ofr10km_300000_-40000,300000,-40000,-90.868659,48.596484,1840,0,0.3527173913043478
ofr10km_300000_-50000,300000,-50000,-90.877426,48.506904,1840,0,0.3527173913043478
ofr10km_300000_-60000,300000,-60000,-90.886156,48.417354,1840,0,0.3625
ofr10km_300000_-70000,300000,-70000,-90.894849,48.327833,1840,0,0.3625
ofr10km_300000_-80000,300000,-80000,-90.903505,48.238343,1840,1,0.3625
ofr10km_300000_0,300000,0,-90.833215,48.9551,1840,0,0.3527173913043478
ofr10km_300000_10000,300000,10000,-90.824259,49.044827,1840,1,0.3527173913043478
ofr10km_300000_100000,300000,100000,-90.741891,49.853651,1840,0,0.9407608695652174
ofr10km_300000_110000,300000,110000,-90.732539,49.94366,1840,1,0.9407608695652174
ofr10km_300000_120000,300000,120000,-90.723145,50.033696,1840,2,0.9407608695652174
ofr10km_300000_130000,300000,130000,-90.71371,50.12376,1840,0,0.47282608695652173
ofr10km_300000_140000,300000,140000,-90.704233,50.213851,1840,2,0.47282608695652173
ofr10km_300000_150000,300000,150000,-90.694714,50.303968,1840,3,0.47282608695652173
ofr10km_300000_160000,300000,160000,-90.685153,50.394112,1840,1,0.9353260869565218
ofr10km_300000_170000,300000,170000,-90.675549,50.484283,1840,1,0.9353260869565218
ofr10km_300000_180000,300000,180000,-90.665903,50.574481,1840,0,0.9353260869565218
ofr10km_300000_190000,300000,190000,-90.656214,50.664704,1840,1,0.5836956521739131
ofr10km_300000_20000,300000,20000,-90.815265,49.134583,1840,4,0.3798913043478261
ofr10km_300000_200000,300000,200000,-90.646481,50.754954,1840,1,0.5836956521739131
ofr10km_300000_210000,300000,210000,-90.636705,50.84523,1840,0,0.45163043478260867
ofr10km_300000_220000,300000,220000,-90.626884,50.935532,1840,0,0.45163043478260867
ofr10km_300000_230000,300000,230000,-90.61702,51.025859,1840,0,0.45163043478260867
ofr10km_300000_240000,300000,240000,-90.607111,51.116211,1840,2,0.45054347826086955
ofr10km_300000_250000,300000,250000,-90.597157,51.206589,1840,0,0.45054347826086955
ofr10km_300000_260000,300000,260000,-90.587158,51.296993,1840,2,0.45217391304347826
ofr10km_300000_270000,300000,270000,-90.577114,51.387421,1840,1,0.45217391304347826
ofr10km_300000_280000,300000,280000,-90.567023,51.477874,1840,2,0.45217391304347826
ofr10km_300000_290000,300000,290000,-90.556887,51.568352,1840,2,0.45217391304347826
ofr10km_300000_30000,300000,30000,-90.806231,49.224367,1840,1,0.38206521739130433
ofr10km_300000_300000,300000,300000,-90.546704,51.658854,1840,2,0.45217391304347826
ofr10km_300000_310000,300000,310000,-90.536475,51.74938,1840,1,0.45217391304347826
ofr10km_300000_320000,300000,320000,-90.526199,51.839931,1840,0,0.45217391304347826
ofr10km_300000_330000,300000,330000,-90.515875,51.930506,1840,0,0.45217391304347826
ofr10km_300000_340000,300000,340000,-90.505503,52.021105,1840,0,0.45217391304347826
ofr10km_300000_350000,300000,350000,-90.495084,52.111727,1840,0,0.45217391304347826
ofr10km_300000_360000,300000,360000,-90.484616,52.202373,1840,1,0.45217391304347826
ofr10km_300000_370000,300000,370000,-90.4741,52.293042,1840,2,0.7597826086956522
ofr10km_300000_380000,300000,380000,-90.463534,52.383735,1840,0,0.7597826086956522
ofr10km_300000_390000,300000,390000,-90.452919,52.47445,1840,0,0.7597826086956522
ofr10km_300000_40000,300000,40000,-90.797159,49.31418,1840,0,0.38206521739130433
ofr10km_300000_400000,300000,400000,-90.442255,52.565188,1840,0,0.7597826086956522
ofr10km_300000_410000,300000,410000,-90.43154,52.655949,1840,1,0.8505434782608695
ofr10km_300000_420000,300000,420000,-90.420775,52.746733,1840,0,0.8505434782608695
ofr10km_300000_430000,300000,430000,-90.40996,52.837539,1840,2,0.8505434782608695
ofr10km_300000_440000,300000,440000,-90.399093,52.928367,1840,2,0.7641304347826087
ofr10km_300000_450000,300000,450000,-90.388174,53.019217,1840,0,0.7641304347826087
ofr10km_300000_460000,300000,460000,-90.377204,53.110089,1840,0,0.5402173913043479
ofr10km_300000_470000,300000,470000,-90.366182,53.200982,1840,0,0.5402173913043479
ofr10km_300000_480000,300000,480000,-90.355107,53.291897,1840,1,0.5228260869565218
ofr10km_300000_490000,300000,490000,-90.343978,53.382834,1840,0,0.5228260869565218
ofr10km_300000_50000,300000,50000,-90.788047,49.404022,1840,1,0.38206521739130433
ofr10km_300000_500000,300000,500000,-90.332797,53.473791,1840,0,0.5228260869565218
ofr10km_300000_510000,300000,510000,-90.321562,53.564769,1840,0,0.5228260869565218
ofr10km_300000_520000,300000,520000,-90.310273,53.655769,1840,0,0.5228260869565218
ofr10km_300000_530000,300000,530000,-90.298929,53.746788,1840,0,0.5228260869565218
ofr10km_300000_540000,300000,540000,-90.28753,53.837829,1840,0,0.5228260869565218
ofr10km_300000_550000,300000,550000,-90.276076,53.928889,1840,0,0.5228260869565218
ofr10km_300000_560000,300000,560000,-90.264567,54.01997,1840,0,0.5228260869565218
ofr10km_300000_570000,300000,570000,-90.253001,54.11107,1840,0,0.5228260869565218
ofr10km_300000_580000,300000,580000,-90.241379,54.20219,1840,1,0.5228260869565218
ofr10km_300000_590000,300000,590000,-90.229699,54.29333,1840,0,0.5228260869565218
ofr10km_300000_60000,300000,60000,-90.778896,49.493892,1840,2,0.38206521739130433
ofr10km_300000_600000,300000,600000,-90.217963,54.384489,1840,0,0.5228260869565218
ofr10km_300000_610000,300000,610000,-90.206168,54.475667,1840,0,0.5228260869565218
ofr10km_300000_620000,300000,620000,-90.194316,54.566865,1840,0,0.5228260869565218
ofr10km_300000_630000,300000,630000,-90.182404,54.658081,1840,0,0.5228260869565218
ofr10km_300000_640000,300000,640000,-90.170434,54.749315,1840,0,0.5228260869565218
ofr10km_300000_650000,300000,650000,-90.158404,54.840569,1840,0,0.5228260869565218
ofr10km_300000_660000,300000,660000,-90.146314,54.93184,1840,0,0.5228260869565218
ofr10km_300000_670000,300000,670000,-90.134164,55.023129,1840,0,0.5228260869565218
ofr10km_300000_680000,300000,680000,-90.121953,55.114437,1840,0,0.5228260869565218
ofr10km_300000_690000,300000,690000,-90.109681,55.205762,1840,0,0.5228260869565218
ofr10km_300000_70000,300000,70000,-90.769705,49.58379,1840,1,0.38206521739130433
ofr10km_300000_700000,300000,700000,-90.097346,55.297105,1840,0,0.5228260869565218
ofr10km_300000_710000,300000,710000,-90.08495,55.388464,1840,0,0.7554347826086957
ofr10km_300000_720000,300000,720000,-90.072491,55.479842,1840,0,0.7554347826086957
ofr10km_300000_730000,300000,730000,-90.059968,55.571236,1840,0,0.7554347826086957
ofr10km_300000_740000,300000,740000,-90.047382,55.662646,1840,0,0.7554347826086957
ofr10km_300000_750000,300000,750000,-90.034732,55.754074,1840,0,0.7554347826086957
ofr10km_300000_760000,300000,760000,-90.022017,55.845518,1840,0,0.7554347826086957
ofr10km_300000_770000,300000,770000,-90.009237,55.936978,1840,0,0.7554347826086957
ofr10km_300000_780000,300000,780000,-89.996391,56.028454,1840,0,0.7554347826086957
ofr10km_300000_790000,300000,790000,-89.98348,56.119946,1840,0,0.7554347826086957
ofr10km_300000_80000,300000,80000,-90.760474,49.673716,1840,0,0.9407608695652174
ofr10km_300000_800000,300000,800000,-89.970501,56.211453,1840,0,0.7554347826086957
ofr10km_300000_90000,300000,90000,-90.751203,49.763669,1840,1,0.9407608695652174
ofr10km_30000_-10000,30000,-10000,-94.522196,48.953862,1840,1,0.38532608695652176
ofr10km_30000_-20000,30000,-20000,-94.523219,48.863975,1840,0,0.38532608695652176
ofr10km_30000_-30000,30000,-30000,-94.524238,48.774117,1840,0,0.8358695652173913
ofr10km_30000_0,30000,0,-94.521168,49.043779,1840,0,0.38532608695652176
ofr10km_30000_10000,30000,10000,-94.520136,49.133726,1840,0,0.3826086956521739
ofr10km_30000_100000,30000,100000,-94.510643,49.944569,1840,4,0.37119565217391304
ofr10km_30000_110000,30000,110000,-94.509565,50.034806,1840,4,0.37119565217391304
ofr10km_30000_120000,30000,120000,-94.508482,50.125072,1840,2,0.37119565217391304
ofr10km_30000_130000,30000,130000,-94.507395,50.215366,1840,5,0.37119565217391304
ofr10km_30000_140000,30000,140000,-94.506302,50.305687,1840,4,0.9211956521739131
ofr10km_30000_150000,30000,150000,-94.505205,50.396037,1840,1,0.9211956521739131
ofr10km_30000_160000,30000,160000,-94.504103,50.486414,1840,1,0.9211956521739131
ofr10km_30000_170000,30000,170000,-94.502996,50.576819,1840,4,0.9211956521739131
ofr10km_30000_180000,30000,180000,-94.501884,50.667251,1840,2,0.9211956521739131
ofr10km_30000_190000,30000,190000,-94.500767,50.75771,1840,2,0.4217391304347826
ofr10km_30000_20000,30000,20000,-94.5191,49.223703,1840,3,0.3826086956521739
ofr10km_30000_200000,30000,200000,-94.499645,50.848196,1840,4,0.4217391304347826
ofr10km_30000_210000,30000,210000,-94.498517,50.938709,1840,0,0.425
ofr10km_30000_220000,30000,220000,-94.497385,51.029249,1840,1,0.425
ofr10km_30000_230000,30000,230000,-94.496248,51.119815,1840,0,0.425
ofr10km_30000_240000,30000,240000,-94.495106,51.210408,1840,2,0.425
ofr10km_30000_250000,30000,250000,-94.493958,51.301027,1840,3,0.425
ofr10km_30000_260000,30000,260000,-94.492805,51.391672,1840,2,0.4217391304347826
ofr10km_30000_270000,30000,270000,-94.491647,51.482343,1840,4,0.5728260869565217
ofr10km_30000_280000,30000,280000,-94.490483,51.57304,1840,4,0.9201086956521739
ofr10km_30000_290000,30000,290000,-94.489315,51.663762,1840,0,0.9201086956521739
ofr10km_30000_30000,30000,30000,-94.518058,49.313709,1840,3,0.38967391304347826
ofr10km_30000_300000,30000,300000,-94.48814,51.75451,1840,1,0.9201086956521739
ofr10km_30000_310000,30000,310000,-94.486961,51.845283,1840,0,0.9201086956521739
ofr10km_30000_320000,30000,320000,-94.485776,51.936082,1840,1,0.9201086956521739
ofr10km_30000_330000,30000,330000,-94.484585,52.026905,1840,0,0.9201086956521739
ofr10km_30000_340000,30000,340000,-94.483389,52.117753,1840,0,0.9217391304347826
ofr10km_30000_350000,30000,350000,-94.482188,52.208626,1840,1,0.9201086956521739
ofr10km_30000_360000,30000,360000,-94.480981,52.299524,1840,0,0.9201086956521739
ofr10km_30000_370000,30000,370000,-94.479768,52.390445,1840,0,0.9217391304347826
ofr10km_30000_380000,30000,380000,-94.478549,52.481391,1840,0,0.9217391304347826
ofr10km_30000_390000,30000,390000,-94.477325,52.572361,1840,0,0.9217391304347826
ofr10km_30000_40000,30000,40000,-94.517013,49.403745,1840,0,0.38967391304347826
ofr10km_30000_400000,30000,400000,-94.476095,52.663355,1840,0,0.6766304347826086
ofr10km_30000_410000,30000,410000,-94.474859,52.754373,1840,0,0.6766304347826086
ofr10km_30000_420000,30000,420000,-94.473617,52.845414,1840,2,0.6766304347826086
ofr10km_30000_430000,30000,430000,-94.47237,52.936479,1840,0,0.6766304347826086
ofr10km_30000_440000,30000,440000,-94.471116,53.027566,1840,0,0.6766304347826086
ofr10km_30000_450000,30000,450000,-94.469857,53.118677,1840,1,0.6766304347826086
ofr10km_30000_460000,30000,460000,-94.468592,53.209811,1840,0,0.4141304347826087
ofr10km_30000_50000,30000,50000,-94.515963,49.49381,1840,3,0.3467391304347826
ofr10km_30000_60000,30000,60000,-94.514908,49.583904,1840,2,0.3467391304347826
ofr10km_30000_70000,30000,70000,-94.513849,49.674027,1840,6,0.35108695652173916
ofr10km_30000_80000,30000,80000,-94.512785,49.764179,1840,11,0.35108695652173916
ofr10km_30000_90000,30000,90000,-94.511716,49.85436,1840,8,0.37119565217391304
ofr10km_310000_-10000,310000,-10000,-90.706217,48.859436,1840,0,0.3798913043478261
ofr10km_310000_-20000,310000,-20000,-90.715385,48.769782,1840,0,0.3798913043478261
ofr10km_310000_-30000,310000,-30000,-90.724514,48.680157,1840,1,0.3798913043478261
ofr10km_310000_-40000,310000,-40000,-90.733604,48.590562,1840,0,0.3798913043478261
ofr10km_310000_-50000,310000,-50000,-90.742656,48.500996,1840,0,0.3798913043478261
ofr10km_310000_-60000,310000,-60000,-90.75167,48.41146,1840,0,0.3766304347826087
ofr10km_310000_-70000,310000,-70000,-90.760645,48.321954,1840,1,0.3625
ofr10km_310000_-80000,310000,-80000,-90.769583,48.232478,1840,0,0.3625
ofr10km_310000_-90000,310000,-90000,-90.778484,48.143032,1840,0,0.8396739130434783
ofr10km_310000_0,310000,0,-90.697009,48.949119,1840,1,0.3798913043478261
ofr10km_310000_10000,310000,10000,-90.687762,49.038831,1840,3,0.3798913043478261
ofr10km_310000_100000,310000,100000,-90.602719,49.847519,1840,1,0.9407608695652174
ofr10km_310000_110000,310000,110000,-90.593062,49.937512,1840,0,0.9407608695652174
ofr10km_310000_120000,310000,120000,-90.583363,50.027533,1840,3,0.9407608695652174
ofr10km_310000_130000,310000,130000,-90.573622,50.117581,1840,1,0.9407608695652174
ofr10km_310000_140000,310000,140000,-90.563837,50.207657,1840,0,0.9407608695652174
ofr10km_310000_150000,310000,150000,-90.554009,50.297759,1840,2,0.47282608695652173
ofr10km_310000_160000,310000,160000,-90.544138,50.387887,1840,1,0.9353260869565218
ofr10km_310000_170000,310000,170000,-90.534222,50.478042,1840,3,0.9353260869565218
ofr10km_310000_180000,310000,180000,-90.524263,50.568224,1840,1,0.9353260869565218
ofr10km_310000_190000,310000,190000,-90.514259,50.658432,1840,0,0.45163043478260867
ofr10km_310000_20000,310000,20000,-90.678475,49.128572,1840,4,0.3798913043478261
ofr10km_310000_200000,310000,200000,-90.50421,50.748666,1840,3,0.45163043478260867
ofr10km_310000_210000,310000,210000,-90.494116,50.838925,1840,1,0.45163043478260867
ofr10km_310000_220000,310000,220000,-90.483977,50.929211,1840,3,0.45163043478260867
ofr10km_310000_230000,310000,230000,-90.473793,51.019522,1840,1,0.45163043478260867
ofr10km_310000_240000,310000,240000,-90.463562,51.109859,1840,0,0.45163043478260867
ofr10km_310000_250000,310000,250000,-90.453285,51.20022,1840,0,0.45163043478260867
ofr10km_310000_260000,310000,260000,-90.442961,51.290607,1840,0,0.45217391304347826
ofr10km_310000_270000,310000,270000,-90.432591,51.381019,1840,2,0.45217391304347826
ofr10km_310000_280000,310000,280000,-90.422173,51.471456,1840,0,0.45217391304347826
ofr10km_310000_290000,310000,290000,-90.411708,51.561917,1840,1,0.45217391304347826
ofr10km_310000_30000,310000,30000,-90.669149,49.218341,1840,0,0.38206521739130433
ofr10km_310000_300000,310000,300000,-90.401195,51.652403,1840,7,0.45217391304347826
ofr10km_310000_310000,310000,310000,-90.390634,51.742913,1840,1,0.45217391304347826
ofr10km_310000_320000,310000,320000,-90.380024,51.833447,1840,0,0.45217391304347826
ofr10km_310000_330000,310000,330000,-90.369365,51.924005,1840,0,0.45217391304347826
ofr10km_310000_340000,310000,340000,-90.358657,52.014587,1840,2,0.45217391304347826
ofr10km_310000_350000,310000,350000,-90.3479,52.105192,1840,0,0.45217391304347826
ofr10km_310000_360000,310000,360000,-90.337092,52.195821,1840,2,0.45217391304347826
ofr10km_310000_370000,310000,370000,-90.326235,52.286474,1840,1,0.5853260869565218
ofr10km_310000_380000,310000,380000,-90.315326,52.377149,1840,1,0.7597826086956522
ofr10km_310000_390000,310000,390000,-90.304367,52.467847,1840,0,0.7597826086956522
ofr10km_310000_40000,310000,40000,-90.659782,49.308139,1840,0,0.38206521739130433
ofr10km_310000_400000,310000,400000,-90.293357,52.558568,1840,0,0.9418478260869565
ofr10km_310000_410000,310000,410000,-90.282295,52.649312,1840,0,0.9418478260869565
ofr10km_310000_420000,310000,420000,-90.271181,52.740078,1840,1,0.9418478260869565
ofr10km_310000_430000,310000,430000,-90.260014,52.830867,1840,0,0.7641304347826087
ofr10km_310000_440000,310000,440000,-90.248795,52.921677,1840,1,0.7641304347826087
ofr10km_310000_450000,310000,450000,-90.237522,53.01251,1840,2,0.7641304347826087
ofr10km_310000_460000,310000,460000,-90.226196,53.103364,1840,0,0.5402173913043479
ofr10km_310000_470000,310000,470000,-90.214817,53.19424,1840,0,0.5228260869565218
ofr10km_310000_480000,310000,480000,-90.203383,53.285137,1840,1,0.5228260869565218
ofr10km_310000_490000,310000,490000,-90.191894,53.376056,1840,1,0.5228260869565218
ofr10km_310000_50000,310000,50000,-90.650374,49.397966,1840,1,0.38206521739130433
ofr10km_310000_500000,310000,500000,-90.18035,53.466995,1840,1,0.5228260869565218
ofr10km_310000_510000,310000,510000,-90.168751,53.557956,1840,1,0.5228260869565218
ofr10km_310000_520000,310000,520000,-90.157095,53.648937,1840,0,0.5228260869565218
ofr10km_310000_530000,310000,530000,-90.145384,53.739938,1840,0,0.5228260869565218
ofr10km_310000_540000,310000,540000,-90.133616,53.83096,1840,1,0.5228260869565218
ofr10km_310000_550000,310000,550000,-90.121791,53.922003,1840,0,0.5228260869565218
ofr10km_310000_560000,310000,560000,-90.109908,54.013065,1840,0,0.5228260869565218
ofr10km_310000_570000,310000,570000,-90.097967,54.104147,1840,0,0.5228260869565218
ofr10km_310000_580000,310000,580000,-90.085969,54.195249,1840,0,0.5228260869565218
ofr10km_310000_590000,310000,590000,-90.073911,54.28637,1840,1,0.5228260869565218
ofr10km_310000_60000,310000,60000,-90.640926,49.487821,1840,0,0.38206521739130433
ofr10km_310000_600000,310000,600000,-90.061794,54.37751,1840,1,0.5228260869565218
ofr10km_310000_610000,310000,610000,-90.049617,54.46867,1840,0,0.5228260869565218
ofr10km_310000_620000,310000,620000,-90.037381,54.559848,1840,0,0.5228260869565218
ofr10km_310000_630000,310000,630000,-90.025084,54.651045,1840,0,0.5228260869565218
ofr10km_310000_640000,310000,640000,-90.012726,54.742261,1840,0,0.5228260869565218
ofr10km_310000_650000,310000,650000,-90.000306,54.833495,1840,0,0.5228260869565218
ofr10km_310000_660000,310000,660000,-89.987825,54.924747,1840,0,0.5228260869565218
ofr10km_310000_670000,310000,670000,-89.975281,55.016018,1840,0,0.5228260869565218
ofr10km_310000_680000,310000,680000,-89.962674,55.107306,1840,0,0.5228260869565218
ofr10km_310000_690000,310000,690000,-89.950005,55.198611,1840,0,0.5228260869565218
ofr10km_310000_70000,310000,70000,-90.631436,49.577703,1840,2,0.38206521739130433
ofr10km_310000_700000,310000,700000,-89.937271,55.289934,1840,0,0.5228260869565218
ofr10km_310000_710000,310000,710000,-89.924473,55.381275,1840,0,0.5380434782608695
ofr10km_310000_720000,310000,720000,-89.911611,55.472632,1840,0,0.5380434782608695
ofr10km_310000_730000,310000,730000,-89.898683,55.564007,1840,0,0.5380434782608695
ofr10km_310000_740000,310000,740000,-89.885689,55.655398,1840,0,0.5380434782608695
ofr10km_310000_750000,310000,750000,-89.87263,55.746805,1840,0,0.7554347826086957
ofr10km_310000_760000,310000,760000,-89.859503,55.838229,1840,0,0.7554347826086957
ofr10km_310000_770000,310000,770000,-89.846309,55.929669,1840,0,0.7554347826086957
ofr10km_310000_780000,310000,780000,-89.833048,56.021125,1840,0,0.7554347826086957
ofr10km_310000_790000,310000,790000,-89.819718,56.112596,1840,0,0.7554347826086957
ofr10km_310000_80000,310000,80000,-90.621905,49.667614,1840,0,0.9407608695652174
ofr10km_310000_800000,310000,800000,-89.80632,56.204084,1840,0,0.7554347826086957
ofr10km_310000_810000,310000,810000,-89.792852,56.295586,1840,0,0.7554347826086957
ofr10km_310000_90000,310000,90000,-90.612333,49.757553,1840,1,0.9407608695652174
ofr10km_320000_-10000,320000,-10000,-90.57034,48.853278,1840,2,0.3798913043478261
ofr10km_320000_-20000,320000,-20000,-90.579796,48.763639,1840,1,0.3798913043478261
ofr10km_320000_-30000,320000,-30000,-90.589212,48.674029,1840,1,0.3798913043478261
ofr10km_320000_-40000,320000,-40000,-90.598589,48.584449,1840,0,0.3798913043478261
ofr10km_320000_-50000,320000,-50000,-90.607925,48.494899,1840,1,0.3798913043478261
ofr10km_320000_-60000,320000,-60000,-90.617222,48.405378,1840,0,0.37717391304347825
ofr10km_320000_-70000,320000,-70000,-90.62648,48.315886,1840,1,0.8456521739130435
ofr10km_320000_-80000,320000,-80000,-90.635699,48.226425,1840,2,0.8456521739130435
ofr10km_320000_-90000,320000,-90000,-90.644879,48.136994,1840,0,0.8456521739130435
ofr10km_320000_0,320000,0,-90.560843,48.942945,1840,1,0.3798913043478261
ofr10km_320000_10000,320000,10000,-90.551305,49.032642,1840,1,0.38206521739130433
ofr10km_320000_100000,320000,100000,-90.463588,49.84119,1840,0,0.9407608695652174
ofr10km_320000_110000,320000,110000,-90.453628,49.931168,1840,3,0.9407608695652174
ofr10km_320000_120000,320000,120000,-90.443624,50.021173,1840,2,0.9407608695652174
ofr10km_320000_130000,320000,130000,-90.433577,50.111205,1840,0,0.9407608695652174
ofr10km_320000_140000,320000,140000,-90.423485,50.201264,1840,1,0.9407608695652174
ofr10km_320000_150000,320000,150000,-90.413348,50.29135,1840,1,0.9407608695652174
ofr10km_320000_160000,320000,160000,-90.403166,50.381462,1840,2,0.9407608695652174
ofr10km_320000_170000,320000,170000,-90.392939,50.471601,1840,2,0.9353260869565218
ofr10km_320000_180000,320000,180000,-90.382667,50.561766,1840,2,0.5847826086956521
ofr10km_320000_190000,320000,190000,-90.372349,50.651958,1840,2,0.5847826086956521
ofr10km_320000_20000,320000,20000,-90.541726,49.122368,1840,0,0.38206521739130433
ofr10km_320000_200000,320000,200000,-90.361984,50.742175,1840,2,0.45163043478260867
ofr10km_320000_210000,320000,210000,-90.351574,50.832419,1840,3,0.45163043478260867
ofr10km_320000_220000,320000,220000,-90.341116,50.922688,1840,1,0.45163043478260867
ofr10km_320000_230000,320000,230000,-90.330611,51.012982,1840,6,0.45163043478260867
ofr10km_320000_240000,320000,240000,-90.320059,51.103302,1840,3,0.45163043478260867
ofr10km_320000_250000,320000,250000,-90.30946,51.193647,1840,18,0.45163043478260867
ofr10km_320000_260000,320000,260000,-90.298812,51.284017,1840,3,0.45217391304347826
ofr10km_320000_270000,320000,270000,-90.288116,51.374412,1840,0,0.45217391304347826
ofr10km_320000_280000,320000,280000,-90.277371,51.464832,1840,1,0.45217391304347826
ofr10km_320000_290000,320000,290000,-90.266577,51.555276,1840,0,0.45217391304347826
ofr10km_320000_30000,320000,30000,-90.532106,49.212122,1840,1,0.38206521739130433
ofr10km_320000_300000,320000,300000,-90.255734,51.645745,1840,3,0.45217391304347826
ofr10km_320000_310000,320000,310000,-90.244841,51.736238,1840,0,0.45217391304347826
ofr10km_320000_320000,320000,320000,-90.233898,51.826755,1840,0,0.45217391304347826
ofr10km_320000_330000,320000,330000,-90.222905,51.917295,1840,0,0.45217391304347826
ofr10km_320000_340000,320000,340000,-90.21186,52.00786,1840,0,0.45217391304347826
ofr10km_320000_350000,320000,350000,-90.200765,52.098448,1840,0,0.45217391304347826
ofr10km_320000_360000,320000,360000,-90.189619,52.18906,1840,0,0.45217391304347826
ofr10km_320000_370000,320000,370000,-90.17842,52.279694,1840,0,0.5853260869565218
ofr10km_320000_380000,320000,380000,-90.16717,52.370352,1840,0,0.7597826086956522
ofr10km_320000_390000,320000,390000,-90.155867,52.461033,1840,0,0.7597826086956522
ofr10km_320000_40000,320000,40000,-90.522445,49.301904,1840,1,0.38206521739130433
ofr10km_320000_400000,320000,400000,-90.144511,52.551736,1840,1,0.9418478260869565
ofr10km_320000_410000,320000,410000,-90.133101,52.642462,1840,1,0.9418478260869565
ofr10km_320000_420000,320000,420000,-90.121638,52.73321,1840,1,0.9418478260869565
ofr10km_320000_430000,320000,430000,-90.110122,52.823981,1840,0,0.9418478260869565
ofr10km_320000_440000,320000,440000,-90.09855,52.914773,1840,0,0.7641304347826087
ofr10km_320000_450000,320000,450000,-90.086924,53.005588,1840,1,0.5402173913043479
ofr10km_320000_460000,320000,460000,-90.075243,53.096424,1840,2,0.5228260869565218
ofr10km_320000_470000,320000,470000,-90.063506,53.187281,1840,0,0.5228260869565218
ofr10km_320000_480000,320000,480000,-90.051713,53.27816,1840,0,0.5228260869565218
ofr10km_320000_490000,320000,490000,-90.039864,53.36906,1840,0,0.5228260869565218
ofr10km_320000_50000,320000,50000,-90.512741,49.391715,1840,0,0.38206521739130433
ofr10km_320000_500000,320000,500000,-90.027958,53.459981,1840,0,0.5228260869565218
ofr10km_320000_510000,320000,510000,-90.015995,53.550923,1840,0,0.5228260869565218
ofr10km_320000_520000,320000,520000,-90.003974,53.641886,1840,0,0.5228260869565218
ofr10km_320000_530000,320000,530000,-89.991896,53.732869,1840,0,0.5228260869565218
ofr10km_320000_540000,320000,540000,-89.979759,53.823872,1840,1,0.5228260869565218
ofr10km_320000_550000,320000,550000,-89.967563,53.914895,1840,1,0.5228260869565218
ofr10km_320000_560000,320000,560000,-89.955307,54.005939,1840,1,0.5228260869565218
ofr10km_320000_570000,320000,570000,-89.942992,54.097002,1840,0,0.5228260869565218
ofr10km_320000_580000,320000,580000,-89.930617,54.188084,1840,0,0.5228260869565218
ofr10km_320000_590000,320000,590000,-89.918182,54.279186,1840,0,0.5228260869565218
ofr10km_320000_60000,320000,60000,-90.502996,49.481555,1840,1,0.38206521739130433
ofr10km_320000_600000,320000,600000,-89.905685,54.370307,1840,0,0.5228260869565218
ofr10km_320000_610000,320000,610000,-89.893127,54.461448,1840,0,0.5228260869565218
ofr10km_320000_620000,320000,620000,-89.880506,54.552607,1840,0,0.5228260869565218
ofr10km_320000_630000,320000,630000,-89.867824,54.643784,1840,0,0.5228260869565218
ofr10km_320000_640000,320000,640000,-89.855079,54.73498,1840,0,0.5228260869565218
ofr10km_320000_650000,320000,650000,-89.84227,54.826195,1840,0,0.5228260869565218
ofr10km_320000_660000,320000,660000,-89.829397,54.917427,1840,0,0.5228260869565218
ofr10km_320000_670000,320000,670000,-89.816461,55.008678,1840,0,0.5228260869565218
ofr10km_320000_680000,320000,680000,-89.803459,55.099946,1840,0,0.5228260869565218
ofr10km_320000_690000,320000,690000,-89.790392,55.191232,1840,0,0.5228260869565218
ofr10km_320000_70000,320000,70000,-90.493208,49.571422,1840,1,0.38206521739130433
ofr10km_320000_700000,320000,700000,-89.77726,55.282535,1840,0,0.5380434782608695
ofr10km_320000_710000,320000,710000,-89.764061,55.373855,1840,0,0.5380434782608695
ofr10km_320000_720000,320000,720000,-89.750796,55.465192,1840,0,0.5380434782608695
ofr10km_320000_730000,320000,730000,-89.737463,55.556546,1840,0,0.5380434782608695
ofr10km_320000_740000,320000,740000,-89.724063,55.647917,1840,0,0.5380434782608695
ofr10km_320000_750000,320000,750000,-89.710594,55.739304,1840,0,0.5380434782608695
ofr10km_320000_760000,320000,760000,-89.697056,55.830707,1840,0,0.5380434782608695
ofr10km_320000_770000,320000,770000,-89.68345,55.922126,1840,0,0.5380434782608695
ofr10km_320000_780000,320000,780000,-89.669773,56.013561,1840,0,0.5380434782608695
ofr10km_320000_790000,320000,790000,-89.656026,56.105012,1840,0,0.5380434782608695
ofr10km_320000_80000,320000,80000,-90.483378,49.661317,1840,0,0.38206521739130433
ofr10km_320000_800000,320000,800000,-89.642208,56.196478,1840,0,0.5380434782608695
ofr10km_320000_810000,320000,810000,-89.628319,56.287959,1840,0,0.5380434782608695
ofr10km_320000_820000,320000,820000,-89.614357,56.379456,1840,0,0.5380434782608695
ofr10km_320000_830000,320000,830000,-89.600323,56.470967,1840,0,0.5380434782608695
ofr10km_320000_90000,320000,90000,-90.473504,49.75124,1840,1,0.9407608695652174
ofr10km_330000_-10000,330000,-10000,-90.434503,48.846928,1840,0,0.3798913043478261
ofr10km_330000_-20000,330000,-20000,-90.444247,48.757305,1840,0,0.3798913043478261
ofr10km_330000_-30000,330000,-30000,-90.453951,48.667711,1840,2,0.3798913043478261
ofr10km_330000_-40000,330000,-40000,-90.463612,48.578147,1840,1,0.3798913043478261
ofr10km_330000_-50000,330000,-50000,-90.473233,48.488611,1840,1,0.37717391304347825
ofr10km_330000_-60000,330000,-60000,-90.482814,48.399106,1840,0,0.37717391304347825
ofr10km_330000_-70000,330000,-70000,-90.492354,48.30963,1840,1,0.37717391304347825
ofr10km_330000_-80000,330000,-80000,-90.501853,48.220184,1840,1,0.8456521739130435
ofr10km_330000_-90000,330000,-90000,-90.511313,48.130769,1840,1,0.8456521739130435
ofr10km_330000_0,330000,0,-90.424717,48.93658,1840,1,0.38206521739130433
ofr10km_330000_10000,330000,10000,-90.414889,49.026261,1840,3,0.38206521739130433
ofr10km_330000_100000,330000,100000,-90.324501,49.834664,1840,2,0.9407608695652174
ofr10km_330000_110000,330000,110000,-90.314238,49.924626,1840,1,0.9407608695652174
ofr10km_330000_120000,330000,120000,-90.30393,50.014614,1840,2,0.9407608695652174
ofr10km_330000_130000,330000,130000,-90.293576,50.10463,1840,0,0.9407608695652174
ofr10km_330000_140000,330000,140000,-90.283177,50.194673,1840,2,0.9407608695652174
ofr10km_330000_150000,330000,150000,-90.272731,50.284742,1840,0,0.9407608695652174
ofr10km_330000_160000,330000,160000,-90.26224,50.374838,1840,3,0.9391304347826087
ofr10km_330000_170000,330000,170000,-90.251702,50.46496,1840,1,0.44782608695652176
ofr10km_330000_180000,330000,180000,-90.241117,50.555108,1840,3,0.44782608695652176
ofr10km_330000_190000,330000,190000,-90.230485,50.645283,1840,2,0.5847826086956521
ofr10km_330000_20000,330000,20000,-90.405018,49.115971,1840,1,0.38206521739130433
ofr10km_330000_200000,330000,200000,-90.219805,50.735484,1840,0,0.45163043478260867
ofr10km_330000_210000,330000,210000,-90.209077,50.82571,1840,2,0.45163043478260867
ofr10km_330000_220000,330000,220000,-90.198302,50.915962,1840,1,0.45163043478260867
ofr10km_330000_230000,330000,230000,-90.187477,51.006239,1840,3,0.45163043478260867
ofr10km_330000_240000,330000,240000,-90.176604,51.096542,1840,12,0.45163043478260867
ofr10km_330000_250000,330000,250000,-90.165682,51.18687,1840,34,0.45163043478260867
ofr10km_330000_260000,330000,260000,-90.154711,51.277222,1840,3,0.45217391304347826
ofr10km_330000_270000,330000,270000,-90.143689,51.3676,1840,3,0.45217391304347826
ofr10km_330000_280000,330000,280000,-90.132617,51.458002,1840,15,0.45217391304347826
ofr10km_330000_290000,330000,290000,-90.121495,51.548429,1840,2,0.45217391304347826
ofr10km_330000_30000,330000,30000,-90.395105,49.205709,1840,0,0.38206521739130433
ofr10km_330000_300000,330000,300000,-90.110322,51.63888,1840,1,0.45217391304347826
ofr10km_330000_310000,330000,310000,-90.099098,51.729355,1840,0,0.45217391304347826
ofr10km_330000_320000,330000,320000,-90.087822,51.819855,1840,0,0.45217391304347826
ofr10km_330000_330000,330000,330000,-90.076495,51.910378,1840,0,0.45217391304347826
ofr10km_330000_340000,330000,340000,-90.065115,52.000924,1840,0,0.45217391304347826
ofr10km_330000_350000,330000,350000,-90.053682,52.091494,1840,0,0.45217391304347826
ofr10km_330000_360000,330000,360000,-90.042197,52.182088,1840,0,0.45217391304347826
ofr10km_330000_370000,330000,370000,-90.030658,52.272705,1840,0,0.5853260869565218
ofr10km_330000_380000,330000,380000,-90.019065,52.363344,1840,1,0.5853260869565218
ofr10km_330000_390000,330000,390000,-90.007419,52.454007,1840,2,0.9418478260869565
ofr10km_330000_40000,330000,40000,-90.385149,49.295476,1840,0,0.38206521739130433
ofr10km_330000_400000,330000,400000,-89.995718,52.544692,1840,2,0.9418478260869565
ofr10km_330000_410000,330000,410000,-89.983961,52.635399,1840,0,0.9418478260869565
ofr10km_330000_420000,330000,420000,-89.97215,52.726129,1840,0,0.9418478260869565
ofr10km_330000_430000,330000,430000,-89.960283,52.816881,1840,1,0.9418478260869565
ofr10km_330000_440000,330000,440000,-89.94836,52.907655,1840,0,0.9418478260869565
ofr10km_330000_450000,330000,450000,-89.936381,52.998451,1840,1,0.5228260869565218
ofr10km_330000_460000,330000,460000,-89.924345,53.089268,1840,2,0.5228260869565218
ofr10km_330000_470000,330000,470000,-89.912251,53.180107,1840,0,0.5228260869565218
ofr10km_330000_480000,330000,480000,-89.9001,53.270967,1840,1,0.5228260869565218
ofr10km_330000_490000,330000,490000,-89.887891,53.361848,1840,2,0.5228260869565218
ofr10km_330000_50000,330000,50000,-90.375151,49.385271,1840,0,0.38206521739130433
ofr10km_330000_500000,330000,500000,-89.875624,53.45275,1840,0,0.5228260869565218
ofr10km_330000_510000,330000,510000,-89.863297,53.543673,1840,0,0.5228260869565218
ofr10km_330000_520000,330000,520000,-89.850911,53.634616,1840,0,0.5228260869565218
ofr10km_330000_530000,330000,530000,-89.838466,53.72558,1840,0,0.5228260869565218
ofr10km_330000_540000,330000,540000,-89.82596,53.816564,1840,7,0.5228260869565218
ofr10km_330000_550000,330000,550000,-89.813394,53.907568,1840,3,0.5228260869565218
ofr10km_330000_560000,330000,560000,-89.800766,53.998591,1840,0,0.5228260869565218
ofr10km_330000_570000,330000,570000,-89.788077,54.089635,1840,1,0.5228260869565218
ofr10km_330000_580000,330000,580000,-89.775327,54.180698,1840,1,0.5228260869565218
ofr10km_330000_590000,330000,590000,-89.762513,54.27178,1840,0,0.5228260869565218
ofr10km_330000_60000,330000,60000,-90.365109,49.475094,1840,0,0.38206521739130433
ofr10km_330000_600000,330000,600000,-89.749637,54.362881,1840,0,0.5228260869565218
ofr10km_330000_610000,330000,610000,-89.736698,54.454001,1840,0,0.5228260869565218
ofr10km_330000_620000,330000,620000,-89.723695,54.54514,1840,0,0.5228260869565218
ofr10km_330000_630000,330000,630000,-89.710627,54.636298,1840,0,0.5228260869565218
ofr10km_330000_640000,330000,640000,-89.697495,54.727474,1840,0,0.5228260869565218
ofr10km_330000_650000,330000,650000,-89.684297,54.818668,1840,0,0.5228260869565218
ofr10km_330000_660000,330000,660000,-89.671034,54.90988,1840,0,0.5228260869565218
ofr10km_330000_670000,330000,670000,-89.657705,55.00111,1840,0,0.5228260869565218
ofr10km_330000_680000,330000,680000,-89.644309,55.092358,1840,0,0.5228260869565218
ofr10km_330000_690000,330000,690000,-89.630846,55.183623,1840,0,0.5228260869565218
ofr10km_330000_70000,330000,70000,-90.355023,49.564945,1840,1,0.38206521739130433
ofr10km_330000_700000,330000,700000,-89.617315,55.274905,1840,0,0.5380434782608695
ofr10km_330000_710000,330000,710000,-89.603716,55.366205,1840,0,0.5380434782608695
ofr10km_330000_720000,330000,720000,-89.590048,55.457521,1840,0,0.5380434782608695
ofr10km_330000_730000,330000,730000,-89.576311,55.548854,1840,0,0.5380434782608695
ofr10km_330000_740000,330000,740000,-89.562504,55.640204,1840,0,0.5380434782608695
ofr10km_330000_750000,330000,750000,-89.548627,55.73157,1840,0,0.5380434782608695
ofr10km_330000_760000,330000,760000,-89.534679,55.822951,1840,0,0.5380434782608695
ofr10km_330000_770000,330000,770000,-89.52066,55.914349,1840,0,0.5380434782608695
ofr10km_330000_780000,330000,780000,-89.506568,56.005763,1840,1,0.5380434782608695
ofr10km_330000_790000,330000,790000,-89.492404,56.097192,1840,0,0.5380434782608695
ofr10km_330000_80000,330000,80000,-90.344893,49.654824,1840,1,0.38206521739130433
ofr10km_330000_800000,330000,800000,-89.478168,56.188637,1840,0,0.5380434782608695
ofr10km_330000_810000,330000,810000,-89.463857,56.280096,1840,0,0.5380434782608695
ofr10km_330000_820000,330000,820000,-89.449473,56.371571,1840,0,0.5380434782608695
ofr10km_330000_830000,330000,830000,-89.435013,56.46306,1840,0,0.5380434782608695
ofr10km_330000_840000,330000,840000,-89.420479,56.554564,1840,0,0.9369565217391305
ofr10km_330000_90000,330000,90000,-90.334719,49.74473,1840,1,0.9407608695652174
ofr10km_340000_-10000,340000,-10000,-90.298708,48.840388,1840,0,0.38206521739130433
ofr10km_340000_-20000,340000,-20000,-90.30874,48.750781,1840,0,0.3798913043478261
ofr10km_340000_-30000,340000,-30000,-90.31873,48.661203,1840,3,0.3798913043478261
ofr10km_340000_-40000,340000,-40000,-90.328677,48.571654,1840,0,0.3798913043478261
ofr10km_340000_-50000,340000,-50000,-90.338582,48.482135,1840,2,0.3798913043478261
ofr10km_340000_-60000,340000,-60000,-90.348446,48.392645,1840,0,0.8456521739130435
ofr10km_340000_-70000,340000,-70000,-90.358267,48.303185,1840,1,0.8456521739130435
ofr10km_340000_-80000,340000,-80000,-90.368048,48.213755,1840,0,0.8456521739130435
ofr10km_340000_-90000,340000,-90000,-90.377787,48.124355,1840,0,0.8456521739130435
ofr10km_340000_0,340000,0,-90.288633,48.930023,1840,1,0.38206521739130433
ofr10km_340000_10000,340000,10000,-90.278515,49.019688,1840,0,0.38206521739130433
ofr10km_340000_100000,340000,100000,-90.185459,49.827943,1840,1,0.9407608695652174
ofr10km_340000_110000,340000,110000,-90.174893,49.917887,1840,1,0.9407608695652174
ofr10km_340000_120000,340000,120000,-90.16428,50.007859,1840,1,0.9407608695652174
ofr10km_340000_130000,340000,130000,-90.153621,50.097857,1840,4,0.9407608695652174
ofr10km_340000_140000,340000,140000,-90.142915,50.187883,1840,1,0.9407608695652174
ofr10km_340000_150000,340000,150000,-90.132161,50.277935,1840,3,0.44782608695652176
ofr10km_340000_160000,340000,160000,-90.12136,50.368014,1840,4,0.44782608695652176
ofr10km_340000_170000,340000,170000,-90.110511,50.458119,1840,6,0.44782608695652176
ofr10km_340000_180000,340000,180000,-90.099614,50.54825,1840,1,0.44782608695652176
ofr10km_340000_190000,340000,190000,-90.088668,50.638407,1840,3,0.5847826086956521
ofr10km_340000_20000,340000,20000,-90.268353,49.109382,1840,0,0.38206521739130433
ofr10km_340000_200000,340000,200000,-90.077673,50.72859,1840,0,0.45163043478260867
ofr10km_340000_210000,340000,210000,-90.066629,50.818799,1840,0,0.45163043478260867
ofr10km_340000_220000,340000,220000,-90.055536,50.909033,1840,0,0.45163043478260867
ofr10km_340000_230000,340000,230000,-90.044392,50.999293,1840,0,0.45163043478260867
ofr10km_340000_240000,340000,240000,-90.033199,51.089578,1840,1,0.45163043478260867
ofr10km_340000_250000,340000,250000,-90.021954,51.179888,1840,0,0.45163043478260867
ofr10km_340000_260000,340000,260000,-90.010659,51.270223,1840,1,0.45217391304347826
ofr10km_340000_270000,340000,270000,-89.999313,51.360583,1840,2,0.45217391304347826
ofr10km_340000_280000,340000,280000,-89.987914,51.450967,1840,0,0.45217391304347826
ofr10km_340000_290000,340000,290000,-89.976464,51.541376,1840,1,0.45217391304347826
ofr10km_340000_30000,340000,30000,-90.258147,49.199103,1840,0,0.38206521739130433
ofr10km_340000_300000,340000,300000,-89.964962,51.631809,1840,2,0.45217391304347826
ofr10km_340000_310000,340000,310000,-89.953407,51.722266,1840,1,0.45217391304347826
ofr10km_340000_320000,340000,320000,-89.941799,51.812747,1840,0,0.45217391304347826
ofr10km_340000_330000,340000,330000,-89.930137,51.903252,1840,1,0.45217391304347826
ofr10km_340000_340000,340000,340000,-89.918422,51.99378,1840,0,0.45217391304347826
ofr10km_340000_350000,340000,350000,-89.906652,52.084332,1840,0,0.45217391304347826
ofr10km_340000_360000,340000,360000,-89.894828,52.174907,1840,0,0.45217391304347826
ofr10km_340000_370000,340000,370000,-89.882949,52.265505,1840,0,0.5853260869565218
ofr10km_340000_380000,340000,380000,-89.871015,52.356125,1840,0,0.7597826086956522
ofr10km_340000_390000,340000,390000,-89.859025,52.446769,1840,1,0.9418478260869565
ofr10km_340000_40000,340000,40000,-90.247897,49.288854,1840,0,0.38206521739130433
ofr10km_340000_400000,340000,400000,-89.846979,52.537435,1840,2,0.9418478260869565
ofr10km_340000_410000,340000,410000,-89.834877,52.628124,1840,1,0.9418478260869565
ofr10km_340000_420000,340000,420000,-89.822718,52.718835,1840,0,0.9418478260869565
ofr10km_340000_430000,340000,430000,-89.810501,52.809568,1840,0,0.9418478260869565
ofr10km_340000_440000,340000,440000,-89.798227,52.900323,1840,3,0.9418478260869565
ofr10km_340000_450000,340000,450000,-89.785895,52.991099,1840,2,0.5402173913043479
ofr10km_340000_460000,340000,460000,-89.773504,53.081897,1840,2,0.5228260869565218
ofr10km_340000_470000,340000,470000,-89.761054,53.172717,1840,2,0.5228260869565218
ofr10km_340000_480000,340000,480000,-89.748545,53.263557,1840,0,0.5228260869565218
ofr10km_340000_490000,340000,490000,-89.735977,53.354419,1840,0,0.5228260869565218
ofr10km_340000_50000,340000,50000,-90.237603,49.378632,1840,1,0.38206521739130433
ofr10km_340000_500000,340000,500000,-89.723348,53.445301,1840,0,0.5228260869565218
ofr10km_340000_510000,340000,510000,-89.710658,53.536204,1840,1,0.5228260869565218
ofr10km_340000_520000,340000,520000,-89.697908,53.627128,1840,1,0.5228260869565218
ofr10km_340000_530000,340000,530000,-89.685096,53.718072,1840,1,0.5228260869565218
ofr10km_340000_540000,340000,540000,-89.672222,53.809036,1840,3,0.5228260869565218
ofr10km_340000_550000,340000,550000,-89.659286,53.900019,1840,1,0.5228260869565218
ofr10km_340000_560000,340000,560000,-89.646287,53.991023,1840,1,0.5228260869565218
ofr10km_340000_570000,340000,570000,-89.633224,54.082046,1840,0,0.5228260869565218
ofr10km_340000_580000,340000,580000,-89.620098,54.173089,1840,0,0.5228260869565218
ofr10km_340000_590000,340000,590000,-89.606908,54.264151,1840,0,0.5228260869565218
ofr10km_340000_60000,340000,60000,-90.227265,49.468439,1840,0,0.38206521739130433
ofr10km_340000_600000,340000,600000,-89.593653,54.355232,1840,0,0.5228260869565218
ofr10km_340000_610000,340000,610000,-89.580333,54.446331,1840,0,0.5228260869565218
ofr10km_340000_620000,340000,620000,-89.566947,54.53745,1840,0,0.5228260869565218
ofr10km_340000_630000,340000,630000,-89.553495,54.628587,1840,0,0.5228260869565218
ofr10km_340000_640000,340000,640000,-89.539976,54.719742,1840,0,0.5228260869565218
ofr10km_340000_650000,340000,650000,-89.526391,54.810915,1840,0,0.5228260869565218
ofr10km_340000_660000,340000,660000,-89.512737,54.902106,1840,0,0.5228260869565218
ofr10km_340000_670000,340000,670000,-89.499016,54.993315,1840,0,0.5228260869565218
ofr10km_340000_680000,340000,680000,-89.485226,55.084542,1840,0,0.5228260869565218
ofr10km_340000_690000,340000,690000,-89.471367,55.175786,1840,0,0.5380434782608695
ofr10km_340000_70000,340000,70000,-90.216881,49.558273,1840,0,0.38206521739130433
ofr10km_340000_700000,340000,700000,-89.457438,55.267047,1840,0,0.5380434782608695
ofr10km_340000_710000,340000,710000,-89.443439,55.358325,1840,0,0.5380434782608695
ofr10km_340000_720000,340000,720000,-89.42937,55.44962,1840,0,0.5380434782608695
ofr10km_340000_730000,340000,730000,-89.415229,55.540931,1840,0,0.5380434782608695
ofr10km_340000_740000,340000,740000,-89.401016,55.632259,1840,0,0.5380434782608695
ofr10km_340000_750000,340000,750000,-89.386731,55.723603,1840,0,0.5380434782608695
ofr10km_340000_760000,340000,760000,-89.372373,55.814963,1840,0,0.5380434782608695
ofr10km_340000_770000,340000,770000,-89.357941,55.906339,1840,0,0.5380434782608695
ofr10km_340000_780000,340000,780000,-89.343436,55.99773,1840,0,0.5380434782608695
ofr10km_340000_790000,340000,790000,-89.328856,56.089137,1840,0,0.5380434782608695
ofr10km_340000_80000,340000,80000,-90.206453,49.648135,1840,3,0.38206521739130433
ofr10km_340000_800000,340000,800000,-89.314201,56.18056,1840,0,0.5380434782608695
ofr10km_340000_810000,340000,810000,-89.29947,56.271997,1840,0,0.5380434782608695
ofr10km_340000_820000,340000,820000,-89.284663,56.363449,1840,0,0.9369565217391305
ofr10km_340000_830000,340000,830000,-89.269779,56.454916,1840,0,0.9369565217391305
ofr10km_340000_840000,340000,840000,-89.254817,56.546397,1840,0,0.9369565217391305
ofr10km_340000_850000,340000,850000,-89.239777,56.637893,1840,0,0.9369565217391305
ofr10km_340000_90000,340000,90000,-90.195979,49.738025,1840,1,0.9407608695652174
ofr10km_350000_-10000,350000,-10000,-90.162956,48.833656,1840,0,0.38206521739130433
ofr10km_350000_-20000,350000,-20000,-90.173276,48.744065,1840,1,0.3798913043478261
ofr10km_350000_-30000,350000,-30000,-90.183552,48.654504,1840,0,0.3798913043478261
ofr10km_350000_-40000,350000,-40000,-90.193784,48.564972,1840,0,0.3798913043478261
ofr10km_350000_-50000,350000,-50000,-90.203973,48.475469,1840,5,0.3798913043478261
ofr10km_350000_-60000,350000,-60000,-90.214119,48.385996,1840,0,0.8456521739130435
ofr10km_350000_-70000,350000,-70000,-90.224222,48.296552,1840,2,0.8456521739130435
ofr10km_350000_-80000,350000,-80000,-90.234283,48.207138,1840,2,0.746195652173913
ofr10km_350000_-90000,350000,-90000,-90.244302,48.117755,1840,0,0.746195652173913
ofr10km_350000_0,350000,0,-90.152592,48.923275,1840,1,0.38206521739130433
ofr10km_350000_10000,350000,10000,-90.142184,49.012923,1840,0,0.38206521739130433
ofr10km_350000_100000,350000,100000,-90.046462,49.821024,1840,0,0.9407608695652174
ofr10km_350000_110000,350000,110000,-90.035594,49.910951,1840,3,0.9407608695652174
ofr10km_350000_120000,350000,120000,-90.024677,50.000906,1840,3,0.9407608695652174
ofr10km_350000_130000,350000,130000,-90.013713,50.090887,1840,4,0.9407608695652174
ofr10km_350000_140000,350000,140000,-90.0027,50.180895,1840,2,0.9391304347826087
ofr10km_350000_150000,350000,150000,-89.991639,50.270929,1840,2,0.44782608695652176
ofr10km_350000_160000,350000,160000,-89.980529,50.36099,1840,1,0.44782608695652176
ofr10km_350000_170000,350000,170000,-89.969369,50.451078,1840,2,0.44782608695652176
ofr10km_350000_180000,350000,180000,-89.95816,50.541191,1840,2,0.44782608695652176
ofr10km_350000_190000,350000,190000,-89.946901,50.63133,1840,3,0.44782608695652176
ofr10km_350000_20000,350000,20000,-90.131731,49.1026,1840,0,0.3809782608695652
ofr10km_350000_200000,350000,200000,-89.935591,50.721496,1840,2,0.45163043478260867
ofr10km_350000_210000,350000,210000,-89.924231,50.811686,1840,1,0.45163043478260867
ofr10km_350000_220000,350000,220000,-89.91282,50.901903,1840,1,0.45163043478260867
ofr10km_350000_230000,350000,230000,-89.901357,50.992144,1840,0,0.45163043478260867
ofr10km_350000_240000,350000,240000,-89.889843,51.082411,1840,0,0.45163043478260867
ofr10km_350000_250000,350000,250000,-89.878277,51.172703,1840,1,0.45163043478260867
ofr10km_350000_260000,350000,260000,-89.866659,51.263019,1840,0,0.45217391304347826
ofr10km_350000_270000,350000,270000,-89.854988,51.353361,1840,1,0.45217391304347826
ofr10km_350000_280000,350000,280000,-89.843263,51.443727,1840,1,0.45217391304347826
ofr10km_350000_290000,350000,290000,-89.831486,51.534117,1840,2,0.45217391304347826
ofr10km_350000_30000,350000,30000,-90.121233,49.192305,1840,0,0.38206521739130433
ofr10km_350000_300000,350000,300000,-89.819654,51.624531,1840,0,0.45217391304347826
ofr10km_350000_310000,350000,310000,-89.807769,51.714969,1840,0,0.45217391304347826
ofr10km_350000_320000,350000,320000,-89.795828,51.805432,1840,0,0.45217391304347826
ofr10km_350000_330000,350000,330000,-89.783833,51.895917,1840,0,0.45217391304347826
ofr10km_350000_340000,350000,340000,-89.771783,51.986427,1840,1,0.45217391304347826
ofr10km_350000_350000,350000,350000,-89.759677,52.076959,1840,1,0.45217391304347826
ofr10km_350000_360000,350000,360000,-89.747515,52.167515,1840,0,0.45217391304347826
ofr10km_350000_370000,350000,370000,-89.735296,52.258094,1840,0,0.7597826086956522
ofr10km_350000_380000,350000,380000,-89.723021,52.348696,1840,0,0.7597826086956522
ofr10km_350000_390000,350000,390000,-89.710688,52.43932,1840,1,0.7597826086956522
ofr10km_350000_40000,350000,40000,-90.11069,49.282038,1840,0,0.38206521739130433
ofr10km_350000_400000,350000,400000,-89.698298,52.529967,1840,0,0.9418478260869565
ofr10km_350000_410000,350000,410000,-89.685849,52.620636,1840,1,0.9418478260869565
ofr10km_350000_420000,350000,420000,-89.673342,52.711328,1840,1,0.9418478260869565
ofr10km_350000_430000,350000,430000,-89.660777,52.802041,1840,0,0.9418478260869565
ofr10km_350000_440000,350000,440000,-89.648152,52.892776,1840,0,0.9418478260869565
ofr10km_350000_450000,350000,450000,-89.635467,52.983533,1840,3,0.7641304347826087
ofr10km_350000_460000,350000,460000,-89.622722,53.074311,1840,0,0.7641304347826087
ofr10km_350000_470000,350000,470000,-89.609917,53.165111,1840,0,0.5228260869565218
ofr10km_350000_480000,350000,480000,-89.59705,53.255931,1840,0,0.5228260869565218
ofr10km_350000_490000,350000,490000,-89.584122,53.346773,1840,0,0.5228260869565218
ofr10km_350000_50000,350000,50000,-90.100101,49.3718,1840,0,0.38206521739130433
ofr10km_350000_500000,350000,500000,-89.571133,53.437635,1840,1,0.5228260869565218
ofr10km_350000_510000,350000,510000,-89.558081,53.528518,1840,0,0.5228260869565218
ofr10km_350000_520000,350000,520000,-89.544966,53.619421,1840,1,0.5228260869565218
ofr10km_350000_530000,350000,530000,-89.531788,53.710344,1840,0,0.5228260869565218
ofr10km_350000_540000,350000,540000,-89.518546,53.801288,1840,7,0.5228260869565218
ofr10km_350000_550000,350000,550000,-89.505241,53.892251,1840,4,0.5228260869565218
ofr10km_350000_560000,350000,560000,-89.49187,53.983234,1840,0,0.5228260869565218
ofr10km_350000_570000,350000,570000,-89.478435,54.074236,1840,0,0.5228260869565218
ofr10km_350000_580000,350000,580000,-89.464934,54.165258,1840,0,0.5228260869565218
ofr10km_350000_590000,350000,590000,-89.451367,54.256299,1840,0,0.5228260869565218
ofr10km_350000_60000,350000,60000,-90.089466,49.461589,1840,0,0.38206521739130433
ofr10km_350000_600000,350000,600000,-89.437734,54.347359,1840,0,0.5228260869565218
ofr10km_350000_610000,350000,610000,-89.424033,54.438438,1840,0,0.5228260869565218
ofr10km_350000_620000,350000,620000,-89.410265,54.529535,1840,0,0.5228260869565218
ofr10km_350000_630000,350000,630000,-89.396429,54.62065,1840,0,0.5228260869565218
ofr10km_350000_640000,350000,640000,-89.382525,54.711784,1840,0,0.5228260869565218
ofr10km_350000_650000,350000,650000,-89.368552,54.802936,1840,0,0.5228260869565218
ofr10km_350000_660000,350000,660000,-89.354509,54.894106,1840,0,0.5228260869565218
ofr10km_350000_670000,350000,670000,-89.340396,54.985293,1840,0,0.5217391304347826
ofr10km_350000_680000,350000,680000,-89.326212,55.076498,1840,0,0.5228260869565218
ofr10km_350000_690000,350000,690000,-89.311958,55.16772,1840,0,0.5380434782608695
ofr10km_350000_70000,350000,70000,-90.078785,49.551407,1840,0,0.38206521739130433
ofr10km_350000_700000,350000,700000,-89.297632,55.258959,1840,0,0.5380434782608695
ofr10km_350000_710000,350000,710000,-89.283233,55.350215,1840,0,0.5380434782608695
ofr10km_350000_720000,350000,720000,-89.268762,55.441488,1840,0,0.5380434782608695
ofr10km_350000_730000,350000,730000,-89.254218,55.532777,1840,0,0.5380434782608695
ofr10km_350000_740000,350000,740000,-89.2396,55.624082,1840,0,0.5380434782608695
ofr10km_350000_750000,350000,750000,-89.224908,55.715404,1840,0,0.5380434782608695
ofr10km_350000_760000,350000,760000,-89.21014,55.806741,1840,0,0.5380434782608695
ofr10km_350000_770000,350000,770000,-89.195297,55.898095,1840,0,0.5380434782608695
ofr10km_350000_780000,350000,780000,-89.180378,55.989464,1840,0,0.5380434782608695
ofr10km_350000_790000,350000,790000,-89.165383,56.080848,1840,0,0.5380434782608695
ofr10km_350000_80000,350000,80000,-90.068058,49.641252,1840,0,0.38206521739130433
ofr10km_350000_800000,350000,800000,-89.15031,56.172247,1840,0,0.5380434782608695
ofr10km_350000_810000,350000,810000,-89.135159,56.263661,1840,0,0.9369565217391305
ofr10km_350000_820000,350000,820000,-89.11993,56.35509,1840,0,0.9369565217391305
ofr10km_350000_830000,350000,830000,-89.104622,56.446534,1840,0,0.9369565217391305
ofr10km_350000_840000,350000,840000,-89.089234,56.537992,1840,0,0.9369565217391305
ofr10km_350000_850000,350000,850000,-89.073765,56.629464,1840,0,0.9369565217391305
ofr10km_350000_860000,350000,860000,-89.058216,56.72095,1840,0,0.9369565217391305
ofr10km_350000_870000,350000,870000,-89.042586,56.81245,1840,0,0.9369565217391305
ofr10km_350000_90000,350000,90000,-90.057284,49.731124,1840,3,0.9407608695652174
ofr10km_360000_-10000,360000,-10000,-90.027248,48.826733,1840,2,0.3809782608695652
ofr10km_360000_-20000,360000,-20000,-90.037855,48.73716,1840,1,0.3798913043478261
ofr10km_360000_-30000,360000,-30000,-90.048417,48.647615,1840,1,0.3798913043478261
ofr10km_360000_-40000,360000,-40000,-90.058934,48.5581,1840,0,0.8336956521739131
ofr10km_360000_-50000,360000,-50000,-90.069407,48.468614,1840,0,0.8336956521739131
ofr10km_360000_-60000,360000,-60000,-90.079836,48.379158,1840,1,0.8336956521739131
ofr10km_360000_-70000,360000,-70000,-90.09022,48.289731,1840,1,0.746195652173913
ofr10km_360000_-80000,360000,-80000,-90.100561,48.200334,1840,1,0.746195652173913
ofr10km_360000_-90000,360000,-90000,-90.110858,48.110967,1840,0,0.746195652173913
ofr10km_360000_0,360000,0,-90.016596,48.916335,1840,5,0.3809782608695652
ofr10km_360000_10000,360000,10000,-90.005898,49.005966,1840,0,0.3809782608695652
ofr10km_360000_100000,360000,100000,-89.907513,49.81391,1840,0,0.9407608695652174
ofr10km_360000_110000,360000,110000,-89.896343,49.903819,1840,2,0.9407608695652174
ofr10km_360000_120000,360000,120000,-89.885123,49.993755,1840,1,0.9407608695652174
ofr10km_360000_130000,360000,130000,-89.873853,50.083719,1840,2,0.9391304347826087
ofr10km_360000_140000,360000,140000,-89.862534,50.173708,1840,0,0.44782608695652176
ofr10km_360000_150000,360000,150000,-89.851165,50.263725,1840,6,0.44782608695652176
ofr10km_360000_160000,360000,160000,-89.839746,50.353768,1840,0,0.44782608695652176
ofr10km_360000_170000,360000,170000,-89.828276,50.443837,1840,0,0.44782608695652176
ofr10km_360000_180000,360000,180000,-89.816755,50.533932,1840,0,0.44782608695652176
ofr10km_360000_190000,360000,190000,-89.805183,50.624053,1840,2,0.44782608695652176
ofr10km_360000_20000,360000,20000,-89.995154,49.095625,1840,1,0.3809782608695652
ofr10km_360000_200000,360000,200000,-89.793559,50.7142,1840,1,0.4048913043478261
ofr10km_360000_210000,360000,210000,-89.781883,50.804372,1840,4,0.39402173913043476
ofr10km_360000_220000,360000,220000,-89.770155,50.89457,1840,2,0.39402173913043476
ofr10km_360000_230000,360000,230000,-89.758374,50.984793,1840,2,0.39402173913043476
ofr10km_360000_240000,360000,240000,-89.74654,51.075041,1840,2,0.39402173913043476
ofr10km_360000_250000,360000,250000,-89.734653,51.165314,1840,0,0.39402173913043476
ofr10km_360000_260000,360000,260000,-89.722711,51.255611,1840,0,0.45217391304347826
ofr10km_360000_270000,360000,270000,-89.710716,51.345934,1840,0,0.45217391304347826
ofr10km_360000_280000,360000,280000,-89.698666,51.436281,1840,1,0.45217391304347826
ofr10km_360000_290000,360000,290000,-89.686561,51.526652,1840,3,0.45217391304347826
ofr10km_360000_30000,360000,30000,-89.984364,49.185313,1840,1,0.3809782608695652
ofr10km_360000_300000,360000,300000,-89.674401,51.617047,1840,1,0.45217391304347826
ofr10km_360000_310000,360000,310000,-89.662185,51.707466,1840,0,0.45217391304347826
ofr10km_360000_320000,360000,320000,-89.649913,51.797909,1840,0,0.45217391304347826
ofr10km_360000_330000,360000,330000,-89.637585,51.888375,1840,1,0.45217391304347826
ofr10km_360000_340000,360000,340000,-89.6252,51.978865,1840,1,0.45217391304347826
ofr10km_360000_350000,360000,350000,-89.612757,52.069378,1840,2,0.45217391304347826
ofr10km_360000_360000,360000,360000,-89.600258,52.159915,1840,0,0.45217391304347826
ofr10km_360000_370000,360000,370000,-89.5877,52.250474,1840,0,0.7597826086956522
ofr10km_360000_380000,360000,380000,-89.575083,52.341056,1840,0,0.7597826086956522
ofr10km_360000_390000,360000,390000,-89.562408,52.43166,1840,0,0.39619565217391306
ofr10km_360000_40000,360000,40000,-89.973528,49.275029,1840,0,0.38206521739130433
ofr10km_360000_400000,360000,400000,-89.549674,52.522287,1840,0,0.39619565217391306
ofr10km_360000_410000,360000,410000,-89.53688,52.612936,1840,1,0.9418478260869565
ofr10km_360000_420000,360000,420000,-89.524026,52.703608,1840,1,0.9418478260869565
ofr10km_360000_430000,360000,430000,-89.511111,52.794301,1840,0,0.9418478260869565
ofr10km_360000_440000,360000,440000,-89.498136,52.885016,1840,1,0.9418478260869565
ofr10km_360000_450000,360000,450000,-89.485099,52.975752,1840,0,0.7641304347826087
ofr10km_360000_460000,360000,460000,-89.472001,53.06651,1840,2,0.7641304347826087
ofr10km_360000_470000,360000,470000,-89.45884,53.157289,1840,0,0.5402173913043479
ofr10km_360000_480000,360000,480000,-89.445617,53.248089,1840,0,0.5402173913043479
ofr10km_360000_490000,360000,490000,-89.43233,53.33891,1840,0,0.5402173913043479
ofr10km_360000_50000,360000,50000,-89.962644,49.364773,1840,0,0.38206521739130433
ofr10km_360000_500000,360000,500000,-89.41898,53.429751,1840,0,0.5228260869565218
ofr10km_360000_510000,360000,510000,-89.405566,53.520613,1840,0,0.5228260869565218
ofr10km_360000_520000,360000,520000,-89.392087,53.611496,1840,1,0.5228260869565218
ofr10km_360000_530000,360000,530000,-89.378544,53.702398,1840,0,0.5228260869565218
ofr10km_360000_540000,360000,540000,-89.364935,53.79332,1840,0,0.5228260869565218
ofr10km_360000_550000,360000,550000,-89.35126,53.884262,1840,0,0.5228260869565218
ofr10km_360000_560000,360000,560000,-89.337519,53.975224,1840,0,0.5228260869565218
ofr10km_360000_570000,360000,570000,-89.323711,54.066205,1840,0,0.5228260869565218
ofr10km_360000_580000,360000,580000,-89.309836,54.157206,1840,0,0.5228260869565218
ofr10km_360000_590000,360000,590000,-89.295893,54.248225,1840,0,0.5228260869565218
ofr10km_360000_60000,360000,60000,-89.951713,49.454545,1840,0,0.38206521739130433
ofr10km_360000_600000,360000,600000,-89.281881,54.339263,1840,0,0.5228260869565218
ofr10km_360000_610000,360000,610000,-89.267801,54.43032,1840,0,0.5228260869565218
ofr10km_360000_620000,360000,620000,-89.253652,54.521396,1840,0,0.5228260869565218
ofr10km_360000_630000,360000,630000,-89.239432,54.612489,1840,0,0.5228260869565218
ofr10km_360000_640000,360000,640000,-89.225143,54.703601,1840,0,0.5228260869565218
ofr10km_360000_650000,360000,650000,-89.210782,54.794731,1840,0,0.5228260869565218
ofr10km_360000_660000,360000,660000,-89.19635,54.885878,1840,0,0.5228260869565218
ofr10km_360000_670000,360000,670000,-89.181846,54.977043,1840,0,0.5217391304347826
ofr10km_360000_680000,360000,680000,-89.16727,55.068226,1840,0,0.5380434782608695
ofr10km_360000_690000,360000,690000,-89.15262,55.159425,1840,0,0.5380434782608695
ofr10km_360000_70000,360000,70000,-89.940735,49.544345,1840,0,0.38206521739130433
ofr10km_360000_700000,360000,700000,-89.137897,55.250642,1840,0,0.5380434782608695
ofr10km_360000_710000,360000,710000,-89.1231,55.341875,1840,0,0.5380434782608695
ofr10km_360000_720000,360000,720000,-89.108228,55.433125,1840,0,0.5380434782608695
ofr10km_360000_730000,360000,730000,-89.093281,55.524392,1840,0,0.5380434782608695
ofr10km_360000_740000,360000,740000,-89.078259,55.615674,1840,0,0.5380434782608695
ofr10km_360000_750000,360000,750000,-89.063159,55.706973,1840,0,0.5380434782608695
ofr10km_360000_760000,360000,760000,-89.047983,55.798287,1840,1,0.5380434782608695
ofr10km_360000_770000,360000,770000,-89.032729,55.889617,1840,0,0.5380434782608695
ofr10km_360000_780000,360000,780000,-89.017397,55.980963,1840,0,0.5380434782608695
ofr10km_360000_790000,360000,790000,-89.001987,56.072323,1840,0,0.9369565217391305
ofr10km_360000_80000,360000,80000,-89.92971,49.634172,1840,0,0.38206521739130433
ofr10km_360000_800000,360000,800000,-88.986497,56.163699,1840,0,0.9369565217391305
ofr10km_360000_810000,360000,810000,-88.970927,56.25509,1840,0,0.9369565217391305
ofr10km_360000_820000,360000,820000,-88.955276,56.346495,1840,0,0.9369565217391305
ofr10km_360000_830000,360000,830000,-88.939544,56.437915,1840,0,0.9369565217391305
ofr10km_360000_840000,360000,840000,-88.923731,56.529349,1840,0,0.9369565217391305
ofr10km_360000_850000,360000,850000,-88.907835,56.620797,1840,0,0.9369565217391305
ofr10km_360000_860000,360000,860000,-88.891855,56.712259,1840,0,0.9369565217391305
ofr10km_360000_870000,360000,870000,-88.875792,56.803734,1840,0,0.9369565217391305
ofr10km_360000_90000,360000,90000,-89.918636,49.724027,1840,0,0.9407608695652174
ofr10km_370000_-10000,370000,-10000,-89.891586,48.819619,1840,5,0.3798913043478261
ofr10km_370000_-20000,370000,-20000,-89.90248,48.730063,1840,1,0.37880434782608696
ofr10km_370000_-30000,370000,-30000,-89.913328,48.640537,1840,2,0.35054347826086957
ofr10km_370000_-40000,370000,-40000,-89.924129,48.551039,1840,2,0.35054347826086957
ofr10km_370000_-50000,370000,-50000,-89.934885,48.46157,1840,0,0.35054347826086957
ofr10km_370000_-60000,370000,-60000,-89.945596,48.372131,1840,0,0.35054347826086957
ofr10km_370000_-70000,370000,-70000,-89.956261,48.282721,1840,1,0.34945652173913044
ofr10km_370000_-80000,370000,-80000,-89.966882,48.193341,1840,1,0.35054347826086957
ofr10km_370000_-90000,370000,-90000,-89.977458,48.103991,1840,0,0.35054347826086957
ofr10km_370000_0,370000,0,-89.880646,48.909204,1840,0,0.3809782608695652
ofr10km_370000_10000,370000,10000,-89.869658,48.998817,1840,0,0.3809782608695652
ofr10km_370000_100000,370000,100000,-89.768613,49.806599,1840,0,0.9391304347826087
ofr10km_370000_110000,370000,110000,-89.75714,49.89649,1840,0,0.9391304347826087
ofr10km_370000_120000,370000,120000,-89.745617,49.986408,1840,1,0.9391304347826087
ofr10km_370000_130000,370000,130000,-89.734043,50.076353,1840,1,0.44782608695652176
ofr10km_370000_140000,370000,140000,-89.722418,50.166324,1840,1,0.44782608695652176
ofr10km_370000_150000,370000,150000,-89.710742,50.256322,1840,2,0.44782608695652176
ofr10km_370000_160000,370000,160000,-89.699014,50.346346,1840,0,0.44782608695652176
ofr10km_370000_170000,370000,170000,-89.687235,50.436396,1840,2,0.44782608695652176
ofr10km_370000_180000,370000,180000,-89.675402,50.526473,1840,1,0.44782608695652176
ofr10km_370000_190000,370000,190000,-89.663518,50.616575,1840,2,0.44782608695652176
ofr10km_370000_20000,370000,20000,-89.858624,49.088459,1840,1,0.3809782608695652
ofr10km_370000_200000,370000,200000,-89.65158,50.706703,1840,1,0.4048913043478261
ofr10km_370000_210000,370000,210000,-89.639588,50.796856,1840,2,0.4043478260869565
ofr10km_370000_220000,370000,220000,-89.627543,50.887035,1840,1,0.39402173913043476
ofr10km_370000_230000,370000,230000,-89.615444,50.977238,1840,0,0.39402173913043476
ofr10km_370000_240000,370000,240000,-89.60329,51.067467,1840,2,0.39402173913043476
ofr10km_370000_250000,370000,250000,-89.591082,51.157721,1840,1,0.39402173913043476
ofr10km_370000_260000,370000,260000,-89.578818,51.247999,1840,0,0.39402173913043476
ofr10km_370000_270000,370000,270000,-89.566499,51.338302,1840,0,0.45217391304347826
ofr10km_370000_280000,370000,280000,-89.554123,51.428629,1840,2,0.45217391304347826
ofr10km_370000_290000,370000,290000,-89.541692,51.518981,1840,0,0.45217391304347826
ofr10km_370000_30000,370000,30000,-89.847542,49.178129,1840,1,0.3809782608695652
ofr10km_370000_300000,370000,300000,-89.529203,51.609356,1840,1,0.45217391304347826
ofr10km_370000_310000,370000,310000,-89.516657,51.699756,1840,0,0.45217391304347826
ofr10km_370000_320000,370000,320000,-89.504054,51.790179,1840,0,0.45217391304347826
ofr10km_370000_330000,370000,330000,-89.491393,51.880625,1840,1,0.45217391304347826
ofr10km_370000_340000,370000,340000,-89.478674,51.971095,1840,2,0.45217391304347826
ofr10km_370000_350000,370000,350000,-89.465896,52.061588,1840,0,0.45217391304347826
ofr10km_370000_360000,370000,360000,-89.453058,52.152105,1840,0,0.5853260869565218
ofr10km_370000_370000,370000,370000,-89.440162,52.242644,1840,1,0.39619565217391306
ofr10km_370000_380000,370000,380000,-89.427205,52.333205,1840,0,0.39619565217391306
ofr10km_370000_390000,370000,390000,-89.414188,52.423789,1840,3,0.39619565217391306
ofr10km_370000_40000,370000,40000,-89.836412,49.267827,1840,0,0.38206521739130433
ofr10km_370000_400000,370000,400000,-89.40111,52.514396,1840,2,0.39619565217391306
ofr10km_370000_410000,370000,410000,-89.387971,52.605024,1840,0,0.39619565217391306
ofr10km_370000_420000,370000,420000,-89.37477,52.695675,1840,0,0.9418478260869565
ofr10km_370000_430000,370000,430000,-89.361507,52.786347,1840,1,0.9418478260869565
ofr10km_370000_440000,370000,440000,-89.348182,52.877042,1840,1,0.9418478260869565
ofr10km_370000_450000,370000,450000,-89.334793,52.967757,1840,2,0.7641304347826087
ofr10km_370000_460000,370000,460000,-89.321342,53.058494,1840,2,0.7641304347826087
ofr10km_370000_470000,370000,470000,-89.307826,53.149252,1840,0,0.7641304347826087
ofr10km_370000_480000,370000,480000,-89.294246,53.240031,1840,0,0.5402173913043479
ofr10km_370000_490000,370000,490000,-89.280601,53.33083,1840,0,0.5402173913043479
ofr10km_370000_50000,370000,50000,-89.825234,49.357553,1840,0,0.38206521739130433
ofr10km_370000_500000,370000,500000,-89.266891,53.421651,1840,0,0.5402173913043479
ofr10km_370000_510000,370000,510000,-89.253116,53.512491,1840,0,0.5228260869565218
ofr10km_370000_520000,370000,520000,-89.239274,53.603352,1840,0,0.5228260869565218
ofr10km_370000_530000,370000,530000,-89.225365,53.694233,1840,1,0.5228260869565218
ofr10km_370000_540000,370000,540000,-89.211389,53.785134,1840,0,0.5228260869565218
ofr10km_370000_550000,370000,550000,-89.197346,53.876054,1840,0,0.5228260869565218
ofr10km_370000_560000,370000,560000,-89.183235,53.966994,1840,0,0.5228260869565218
ofr10km_370000_570000,370000,570000,-89.169055,54.057953,1840,0,0.5228260869565218
ofr10km_370000_580000,370000,580000,-89.154806,54.148931,1840,0,0.5228260869565218
ofr10km_370000_590000,370000,590000,-89.140487,54.239929,1840,0,0.5228260869565218
ofr10km_370000_60000,370000,60000,-89.814008,49.447307,1840,3,0.38206521739130433
ofr10km_370000_600000,370000,600000,-89.126098,54.330945,1840,0,0.5228260869565218
ofr10km_370000_610000,370000,610000,-89.111639,54.421979,1840,0,0.5228260869565218
ofr10km_370000_620000,370000,620000,-89.097108,54.513032,1840,0,0.5228260869565218
ofr10km_370000_630000,370000,630000,-89.082506,54.604104,1840,0,0.5228260869565218
ofr10km_370000_640000,370000,640000,-89.067831,54.695193,1840,0,0.5228260869565218
ofr10km_370000_650000,370000,650000,-89.053084,54.7863,1840,0,0.5228260869565218
ofr10km_370000_660000,370000,660000,-89.038263,54.877425,1840,0,0.5217391304347826
ofr10km_370000_670000,370000,670000,-89.023369,54.968567,1840,0,0.5217391304347826
ofr10km_370000_680000,370000,680000,-89.0084,55.059726,1840,0,0.5380434782608695
ofr10km_370000_690000,370000,690000,-88.993356,55.150903,1840,0,0.5380434782608695
ofr10km_370000_70000,370000,70000,-89.802733,49.537089,1840,1,0.38206521739130433
ofr10km_370000_700000,370000,700000,-88.978237,55.242096,1840,0,0.5380434782608695
ofr10km_370000_710000,370000,710000,-88.963042,55.333306,1840,0,0.5380434782608695
ofr10km_370000_720000,370000,720000,-88.94777,55.424533,1840,0,0.5380434782608695
ofr10km_370000_730000,370000,730000,-88.93242,55.515776,1840,0,0.5380434782608695
ofr10km_370000_740000,370000,740000,-88.916993,55.607035,1840,0,0.5380434782608695
ofr10km_370000_750000,370000,750000,-88.901488,55.69831,1840,0,0.5380434782608695
ofr10km_370000_760000,370000,760000,-88.885904,55.7896,1840,0,0.5380434782608695
ofr10km_370000_770000,370000,770000,-88.870239,55.880906,1840,0,0.9369565217391305
ofr10km_370000_780000,370000,780000,-88.854495,55.972228,1840,0,0.9369565217391305
ofr10km_370000_790000,370000,790000,-88.83867,56.063565,1840,0,0.9369565217391305
ofr10km_370000_80000,370000,80000,-89.791409,49.626898,1840,2,0.38206521739130433
ofr10km_370000_800000,370000,800000,-88.822764,56.154916,1840,0,0.9369565217391305
ofr10km_370000_810000,370000,810000,-88.806775,56.246283,1840,0,0.9369565217391305
ofr10km_370000_820000,370000,820000,-88.790704,56.337663,1840,0,0.9369565217391305
ofr10km_370000_830000,370000,830000,-88.774549,56.429059,1840,0,0.9369565217391305
ofr10km_370000_840000,370000,840000,-88.75831,56.520468,1840,0,0.9369565217391305
ofr10km_370000_850000,370000,850000,-88.741987,56.611891,1840,0,0.9369565217391305
ofr10km_370000_860000,370000,860000,-88.725578,56.703328,1840,0,0.9369565217391305
ofr10km_370000_90000,370000,90000,-89.780036,49.716735,1840,0,0.9391304347826087
ofr10km_380000_-10000,380000,-10000,-89.75597,48.812315,1840,0,0.3798913043478261
ofr10km_380000_-100000,380000,-100000,-89.854911,48.007526,1840,0,0.35054347826086957
ofr10km_380000_-20000,380000,-20000,-89.767151,48.722777,1840,0,0.8336956521739131
ofr10km_380000_-30000,380000,-30000,-89.778284,48.633268,1840,3,0.35054347826086957
ofr10km_380000_-40000,380000,-40000,-89.78937,48.543788,1840,6,0.35054347826086957
ofr10km_380000_-50000,380000,-50000,-89.800409,48.454337,1840,0,0.34945652173913044
ofr10km_380000_-60000,380000,-60000,-89.811401,48.364916,1840,3,0.34945652173913044
ofr10km_380000_-70000,380000,-70000,-89.822347,48.275524,1840,5,0.34945652173913044
ofr10km_380000_-80000,380000,-80000,-89.833247,48.186161,1840,0,0.34945652173913044
ofr10km_380000_-90000,380000,-90000,-89.844102,48.096829,1840,0,0.34945652173913044
ofr10km_380000_0,380000,0,-89.744742,48.901881,1840,0,0.3798913043478261
ofr10km_380000_10000,380000,10000,-89.733466,48.991476,1840,0,0.3809782608695652
ofr10km_380000_100000,380000,100000,-89.629763,49.799092,1840,0,0.9391304347826087
ofr10km_380000_110000,380000,110000,-89.617989,49.888964,1840,1,0.9391304347826087
ofr10km_380000_120000,380000,120000,-89.606162,49.978863,1840,1,0.9391304347826087
ofr10km_380000_130000,380000,130000,-89.594284,50.068789,1840,0,0.44782608695652176
ofr10km_380000_140000,380000,140000,-89.582354,50.158742,1840,2,0.44782608695652176
ofr10km_380000_150000,380000,150000,-89.570371,50.24872,1840,3,0.44782608695652176
ofr10km_380000_160000,380000,160000,-89.558335,50.338725,1840,0,0.44782608695652176
ofr10km_380000_170000,380000,170000,-89.546245,50.428756,1840,1,0.44782608695652176
ofr10km_380000_180000,380000,180000,-89.534102,50.518813,1840,4,0.44782608695652176
ofr10km_380000_190000,380000,190000,-89.521905,50.608896,1840,1,0.44782608695652176
ofr10km_380000_20000,380000,20000,-89.722141,49.0811,1840,1,0.3809782608695652
ofr10km_380000_200000,380000,200000,-89.509653,50.699005,1840,0,0.4048913043478261
ofr10km_380000_210000,380000,210000,-89.497347,50.789138,1840,1,0.4043478260869565
ofr10km_380000_220000,380000,220000,-89.484985,50.879297,1840,5,0.4043478260869565
ofr10km_380000_230000,380000,230000,-89.472568,50.969482,1840,0,0.39402173913043476
ofr10km_380000_240000,380000,240000,-89.460095,51.059691,1840,0,0.39402173913043476
ofr10km_380000_250000,380000,250000,-89.447566,51.149925,1840,2,0.39402173913043476
ofr10km_380000_260000,380000,260000,-89.43498,51.240183,1840,0,0.39402173913043476
ofr10km_380000_270000,380000,270000,-89.422337,51.330466,1840,0,0.45217391304347826
ofr10km_380000_280000,380000,280000,-89.409637,51.420773,1840,0,0.45217391304347826
ofr10km_380000_290000,380000,290000,-89.396879,51.511105,1840,0,0.45217391304347826
ofr10km_380000_30000,380000,30000,-89.710767,49.170751,1840,0,0.3809782608695652
ofr10km_380000_300000,380000,300000,-89.384062,51.60146,1840,0,0.45217391304347826
ofr10km_380000_310000,380000,310000,-89.371187,51.691839,1840,0,0.45217391304347826
ofr10km_380000_320000,380000,320000,-89.358253,51.782242,1840,0,0.45217391304347826
ofr10km_380000_330000,380000,330000,-89.34526,51.872668,1840,0,0.45217391304347826
ofr10km_380000_340000,380000,340000,-89.332207,51.963117,1840,0,0.45217391304347826
ofr10km_380000_350000,380000,350000,-89.319093,52.05359,1840,0,0.5853260869565218
ofr10km_380000_360000,380000,360000,-89.305919,52.144085,1840,0,0.39619565217391306
ofr10km_380000_370000,380000,370000,-89.292684,52.234603,1840,0,0.39619565217391306
ofr10km_380000_380000,380000,380000,-89.279387,52.325144,1840,2,0.39619565217391306
ofr10km_380000_390000,380000,390000,-89.266028,52.415707,1840,1,0.39619565217391306
ofr10km_380000_40000,380000,40000,-89.699345,49.260431,1840,0,0.38206521739130433
ofr10km_380000_400000,380000,400000,-89.252607,52.506293,1840,2,0.39619565217391306
ofr10km_380000_410000,380000,410000,-89.239123,52.5969,1840,1,0.39619565217391306
ofr10km_380000_420000,380000,420000,-89.225576,52.68753,1840,0,0.9418478260869565
ofr10km_380000_430000,380000,430000,-89.211965,52.778181,1840,0,0.9418478260869565
ofr10km_380000_440000,380000,440000,-89.19829,52.868854,1840,1,0.9418478260869565
ofr10km_380000_450000,380000,450000,-89.184551,52.959548,1840,1,0.7641304347826087
ofr10km_380000_460000,380000,460000,-89.170746,53.050263,1840,0,0.7641304347826087
ofr10km_380000_470000,380000,470000,-89.156876,53.141,1840,0,0.7641304347826087
ofr10km_380000_480000,380000,480000,-89.14294,53.231757,1840,0,0.7641304347826087
ofr10km_380000_490000,380000,490000,-89.128938,53.322535,1840,0,0.5402173913043479
ofr10km_380000_50000,380000,50000,-89.687873,49.350139,1840,1,0.38206521739130433
ofr10km_380000_500000,380000,500000,-89.114868,53.413333,1840,1,0.5402173913043479
ofr10km_380000_510000,380000,510000,-89.100731,53.504152,1840,1,0.5228260869565218
ofr10km_380000_520000,380000,520000,-89.086527,53.59499,1840,0,0.5228260869565218
ofr10km_380000_530000,380000,530000,-89.072253,53.685849,1840,0,0.5228260869565218
ofr10km_380000_540000,380000,540000,-89.057912,53.776728,1840,0,0.5228260869565218
ofr10km_380000_550000,380000,550000,-89.0435,53.867626,1840,0,0.5228260869565218
ofr10km_380000_560000,380000,560000,-89.029019,53.958543,1840,0,0.5228260869565218
ofr10km_380000_570000,380000,570000,-89.014467,54.04948,1840,0,0.5228260869565218
ofr10km_380000_580000,380000,580000,-88.999845,54.140436,1840,0,0.5228260869565218
ofr10km_380000_590000,380000,590000,-88.985151,54.23141,1840,0,0.5228260869565218
ofr10km_380000_60000,380000,60000,-89.676352,49.439875,1840,1,0.9369565217391305
ofr10km_380000_600000,380000,600000,-88.970385,54.322403,1840,0,0.5228260869565218
ofr10km_380000_610000,380000,610000,-88.955547,54.413415,1840,0,0.5228260869565218
ofr10km_380000_620000,380000,620000,-88.940636,54.504445,1840,0,0.5228260869565218
ofr10km_380000_630000,380000,630000,-88.925651,54.595493,1840,0,0.5228260869565218
ofr10km_380000_640000,380000,640000,-88.910592,54.686559,1840,0,0.5228260869565218
ofr10km_380000_650000,380000,650000,-88.895459,54.777643,1840,0,0.5228260869565218
ofr10km_380000_660000,380000,660000,-88.88025,54.868745,1840,0,0.5217391304347826
ofr10km_380000_670000,380000,670000,-88.864966,54.959863,1840,0,0.5380434782608695
ofr10km_380000_680000,380000,680000,-88.849605,55.050999,1840,0,0.5380434782608695
ofr10km_380000_690000,380000,690000,-88.834168,55.142152,1840,0,0.5380434782608695
ofr10km_380000_70000,380000,70000,-89.66478,49.529638,1840,0,0.9369565217391305
ofr10km_380000_700000,380000,700000,-88.818653,55.233322,1840,0,0.5380434782608695
ofr10km_380000_710000,380000,710000,-88.80306,55.324508,1840,1,0.5380434782608695
ofr10km_380000_720000,380000,720000,-88.787388,55.41571,1840,1,0.5380434782608695
ofr10km_380000_730000,380000,730000,-88.771637,55.506929,1840,0,0.5380434782608695
ofr10km_380000_740000,380000,740000,-88.755807,55.598164,1840,0,0.5380434782608695
ofr10km_380000_750000,380000,750000,-88.739896,55.689415,1840,0,0.5380434782608695
ofr10km_380000_760000,380000,760000,-88.723904,55.780681,1840,0,0.9369565217391305
ofr10km_380000_770000,380000,770000,-88.70783,55.871963,1840,0,0.9369565217391305
ofr10km_380000_780000,380000,780000,-88.691674,55.96326,1840,0,0.9369565217391305
ofr10km_380000_790000,380000,790000,-88.675435,56.054571,1840,0,0.9369565217391305
ofr10km_380000_80000,380000,80000,-89.653159,49.619429,1840,2,0.9369565217391305
ofr10km_380000_800000,380000,800000,-88.659112,56.145898,1840,0,0.9369565217391305
ofr10km_380000_810000,380000,810000,-88.642706,56.23724,1840,0,0.9369565217391305
ofr10km_380000_820000,380000,820000,-88.626214,56.328596,1840,0,0.9369565217391305
ofr10km_380000_830000,380000,830000,-88.609637,56.419966,1840,0,0.9369565217391305
ofr10km_380000_840000,380000,840000,-88.592974,56.51135,1840,0,0.9369565217391305
ofr10km_380000_850000,380000,850000,-88.576224,56.602748,1840,0,0.9369565217391305
ofr10km_380000_90000,380000,90000,-89.641486,49.709247,1840,0,0.9391304347826087
ofr10km_390000_-10000,390000,-10000,-89.620402,48.804819,1840,0,0.8336956521739131
ofr10km_390000_-20000,390000,-20000,-89.631869,48.7153,1840,0,0.8336956521739131
ofr10km_390000_-30000,390000,-30000,-89.643287,48.625809,1840,0,0.35054347826086957
ofr10km_390000_-40000,390000,-40000,-89.654657,48.536348,1840,6,0.34945652173913044
ofr10km_390000_-50000,390000,-50000,-89.665979,48.446915,1840,2,0.34945652173913044
ofr10km_390000_-60000,390000,-60000,-89.677253,48.357512,1840,0,0.34945652173913044
ofr10km_390000_-70000,390000,-70000,-89.688479,48.268138,1840,0,0.34945652173913044
ofr10km_390000_-80000,390000,-80000,-89.699659,48.178794,1840,0,0.34945652173913044
ofr10km_390000_-90000,390000,-90000,-89.710791,48.089479,1840,1,0.34945652173913044
ofr10km_390000_0,390000,0,-89.608886,48.894367,1840,0,0.8336956521739131
ofr10km_390000_10000,390000,10000,-89.597321,48.983944,1840,0,0.3809782608695652
ofr10km_390000_100000,390000,100000,-89.490964,49.791389,1840,0,0.9391304347826087
ofr10km_390000_110000,390000,110000,-89.478888,49.881242,1840,0,0.9391304347826087
ofr10km_390000_120000,390000,120000,-89.46676,49.971122,1840,0,0.44782608695652176
ofr10km_390000_130000,390000,130000,-89.454578,50.061028,1840,4,0.44782608695652176
ofr10km_390000_140000,390000,140000,-89.442342,50.150961,1840,3,0.44782608695652176
ofr10km_390000_150000,390000,150000,-89.430052,50.24092,1840,1,0.44782608695652176
ofr10km_390000_160000,390000,160000,-89.417708,50.330906,1840,7,0.44782608695652176
ofr10km_390000_170000,390000,170000,-89.40531,50.420917,1840,0,0.44782608695652176
ofr10km_390000_180000,390000,180000,-89.392856,50.510954,1840,2,0.44782608695652176
ofr10km_390000_190000,390000,190000,-89.380347,50.601017,1840,3,0.44782608695652176
ofr10km_390000_20000,390000,20000,-89.585707,49.073549,1840,0,0.9369565217391305
ofr10km_390000_200000,390000,200000,-89.367782,50.691106,1840,1,0.4048913043478261
ofr10km_390000_210000,390000,210000,-89.355161,50.78122,1840,1,0.4043478260869565
ofr10km_390000_220000,390000,220000,-89.342483,50.871358,1840,1,0.4043478260869565
ofr10km_390000_230000,390000,230000,-89.329749,50.961522,1840,0,0.4043478260869565
ofr10km_390000_240000,390000,240000,-89.316957,51.051711,1840,0,0.39402173913043476
ofr10km_390000_250000,390000,250000,-89.304107,51.141925,1840,0,0.39402173913043476
ofr10km_390000_260000,390000,260000,-89.2912,51.232163,1840,0,0.45217391304347826
ofr10km_390000_270000,390000,270000,-89.278233,51.322425,1840,0,0.45217391304347826
ofr10km_390000_280000,390000,280000,-89.265208,51.412712,1840,1,0.45217391304347826
ofr10km_390000_290000,390000,290000,-89.252124,51.503023,1840,1,0.45217391304347826
ofr10km_390000_30000,390000,30000,-89.574042,49.163182,1840,0,0.9369565217391305
ofr10km_390000_300000,390000,300000,-89.23898,51.593357,1840,2,0.45217391304347826
ofr10km_390000_310000,390000,310000,-89.225776,51.683716,1840,1,0.45217391304347826
ofr10km_390000_320000,390000,320000,-89.212512,51.774097,1840,3,0.45217391304347826
ofr10km_390000_330000,390000,330000,-89.199186,51.864503,1840,2,0.3804347826086957
ofr10km_390000_340000,390000,340000,-89.1858,51.954931,1840,1,0.40108695652173915
ofr10km_390000_350000,390000,350000,-89.172351,52.045382,1840,1,0.39619565217391306
ofr10km_390000_360000,390000,360000,-89.15884,52.135857,1840,1,0.39619565217391306
ofr10km_390000_370000,390000,370000,-89.145267,52.226354,1840,0,0.39619565217391306
ofr10km_390000_380000,390000,380000,-89.131631,52.316873,1840,0,0.39619565217391306
ofr10km_390000_390000,390000,390000,-89.117931,52.407415,1840,0,0.39619565217391306
ofr10km_390000_40000,390000,40000,-89.562327,49.252843,1840,0,0.9369565217391305
ofr10km_390000_400000,390000,400000,-89.104167,52.497979,1840,0,0.39619565217391306
ofr10km_390000_410000,390000,410000,-89.090339,52.588565,1840,1,0.39619565217391306
ofr10km_390000_420000,390000,420000,-89.076446,52.679172,1840,0,0.39619565217391306
ofr10km_390000_430000,390000,430000,-89.062488,52.769802,1840,2,0.39619565217391306
ofr10km_390000_440000,390000,440000,-89.048464,52.860453,1840,2,0.39619565217391306
ofr10km_390000_450000,390000,450000,-89.034373,52.951125,1840,0,0.9418478260869565
ofr10km_390000_460000,390000,460000,-89.020216,53.041818,1840,0,0.7641304347826087
ofr10km_390000_470000,390000,470000,-89.005992,53.132532,1840,0,0.7641304347826087
ofr10km_390000_480000,390000,480000,-88.991701,53.223267,1840,0,0.7641304347826087
ofr10km_390000_490000,390000,490000,-88.977341,53.314023,1840,0,0.7641304347826087
ofr10km_390000_50000,390000,50000,-89.550562,49.342532,1840,0,0.9369565217391305
ofr10km_390000_500000,390000,500000,-88.962912,53.404798,1840,1,0.5402173913043479
ofr10km_390000_510000,390000,510000,-88.948415,53.495595,1840,0,0.5228260869565218
ofr10km_390000_520000,390000,520000,-88.933848,53.586411,1840,0,0.5228260869565218
ofr10km_390000_530000,390000,530000,-88.919211,53.677247,1840,0,0.5228260869565218
ofr10km_390000_540000,390000,540000,-88.904503,53.768102,1840,0,0.5228260869565218
ofr10km_390000_550000,390000,550000,-88.889724,53.858978,1840,0,0.5228260869565218
ofr10km_390000_560000,390000,560000,-88.874874,53.949872,1840,1,0.5228260869565218
ofr10km_390000_570000,390000,570000,-88.859951,54.040786,1840,0,0.5228260869565218
ofr10km_390000_580000,390000,580000,-88.844956,54.131718,1840,0,0.5228260869565218
ofr10km_390000_590000,390000,590000,-88.829887,54.22267,1840,0,0.5228260869565218
ofr10km_390000_60000,390000,60000,-89.538745,49.432248,1840,0,0.9369565217391305
ofr10km_390000_600000,390000,600000,-88.814745,54.31364,1840,0,0.5228260869565218
ofr10km_390000_610000,390000,610000,-88.799529,54.404628,1840,0,0.5228260869565218
ofr10km_390000_620000,390000,620000,-88.784237,54.495634,1840,0,0.5228260869565218
ofr10km_390000_630000,390000,630000,-88.768871,54.586659,1840,0,0.5228260869565218
ofr10km_390000_640000,390000,640000,-88.753428,54.677701,1840,0,0.5228260869565218
ofr10km_390000_650000,390000,650000,-88.737909,54.768761,1840,0,0.5228260869565218
ofr10km_390000_660000,390000,660000,-88.722313,54.859838,1840,0,0.5217391304347826
ofr10km_390000_670000,390000,670000,-88.706639,54.950933,1840,0,0.5380434782608695
ofr10km_390000_680000,390000,680000,-88.690887,55.042045,1840,0,0.5380434782608695
ofr10km_390000_690000,390000,690000,-88.675057,55.133173,1840,0,0.5380434782608695
ofr10km_390000_70000,390000,70000,-89.526878,49.521993,1840,0,0.9369565217391305
ofr10km_390000_700000,390000,700000,-88.659147,55.224318,1840,0,0.5380434782608695
ofr10km_390000_710000,390000,710000,-88.643157,55.31548,1840,0,0.5380434782608695
ofr10km_390000_720000,390000,720000,-88.627086,55.406658,1840,0,0.5380434782608695
ofr10km_390000_730000,390000,730000,-88.610934,55.497852,1840,1,0.5380434782608695
ofr10km_390000_740000,390000,740000,-88.5947,55.589062,1840,0,0.9369565217391305
ofr10km_390000_750000,390000,750000,-88.578384,55.680288,1840,1,0.9369565217391305
ofr10km_390000_760000,390000,760000,-88.561985,55.771529,1840,0,0.9369565217391305
ofr10km_390000_770000,390000,770000,-88.545502,55.862786,1840,0,0.9369565217391305
ofr10km_390000_780000,390000,780000,-88.528935,55.954058,1840,0,0.9369565217391305
ofr10km_390000_790000,390000,790000,-88.512283,56.045344,1840,0,0.9369565217391305
ofr10km_390000_80000,390000,80000,-89.514959,49.611764,1840,1,0.9369565217391305
ofr10km_390000_800000,390000,800000,-88.495546,56.136646,1840,0,0.9369565217391305
ofr10km_390000_810000,390000,810000,-88.478722,56.227961,1840,0,0.9369565217391305
ofr10km_390000_820000,390000,820000,-88.461811,56.319292,1840,0,0.9369565217391305
ofr10km_390000_830000,390000,830000,-88.444812,56.410636,1840,0,0.9369565217391305
ofr10km_390000_840000,390000,840000,-88.427725,56.501994,1840,0,0.9369565217391305
ofr10km_390000_850000,390000,850000,-88.410549,56.593366,1840,0,0.9369565217391305
ofr10km_390000_90000,390000,90000,-89.502988,49.701563,1840,0,0.9369565217391305
ofr10km_400000_-10000,400000,-10000,-89.484883,48.797133,1840,0,0.8336956521739131
ofr10km_400000_-20000,400000,-20000,-89.496636,48.707633,1840,3,0.8336956521739131
ofr10km_400000_-30000,400000,-30000,-89.508339,48.618161,1840,2,0.34945652173913044
ofr10km_400000_-40000,400000,-40000,-89.519992,48.528719,1840,5,0.34945652173913044
ofr10km_400000_-50000,400000,-50000,-89.531596,48.439305,1840,3,0.34945652173913044
ofr10km_400000_-60000,400000,-60000,-89.543152,48.34992,1840,2,0.34945652173913044
ofr10km_400000_-70000,400000,-70000,-89.554658,48.260565,1840,0,0.34945652173913044
ofr10km_400000_-80000,400000,-80000,-89.566117,48.171239,1840,0,0.34945652173913044
ofr10km_400000_-90000,400000,-90000,-89.577527,48.081943,1840,0,0.34945652173913044
ofr10km_400000_0,400000,0,-89.47308,48.886662,1840,0,0.8336956521739131
ofr10km_400000_10000,400000,10000,-89.461226,48.97622,1840,0,0.9369565217391305
ofr10km_400000_100000,400000,100000,-89.352218,49.783491,1840,0,0.9391304347826087
ofr10km_400000_110000,400000,110000,-89.339841,49.873324,1840,0,0.44782608695652176
ofr10km_400000_120000,400000,120000,-89.32741,49.963184,1840,2,0.44782608695652176
ofr10km_400000_130000,400000,130000,-89.314925,50.05307,1840,1,0.44782608695652176
ofr10km_400000_140000,400000,140000,-89.302384,50.142983,1840,0,0.44782608695652176
ofr10km_400000_150000,400000,150000,-89.289788,50.232922,1840,2,0.44782608695652176
ofr10km_400000_160000,400000,160000,-89.277137,50.322888,1840,3,0.44782608695652176
ofr10km_400000_170000,400000,170000,-89.264429,50.412879,1840,0,0.44782608695652176
ofr10km_400000_180000,400000,180000,-89.251665,50.502896,1840,2,0.44782608695652176
ofr10km_400000_190000,400000,190000,-89.238844,50.592938,1840,3,0.4483695652173913
ofr10km_400000_20000,400000,20000,-89.449322,49.065806,1840,0,0.9369565217391305
ofr10km_400000_200000,400000,200000,-89.225967,50.683006,1840,1,0.4483695652173913
ofr10km_400000_210000,400000,210000,-89.213031,50.773099,1840,3,0.40543478260869564
ofr10km_400000_220000,400000,220000,-89.200038,50.863218,1840,0,0.40543478260869564
ofr10km_400000_230000,400000,230000,-89.186986,50.953361,1840,1,0.4043478260869565
ofr10km_400000_240000,400000,240000,-89.173876,51.043529,1840,0,0.39402173913043476
ofr10km_400000_250000,400000,250000,-89.160706,51.133722,1840,0,0.39402173913043476
ofr10km_400000_260000,400000,260000,-89.147477,51.223939,1840,2,0.45217391304347826
ofr10km_400000_270000,400000,270000,-89.134188,51.314181,1840,0,0.45217391304347826
ofr10km_400000_280000,400000,280000,-89.120839,51.404446,1840,2,0.45217391304347826
ofr10km_400000_290000,400000,290000,-89.107429,51.494736,1840,0,0.45217391304347826
ofr10km_400000_30000,400000,30000,-89.437367,49.155419,1840,1,0.9369565217391305
ofr10km_400000_300000,400000,300000,-89.093958,51.585049,1840,0,0.45217391304347826
ofr10km_400000_310000,400000,310000,-89.080426,51.675386,1840,2,0.45217391304347826
ofr10km_400000_320000,400000,320000,-89.066831,51.765746,1840,0,0.45217391304347826
ofr10km_400000_330000,400000,330000,-89.053174,51.85613,1840,1,0.3967391304347826
ofr10km_400000_340000,400000,340000,-89.039454,51.946537,1840,0,0.40108695652173915
ofr10km_400000_350000,400000,350000,-89.025671,52.036967,1840,3,0.40108695652173915
ofr10km_400000_360000,400000,360000,-89.011824,52.127419,1840,3,0.39619565217391306
ofr10km_400000_370000,400000,370000,-88.997914,52.217894,1840,0,0.39619565217391306
ofr10km_400000_380000,400000,380000,-88.983938,52.308392,1840,0,0.39619565217391306
ofr10km_400000_390000,400000,390000,-88.969897,52.398912,1840,0,0.39619565217391306
ofr10km_400000_40000,400000,40000,-89.42536,49.245061,1840,0,0.9369565217391305
ofr10km_400000_400000,400000,400000,-88.955791,52.489453,1840,0,0.39619565217391306
ofr10km_400000_410000,400000,410000,-88.941619,52.580017,1840,1,0.39619565217391306
ofr10km_400000_420000,400000,420000,-88.927381,52.670603,1840,0,0.39619565217391306
ofr10km_400000_430000,400000,430000,-88.913076,52.76121,1840,1,0.39619565217391306
ofr10km_400000_440000,400000,440000,-88.898703,52.851838,1840,2,0.39619565217391306
ofr10km_400000_450000,400000,450000,-88.884263,52.942488,1840,0,0.9418478260869565
ofr10km_400000_460000,400000,460000,-88.869754,53.033158,1840,0,0.9418478260869565
ofr10km_400000_470000,400000,470000,-88.855176,53.12385,1840,0,0.9418478260869565
ofr10km_400000_480000,400000,480000,-88.840529,53.214562,1840,1,0.7641304347826087
ofr10km_400000_490000,400000,490000,-88.825813,53.305294,1840,0,0.7641304347826087
ofr10km_400000_50000,400000,50000,-89.413301,49.334731,1840,0,0.9369565217391305
ofr10km_400000_500000,400000,500000,-88.811026,53.396047,1840,1,0.7641304347826087
ofr10km_400000_510000,400000,510000,-88.796168,53.48682,1840,0,0.5228260869565218
ofr10km_400000_520000,400000,520000,-88.781239,53.577613,1840,0,0.5228260869565218
ofr10km_400000_530000,400000,530000,-88.766239,53.668426,1840,0,0.5228260869565218
ofr10km_400000_540000,400000,540000,-88.751165,53.759258,1840,0,0.5228260869565218
ofr10km_400000_550000,400000,550000,-88.73602,53.85011,1840,0,0.5228260869565218
ofr10km_400000_560000,400000,560000,-88.7208,53.940981,1840,0,0.5228260869565218
ofr10km_400000_570000,400000,570000,-88.705507,54.031871,1840,0,0.5228260869565218
ofr10km_400000_580000,400000,580000,-88.69014,54.12278,1840,0,0.5228260869565218
ofr10km_400000_590000,400000,590000,-88.674697,54.213707,1840,0,0.5228260869565218
ofr10km_400000_60000,400000,60000,-89.40119,49.424428,1840,0,0.9369565217391305
ofr10km_400000_600000,400000,600000,-88.659179,54.304653,1840,0,0.5228260869565218
ofr10km_400000_610000,400000,610000,-88.643585,54.395617,1840,0,0.5228260869565218
ofr10km_400000_620000,400000,620000,-88.627914,54.4866,1840,0,0.5228260869565218
ofr10km_400000_630000,400000,630000,-88.612166,54.5776,1840,0,0.5228260869565218
ofr10km_400000_640000,400000,640000,-88.596341,54.668618,1840,0,0.5228260869565218
ofr10km_400000_650000,400000,650000,-88.580436,54.759653,1840,0,0.5228260869565218
ofr10km_400000_660000,400000,660000,-88.564454,54.850706,1840,0,0.5380434782608695
ofr10km_400000_670000,400000,670000,-88.548391,54.941776,1840,0,0.5380434782608695
ofr10km_400000_680000,400000,680000,-88.532248,55.032863,1840,0,0.5380434782608695
ofr10km_400000_690000,400000,690000,-88.516025,55.123967,1840,0,0.5380434782608695
ofr10km_400000_70000,400000,70000,-89.389027,49.514153,1840,0,0.9369565217391305
ofr10km_400000_700000,400000,700000,-88.49972,55.215087,1840,0,0.5380434782608695
ofr10km_400000_710000,400000,710000,-88.483334,55.306224,1840,0,0.5380434782608695
ofr10km_400000_720000,400000,720000,-88.466865,55.397377,1840,0,0.9369565217391305
ofr10km_400000_730000,400000,730000,-88.450313,55.488545,1840,0,0.9369565217391305
ofr10km_400000_740000,400000,740000,-88.433677,55.57973,1840,0,0.9369565217391305
ofr10km_400000_750000,400000,750000,-88.416956,55.67093,1840,0,0.9369565217391305
ofr10km_400000_760000,400000,760000,-88.400151,55.762146,1840,2,0.9369565217391305
ofr10km_400000_770000,400000,770000,-88.383259,55.853377,1840,0,0.9369565217391305
ofr10km_400000_780000,400000,780000,-88.366282,55.944622,1840,2,0.9369565217391305
ofr10km_400000_790000,400000,790000,-88.349217,56.035883,1840,0,0.9369565217391305
ofr10km_400000_80000,400000,80000,-89.37681,49.603905,1840,0,0.9369565217391305
ofr10km_400000_800000,400000,800000,-88.332065,56.127158,1840,0,0.9369565217391305
ofr10km_400000_810000,400000,810000,-88.314824,56.218448,1840,1,0.9369565217391305
ofr10km_400000_820000,400000,820000,-88.297495,56.309752,1840,0,0.9369565217391305
ofr10km_400000_830000,400000,830000,-88.280075,56.40107,1840,0,0.9369565217391305
ofr10km_400000_840000,400000,840000,-88.262565,56.492401,1840,0,0.9369565217391305
ofr10km_400000_90000,400000,90000,-89.364541,49.693684,1840,1,0.9369565217391305
ofr10km_40000_-10000,40000,-10000,-94.385688,48.95309,1840,1,0.38532608695652176
ofr10km_40000_-20000,40000,-20000,-94.387004,48.863205,1840,0,0.38532608695652176
ofr10km_40000_-30000,40000,-30000,-94.388314,48.773349,1840,1,0.8358695652173913
ofr10km_40000_0,40000,0,-94.384367,49.043005,1840,1,0.38532608695652176
ofr10km_40000_10000,40000,10000,-94.38304,49.13295,1840,0,0.3826086956521739
ofr10km_40000_100000,40000,100000,-94.370835,49.943775,1840,1,0.37119565217391304
ofr10km_40000_110000,40000,110000,-94.369449,50.034011,1840,2,0.37119565217391304
ofr10km_40000_120000,40000,120000,-94.368057,50.124275,1840,1,0.37119565217391304
ofr10km_40000_130000,40000,130000,-94.366658,50.214566,1840,2,0.37119565217391304
ofr10km_40000_140000,40000,140000,-94.365254,50.304886,1840,1,0.37119565217391304
ofr10km_40000_150000,40000,150000,-94.363843,50.395234,1840,0,0.9211956521739131
ofr10km_40000_160000,40000,160000,-94.362426,50.485609,1840,0,0.9211956521739131
ofr10km_40000_170000,40000,170000,-94.361003,50.576011,1840,1,0.9211956521739131
ofr10km_40000_180000,40000,180000,-94.359573,50.666441,1840,5,0.42445652173913045
ofr10km_40000_190000,40000,190000,-94.358137,50.756898,1840,2,0.42445652173913045
ofr10km_40000_20000,40000,20000,-94.381707,49.222925,1840,8,0.3826086956521739
ofr10km_40000_200000,40000,200000,-94.356695,50.847382,1840,0,0.42445652173913045
ofr10km_40000_210000,40000,210000,-94.355246,50.937893,1840,2,0.425
ofr10km_40000_220000,40000,220000,-94.35379,51.028431,1840,2,0.425
ofr10km_40000_230000,40000,230000,-94.352328,51.118995,1840,7,0.425
ofr10km_40000_240000,40000,240000,-94.350859,51.209586,1840,3,0.425
ofr10km_40000_250000,40000,250000,-94.349383,51.300203,1840,3,0.425
ofr10km_40000_260000,40000,260000,-94.347901,51.390846,1840,4,0.42336956521739133
ofr10km_40000_270000,40000,270000,-94.346412,51.481515,1840,2,0.42336956521739133
ofr10km_40000_280000,40000,280000,-94.344916,51.572209,1840,1,0.5744565217391304
ofr10km_40000_290000,40000,290000,-94.343414,51.66293,1840,4,0.9201086956521739
ofr10km_40000_30000,40000,30000,-94.380369,49.31293,1840,3,0.34402173913043477
ofr10km_40000_300000,40000,300000,-94.341904,51.753675,1840,2,0.9201086956521739
ofr10km_40000_310000,40000,310000,-94.340388,51.844446,1840,0,0.9201086956521739
ofr10km_40000_320000,40000,320000,-94.338864,51.935243,1840,0,0.9201086956521739
ofr10km_40000_330000,40000,330000,-94.337334,52.026064,1840,1,0.933695652173913
ofr10km_40000_340000,40000,340000,-94.335796,52.11691,1840,14,0.933695652173913
ofr10km_40000_350000,40000,350000,-94.334251,52.207781,1840,1,0.9201086956521739
ofr10km_40000_360000,40000,360000,-94.332699,52.298676,1840,0,0.9201086956521739
ofr10km_40000_370000,40000,370000,-94.33114,52.389595,1840,1,0.9201086956521739
ofr10km_40000_380000,40000,380000,-94.329573,52.480539,1840,2,0.8320652173913043
ofr10km_40000_390000,40000,390000,-94.327999,52.571507,1840,0,0.6766304347826086
ofr10km_40000_40000,40000,40000,-94.379024,49.402963,1840,0,0.34402173913043477
ofr10km_40000_400000,40000,400000,-94.326418,52.662499,1840,0,0.6766304347826086
ofr10km_40000_410000,40000,410000,-94.324829,52.753514,1840,1,0.6766304347826086
ofr10km_40000_420000,40000,420000,-94.323233,52.844553,1840,0,0.6766304347826086
ofr10km_40000_430000,40000,430000,-94.321629,52.935615,1840,0,0.6766304347826086
ofr10km_40000_440000,40000,440000,-94.320017,53.026701,1840,0,0.6766304347826086
ofr10km_40000_450000,40000,450000,-94.318398,53.117809,1840,1,0.6766304347826086
ofr10km_40000_460000,40000,460000,-94.316771,53.208941,1840,0,0.6766304347826086
ofr10km_40000_470000,40000,470000,-94.315136,53.300095,1840,0,0.4141304347826087
ofr10km_40000_50000,40000,50000,-94.377674,49.493027,1840,7,0.34619565217391307
ofr10km_40000_60000,40000,60000,-94.376318,49.583119,1840,2,0.34619565217391307
ofr10km_40000_70000,40000,70000,-94.374956,49.67324,1840,8,0.35108695652173916
ofr10km_40000_80000,40000,80000,-94.373589,49.76339,1840,6,0.35108695652173916
ofr10km_40000_90000,40000,90000,-94.372215,49.853568,1840,4,0.37119565217391304
ofr10km_410000_-10000,410000,-10000,-89.349414,48.789257,1840,0,0.35108695652173916
ofr10km_410000_-20000,410000,-20000,-89.361453,48.699776,1840,6,0.35054347826086957
ofr10km_410000_-30000,410000,-30000,-89.37344,48.610324,1840,5,0.34945652173913044
ofr10km_410000_-40000,410000,-40000,-89.385377,48.5209,1840,6,0.34945652173913044
ofr10km_410000_-50000,410000,-50000,-89.397263,48.431506,1840,2,0.34945652173913044
ofr10km_410000_-60000,410000,-60000,-89.409099,48.34214,1840,1,0.34945652173913044
ofr10km_410000_-70000,410000,-70000,-89.420886,48.252804,1840,2,0.34945652173913044
ofr10km_410000_-80000,410000,-80000,-89.432623,48.163497,1840,0,0.34945652173913044
ofr10km_410000_-90000,410000,-90000,-89.444311,48.07422,1840,0,0.34945652173913044
ofr10km_410000_0,410000,0,-89.337324,48.878767,1840,1,0.8375
ofr10km_410000_10000,410000,10000,-89.325183,48.968305,1840,1,0.9369565217391305
ofr10km_410000_100000,410000,100000,-89.213526,49.775396,1840,1,0.44782608695652176
ofr10km_410000_110000,410000,110000,-89.200848,49.865209,1840,1,0.44782608695652176
ofr10km_410000_120000,410000,120000,-89.188115,49.955049,1840,5,0.44782608695652176
ofr10km_410000_130000,410000,130000,-89.175326,50.044915,1840,0,0.44782608695652176
ofr10km_410000_140000,410000,140000,-89.162481,50.134808,1840,1,0.44782608695652176
ofr10km_410000_150000,410000,150000,-89.14958,50.224726,1840,1,0.44782608695652176
ofr10km_410000_160000,410000,160000,-89.136621,50.314671,1840,2,0.44782608695652176
ofr10km_410000_170000,410000,170000,-89.123605,50.404641,1840,0,0.44782608695652176
ofr10km_410000_180000,410000,180000,-89.110531,50.494637,1840,1,0.4483695652173913
ofr10km_410000_190000,410000,190000,-89.097399,50.584659,1840,1,0.4483695652173913
ofr10km_410000_20000,410000,20000,-89.312989,49.057871,1840,1,0.9369565217391305
ofr10km_410000_200000,410000,200000,-89.084209,50.674706,1840,0,0.4483695652173913
ofr10km_410000_210000,410000,210000,-89.070959,50.764778,1840,0,0.4483695652173913
ofr10km_410000_220000,410000,220000,-89.057651,50.854876,1840,0,0.40543478260869564
ofr10km_410000_230000,410000,230000,-89.044282,50.944998,1840,1,0.40543478260869564
ofr10km_410000_240000,410000,240000,-89.030854,51.035145,1840,0,0.40543478260869564
ofr10km_410000_250000,410000,250000,-89.017365,51.125316,1840,1,0.45217391304347826
ofr10km_410000_260000,410000,260000,-89.003815,51.215512,1840,1,0.45217391304347826
ofr10km_410000_270000,410000,270000,-88.990204,51.305732,1840,0,0.45217391304347826
ofr10km_410000_280000,410000,280000,-88.976531,51.395976,1840,0,0.45217391304347826
ofr10km_410000_290000,410000,290000,-88.962796,51.486244,1840,0,0.45217391304347826
ofr10km_410000_30000,410000,30000,-89.300743,49.147465,1840,0,0.9369565217391305
ofr10km_410000_300000,410000,300000,-88.948998,51.576535,1840,1,0.45217391304347826
ofr10km_410000_310000,410000,310000,-88.935137,51.66685,1840,0,0.3967391304347826
ofr10km_410000_320000,410000,320000,-88.921213,51.757189,1840,0,0.3967391304347826
ofr10km_410000_330000,410000,330000,-88.907225,51.84755,1840,1,0.3967391304347826
ofr10km_410000_340000,410000,340000,-88.893172,51.937935,1840,0,0.40108695652173915
ofr10km_410000_350000,410000,350000,-88.879055,52.028343,1840,2,0.40108695652173915
ofr10km_410000_360000,410000,360000,-88.864873,52.118773,1840,1,0.40108695652173915
ofr10km_410000_370000,410000,370000,-88.850625,52.209226,1840,0,0.39619565217391306
ofr10km_410000_380000,410000,380000,-88.83631,52.299701,1840,0,0.39619565217391306
ofr10km_410000_390000,410000,390000,-88.82193,52.390198,1840,0,0.39619565217391306
ofr10km_410000_40000,410000,40000,-89.288444,49.237087,1840,3,0.9369565217391305
ofr10km_410000_400000,410000,400000,-88.807482,52.480717,1840,0,0.39619565217391306
ofr10km_410000_410000,410000,410000,-88.792966,52.571258,1840,0,0.39619565217391306
ofr10km_410000_420000,410000,420000,-88.778383,52.661821,1840,0,0.39619565217391306
ofr10km_410000_430000,410000,430000,-88.763731,52.752405,1840,0,0.39619565217391306
ofr10km_410000_440000,410000,440000,-88.74901,52.84301,1840,1,0.39619565217391306
ofr10km_410000_450000,410000,450000,-88.73422,52.933637,1840,0,0.9418478260869565
ofr10km_410000_460000,410000,460000,-88.71936,53.024284,1840,0,0.9418478260869565
ofr10km_410000_470000,410000,470000,-88.704429,53.114953,1840,0,0.9418478260869565
ofr10km_410000_480000,410000,480000,-88.689428,53.205641,1840,0,0.9418478260869565
ofr10km_410000_490000,410000,490000,-88.674355,53.29635,1840,0,0.9418478260869565
ofr10km_410000_50000,410000,50000,-89.276092,49.326737,1840,1,0.9369565217391305
ofr10km_410000_500000,410000,500000,-88.65921,53.38708,1840,0,0.7641304347826087
ofr10km_410000_510000,410000,510000,-88.643993,53.477829,1840,4,0.5402173913043479
ofr10km_410000_520000,410000,520000,-88.628702,53.568598,1840,0,0.5228260869565218
ofr10km_410000_530000,410000,530000,-88.613339,53.659387,1840,1,0.5228260869565218
ofr10km_410000_540000,410000,540000,-88.597901,53.750196,1840,0,0.5228260869565218
ofr10km_410000_550000,410000,550000,-88.582388,53.841023,1840,0,0.5228260869565218
ofr10km_410000_560000,410000,560000,-88.566801,53.93187,1840,0,0.5228260869565218
ofr10km_410000_570000,410000,570000,-88.551138,54.022736,1840,0,0.5228260869565218
ofr10km_410000_580000,410000,580000,-88.535399,54.11362,1840,0,0.5228260869565218
ofr10km_410000_590000,410000,590000,-88.519583,54.204523,1840,0,0.5228260869565218
ofr10km_410000_60000,410000,60000,-89.263687,49.416414,1840,0,0.9369565217391305
ofr10km_410000_600000,410000,600000,-88.503689,54.295445,1840,0,0.5228260869565218
ofr10km_410000_610000,410000,610000,-88.487718,54.386384,1840,0,0.5228260869565218
ofr10km_410000_620000,410000,620000,-88.471668,54.477342,1840,0,0.5228260869565218
ofr10km_410000_630000,410000,630000,-88.45554,54.568317,1840,0,0.5228260869565218
ofr10km_410000_640000,410000,640000,-88.439331,54.65931,1840,0,0.5228260869565218
ofr10km_410000_650000,410000,650000,-88.423043,54.750321,1840,0,0.5228260869565218
ofr10km_410000_660000,410000,660000,-88.406673,54.841348,1840,0,0.7554347826086957
ofr10km_410000_670000,410000,670000,-88.390223,54.932393,1840,0,0.7554347826086957
ofr10km_410000_680000,410000,680000,-88.37369,55.023455,1840,0,0.5380434782608695
ofr10km_410000_690000,410000,690000,-88.357075,55.114533,1840,0,0.5380434782608695
ofr10km_410000_70000,410000,70000,-89.251228,49.506119,1840,1,0.9369565217391305
ofr10km_410000_700000,410000,700000,-88.340376,55.205628,1840,0,0.5380434782608695
ofr10km_410000_710000,410000,710000,-88.323594,55.296738,1840,0,0.9369565217391305
ofr10km_410000_720000,410000,720000,-88.306727,55.387865,1840,0,0.9369565217391305
ofr10km_410000_730000,410000,730000,-88.289775,55.479008,1840,0,0.9369565217391305
ofr10km_410000_740000,410000,740000,-88.272737,55.570167,1840,0,0.9369565217391305
ofr10km_410000_750000,410000,750000,-88.255613,55.661341,1840,0,0.9369565217391305
ofr10km_410000_760000,410000,760000,-88.238402,55.75253,1840,0,0.9369565217391305
ofr10km_410000_770000,410000,770000,-88.221103,55.843735,1840,0,0.9369565217391305
ofr10km_410000_780000,410000,780000,-88.203715,55.934954,1840,0,0.9369565217391305
ofr10km_410000_790000,410000,790000,-88.186239,56.026188,1840,0,0.9369565217391305
ofr10km_410000_80000,410000,80000,-89.238715,49.595851,1840,0,0.9369565217391305
ofr10km_410000_800000,410000,800000,-88.168673,56.117437,1840,0,0.9369565217391305
ofr10km_410000_810000,410000,810000,-88.151016,56.208699,1840,0,0.9369565217391305
ofr10km_410000_820000,410000,820000,-88.133268,56.299976,1840,0,0.9369565217391305
ofr10km_410000_830000,410000,830000,-88.115428,56.391267,1840,0,0.9369565217391305
ofr10km_410000_840000,410000,840000,-88.097496,56.482572,1840,0,0.9369565217391305
ofr10km_410000_90000,410000,90000,-89.226148,49.68561,1840,1,0.9353260869565218
ofr10km_420000_-10000,420000,-10000,-89.213996,48.781191,1840,2,0.40217391304347827
ofr10km_420000_-20000,420000,-20000,-89.22632,48.691729,1840,0,0.34945652173913044
ofr10km_420000_-30000,420000,-30000,-89.238592,48.602297,1840,7,0.3407608695652174
ofr10km_420000_-40000,420000,-40000,-89.250812,48.512893,1840,8,0.3407608695652174
ofr10km_420000_-50000,420000,-50000,-89.26298,48.423518,1840,2,0.34945652173913044
ofr10km_420000_-60000,420000,-60000,-89.275097,48.334172,1840,22,0.34945652173913044
ofr10km_420000_-70000,420000,-70000,-89.287163,48.244855,1840,1,0.34945652173913044
ofr10km_420000_-80000,420000,-80000,-89.299178,48.155568,1840,0,0.34945652173913044
ofr10km_420000_-90000,420000,-90000,-89.311143,48.06631,1840,1,0.34945652173913044
ofr10km_420000_0,420000,0,-89.20162,48.87068,1840,2,0.9369565217391305
ofr10km_420000_10000,420000,10000,-89.189191,48.960198,1840,1,0.9369565217391305
ofr10km_420000_100000,420000,100000,-89.074888,49.767107,1840,2,0.4440217391304348
ofr10km_420000_110000,420000,110000,-89.061911,49.856899,1840,0,0.4440217391304348
ofr10km_420000_120000,420000,120000,-89.048876,49.946718,1840,0,0.4440217391304348
ofr10km_420000_130000,420000,130000,-89.035784,50.036563,1840,1,0.44782608695652176
ofr10km_420000_140000,420000,140000,-89.022635,50.126434,1840,2,0.44782608695652176
ofr10km_420000_150000,420000,150000,-89.009428,50.216332,1840,2,0.44782608695652176
ofr10km_420000_160000,420000,160000,-88.996163,50.306255,1840,4,0.44782608695652176
ofr10km_420000_170000,420000,170000,-88.982839,50.396205,1840,1,0.4483695652173913
ofr10km_420000_180000,420000,180000,-88.969455,50.48618,1840,0,0.4483695652173913
ofr10km_420000_190000,420000,190000,-88.956013,50.57618,1840,1,0.4483695652173913
ofr10km_420000_20000,420000,20000,-89.176708,49.049744,1840,0,0.9369565217391305
ofr10km_420000_200000,420000,200000,-88.94251,50.666205,1840,1,0.4483695652173913
ofr10km_420000_210000,420000,210000,-88.928947,50.756256,1840,1,0.4483695652173913
ofr10km_420000_220000,420000,220000,-88.915323,50.846332,1840,0,0.4483695652173913
ofr10km_420000_230000,420000,230000,-88.901639,50.936432,1840,0,0.4483695652173913
ofr10km_420000_240000,420000,240000,-88.887893,51.026557,1840,2,0.4483695652173913
ofr10km_420000_250000,420000,250000,-88.874085,51.116707,1840,2,0.4483695652173913
ofr10km_420000_260000,420000,260000,-88.860214,51.206881,1840,1,0.5853260869565218
ofr10km_420000_270000,420000,270000,-88.846281,51.297079,1840,0,0.5853260869565218
ofr10km_420000_280000,420000,280000,-88.832285,51.387301,1840,0,0.45217391304347826
ofr10km_420000_290000,420000,290000,-88.818225,51.477546,1840,0,0.45217391304347826
ofr10km_420000_30000,420000,30000,-89.164172,49.139318,1840,1,0.9369565217391305
ofr10km_420000_300000,420000,300000,-88.804101,51.567816,1840,0,0.3967391304347826
ofr10km_420000_310000,420000,310000,-88.789912,51.658108,1840,0,0.3967391304347826
ofr10km_420000_320000,420000,320000,-88.775659,51.748424,1840,2,0.3967391304347826
ofr10km_420000_330000,420000,330000,-88.76134,51.838763,1840,1,0.3967391304347826
ofr10km_420000_340000,420000,340000,-88.746955,51.929126,1840,1,0.40108695652173915
ofr10km_420000_350000,420000,350000,-88.732504,52.01951,1840,1,0.40108695652173915
ofr10km_420000_360000,420000,360000,-88.717987,52.109918,1840,0,0.40108695652173915
ofr10km_420000_370000,420000,370000,-88.703402,52.200348,1840,2,0.40108695652173915
ofr10km_420000_380000,420000,380000,-88.688749,52.2908,1840,0,0.39619565217391306
ofr10km_420000_390000,420000,390000,-88.674029,52.381274,1840,2,0.39619565217391306
ofr10km_420000_40000,420000,40000,-89.151582,49.22892,1840,0,0.9369565217391305
ofr10km_420000_400000,420000,400000,-88.65924,52.47177,1840,0,0.39619565217391306
ofr10km_420000_410000,420000,410000,-88.644381,52.562288,1840,2,0.39619565217391306
ofr10km_420000_420000,420000,420000,-88.629453,52.652827,1840,0,0.39619565217391306
ofr10km_420000_430000,420000,430000,-88.614455,52.743388,1840,1,0.39619565217391306
ofr10km_420000_440000,420000,440000,-88.599387,52.83397,1840,1,0.39619565217391306
ofr10km_420000_450000,420000,450000,-88.584248,52.924573,1840,1,0.9418478260869565
ofr10km_420000_460000,420000,460000,-88.569036,53.015196,1840,0,0.9418478260869565
ofr10km_420000_470000,420000,470000,-88.553753,53.105841,1840,0,0.9418478260869565
ofr10km_420000_480000,420000,480000,-88.538398,53.196506,1840,0,0.9418478260869565
ofr10km_420000_490000,420000,490000,-88.522969,53.287191,1840,0,0.9418478260869565
ofr10km_420000_50000,420000,50000,-89.138937,49.31855,1840,0,0.36032608695652174
ofr10km_420000_500000,420000,500000,-88.507467,53.377896,1840,1,0.9418478260869565
ofr10km_420000_510000,420000,510000,-88.49189,53.468621,1840,0,0.7641304347826087
ofr10km_420000_520000,420000,520000,-88.476239,53.559366,1840,1,0.5402173913043479
ofr10km_420000_530000,420000,530000,-88.460513,53.650131,1840,0,0.5228260869565218
ofr10km_420000_540000,420000,540000,-88.444711,53.740914,1840,0,0.5228260869565218
ofr10km_420000_550000,420000,550000,-88.428832,53.831718,1840,0,0.5228260869565218
ofr10km_420000_560000,420000,560000,-88.412877,53.92254,1840,0,0.5228260869565218
ofr10km_420000_570000,420000,570000,-88.396845,54.013381,1840,0,0.5228260869565218
ofr10km_420000_580000,420000,580000,-88.380734,54.10424,1840,1,0.5228260869565218
ofr10km_420000_590000,420000,590000,-88.364545,54.195118,1840,0,0.5228260869565218
ofr10km_420000_60000,420000,60000,-89.126238,49.408207,1840,1,0.36032608695652174
ofr10km_420000_600000,420000,600000,-88.348277,54.286014,1840,0,0.5228260869565218
ofr10km_420000_610000,420000,610000,-88.331929,54.376929,1840,0,0.5228260869565218
ofr10km_420000_620000,420000,620000,-88.315501,54.467861,1840,0,0.5228260869565218
ofr10km_420000_630000,420000,630000,-88.298992,54.558811,1840,0,0.5228260869565218
ofr10km_420000_640000,420000,640000,-88.282402,54.649778,1840,0,0.5228260869565218
ofr10km_420000_650000,420000,650000,-88.26573,54.740763,1840,0,0.7554347826086957
ofr10km_420000_660000,420000,660000,-88.248975,54.831765,1840,0,0.7554347826086957
ofr10km_420000_670000,420000,670000,-88.232136,54.922784,1840,0,0.7554347826086957
ofr10km_420000_680000,420000,680000,-88.215214,55.013819,1840,0,0.7554347826086957
ofr10km_420000_690000,420000,690000,-88.198208,55.104872,1840,0,0.5260869565217391
ofr10km_420000_70000,420000,70000,-89.113484,49.497891,1840,0,0.36032608695652174
ofr10km_420000_700000,420000,700000,-88.181116,55.19594,1840,0,0.5260869565217391
ofr10km_420000_710000,420000,710000,-88.163938,55.287025,1840,0,0.9369565217391305
ofr10km_420000_720000,420000,720000,-88.146674,55.378125,1840,0,0.9369565217391305
ofr10km_420000_730000,420000,730000,-88.129323,55.469242,1840,0,0.9369565217391305
ofr10km_420000_740000,420000,740000,-88.111884,55.560374,1840,0,0.9369565217391305
ofr10km_420000_750000,420000,750000,-88.094357,55.651521,1840,0,0.9369565217391305
ofr10km_420000_760000,420000,760000,-88.076741,55.742683,1840,1,0.9369565217391305
ofr10km_420000_770000,420000,770000,-88.059034,55.833861,1840,0,0.9369565217391305
ofr10km_420000_780000,420000,780000,-88.041238,55.925053,1840,0,0.9369565217391305
ofr10km_420000_790000,420000,790000,-88.02335,56.01626,1840,0,0.9369565217391305
ofr10km_420000_80000,420000,80000,-89.100675,49.587603,1840,1,0.36032608695652174
ofr10km_420000_800000,420000,800000,-88.005371,56.107481,1840,0,0.9369565217391305
ofr10km_420000_810000,420000,810000,-87.987299,56.198716,1840,3,0.9369565217391305
ofr10km_420000_820000,420000,820000,-87.969134,56.289965,1840,0,0.9369565217391305
ofr10km_420000_830000,420000,830000,-87.950874,56.381228,1840,0,0.9369565217391305
ofr10km_420000_90000,420000,90000,-89.087809,49.677341,1840,1,0.9353260869565218
ofr10km_430000_-10000,430000,-10000,-89.078631,48.772934,1840,2,0.40217391304347827
ofr10km_430000_-20000,430000,-20000,-89.09124,48.683493,1840,3,0.38967391304347826
ofr10km_430000_-30000,430000,-30000,-89.103796,48.59408,1840,0,0.38967391304347826
ofr10km_430000_-40000,430000,-40000,-89.116298,48.504697,1840,2,0.3407608695652174
ofr10km_430000_-50000,430000,-50000,-89.128748,48.415342,1840,0,0.3407608695652174
ofr10km_430000_-60000,430000,-60000,-89.141145,48.326016,1840,2,0.3407608695652174
ofr10km_430000_-70000,430000,-70000,-89.15349,48.236719,1840,0,0.3407608695652174
ofr10km_430000_-80000,430000,-80000,-89.165784,48.147452,1840,0,0.3407608695652174
ofr10km_430000_-90000,430000,-90000,-89.178025,48.058213,1840,0,0.3407608695652174
ofr10km_430000_0,430000,0,-89.065969,48.862403,1840,1,0.4625
ofr10km_430000_10000,430000,10000,-89.053252,48.9519,1840,1,0.36032608695652174
ofr10km_430000_100000,430000,100000,-88.936307,49.758622,1840,0,0.4440217391304348
ofr10km_430000_110000,430000,110000,-88.92303,49.848393,1840,0,0.4440217391304348
ofr10km_430000_120000,430000,120000,-88.909694,49.93819,1840,0,0.4440217391304348
ofr10km_430000_130000,430000,130000,-88.8963,50.028014,1840,3,0.44782608695652176
ofr10km_430000_140000,430000,140000,-88.882847,50.117864,1840,2,0.44782608695652176
ofr10km_430000_150000,430000,150000,-88.869335,50.20774,1840,0,0.44782608695652176
ofr10km_430000_160000,430000,160000,-88.855763,50.297642,1840,5,0.44782608695652176
ofr10km_430000_170000,430000,170000,-88.842131,50.387569,1840,0,0.4483695652173913
ofr10km_430000_180000,430000,180000,-88.828439,50.477523,1840,1,0.4483695652173913
ofr10km_430000_190000,430000,190000,-88.814686,50.567501,1840,0,0.4483695652173913
ofr10km_430000_20000,430000,20000,-89.040481,49.041426,1840,0,0.36032608695652174
ofr10km_430000_200000,430000,200000,-88.800871,50.657505,1840,1,0.4483695652173913
ofr10km_430000_210000,430000,210000,-88.786995,50.747533,1840,1,0.4483695652173913
ofr10km_430000_220000,430000,220000,-88.773057,50.837587,1840,1,0.4483695652173913
ofr10km_430000_230000,430000,230000,-88.759057,50.927665,1840,2,0.4483695652173913
ofr10km_430000_240000,430000,240000,-88.744993,51.017768,1840,1,0.4483695652173913
ofr10km_430000_250000,430000,250000,-88.730866,51.107895,1840,0,0.4483695652173913
ofr10km_430000_260000,430000,260000,-88.716676,51.198046,1840,0,0.4483695652173913
ofr10km_430000_270000,430000,270000,-88.702421,51.288222,1840,0,0.5853260869565218
ofr10km_430000_280000,430000,280000,-88.688102,51.378421,1840,0,0.39619565217391306
ofr10km_430000_290000,430000,290000,-88.673717,51.468644,1840,0,0.3967391304347826
ofr10km_430000_30000,430000,30000,-89.027655,49.130979,1840,0,0.36032608695652174
ofr10km_430000_300000,430000,300000,-88.659268,51.558891,1840,0,0.3967391304347826
ofr10km_430000_310000,430000,310000,-88.644752,51.649161,1840,0,0.3967391304347826
ofr10km_430000_320000,430000,320000,-88.63017,51.739454,1840,2,0.3967391304347826
ofr10km_430000_330000,430000,330000,-88.615521,51.82977,1840,0,0.3967391304347826
ofr10km_430000_340000,430000,340000,-88.600804,51.920109,1840,0,0.40108695652173915
ofr10km_430000_350000,430000,350000,-88.58602,52.01047,1840,1,0.40108695652173915
ofr10km_430000_360000,430000,360000,-88.571168,52.100854,1840,0,0.40108695652173915
ofr10km_430000_370000,430000,370000,-88.556247,52.191261,1840,1,0.40108695652173915
ofr10km_430000_380000,430000,380000,-88.541256,52.281689,1840,0,0.40108695652173915
ofr10km_430000_390000,430000,390000,-88.526196,52.37214,1840,1,0.39619565217391306
ofr10km_430000_40000,430000,40000,-89.014773,49.220561,1840,0,0.36032608695652174
ofr10km_430000_400000,430000,400000,-88.511066,52.462612,1840,1,0.39619565217391306
ofr10km_430000_410000,430000,410000,-88.495866,52.553106,1840,1,0.39619565217391306
ofr10km_430000_420000,430000,420000,-88.480594,52.643622,1840,0,0.39619565217391306
ofr10km_430000_430000,430000,430000,-88.46525,52.734158,1840,2,0.39619565217391306
ofr10km_430000_440000,430000,440000,-88.449835,52.824716,1840,1,0.39619565217391306
ofr10km_430000_450000,430000,450000,-88.434347,52.915295,1840,0,0.39619565217391306
ofr10km_430000_460000,430000,460000,-88.418785,53.005894,1840,0,0.39619565217391306
ofr10km_430000_470000,430000,470000,-88.40315,53.096514,1840,0,0.9418478260869565
ofr10km_430000_480000,430000,480000,-88.387441,53.187155,1840,0,0.9418478260869565
ofr10km_430000_490000,430000,490000,-88.371657,53.277815,1840,0,0.9418478260869565
ofr10km_430000_50000,430000,50000,-89.001837,49.310169,1840,1,0.36032608695652174
ofr10km_430000_500000,430000,500000,-88.355797,53.368496,1840,0,0.9418478260869565
ofr10km_430000_510000,430000,510000,-88.339862,53.459196,1840,0,0.7641304347826087
ofr10km_430000_520000,430000,520000,-88.323851,53.549916,1840,0,0.7641304347826087
ofr10km_430000_530000,430000,530000,-88.307763,53.640656,1840,0,0.7641304347826087
ofr10km_430000_540000,430000,540000,-88.291597,53.731415,1840,0,0.5402173913043479
ofr10km_430000_550000,430000,550000,-88.275353,53.822193,1840,0,0.5228260869565218
ofr10km_430000_560000,430000,560000,-88.259031,53.91299,1840,0,0.5228260869565218
ofr10km_430000_570000,430000,570000,-88.24263,54.003805,1840,0,0.5228260869565218
ofr10km_430000_580000,430000,580000,-88.226148,54.094639,1840,0,0.5228260869565218
ofr10km_430000_590000,430000,590000,-88.209587,54.185492,1840,0,0.5228260869565218
ofr10km_430000_60000,430000,60000,-88.988844,49.399805,1840,1,0.36032608695652174
ofr10km_430000_600000,430000,600000,-88.192945,54.276362,1840,0,0.5228260869565218
ofr10km_430000_610000,430000,610000,-88.176221,54.367251,1840,0,0.5228260869565218
ofr10km_430000_620000,430000,620000,-88.159415,54.458157,1840,0,0.5228260869565218
ofr10km_430000_630000,430000,630000,-88.142527,54.549081,1840,0,0.5228260869565218
ofr10km_430000_640000,430000,640000,-88.125555,54.640022,1840,0,0.5228260869565218
ofr10km_430000_650000,430000,650000,-88.108499,54.730981,1840,0,0.7554347826086957
ofr10km_430000_660000,430000,660000,-88.091359,54.821956,1840,0,0.7554347826086957
ofr10km_430000_670000,430000,670000,-88.074134,54.912949,1840,0,0.9315217391304348
ofr10km_430000_680000,430000,680000,-88.056823,55.003958,1840,0,0.5260869565217391
ofr10km_430000_690000,430000,690000,-88.039426,55.094983,1840,0,0.5260869565217391
ofr10km_430000_70000,430000,70000,-88.975795,49.489469,1840,1,0.36032608695652174
ofr10km_430000_700000,430000,700000,-88.021941,55.186025,1840,0,0.5260869565217391
ofr10km_430000_710000,430000,710000,-88.004369,55.277082,1840,0,0.9369565217391305
ofr10km_430000_720000,430000,720000,-87.986708,55.368156,1840,0,0.9369565217391305
ofr10km_430000_730000,430000,730000,-87.968959,55.459245,1840,0,0.9369565217391305
ofr10km_430000_740000,430000,740000,-87.95112,55.55035,1840,0,0.9369565217391305
ofr10km_430000_750000,430000,750000,-87.93319,55.64147,1840,1,0.9369565217391305
ofr10km_430000_760000,430000,760000,-87.915169,55.732605,1840,0,0.9369565217391305
ofr10km_430000_770000,430000,770000,-87.897057,55.823755,1840,0,0.9369565217391305
ofr10km_430000_780000,430000,780000,-87.878852,55.914919,1840,0,0.9369565217391305
ofr10km_430000_790000,430000,790000,-87.860554,56.006098,1840,1,0.9369565217391305
ofr10km_430000_80000,430000,80000,-88.96269,49.57916,1840,0,0.36032608695652174
ofr10km_430000_800000,430000,800000,-87.842162,56.097291,1840,3,0.9369565217391305
ofr10km_430000_810000,430000,810000,-87.823675,56.188498,1840,0,0.9369565217391305
ofr10km_430000_820000,430000,820000,-87.805093,56.279719,1840,0,0.9369565217391305
ofr10km_430000_90000,430000,90000,-88.949527,49.668877,1840,0,0.4440217391304348
ofr10km_440000_-10000,440000,-10000,-88.94332,48.764487,1840,0,0.40217391304347827
ofr10km_440000_-20000,440000,-20000,-88.956214,48.675067,1840,0,0.40217391304347827
ofr10km_440000_-30000,440000,-30000,-88.969053,48.585675,1840,5,0.38967391304347826
ofr10km_440000_-40000,440000,-40000,-88.981838,48.496312,1840,0,0.3407608695652174
ofr10km_440000_-50000,440000,-50000,-88.994568,48.406978,1840,0,0.3407608695652174
ofr10km_440000_-60000,440000,-60000,-89.007246,48.317672,1840,0,0.3407608695652174
ofr10km_440000_-70000,440000,-70000,-89.01987,48.228396,1840,0,0.3407608695652174
ofr10km_440000_-80000,440000,-80000,-89.032441,48.139149,1840,0,0.3407608695652174
ofr10km_440000_0,440000,0,-88.930372,48.853935,1840,1,0.36032608695652174
ofr10km_440000_10000,440000,10000,-88.917368,48.943412,1840,0,0.36032608695652174
ofr10km_440000_100000,440000,100000,-88.797784,49.749941,1840,0,0.4440217391304348
ofr10km_440000_110000,440000,110000,-88.784207,49.83969,1840,0,0.4440217391304348
ofr10km_440000_120000,440000,120000,-88.770571,49.929466,1840,0,0.44782608695652176
ofr10km_440000_130000,440000,130000,-88.756875,50.019268,1840,0,0.44782608695652176
ofr10km_440000_140000,440000,140000,-88.743118,50.109096,1840,0,0.44782608695652176
ofr10km_440000_150000,440000,150000,-88.729301,50.19895,1840,1,0.44782608695652176
ofr10km_440000_160000,440000,160000,-88.715424,50.28883,1840,0,0.4483695652173913
ofr10km_440000_170000,440000,170000,-88.701484,50.378735,1840,0,0.4483695652173913
ofr10km_440000_180000,440000,180000,-88.687483,50.468666,1840,0,0.4483695652173913
ofr10km_440000_190000,440000,190000,-88.67342,50.558622,1840,1,0.4483695652173913
ofr10km_440000_20000,440000,20000,-88.904308,49.032916,1840,1,0.36032608695652174
ofr10km_440000_200000,440000,200000,-88.659294,50.648604,1840,1,0.4483695652173913
ofr10km_440000_210000,440000,210000,-88.645106,50.73861,1840,2,0.4483695652173913
ofr10km_440000_220000,440000,220000,-88.630853,50.828641,1840,2,0.4483695652173913
ofr10km_440000_230000,440000,230000,-88.616537,50.918696,1840,0,0.4483695652173913
ofr10km_440000_240000,440000,240000,-88.602157,51.008776,1840,0,0.4483695652173913
ofr10km_440000_250000,440000,250000,-88.587712,51.098881,1840,0,0.4483695652173913
ofr10km_440000_260000,440000,260000,-88.573202,51.189009,1840,0,0.4483695652173913
ofr10km_440000_270000,440000,270000,-88.558626,51.279161,1840,1,0.39619565217391306
ofr10km_440000_280000,440000,280000,-88.543984,51.369338,1840,0,0.39619565217391306
ofr10km_440000_290000,440000,290000,-88.529276,51.459537,1840,2,0.39619565217391306
ofr10km_440000_30000,440000,30000,-88.891193,49.122449,1840,0,0.36032608695652174
ofr10km_440000_300000,440000,300000,-88.514501,51.549761,1840,0,0.3967391304347826
ofr10km_440000_310000,440000,310000,-88.499658,51.640007,1840,0,0.3967391304347826
ofr10km_440000_320000,440000,320000,-88.484747,51.730277,1840,0,0.3967391304347826
ofr10km_440000_330000,440000,330000,-88.469769,51.820569,1840,1,0.3967391304347826
ofr10km_440000_340000,440000,340000,-88.454721,51.910884,1840,0,0.40108695652173915
ofr10km_440000_350000,440000,350000,-88.439604,52.001222,1840,1,0.40108695652173915
ofr10km_440000_360000,440000,360000,-88.424418,52.091582,1840,2,0.40108695652173915
ofr10km_440000_370000,440000,370000,-88.409161,52.181965,1840,1,0.40108695652173915
ofr10km_440000_380000,440000,380000,-88.393833,52.272369,1840,2,0.40108695652173915
ofr10km_440000_390000,440000,390000,-88.378434,52.362796,1840,0,0.40108695652173915
ofr10km_440000_40000,440000,40000,-88.878021,49.212009,1840,0,0.36032608695652174
ofr10km_440000_400000,440000,400000,-88.362964,52.453244,1840,0,0.39619565217391306
ofr10km_440000_410000,440000,410000,-88.347421,52.543714,1840,0,0.39619565217391306
ofr10km_440000_420000,440000,420000,-88.331806,52.634205,1840,0,0.39619565217391306
ofr10km_440000_430000,440000,430000,-88.316117,52.724717,1840,1,0.39619565217391306
ofr10km_440000_440000,440000,440000,-88.300355,52.81525,1840,1,0.39619565217391306
ofr10km_440000_450000,440000,450000,-88.284519,52.905804,1840,0,0.39619565217391306
ofr10km_440000_460000,440000,460000,-88.268607,52.996379,1840,0,0.39619565217391306
ofr10km_440000_470000,440000,470000,-88.252621,53.086974,1840,0,0.39619565217391306
ofr10km_440000_480000,440000,480000,-88.236558,53.177589,1840,1,0.9418478260869565
ofr10km_440000_490000,440000,490000,-88.22042,53.268225,1840,0,0.9418478260869565
ofr10km_440000_50000,440000,50000,-88.864792,49.301596,1840,1,0.36032608695652174
ofr10km_440000_500000,440000,500000,-88.204204,53.35888,1840,0,0.9418478260869565
ofr10km_440000_510000,440000,510000,-88.187911,53.449555,1840,0,0.7641304347826087
ofr10km_440000_520000,440000,520000,-88.17154,53.54025,1840,0,0.7641304347826087
ofr10km_440000_530000,440000,530000,-88.15509,53.630964,1840,0,0.7641304347826087
ofr10km_440000_540000,440000,540000,-88.138561,53.721697,1840,0,0.7641304347826087
ofr10km_440000_550000,440000,550000,-88.121953,53.812449,1840,0,0.5402173913043479
ofr10km_440000_560000,440000,560000,-88.105264,53.90322,1840,0,0.5402173913043479
ofr10km_440000_570000,440000,570000,-88.088494,53.99401,1840,0,0.5228260869565218
ofr10km_440000_580000,440000,580000,-88.071643,54.084818,1840,0,0.5228260869565218
ofr10km_440000_590000,440000,590000,-88.05471,54.175644,1840,0,0.5228260869565218
ofr10km_440000_60000,440000,60000,-88.851506,49.391211,1840,0,0.36032608695652174
ofr10km_440000_600000,440000,600000,-88.037694,54.266488,1840,0,0.5228260869565218
ofr10km_440000_610000,440000,610000,-88.020595,54.35735,1840,0,0.5228260869565218
ofr10km_440000_620000,440000,620000,-88.003412,54.44823,1840,0,0.5228260869565218
ofr10km_440000_630000,440000,630000,-87.986144,54.539128,1840,0,0.5228260869565218
ofr10km_440000_640000,440000,640000,-87.968792,54.630042,1840,0,0.5380434782608695
ofr10km_440000_650000,440000,650000,-87.951354,54.720974,1840,0,0.7554347826086957
ofr10km_440000_660000,440000,660000,-87.933829,54.811922,1840,0,0.9315217391304348
ofr10km_440000_670000,440000,670000,-87.916217,54.902888,1840,0,0.5260869565217391
ofr10km_440000_680000,440000,680000,-87.898518,54.99387,1840,0,0.5260869565217391
ofr10km_440000_690000,440000,690000,-87.880731,55.084868,1840,0,0.5260869565217391
ofr10km_440000_70000,440000,70000,-88.838163,49.480853,1840,0,0.36032608695652174
ofr10km_440000_700000,440000,700000,-87.862854,55.175882,1840,0,0.5260869565217391
ofr10km_440000_710000,440000,710000,-87.844888,55.266912,1840,0,0.9369565217391305
ofr10km_440000_720000,440000,720000,-87.826832,55.357958,1840,0,0.9369565217391305
ofr10km_440000_730000,440000,730000,-87.808684,55.449019,1840,0,0.9369565217391305
ofr10km_440000_740000,440000,740000,-87.790445,55.540096,1840,0,0.9369565217391305
ofr10km_440000_750000,440000,750000,-87.772114,55.631188,1840,1,0.9369565217391305
ofr10km_440000_760000,440000,760000,-87.753689,55.722295,1840,0,0.9369565217391305
ofr10km_440000_770000,440000,770000,-87.735171,55.813417,1840,0,0.9369565217391305
ofr10km_440000_780000,440000,780000,-87.716559,55.904553,1840,0,0.9369565217391305
ofr10km_440000_790000,440000,790000,-87.697851,55.995703,1840,5,0.9369565217391305
ofr10km_440000_80000,440000,80000,-88.824762,49.570522,1840,0,0.36032608695652174
ofr10km_440000_800000,440000,800000,-87.679047,56.086868,1840,2,0.9369565217391305
ofr10km_440000_90000,440000,90000,-88.811302,49.660218,1840,0,0.36032608695652174
ofr10km_450000_-10000,450000,-10000,-88.808064,48.75585,1840,0,0.4625
ofr10km_450000_-20000,450000,-20000,-88.821242,48.666451,1840,2,0.40217391304347827
ofr10km_450000_-30000,450000,-30000,-88.834364,48.577081,1840,6,0.40217391304347827
ofr10km_450000_-40000,450000,-40000,-88.847431,48.487738,1840,0,0.3407608695652174
ofr10km_450000_-50000,450000,-50000,-88.860442,48.398425,1840,0,0.3407608695652174
ofr10km_450000_-60000,450000,-60000,-88.873399,48.309141,1840,0,0.3407608695652174
ofr10km_450000_-70000,450000,-70000,-88.886302,48.219885,1840,0,0.3407608695652174
ofr10km_450000_0,450000,0,-88.79483,48.845277,1840,2,0.36032608695652174
ofr10km_450000_10000,450000,10000,-88.781539,48.934732,1840,1,0.36032608695652174
ofr10km_450000_100000,450000,100000,-88.65932,49.741066,1840,0,0.4440217391304348
ofr10km_450000_110000,450000,110000,-88.645444,49.830793,1840,1,0.4440217391304348
ofr10km_450000_120000,450000,120000,-88.631507,49.920546,1840,1,0.44782608695652176
ofr10km_450000_130000,450000,130000,-88.617509,50.010326,1840,0,0.44782608695652176
ofr10km_450000_140000,450000,140000,-88.60345,50.100132,1840,0,0.44782608695652176
ofr10km_450000_150000,450000,150000,-88.589329,50.189963,1840,0,0.44782608695652176
ofr10km_450000_160000,450000,160000,-88.575145,50.27982,1840,0,0.4483695652173913
ofr10km_450000_170000,450000,170000,-88.560899,50.369703,1840,0,0.4483695652173913
ofr10km_450000_180000,450000,180000,-88.54659,50.459611,1840,1,0.4483695652173913
ofr10km_450000_190000,450000,190000,-88.532217,50.549544,1840,1,0.4483695652173913
ofr10km_450000_20000,450000,20000,-88.768192,49.024215,1840,1,0.36032608695652174
ofr10km_450000_200000,450000,200000,-88.517781,50.639503,1840,0,0.4483695652173913
ofr10km_450000_210000,450000,210000,-88.503279,50.729486,1840,1,0.4483695652173913
ofr10km_450000_220000,450000,220000,-88.488714,50.819494,1840,3,0.4483695652173913
ofr10km_450000_230000,450000,230000,-88.474082,50.909526,1840,4,0.4483695652173913
ofr10km_450000_240000,450000,240000,-88.459386,50.999583,1840,0,0.4483695652173913
ofr10km_450000_250000,450000,250000,-88.444623,51.089664,1840,1,0.4483695652173913
ofr10km_450000_260000,450000,260000,-88.429793,51.179769,1840,0,0.4483695652173913
ofr10km_450000_270000,450000,270000,-88.414897,51.269897,1840,0,0.39619565217391306
ofr10km_450000_280000,450000,280000,-88.399933,51.36005,1840,0,0.39619565217391306
ofr10km_450000_290000,450000,290000,-88.384901,51.450226,1840,1,0.39619565217391306
ofr10km_450000_30000,450000,30000,-88.754787,49.113726,1840,1,0.36032608695652174
ofr10km_450000_300000,450000,300000,-88.369801,51.540425,1840,2,0.3967391304347826
ofr10km_450000_310000,450000,310000,-88.354632,51.630648,1840,0,0.3967391304347826
ofr10km_450000_320000,450000,320000,-88.339394,51.720894,1840,0,0.3967391304347826
ofr10km_450000_330000,450000,330000,-88.324086,51.811162,1840,1,0.3967391304347826
ofr10km_450000_340000,450000,340000,-88.308707,51.901453,1840,0,0.40108695652173915
ofr10km_450000_350000,450000,350000,-88.293258,51.991767,1840,0,0.40108695652173915
ofr10km_450000_360000,450000,360000,-88.277738,52.082102,1840,1,0.40108695652173915
ofr10km_450000_370000,450000,370000,-88.262145,52.17246,1840,3,0.40108695652173915
ofr10km_450000_380000,450000,380000,-88.246481,52.26284,1840,1,0.40108695652173915
ofr10km_450000_390000,450000,390000,-88.230744,52.353242,1840,0,0.40108695652173915
ofr10km_450000_40000,450000,40000,-88.741325,49.203264,1840,2,0.36032608695652174
ofr10km_450000_400000,450000,400000,-88.214934,52.443665,1840,1,0.40108695652173915
ofr10km_450000_410000,450000,410000,-88.19905,52.53411,1840,0,0.39619565217391306
ofr10km_450000_420000,450000,420000,-88.183091,52.624576,1840,1,0.39619565217391306
ofr10km_450000_430000,450000,430000,-88.167058,52.715063,1840,0,0.39619565217391306
ofr10km_450000_440000,450000,440000,-88.15095,52.805571,1840,0,0.39619565217391306
ofr10km_450000_450000,450000,450000,-88.134766,52.8961,1840,0,0.39619565217391306
ofr10km_450000_460000,450000,460000,-88.118505,52.986649,1840,0,0.39619565217391306
ofr10km_450000_470000,450000,470000,-88.102167,53.077219,1840,0,0.39619565217391306
ofr10km_450000_480000,450000,480000,-88.085752,53.167809,1840,0,0.39619565217391306
ofr10km_450000_490000,450000,490000,-88.06926,53.258419,1840,1,0.39619565217391306
ofr10km_450000_50000,450000,50000,-88.727804,49.29283,1840,0,0.36032608695652174
ofr10km_450000_500000,450000,500000,-88.052688,53.349048,1840,0,0.9418478260869565
ofr10km_450000_510000,450000,510000,-88.036037,53.439697,1840,0,0.7641304347826087
ofr10km_450000_520000,450000,520000,-88.019307,53.530366,1840,1,0.7641304347826087
ofr10km_450000_530000,450000,530000,-88.002496,53.621054,1840,0,0.7641304347826087
ofr10km_450000_540000,450000,540000,-87.985605,53.711761,1840,0,0.7641304347826087
ofr10km_450000_550000,450000,550000,-87.968632,53.802487,1840,0,0.5402173913043479
ofr10km_450000_560000,450000,560000,-87.951577,53.893231,1840,0,0.5402173913043479
ofr10km_450000_570000,450000,570000,-87.93444,53.983994,1840,1,0.5402173913043479
ofr10km_450000_580000,450000,580000,-87.917219,54.074776,1840,0,0.5402173913043479
ofr10km_450000_590000,450000,590000,-87.899915,54.165575,1840,0,0.5228260869565218
ofr10km_450000_60000,450000,60000,-88.714226,49.382423,1840,0,0.36032608695652174
ofr10km_450000_600000,450000,600000,-87.882526,54.256393,1840,0,0.5228260869565218
ofr10km_450000_610000,450000,610000,-87.865052,54.347228,1840,0,0.5228260869565218
ofr10km_450000_620000,450000,620000,-87.847493,54.438081,1840,0,0.5228260869565218
ofr10km_450000_630000,450000,630000,-87.829847,54.528951,1840,0,0.5228260869565218
ofr10km_450000_640000,450000,640000,-87.812114,54.619838,1840,0,0.9315217391304348
ofr10km_450000_650000,450000,650000,-87.794294,54.710742,1840,0,0.9315217391304348
ofr10km_450000_660000,450000,660000,-87.776386,54.801664,1840,0,0.5260869565217391
ofr10km_450000_670000,450000,670000,-87.758388,54.892601,1840,0,0.5260869565217391
ofr10km_450000_680000,450000,680000,-87.740302,54.983555,1840,0,0.5260869565217391
ofr10km_450000_690000,450000,690000,-87.722125,55.074525,1840,0,0.5260869565217391
ofr10km_450000_70000,450000,70000,-88.700588,49.472044,1840,1,0.36032608695652174
ofr10km_450000_700000,450000,700000,-87.703857,55.165512,1840,0,0.5260869565217391
ofr10km_450000_710000,450000,710000,-87.685498,55.256514,1840,0,0.9369565217391305
ofr10km_450000_720000,450000,720000,-87.667046,55.347531,1840,0,0.9369565217391305
ofr10km_450000_730000,450000,730000,-87.648502,55.438565,1840,0,0.9369565217391305
ofr10km_450000_740000,450000,740000,-87.629863,55.529613,1840,0,0.9369565217391305
ofr10km_450000_750000,450000,750000,-87.611131,55.620676,1840,0,0.9369565217391305
ofr10km_450000_760000,450000,760000,-87.592304,55.711754,1840,0,0.9369565217391305
ofr10km_450000_770000,450000,770000,-87.57338,55.802847,1840,0,0.9369565217391305
ofr10km_450000_780000,450000,780000,-87.554361,55.893954,1840,0,0.9369565217391305
ofr10km_450000_790000,450000,790000,-87.535244,55.985075,1840,1,0.9369565217391305
ofr10km_450000_80000,450000,80000,-88.686892,49.561691,1840,1,0.36032608695652174
ofr10km_450000_90000,450000,90000,-88.673136,49.651365,1840,0,0.36032608695652174
ofr10km_460000_-10000,460000,-10000,-88.672864,48.747023,1840,1,0.34891304347826085
ofr10km_460000_-20000,460000,-20000,-88.686326,48.657646,1840,3,0.40217391304347827
ofr10km_460000_-30000,460000,-30000,-88.699731,48.568297,1840,1,0.40217391304347827
ofr10km_460000_-40000,460000,-40000,-88.713079,48.478977,1840,1,0.38967391304347826
ofr10km_460000_-50000,460000,-50000,-88.726371,48.389685,1840,0,0.3407608695652174
ofr10km_460000_-60000,460000,-60000,-88.739607,48.300422,1840,0,0.3407608695652174
ofr10km_460000_0,460000,0,-88.659345,48.836429,1840,1,0.36032608695652174
ofr10km_460000_10000,460000,10000,-88.645768,48.925862,1840,1,0.36032608695652174
ofr10km_460000_100000,460000,100000,-88.520916,49.731995,1840,0,0.36032608695652174
ofr10km_460000_110000,460000,110000,-88.506741,49.8217,1840,0,0.44782608695652176
ofr10km_460000_120000,460000,120000,-88.492505,49.91143,1840,0,0.44782608695652176
ofr10km_460000_130000,460000,130000,-88.478205,50.001187,1840,0,0.44782608695652176
ofr10km_460000_140000,460000,140000,-88.463844,50.09097,1840,0,0.44782608695652176
ofr10km_460000_150000,460000,150000,-88.449419,50.180778,1840,1,0.4483695652173913
ofr10km_460000_160000,460000,160000,-88.43493,50.270613,1840,1,0.4483695652173913
ofr10km_460000_170000,460000,170000,-88.420377,50.360472,1840,0,0.4483695652173913
ofr10km_460000_180000,460000,180000,-88.40576,50.450357,1840,0,0.4483695652173913
ofr10km_460000_190000,460000,190000,-88.391078,50.540267,1840,0,0.4483695652173913
ofr10km_460000_20000,460000,20000,-88.632133,49.015323,1840,0,0.36032608695652174
ofr10km_460000_200000,460000,200000,-88.376331,50.630202,1840,2,0.4483695652173913
ofr10km_460000_210000,460000,210000,-88.361518,50.720161,1840,4,0.4483695652173913
ofr10km_460000_220000,460000,220000,-88.346639,50.810146,1840,1,0.4483695652173913
ofr10km_460000_230000,460000,230000,-88.331693,50.900154,1840,0,0.4483695652173913
ofr10km_460000_240000,460000,240000,-88.31668,50.990187,1840,2,0.4483695652173913
ofr10km_460000_250000,460000,250000,-88.3016,51.080244,1840,0,0.4483695652173913
ofr10km_460000_260000,460000,260000,-88.286452,51.170325,1840,1,0.4483695652173913
ofr10km_460000_270000,460000,270000,-88.271235,51.26043,1840,2,0.39619565217391306
ofr10km_460000_280000,460000,280000,-88.25595,51.350558,1840,1,0.39619565217391306
ofr10km_460000_290000,460000,290000,-88.240595,51.44071,1840,1,0.39619565217391306
ofr10km_460000_30000,460000,30000,-88.618439,49.104812,1840,1,0.36032608695652174
ofr10km_460000_300000,460000,300000,-88.22517,51.530885,1840,2,0.3967391304347826
ofr10km_460000_310000,460000,310000,-88.209675,51.621083,1840,3,0.3967391304347826
ofr10km_460000_320000,460000,320000,-88.19411,51.711304,1840,0,0.3967391304347826
ofr10km_460000_330000,460000,330000,-88.178473,51.801548,1840,0,0.3967391304347826
ofr10km_460000_340000,460000,340000,-88.162764,51.891815,1840,0,0.40108695652173915
ofr10km_460000_350000,460000,350000,-88.146983,51.982103,1840,1,0.40108695652173915
ofr10km_460000_360000,460000,360000,-88.131129,52.072414,1840,0,0.40108695652173915
ofr10km_460000_370000,460000,370000,-88.115202,52.162747,1840,2,0.40108695652173915
ofr10km_460000_380000,460000,380000,-88.099202,52.253102,1840,2,0.40108695652173915
ofr10km_460000_390000,460000,390000,-88.083127,52.343479,1840,0,0.40108695652173915
ofr10km_460000_40000,460000,40000,-88.604687,49.194328,1840,4,0.36032608695652174
ofr10km_460000_400000,460000,400000,-88.066977,52.433877,1840,0,0.40108695652173915
ofr10km_460000_410000,460000,410000,-88.050752,52.524296,1840,0,0.40108695652173915
ofr10km_460000_420000,460000,420000,-88.034451,52.614737,1840,0,0.39619565217391306
ofr10km_460000_430000,460000,430000,-88.018074,52.705198,1840,1,0.39619565217391306
ofr10km_460000_440000,460000,440000,-88.00162,52.795681,1840,0,0.39619565217391306
ofr10km_460000_450000,460000,450000,-87.985089,52.886183,1840,0,0.39619565217391306
ofr10km_460000_460000,460000,460000,-87.968479,52.976707,1840,0,0.39619565217391306
ofr10km_460000_470000,460000,470000,-87.951792,53.06725,1840,0,0.39619565217391306
ofr10km_460000_480000,460000,480000,-87.935025,53.157814,1840,0,0.39619565217391306
ofr10km_460000_490000,460000,490000,-87.918178,53.248398,1840,0,0.39619565217391306
ofr10km_460000_50000,460000,50000,-88.590875,49.283872,1840,0,0.36032608695652174
ofr10km_460000_500000,460000,500000,-87.901251,53.339001,1840,1,0.39619565217391306
ofr10km_460000_510000,460000,510000,-87.884244,53.429624,1840,0,0.39619565217391306
ofr10km_460000_520000,460000,520000,-87.867155,53.520266,1840,1,0.7641304347826087
ofr10km_460000_530000,460000,530000,-87.849984,53.610927,1840,0,0.7641304347826087
ofr10km_460000_540000,460000,540000,-87.83273,53.701607,1840,0,0.7641304347826087
ofr10km_460000_550000,460000,550000,-87.815394,53.792306,1840,0,0.7641304347826087
ofr10km_460000_560000,460000,560000,-87.797974,53.883024,1840,0,0.5402173913043479
ofr10km_460000_570000,460000,570000,-87.780469,53.97376,1840,1,0.5402173913043479
ofr10km_460000_580000,460000,580000,-87.76288,54.064514,1840,0,0.5402173913043479
ofr10km_460000_590000,460000,590000,-87.745205,54.155286,1840,0,0.5402173913043479
ofr10km_460000_60000,460000,60000,-88.577004,49.373443,1840,0,0.36032608695652174
ofr10km_460000_600000,460000,600000,-87.727444,54.246076,1840,0,0.5402173913043479
ofr10km_460000_610000,460000,610000,-87.709596,54.336884,1840,0,0.5228260869565218
ofr10km_460000_620000,460000,620000,-87.69166,54.427709,1840,0,0.4331521739130435
ofr10km_460000_630000,460000,630000,-87.673637,54.518551,1840,0,0.5271739130434783
ofr10km_460000_640000,460000,640000,-87.655524,54.609411,1840,0,0.5271739130434783
ofr10km_460000_650000,460000,650000,-87.637323,54.700287,1840,0,0.5260869565217391
ofr10km_460000_660000,460000,660000,-87.619031,54.79118,1840,0,0.5260869565217391
ofr10km_460000_670000,460000,670000,-87.600649,54.882089,1840,0,0.5260869565217391
ofr10km_460000_680000,460000,680000,-87.582175,54.973015,1840,0,0.5260869565217391
ofr10km_460000_690000,460000,690000,-87.56361,55.063957,1840,0,0.5260869565217391
ofr10km_460000_70000,460000,70000,-88.563073,49.463041,1840,0,0.36032608695652174
ofr10km_460000_700000,460000,700000,-87.544951,55.154914,1840,0,0.5260869565217391
ofr10km_460000_710000,460000,710000,-87.526199,55.245888,1840,0,0.9369565217391305
ofr10km_460000_720000,460000,720000,-87.507353,55.336877,1840,0,0.9369565217391305
ofr10km_460000_730000,460000,730000,-87.488412,55.427881,1840,0,0.9369565217391305
ofr10km_460000_740000,460000,740000,-87.469376,55.5189,1840,0,0.9369565217391305
ofr10km_460000_750000,460000,750000,-87.450243,55.609934,1840,0,0.9369565217391305
ofr10km_460000_760000,460000,760000,-87.431013,55.700983,1840,0,0.9369565217391305
ofr10km_460000_770000,460000,770000,-87.411686,55.792046,1840,0,0.9369565217391305
ofr10km_460000_780000,460000,780000,-87.39226,55.883123,1840,0,0.9369565217391305
ofr10km_460000_790000,460000,790000,-87.372735,55.974215,1840,0,0.9369565217391305
ofr10km_460000_80000,460000,80000,-88.549082,49.552665,1840,1,0.36032608695652174
ofr10km_460000_90000,460000,90000,-88.53503,49.642317,1840,0,0.36032608695652174
ofr10km_470000_-10000,470000,-10000,-88.537721,48.738007,1840,2,0.36032608695652174
ofr10km_470000_-20000,470000,-20000,-88.551467,48.648652,1840,0,0.34891304347826085
ofr10km_470000_-30000,470000,-30000,-88.565154,48.559325,1840,0,0.40217391304347827
ofr10km_470000_-40000,470000,-40000,-88.578784,48.470027,1840,1,0.38967391304347826
ofr10km_470000_-50000,470000,-50000,-88.592356,48.380757,1840,0,0.38967391304347826
ofr10km_470000_-60000,470000,-60000,-88.605871,48.291515,1840,0,0.3407608695652174
ofr10km_470000_0,470000,0,-88.523917,48.82739,1840,4,0.36032608695652174
ofr10km_470000_10000,470000,10000,-88.510054,48.916801,1840,0,0.36032608695652174
ofr10km_470000_100000,470000,100000,-88.382574,49.72273,1840,0,0.36032608695652174
ofr10km_470000_110000,470000,110000,-88.368101,49.812411,1840,0,0.44782608695652176
ofr10km_470000_120000,470000,120000,-88.353564,49.902119,1840,0,0.44782608695652176
ofr10km_470000_130000,470000,130000,-88.338964,49.991852,1840,1,0.44782608695652176
ofr10km_470000_140000,470000,140000,-88.3243,50.081612,1840,0,0.44782608695652176
ofr10km_470000_150000,470000,150000,-88.309572,50.171397,1840,2,0.4483695652173913
ofr10km_470000_160000,470000,160000,-88.294778,50.261207,1840,0,0.4483695652173913
ofr10km_470000_170000,470000,170000,-88.27992,50.351043,1840,1,0.4483695652173913
ofr10km_470000_180000,470000,180000,-88.264995,50.440904,1840,0,0.4483695652173913
ofr10km_470000_190000,470000,190000,-88.250004,50.53079,1840,1,0.4483695652173913
ofr10km_470000_20000,470000,20000,-88.496132,49.00624,1840,0,0.36032608695652174
ofr10km_470000_200000,470000,200000,-88.234947,50.620701,1840,0,0.4483695652173913
ofr10km_470000_210000,470000,210000,-88.219823,50.710637,1840,1,0.4483695652173913
ofr10km_470000_220000,470000,220000,-88.204631,50.800597,1840,0,0.4483695652173913
ofr10km_470000_230000,470000,230000,-88.189371,50.890581,1840,3,0.4483695652173913
ofr10km_470000_240000,470000,240000,-88.174043,50.98059,1840,2,0.4483695652173913
ofr10km_470000_250000,470000,250000,-88.158645,51.070623,1840,1,0.9391304347826087
ofr10km_470000_260000,470000,260000,-88.143179,51.160679,1840,2,0.9391304347826087
ofr10km_470000_270000,470000,270000,-88.127643,51.25076,1840,2,0.39619565217391306
ofr10km_470000_280000,470000,280000,-88.112036,51.340863,1840,0,0.39619565217391306
ofr10km_470000_290000,470000,290000,-88.096359,51.43099,1840,1,0.39619565217391306
ofr10km_470000_30000,470000,30000,-88.48215,49.095706,1840,1,0.36032608695652174
ofr10km_470000_300000,470000,300000,-88.08061,51.521141,1840,0,0.3967391304347826
ofr10km_470000_310000,470000,310000,-88.064789,51.611314,1840,0,0.3967391304347826
ofr10km_470000_320000,470000,320000,-88.048897,51.70151,1840,2,0.3967391304347826
ofr10km_470000_330000,470000,330000,-88.032932,51.791728,1840,1,0.3967391304347826
ofr10km_470000_340000,470000,340000,-88.016893,51.881969,1840,1,0.40108695652173915
ofr10km_470000_350000,470000,350000,-88.000781,51.972233,1840,1,0.40108695652173915
ofr10km_470000_360000,470000,360000,-87.984594,52.062518,1840,0,0.40108695652173915
ofr10km_470000_370000,470000,370000,-87.968333,52.152826,1840,1,0.40108695652173915
ofr10km_470000_380000,470000,380000,-87.951997,52.243155,1840,1,0.40108695652173915
ofr10km_470000_390000,470000,390000,-87.935584,52.333506,1840,1,0.40108695652173915
ofr10km_470000_40000,470000,40000,-88.468108,49.1852,1840,3,0.36032608695652174
ofr10km_470000_400000,470000,400000,-87.919096,52.423878,1840,0,0.40108695652173915
ofr10km_470000_410000,470000,410000,-87.902531,52.514272,1840,1,0.40108695652173915
ofr10km_470000_420000,470000,420000,-87.885888,52.604686,1840,1,0.40108695652173915
ofr10km_470000_430000,470000,430000,-87.869167,52.695121,1840,0,0.39619565217391306
ofr10km_470000_440000,470000,440000,-87.852368,52.785578,1840,0,0.39619565217391306
ofr10km_470000_450000,470000,450000,-87.83549,52.876054,1840,2,0.39619565217391306
ofr10km_470000_460000,470000,460000,-87.818532,52.966551,1840,1,0.39619565217391306
ofr10km_470000_470000,470000,470000,-87.801495,53.057068,1840,0,0.39619565217391306
ofr10km_470000_480000,470000,480000,-87.784376,53.147605,1840,1,0.39619565217391306
ofr10km_470000_490000,470000,490000,-87.767177,53.238162,1840,0,0.39619565217391306
ofr10km_470000_50000,470000,50000,-88.454006,49.274721,1840,1,0.36032608695652174
ofr10km_470000_500000,470000,500000,-87.749895,53.328738,1840,0,0.39619565217391306
ofr10km_470000_510000,470000,510000,-87.732531,53.419334,1840,0,0.39619565217391306
ofr10km_470000_520000,470000,520000,-87.715084,53.509949,1840,0,0.39619565217391306
ofr10km_470000_530000,470000,530000,-87.697554,53.600583,1840,0,0.7641304347826087
ofr10km_470000_540000,470000,540000,-87.679939,53.691236,1840,0,0.7641304347826087
ofr10km_470000_550000,470000,550000,-87.662239,53.781908,1840,0,0.7641304347826087
ofr10km_470000_560000,470000,560000,-87.644454,53.872598,1840,0,0.7641304347826087
ofr10km_470000_570000,470000,570000,-87.626583,53.963306,1840,0,0.5402173913043479
ofr10km_470000_580000,470000,580000,-87.608626,54.054032,1840,0,0.5402173913043479
ofr10km_470000_590000,470000,590000,-87.590581,54.144777,1840,0,0.5402173913043479
ofr10km_470000_60000,470000,60000,-88.439843,49.364269,1840,1,0.36032608695652174
ofr10km_470000_600000,470000,600000,-87.572448,54.235539,1840,0,0.5402173913043479
ofr10km_470000_610000,470000,610000,-87.554226,54.326318,1840,1,0.5271739130434783
ofr10km_470000_620000,470000,620000,-87.535916,54.417115,1840,0,0.5271739130434783
ofr10km_470000_630000,470000,630000,-87.517515,54.507929,1840,0,0.5271739130434783
ofr10km_470000_640000,470000,640000,-87.499024,54.59876,1840,0,0.5271739130434783
ofr10km_470000_650000,470000,650000,-87.480442,54.689608,1840,0,0.5260869565217391
ofr10km_470000_660000,470000,660000,-87.461768,54.780472,1840,0,0.5260869565217391
ofr10km_470000_670000,470000,670000,-87.443001,54.871352,1840,0,0.5260869565217391
ofr10km_470000_680000,470000,680000,-87.424141,54.962249,1840,0,0.5260869565217391
ofr10km_470000_690000,470000,690000,-87.405187,55.053162,1840,0,0.5260869565217391
ofr10km_470000_70000,470000,70000,-88.425618,49.453844,1840,2,0.36032608695652174
ofr10km_470000_700000,470000,700000,-87.386139,55.14409,1840,0,0.5260869565217391
ofr10km_470000_710000,470000,710000,-87.366995,55.235034,1840,0,0.9369565217391305
ofr10km_470000_720000,470000,720000,-87.347755,55.325993,1840,0,0.9369565217391305
ofr10km_470000_730000,470000,730000,-87.328419,55.416968,1840,0,0.9369565217391305
ofr10km_470000_740000,470000,740000,-87.308985,55.507957,1840,0,0.9369565217391305
ofr10km_470000_750000,470000,750000,-87.289452,55.598962,1840,0,0.9369565217391305
ofr10km_470000_760000,470000,760000,-87.269821,55.68998,1840,0,0.9369565217391305
ofr10km_470000_770000,470000,770000,-87.25009,55.781014,1840,0,0.9369565217391305
ofr10km_470000_780000,470000,780000,-87.230259,55.872061,1840,0,0.9369565217391305
ofr10km_470000_80000,470000,80000,-88.411332,49.543446,1840,0,0.36032608695652174
ofr10km_470000_90000,470000,90000,-88.396984,49.633075,1840,0,0.36032608695652174
ofr10km_480000_-10000,480000,-10000,-88.402637,48.728801,1840,0,0.36032608695652174
ofr10km_480000_-20000,480000,-20000,-88.416666,48.639469,1840,1,0.34891304347826085
ofr10km_480000_-30000,480000,-30000,-88.430635,48.550164,1840,0,0.34891304347826085
ofr10km_480000_-40000,480000,-40000,-88.444546,48.460888,1840,0,0.40217391304347827
ofr10km_480000_-50000,480000,-50000,-88.458398,48.371641,1840,0,0.38967391304347826
ofr10km_480000_0,480000,0,-88.388548,48.818161,1840,0,0.36032608695652174
ofr10km_480000_10000,480000,10000,-88.3744,48.90755,1840,5,0.36032608695652174
ofr10km_480000_100000,480000,100000,-88.244294,49.71327,1840,0,0.36032608695652174
ofr10km_480000_110000,480000,110000,-88.229523,49.802928,1840,0,0.44782608695652176
ofr10km_480000_120000,480000,120000,-88.214688,49.892611,1840,0,0.44782608695652176
ofr10km_480000_130000,480000,130000,-88.199787,49.982321,1840,0,0.44782608695652176
ofr10km_480000_140000,480000,140000,-88.184822,50.072057,1840,1,0.4483695652173913
ofr10km_480000_150000,480000,150000,-88.16979,50.161818,1840,1,0.4483695652173913
ofr10km_480000_160000,480000,160000,-88.154692,50.251604,1840,0,0.4483695652173913
ofr10km_480000_170000,480000,170000,-88.139528,50.341416,1840,0,0.4483695652173913
ofr10km_480000_180000,480000,180000,-88.124296,50.431253,1840,0,0.4483695652173913
ofr10km_480000_190000,480000,190000,-88.108997,50.521115,1840,0,0.4483695652173913
ofr10km_480000_20000,480000,20000,-88.360191,48.996966,1840,4,0.36032608695652174
ofr10km_480000_200000,480000,200000,-88.09363,50.611001,1840,3,0.4483695652173913
ofr10km_480000_210000,480000,210000,-88.078195,50.700912,1840,0,0.4483695652173913
ofr10km_480000_220000,480000,220000,-88.062691,50.790848,1840,1,0.44782608695652176
ofr10km_480000_230000,480000,230000,-88.047117,50.880808,1840,2,0.9391304347826087
ofr10km_480000_240000,480000,240000,-88.031474,50.970791,1840,0,0.9391304347826087
ofr10km_480000_250000,480000,250000,-88.01576,51.060799,1840,0,0.9391304347826087
ofr10km_480000_260000,480000,260000,-87.999976,51.150831,1840,0,0.9391304347826087
ofr10km_480000_270000,480000,270000,-87.98412,51.240886,1840,2,0.39510869565217394
ofr10km_480000_280000,480000,280000,-87.968193,51.330965,1840,0,0.39619565217391306
ofr10km_480000_290000,480000,290000,-87.952193,51.421066,1840,0,0.39619565217391306
ofr10km_480000_30000,480000,30000,-88.345921,49.086409,1840,0,0.36032608695652174
ofr10km_480000_300000,480000,300000,-87.936121,51.511191,1840,1,0.3967391304347826
ofr10km_480000_310000,480000,310000,-87.919976,51.601339,1840,4,0.3967391304347826
ofr10km_480000_320000,480000,320000,-87.903757,51.691509,1840,1,0.3967391304347826
ofr10km_480000_330000,480000,330000,-87.887464,51.781702,1840,1,0.3967391304347826
ofr10km_480000_340000,480000,340000,-87.871096,51.871918,1840,0,0.3967391304347826
ofr10km_480000_350000,480000,350000,-87.854653,51.962155,1840,0,0.40108695652173915
ofr10km_480000_360000,480000,360000,-87.838134,52.052415,1840,0,0.40108695652173915
ofr10km_480000_370000,480000,370000,-87.821539,52.142696,1840,1,0.40108695652173915
ofr10km_480000_380000,480000,380000,-87.804867,52.232999,1840,1,0.40108695652173915
ofr10km_480000_390000,480000,390000,-87.788118,52.323324,1840,1,0.40108695652173915
ofr10km_480000_40000,480000,40000,-88.33159,49.17588,1840,0,0.36032608695652174
ofr10km_480000_400000,480000,400000,-87.771292,52.41367,1840,1,0.40108695652173915
ofr10km_480000_410000,480000,410000,-87.754386,52.504037,1840,0,0.40108695652173915
ofr10km_480000_420000,480000,420000,-87.737402,52.594425,1840,0,0.40108695652173915
ofr10km_480000_430000,480000,430000,-87.720339,52.684833,1840,0,0.39619565217391306
ofr10km_480000_440000,480000,440000,-87.703195,52.775263,1840,0,0.39619565217391306
ofr10km_480000_450000,480000,450000,-87.685971,52.865712,1840,0,0.39619565217391306
ofr10km_480000_460000,480000,460000,-87.668666,52.956182,1840,0,0.39619565217391306
ofr10km_480000_470000,480000,470000,-87.651279,53.046672,1840,0,0.39619565217391306
ofr10km_480000_480000,480000,480000,-87.633809,53.137182,1840,0,0.39619565217391306
ofr10km_480000_490000,480000,490000,-87.616257,53.227711,1840,0,0.39619565217391306
ofr10km_480000_50000,480000,50000,-88.317197,49.265378,1840,0,0.36032608695652174
ofr10km_480000_500000,480000,500000,-87.598621,53.31826,1840,0,0.39619565217391306
ofr10km_480000_510000,480000,510000,-87.580902,53.408829,1840,0,0.39619565217391306
ofr10km_480000_520000,480000,520000,-87.563097,53.499416,1840,0,0.39619565217391306
ofr10km_480000_530000,480000,530000,-87.545208,53.590022,1840,0,0.39619565217391306
ofr10km_480000_540000,480000,540000,-87.527232,53.680647,1840,0,0.7641304347826087
ofr10km_480000_550000,480000,550000,-87.50917,53.771291,1840,0,0.7641304347826087
ofr10km_480000_560000,480000,560000,-87.491021,53.861953,1840,0,0.7641304347826087
ofr10km_480000_570000,480000,570000,-87.472784,53.952633,1840,0,0.7641304347826087
ofr10km_480000_580000,480000,580000,-87.454459,54.043331,1840,0,0.5402173913043479
ofr10km_480000_590000,480000,590000,-87.436044,54.134047,1840,0,0.5271739130434783
ofr10km_480000_60000,480000,60000,-88.302742,49.354903,1840,0,0.36032608695652174
ofr10km_480000_600000,480000,600000,-87.41754,54.22478,1840,0,0.5271739130434783
ofr10km_480000_610000,480000,610000,-87.398946,54.315531,1840,0,0.5271739130434783
ofr10km_480000_620000,480000,620000,-87.380261,54.406299,1840,0,0.5271739130434783
ofr10km_480000_630000,480000,630000,-87.361484,54.497084,1840,0,0.5271739130434783
ofr10km_480000_640000,480000,640000,-87.342615,54.587886,1840,0,0.5271739130434783
ofr10km_480000_650000,480000,650000,-87.323652,54.678704,1840,0,0.5260869565217391
ofr10km_480000_660000,480000,660000,-87.304596,54.769539,1840,0,0.5260869565217391
ofr10km_480000_670000,480000,670000,-87.285446,54.86039,1840,0,0.5260869565217391
ofr10km_480000_680000,480000,680000,-87.266201,54.951258,1840,0,0.5260869565217391
ofr10km_480000_690000,480000,690000,-87.246859,55.042141,1840,0,0.5260869565217391
ofr10km_480000_70000,480000,70000,-88.288225,49.444455,1840,0,0.36032608695652174
ofr10km_480000_700000,480000,700000,-87.227422,55.133039,1840,0,0.5260869565217391
ofr10km_480000_710000,480000,710000,-87.207887,55.223953,1840,0,0.9369565217391305
ofr10km_480000_720000,480000,720000,-87.188254,55.314883,1840,0,0.9369565217391305
ofr10km_480000_730000,480000,730000,-87.168522,55.405827,1840,0,0.9369565217391305
ofr10km_480000_740000,480000,740000,-87.148692,55.496786,1840,0,0.9369565217391305
ofr10km_480000_750000,480000,750000,-87.12876,55.58776,1840,0,0.9369565217391305
ofr10km_480000_760000,480000,760000,-87.108728,55.678748,1840,1,0.9369565217391305
ofr10km_480000_770000,480000,770000,-87.088595,55.76975,1840,0,0.9369565217391305
ofr10km_480000_780000,480000,780000,-87.068358,55.860767,1840,0,0.9369565217391305
ofr10km_480000_80000,480000,80000,-88.273645,49.534033,1840,0,0.36032608695652174
ofr10km_480000_90000,480000,90000,-88.259001,49.623638,1840,0,0.36032608695652174
ofr10km_490000_-10000,490000,-10000,-88.267612,48.719406,1840,0,0.36032608695652174
ofr10km_490000_-20000,490000,-20000,-88.281924,48.630096,1840,0,0.34891304347826085
ofr10km_490000_-30000,490000,-30000,-88.296175,48.540815,1840,0,0.34891304347826085
ofr10km_490000_-40000,490000,-40000,-88.310366,48.451562,1840,0,0.40217391304347827
ofr10km_490000_-50000,490000,-50000,-88.324498,48.362337,1840,0,0.38967391304347826
ofr10km_490000_0,490000,0,-88.25324,48.808743,1840,0,0.36032608695652174
ofr10km_490000_10000,490000,10000,-88.238806,48.898108,1840,0,0.36032608695652174
ofr10km_490000_100000,490000,100000,-88.106079,49.703615,1840,0,0.36032608695652174
ofr10km_490000_110000,490000,110000,-88.09101,49.793249,1840,0,0.36032608695652174
ofr10km_490000_120000,490000,120000,-88.075876,49.882909,1840,0,0.44782608695652176
ofr10km_490000_130000,490000,130000,-88.060676,49.972594,1840,0,0.3809782608695652
ofr10km_490000_140000,490000,140000,-88.045408,50.062305,1840,0,0.4483695652173913
ofr10km_490000_150000,490000,150000,-88.030074,50.152042,1840,0,0.4483695652173913
ofr10km_490000_160000,490000,160000,-88.014673,50.241804,1840,1,0.4483695652173913
ofr10km_490000_170000,490000,170000,-87.999203,50.331591,1840,0,0.4483695652173913
ofr10km_490000_180000,490000,180000,-87.983665,50.421403,1840,1,0.4483695652173913
ofr10km_490000_190000,490000,190000,-87.968058,50.51124,1840,0,0.4483695652173913
ofr10km_490000_20000,490000,20000,-88.224311,48.987501,1840,4,0.36032608695652174
ofr10km_490000_200000,490000,200000,-87.952382,50.601102,1840,1,0.44782608695652176
ofr10km_490000_210000,490000,210000,-87.936636,50.690988,1840,1,0.44782608695652176
ofr10km_490000_220000,490000,220000,-87.92082,50.780898,1840,0,0.9391304347826087
ofr10km_490000_230000,490000,230000,-87.904933,50.870833,1840,3,0.9391304347826087
ofr10km_490000_240000,490000,240000,-87.888975,50.960791,1840,2,0.9391304347826087
ofr10km_490000_250000,490000,250000,-87.872945,51.050774,1840,3,0.9391304347826087
ofr10km_490000_260000,490000,260000,-87.856844,51.14078,1840,0,0.9391304347826087
ofr10km_490000_270000,490000,270000,-87.840669,51.23081,1840,3,0.39510869565217394
ofr10km_490000_280000,490000,280000,-87.824422,51.320862,1840,1,0.39619565217391306
ofr10km_490000_290000,490000,290000,-87.808101,51.410938,1840,1,0.39619565217391306
ofr10km_490000_30000,490000,30000,-88.209753,49.076921,1840,3,0.36032608695652174
ofr10km_490000_300000,490000,300000,-87.791706,51.501037,1840,3,0.3967391304347826
ofr10km_490000_310000,490000,310000,-87.775236,51.591159,1840,7,0.3967391304347826
ofr10km_490000_320000,490000,320000,-87.758691,51.681304,1840,0,0.3967391304347826
ofr10km_490000_330000,490000,330000,-87.74207,51.77147,1840,1,0.3967391304347826
ofr10km_490000_340000,490000,340000,-87.725374,51.861659,1840,0,0.3967391304347826
ofr10km_490000_350000,490000,350000,-87.7086,51.951871,1840,1,0.40108695652173915
ofr10km_490000_360000,490000,360000,-87.69175,52.042104,1840,0,0.40108695652173915
ofr10km_490000_370000,490000,370000,-87.674822,52.132359,1840,1,0.40108695652173915
ofr10km_490000_380000,490000,380000,-87.657815,52.222635,1840,0,0.40108695652173915
ofr10km_490000_390000,490000,390000,-87.64073,52.312933,1840,0,0.40108695652173915
ofr10km_490000_40000,490000,40000,-88.195133,49.166368,1840,0,0.36032608695652174
ofr10km_490000_400000,490000,400000,-87.623565,52.403252,1840,0,0.40108695652173915
ofr10km_490000_410000,490000,410000,-87.606321,52.493592,1840,2,0.40108695652173915
ofr10km_490000_420000,490000,420000,-87.588996,52.583952,1840,2,0.39619565217391306
ofr10km_490000_430000,490000,430000,-87.57159,52.674334,1840,2,0.39619565217391306
ofr10km_490000_440000,490000,440000,-87.554103,52.764736,1840,0,0.39619565217391306
ofr10km_490000_450000,490000,450000,-87.536533,52.855158,1840,1,0.39619565217391306
ofr10km_490000_460000,490000,460000,-87.51888,52.945601,1840,0,0.39619565217391306
ofr10km_490000_470000,490000,470000,-87.501145,53.036063,1840,1,0.39619565217391306
ofr10km_490000_480000,490000,480000,-87.483325,53.126545,1840,0,0.39619565217391306
ofr10km_490000_490000,490000,490000,-87.465421,53.217046,1840,0,0.39619565217391306
ofr10km_490000_50000,490000,50000,-88.18045,49.255842,1840,1,0.36032608695652174
ofr10km_490000_500000,490000,500000,-87.447432,53.307567,1840,0,0.39619565217391306
ofr10km_490000_510000,490000,510000,-87.429357,53.398108,1840,0,0.39619565217391306
ofr10km_490000_520000,490000,520000,-87.411196,53.488667,1840,0,0.39619565217391306
ofr10km_490000_530000,490000,530000,-87.392947,53.579245,1840,0,0.39619565217391306
ofr10km_490000_540000,490000,540000,-87.374612,53.669841,1840,0,0.7641304347826087
ofr10km_490000_550000,490000,550000,-87.356188,53.760456,1840,0,0.7641304347826087
ofr10km_490000_560000,490000,560000,-87.337675,53.851089,1840,0,0.7641304347826087
ofr10km_490000_570000,490000,570000,-87.319073,53.941741,1840,0,0.9326086956521739
ofr10km_490000_580000,490000,580000,-87.300381,54.03241,1840,0,0.5271739130434783
ofr10km_490000_590000,490000,590000,-87.281598,54.123097,1840,0,0.5271739130434783
ofr10km_490000_60000,490000,60000,-88.165704,49.345344,1840,4,0.36032608695652174
ofr10km_490000_600000,490000,600000,-87.262723,54.213801,1840,0,0.5271739130434783
ofr10km_490000_610000,490000,610000,-87.243757,54.304522,1840,0,0.5271739130434783
ofr10km_490000_620000,490000,620000,-87.224698,54.395261,1840,0,0.5271739130434783
ofr10km_490000_630000,490000,630000,-87.205545,54.486017,1840,0,0.5271739130434783
ofr10km_490000_640000,490000,640000,-87.186298,54.576789,1840,0,0.5271739130434783
ofr10km_490000_650000,490000,650000,-87.166957,54.667578,1840,0,0.5260869565217391
ofr10km_490000_660000,490000,660000,-87.14752,54.758383,1840,0,0.5260869565217391
ofr10km_490000_670000,490000,670000,-87.127986,54.849204,1840,0,0.5260869565217391
ofr10km_490000_680000,490000,680000,-87.108356,54.940041,1840,0,0.5260869565217391
ofr10km_490000_690000,490000,690000,-87.088628,55.030893,1840,0,0.5260869565217391
ofr10km_490000_70000,490000,70000,-88.150894,49.434872,1840,2,0.36032608695652174
ofr10km_490000_700000,490000,700000,-87.068802,55.121762,1840,0,0.5260869565217391
ofr10km_490000_710000,490000,710000,-87.048877,55.212645,1840,0,0.9369565217391305
ofr10km_490000_720000,490000,720000,-87.028851,55.303544,1840,0,0.9369565217391305
ofr10km_490000_730000,490000,730000,-87.008726,55.394457,1840,0,0.9369565217391305
ofr10km_490000_740000,490000,740000,-86.988499,55.485386,1840,0,0.9369565217391305
ofr10km_490000_750000,490000,750000,-86.968169,55.576328,1840,0,0.9369565217391305
ofr10km_490000_760000,490000,760000,-86.947737,55.667285,1840,0,0.9369565217391305
ofr10km_490000_770000,490000,770000,-86.927202,55.758256,1840,0,0.9369565217391305
ofr10km_490000_780000,490000,780000,-86.906561,55.849241,1840,0,0.9369565217391305
ofr10km_490000_80000,490000,80000,-88.13602,49.524427,1840,1,0.36032608695652174
ofr10km_490000_90000,490000,90000,-88.121082,49.614008,1840,0,0.36032608695652174
ofr10km_500000_-10000,500000,-10000,-88.132649,48.709821,1840,4,0.36032608695652174
ofr10km_500000_-20000,500000,-20000,-88.147243,48.620535,1840,0,0.36032608695652174
ofr10km_500000_-30000,500000,-30000,-88.161775,48.531278,1840,0,0.34891304347826085
ofr10km_500000_-40000,500000,-40000,-88.176247,48.442048,1840,0,0.34891304347826085
ofr10km_500000_-50000,500000,-50000,-88.190657,48.352846,1840,0,0.38967391304347826
ofr10km_500000_-60000,500000,-60000,-88.205007,48.263673,1840,0,0.38967391304347826
ofr10km_500000_0,500000,0,-88.117993,48.799135,1840,0,0.36032608695652174
ofr10km_500000_10000,500000,10000,-88.103274,48.888476,1840,0,0.36032608695652174
ofr10km_500000_100000,500000,100000,-87.967929,49.693766,1840,0,0.35489130434782606
ofr10km_500000_110000,500000,110000,-87.952563,49.783376,1840,1,0.35489130434782606
ofr10km_500000_120000,500000,120000,-87.937131,49.873011,1840,3,0.4032608695652174
ofr10km_500000_130000,500000,130000,-87.92163,49.962671,1840,2,0.3809782608695652
ofr10km_500000_140000,500000,140000,-87.906062,50.052358,1840,0,0.3809782608695652
ofr10km_500000_150000,500000,150000,-87.890426,50.142069,1840,0,0.4483695652173913
ofr10km_500000_160000,500000,160000,-87.874721,50.231806,1840,1,0.4483695652173913
ofr10km_500000_170000,500000,170000,-87.858947,50.321568,1840,2,0.44782608695652176
ofr10km_500000_180000,500000,180000,-87.843103,50.411355,1840,2,0.44782608695652176
ofr10km_500000_190000,500000,190000,-87.827188,50.501167,1840,0,0.44782608695652176
ofr10km_500000_20000,500000,20000,-88.088492,48.977845,1840,6,0.36032608695652174
ofr10km_500000_200000,500000,200000,-87.811203,50.591003,1840,1,0.44782608695652176
ofr10km_500000_210000,500000,210000,-87.795147,50.680864,1840,2,0.44782608695652176
ofr10km_500000_220000,500000,220000,-87.77902,50.770749,1840,1,0.9391304347826087
ofr10km_500000_230000,500000,230000,-87.76282,50.860657,1840,1,0.9391304347826087
ofr10km_500000_240000,500000,240000,-87.746548,50.95059,1840,1,0.9391304347826087
ofr10km_500000_250000,500000,250000,-87.730203,51.040547,1840,0,0.9391304347826087
ofr10km_500000_260000,500000,260000,-87.713784,51.130527,1840,0,0.9391304347826087
ofr10km_500000_270000,500000,270000,-87.697292,51.22053,1840,1,0.39510869565217394
ofr10km_500000_280000,500000,280000,-87.680725,51.310557,1840,0,0.39510869565217394
ofr10km_500000_290000,500000,290000,-87.664082,51.400607,1840,2,0.39619565217391306
ofr10km_500000_30000,500000,30000,-88.073648,49.067241,1840,1,0.36032608695652174
ofr10km_500000_300000,500000,300000,-87.647365,51.490679,1840,0,0.3967391304347826
ofr10km_500000_310000,500000,310000,-87.630571,51.580775,1840,1,0.3967391304347826
ofr10km_500000_320000,500000,320000,-87.613701,51.670893,1840,0,0.3967391304347826
ofr10km_500000_330000,500000,330000,-87.596753,51.761033,1840,0,0.3967391304347826
ofr10km_500000_340000,500000,340000,-87.579728,51.851195,1840,0,0.3967391304347826
ofr10km_500000_350000,500000,350000,-87.562625,51.941379,1840,1,0.40108695652173915
ofr10km_500000_360000,500000,360000,-87.545444,52.031585,1840,0,0.40108695652173915
ofr10km_500000_370000,500000,370000,-87.528183,52.121813,1840,0,0.40108695652173915
ofr10km_500000_380000,500000,380000,-87.510842,52.212062,1840,0,0.40108695652173915
ofr10km_500000_390000,500000,390000,-87.493421,52.302333,1840,0,0.40108695652173915
ofr10km_500000_40000,500000,40000,-88.058739,49.156665,1840,1,0.36032608695652174
ofr10km_500000_400000,500000,400000,-87.475919,52.392624,1840,0,0.40108695652173915
ofr10km_500000_410000,500000,410000,-87.458336,52.482937,1840,0,0.40108695652173915
ofr10km_500000_420000,500000,420000,-87.440671,52.57327,1840,1,0.39619565217391306
ofr10km_500000_430000,500000,430000,-87.422923,52.663624,1840,1,0.39619565217391306
ofr10km_500000_440000,500000,440000,-87.405092,52.753998,1840,0,0.39619565217391306
ofr10km_500000_450000,500000,450000,-87.387178,52.844392,1840,1,0.39619565217391306
ofr10km_500000_460000,500000,460000,-87.369179,52.934806,1840,10,0.39619565217391306
ofr10km_500000_470000,500000,470000,-87.351095,53.02524,1840,4,0.39619565217391306
ofr10km_500000_480000,500000,480000,-87.332925,53.115694,1840,1,0.39619565217391306
ofr10km_500000_490000,500000,490000,-87.31467,53.206167,1840,0,0.39619565217391306
ofr10km_500000_50000,500000,50000,-88.043767,49.246115,1840,1,0.36032608695652174
ofr10km_500000_500000,500000,500000,-87.296328,53.29666,1840,0,0.39619565217391306
ofr10km_500000_510000,500000,510000,-87.277898,53.387171,1840,0,0.39619565217391306
ofr10km_500000_520000,500000,520000,-87.259381,53.477701,1840,0,0.39619565217391306
ofr10km_500000_530000,500000,530000,-87.240775,53.568251,1840,0,0.39619565217391306
ofr10km_500000_540000,500000,540000,-87.22208,53.658818,1840,0,0.39619565217391306
ofr10km_500000_550000,500000,550000,-87.203295,53.749404,1840,0,0.7641304347826087
ofr10km_500000_560000,500000,560000,-87.184419,53.840008,1840,0,0.9326086956521739
ofr10km_500000_570000,500000,570000,-87.165452,53.93063,1840,0,0.5271739130434783
ofr10km_500000_580000,500000,580000,-87.146394,54.02127,1840,0,0.5271739130434783
ofr10km_500000_590000,500000,590000,-87.127243,54.111927,1840,0,0.5271739130434783
ofr10km_500000_60000,500000,60000,-88.02873,49.335592,1840,0,0.36032608695652174
ofr10km_500000_600000,500000,600000,-87.107998,54.202601,1840,0,0.5271739130434783
ofr10km_500000_610000,500000,610000,-87.08866,54.293293,1840,0,0.5271739130434783
ofr10km_500000_620000,500000,620000,-87.069228,54.384002,1840,0,0.5271739130434783
ofr10km_500000_630000,500000,630000,-87.0497,54.474727,1840,0,0.5271739130434783
ofr10km_500000_640000,500000,640000,-87.030077,54.565469,1840,0,0.5271739130434783
ofr10km_500000_650000,500000,650000,-87.010356,54.656228,1840,0,0.5260869565217391
ofr10km_500000_660000,500000,660000,-86.990539,54.747002,1840,0,0.5260869565217391
ofr10km_500000_670000,500000,670000,-86.970623,54.837793,1840,0,0.5260869565217391
ofr10km_500000_680000,500000,680000,-86.950609,54.928599,1840,0,0.5260869565217391
ofr10km_500000_690000,500000,690000,-86.930495,55.019421,1840,0,0.5260869565217391
ofr10km_500000_70000,500000,70000,-88.013628,49.425096,1840,1,0.36032608695652174
ofr10km_500000_700000,500000,700000,-86.910281,55.110258,1840,0,0.5260869565217391
ofr10km_500000_710000,500000,710000,-86.889966,55.20111,1840,0,0.5260869565217391
ofr10km_500000_720000,500000,720000,-86.86955,55.291978,1840,0,0.9369565217391305
ofr10km_500000_730000,500000,730000,-86.84903,55.38286,1840,0,0.9369565217391305
ofr10km_500000_740000,500000,740000,-86.828408,55.473757,1840,0,0.9369565217391305
ofr10km_500000_750000,500000,750000,-86.807681,55.564668,1840,0,0.9369565217391305
ofr10km_500000_760000,500000,760000,-86.78685,55.655593,1840,0,0.9369565217391305
ofr10km_500000_770000,500000,770000,-86.765913,55.746532,1840,0,0.9369565217391305
ofr10km_500000_780000,500000,780000,-86.74487,55.837485,1840,0,0.9369565217391305
ofr10km_500000_80000,500000,80000,-87.998461,49.514627,1840,0,0.36032608695652174
ofr10km_500000_90000,500000,90000,-87.983228,49.604183,1840,1,0.36032608695652174
ofr10km_50000_-10000,50000,-10000,-94.249186,48.952125,1840,0,0.38532608695652176
ofr10km_50000_-20000,50000,-20000,-94.250794,48.862242,1840,0,0.3423913043478261
ofr10km_50000_-30000,50000,-30000,-94.252395,48.772389,1840,1,0.34402173913043477
ofr10km_50000_0,50000,0,-94.247571,49.042038,1840,0,0.38532608695652176
ofr10km_50000_10000,50000,10000,-94.245949,49.131981,1840,3,0.38532608695652176
ofr10km_50000_100000,50000,100000,-94.231033,49.942784,1840,1,0.37119565217391304
ofr10km_50000_110000,50000,110000,-94.229339,50.033017,1840,3,0.37119565217391304
ofr10km_50000_120000,50000,120000,-94.227637,50.123278,1840,3,0.37119565217391304
ofr10km_50000_130000,50000,130000,-94.225928,50.213567,1840,3,0.37119565217391304
ofr10km_50000_140000,50000,140000,-94.224212,50.303884,1840,4,0.37119565217391304
ofr10km_50000_150000,50000,150000,-94.222488,50.394229,1840,0,0.37119565217391304
ofr10km_50000_160000,50000,160000,-94.220756,50.484602,1840,1,0.42445652173913045
ofr10km_50000_170000,50000,170000,-94.219017,50.575002,1840,3,0.42445652173913045
ofr10km_50000_180000,50000,180000,-94.217269,50.665429,1840,3,0.42445652173913045
ofr10km_50000_190000,50000,190000,-94.215514,50.755884,1840,2,0.42445652173913045
ofr10km_50000_20000,50000,20000,-94.24432,49.221953,1840,5,0.3826086956521739
ofr10km_50000_200000,50000,200000,-94.213751,50.846365,1840,1,0.3717391304347826
ofr10km_50000_210000,50000,210000,-94.21198,50.936874,1840,1,0.425
ofr10km_50000_220000,50000,220000,-94.210201,51.027409,1840,2,0.425
ofr10km_50000_230000,50000,230000,-94.208414,51.11797,1840,1,0.425
ofr10km_50000_240000,50000,240000,-94.206619,51.208558,1840,3,0.425
ofr10km_50000_250000,50000,250000,-94.204816,51.299173,1840,2,0.425
ofr10km_50000_260000,50000,260000,-94.203004,51.389813,1840,3,0.42336956521739133
ofr10km_50000_270000,50000,270000,-94.201184,51.480479,1840,4,0.42336956521739133
ofr10km_50000_280000,50000,280000,-94.199356,51.571171,1840,2,0.5744565217391304
ofr10km_50000_290000,50000,290000,-94.19752,51.661889,1840,1,0.5744565217391304
ofr10km_50000_30000,50000,30000,-94.242685,49.311955,1840,4,0.3451086956521739
ofr10km_50000_300000,50000,300000,-94.195675,51.752632,1840,1,0.5744565217391304
ofr10km_50000_310000,50000,310000,-94.193821,51.8434,1840,3,0.9201086956521739
ofr10km_50000_320000,50000,320000,-94.191959,51.934194,1840,4,0.933695652173913
ofr10km_50000_330000,50000,330000,-94.190089,52.025012,1840,1,0.933695652173913
ofr10km_50000_340000,50000,340000,-94.188209,52.115856,1840,0,0.933695652173913
ofr10km_50000_350000,50000,350000,-94.186321,52.206724,1840,1,0.933695652173913
ofr10km_50000_360000,50000,360000,-94.184425,52.297616,1840,0,0.9201086956521739
ofr10km_50000_370000,50000,370000,-94.182519,52.388533,1840,0,0.9298913043478261
ofr10km_50000_380000,50000,380000,-94.180604,52.479474,1840,2,0.6766304347826086
ofr10km_50000_390000,50000,390000,-94.178681,52.570439,1840,3,0.6766304347826086
ofr10km_50000_40000,50000,40000,-94.241042,49.401987,1840,2,0.34619565217391307
ofr10km_50000_400000,50000,400000,-94.176748,52.661428,1840,6,0.6766304347826086
ofr10km_50000_410000,50000,410000,-94.174806,52.75244,1840,2,0.6766304347826086
ofr10km_50000_420000,50000,420000,-94.172855,52.843476,1840,0,0.6766304347826086
ofr10km_50000_430000,50000,430000,-94.170895,52.934536,1840,0,0.6766304347826086
ofr10km_50000_440000,50000,440000,-94.168925,53.025618,1840,0,0.6766304347826086
ofr10km_50000_450000,50000,450000,-94.166947,53.116724,1840,0,0.6766304347826086
ofr10km_50000_460000,50000,460000,-94.164958,53.207853,1840,0,0.6766304347826086
ofr10km_50000_470000,50000,470000,-94.16296,53.299004,1840,1,0.4141304347826087
ofr10km_50000_480000,50000,480000,-94.160953,53.390178,1840,0,0.4141304347826087
ofr10km_50000_50000,50000,50000,-94.239392,49.492047,1840,0,0.34619565217391307
ofr10km_50000_60000,50000,60000,-94.237734,49.582137,1840,0,0.3630434782608696
ofr10km_50000_70000,50000,70000,-94.23607,49.672256,1840,4,0.3630434782608696
ofr10km_50000_80000,50000,80000,-94.234398,49.762403,1840,6,0.3630434782608696
ofr10km_50000_90000,50000,90000,-94.232719,49.852579,1840,5,0.37119565217391304
ofr10km_510000_-10000,510000,-10000,-87.997747,48.700048,1840,1,0.36032608695652174
ofr10km_510000_-20000,510000,-20000,-88.012623,48.610786,1840,0,0.36032608695652174
ofr10km_510000_-30000,510000,-30000,-88.027437,48.521552,1840,0,0.34891304347826085
ofr10km_510000_-40000,510000,-40000,-88.042188,48.432346,1840,0,0.34891304347826085
ofr10km_510000_-50000,510000,-50000,-88.056877,48.343168,1840,0,0.34130434782608693
ofr10km_510000_-60000,510000,-60000,-88.071504,48.254019,1840,0,0.38967391304347826
ofr10km_510000_0,510000,0,-87.982808,48.789337,1840,0,0.36032608695652174
ofr10km_510000_10000,510000,10000,-87.967805,48.878655,1840,0,0.36032608695652174
ofr10km_510000_100000,510000,100000,-87.829845,49.683723,1840,1,0.35489130434782606
ofr10km_510000_110000,510000,110000,-87.814183,49.773307,1840,1,0.35489130434782606
ofr10km_510000_120000,510000,120000,-87.798453,49.862917,1840,3,0.4027173913043478
ofr10km_510000_130000,510000,130000,-87.782653,49.952553,1840,2,0.4027173913043478
ofr10km_510000_140000,510000,140000,-87.766785,50.042214,1840,0,0.4027173913043478
ofr10km_510000_150000,510000,150000,-87.750847,50.1319,1840,0,0.4027173913043478
ofr10km_510000_160000,510000,160000,-87.734839,50.221612,1840,1,0.9326086956521739
ofr10km_510000_170000,510000,170000,-87.71876,50.311348,1840,1,0.9326086956521739
ofr10km_510000_180000,510000,180000,-87.70261,50.401109,1840,0,0.9326086956521739
ofr10km_510000_190000,510000,190000,-87.686389,50.490895,1840,0,0.9326086956521739
ofr10km_510000_20000,510000,20000,-87.952737,48.967999,1840,4,0.36032608695652174
ofr10km_510000_200000,510000,200000,-87.670096,50.580705,1840,0,0.9326086956521739
ofr10km_510000_210000,510000,210000,-87.65373,50.67054,1840,2,0.9326086956521739
ofr10km_510000_220000,510000,220000,-87.637292,50.760399,1840,3,0.9391304347826087
ofr10km_510000_230000,510000,230000,-87.62078,50.850282,1840,1,0.9391304347826087
ofr10km_510000_240000,510000,240000,-87.604194,50.940188,1840,1,0.9391304347826087
ofr10km_510000_250000,510000,250000,-87.587534,51.030118,1840,0,0.9391304347826087
ofr10km_510000_260000,510000,260000,-87.570799,51.120072,1840,0,0.9391304347826087
ofr10km_510000_270000,510000,270000,-87.553989,51.210049,1840,0,0.9391304347826087
ofr10km_510000_280000,510000,280000,-87.537102,51.300049,1840,0,0.39510869565217394
ofr10km_510000_290000,510000,290000,-87.520139,51.390072,1840,0,0.39510869565217394
ofr10km_510000_30000,510000,30000,-87.937606,49.057371,1840,5,0.36032608695652174
ofr10km_510000_300000,510000,300000,-87.5031,51.480117,1840,0,0.39619565217391306
ofr10km_510000_310000,510000,310000,-87.485983,51.570186,1840,0,0.3967391304347826
ofr10km_510000_320000,510000,320000,-87.468787,51.660276,1840,1,0.3967391304347826
ofr10km_510000_330000,510000,330000,-87.451514,51.750389,1840,1,0.3967391304347826
ofr10km_510000_340000,510000,340000,-87.434161,51.840524,1840,0,0.3967391304347826
ofr10km_510000_350000,510000,350000,-87.416729,51.930681,1840,0,0.40108695652173915
ofr10km_510000_360000,510000,360000,-87.399217,52.02086,1840,0,0.40108695652173915
ofr10km_510000_370000,510000,370000,-87.381623,52.11106,1840,0,0.40108695652173915
ofr10km_510000_380000,510000,380000,-87.363949,52.201281,1840,0,0.40108695652173915
ofr10km_510000_390000,510000,390000,-87.346193,52.291524,1840,1,0.40108695652173915
ofr10km_510000_40000,510000,40000,-87.922409,49.14677,1840,3,0.36032608695652174
ofr10km_510000_400000,510000,400000,-87.328355,52.381788,1840,0,0.40108695652173915
ofr10km_510000_410000,510000,410000,-87.310433,52.472072,1840,0,0.40108695652173915
ofr10km_510000_420000,510000,420000,-87.292428,52.562377,1840,0,0.39619565217391306
ofr10km_510000_430000,510000,430000,-87.274339,52.652702,1840,0,0.39619565217391306
ofr10km_510000_440000,510000,440000,-87.256166,52.743048,1840,0,0.39619565217391306
ofr10km_510000_450000,510000,450000,-87.237907,52.833414,1840,0,0.39619565217391306
ofr10km_510000_460000,510000,460000,-87.219562,52.9238,1840,0,0.39619565217391306
ofr10km_510000_470000,510000,470000,-87.20113,53.014205,1840,0,0.39619565217391306
ofr10km_510000_480000,510000,480000,-87.182612,53.10463,1840,1,0.39619565217391306
ofr10km_510000_490000,510000,490000,-87.164006,53.195074,1840,0,0.39619565217391306
ofr10km_510000_50000,510000,50000,-87.907148,49.236196,1840,0,0.36032608695652174
ofr10km_510000_500000,510000,500000,-87.145311,53.285537,1840,0,0.39619565217391306
ofr10km_510000_510000,510000,510000,-87.126528,53.37602,1840,0,0.39619565217391306
ofr10km_510000_520000,510000,520000,-87.107655,53.466521,1840,0,0.39619565217391306
ofr10km_510000_530000,510000,530000,-87.088692,53.55704,1840,0,0.39619565217391306
ofr10km_510000_540000,510000,540000,-87.069637,53.647578,1840,0,0.39619565217391306
ofr10km_510000_550000,510000,550000,-87.050492,53.738134,1840,0,0.9326086956521739
ofr10km_510000_560000,510000,560000,-87.031254,53.828709,1840,0,0.9326086956521739
ofr10km_510000_570000,510000,570000,-87.011923,53.919301,1840,0,0.5271739130434783
ofr10km_510000_580000,510000,580000,-86.992499,54.00991,1840,0,0.5271739130434783
ofr10km_510000_590000,510000,590000,-86.972981,54.100537,1840,0,0.5271739130434783
ofr10km_510000_60000,510000,60000,-87.89182,49.325648,1840,0,0.36032608695652174
ofr10km_510000_600000,510000,600000,-86.953367,54.191182,1840,0,0.5271739130434783
ofr10km_510000_610000,510000,610000,-86.933659,54.281843,1840,0,0.5271739130434783
ofr10km_510000_620000,510000,620000,-86.913853,54.372521,1840,0,0.5271739130434783
ofr10km_510000_630000,510000,630000,-86.893951,54.463216,1840,0,0.5271739130434783
ofr10km_510000_640000,510000,640000,-86.873952,54.553927,1840,0,0.5271739130434783
ofr10km_510000_650000,510000,650000,-86.853854,54.644654,1840,0,0.5260869565217391
ofr10km_510000_660000,510000,660000,-86.833656,54.735398,1840,0,0.5260869565217391
ofr10km_510000_670000,510000,670000,-86.813359,54.826157,1840,0,0.5260869565217391
ofr10km_510000_680000,510000,680000,-86.792962,54.916932,1840,0,0.5260869565217391
ofr10km_510000_690000,510000,690000,-86.772463,55.007723,1840,0,0.5260869565217391
ofr10km_510000_70000,510000,70000,-87.876427,49.415128,1840,1,0.35489130434782606
ofr10km_510000_700000,510000,700000,-86.751862,55.098528,1840,0,0.5260869565217391
ofr10km_510000_710000,510000,710000,-86.731158,55.189349,1840,0,0.5260869565217391
ofr10km_510000_720000,510000,720000,-86.71035,55.280184,1840,0,0.5260869565217391
ofr10km_510000_730000,510000,730000,-86.689438,55.371035,1840,0,0.5260869565217391
ofr10km_510000_740000,510000,740000,-86.668421,55.461899,1840,0,0.9369565217391305
ofr10km_510000_750000,510000,750000,-86.647298,55.552778,1840,0,0.9369565217391305
ofr10km_510000_760000,510000,760000,-86.626068,55.643671,1840,0,0.9369565217391305
ofr10km_510000_770000,510000,770000,-86.604731,55.734577,1840,0,0.9369565217391305
ofr10km_510000_80000,510000,80000,-87.860967,49.504633,1840,1,0.35489130434782606
ofr10km_510000_90000,510000,90000,-87.84544,49.594165,1840,1,0.35489130434782606
ofr10km_520000_-10000,520000,-10000,-87.862909,48.690085,1840,0,0.36032608695652174
ofr10km_520000_-20000,520000,-20000,-87.878067,48.600848,1840,0,0.36032608695652174
ofr10km_520000_-30000,520000,-30000,-87.893161,48.511638,1840,0,0.34891304347826085
ofr10km_520000_-40000,520000,-40000,-87.908191,48.422456,1840,0,0.34891304347826085
ofr10km_520000_-50000,520000,-50000,-87.923158,48.333303,1840,0,0.34891304347826085
ofr10km_520000_-60000,520000,-60000,-87.938063,48.244177,1840,0,0.38967391304347826
ofr10km_520000_-70000,520000,-70000,-87.952905,48.15508,1840,0,0.38967391304347826
ofr10km_520000_0,520000,0,-87.847686,48.77935,1840,0,0.36032608695652174
ofr10km_520000_10000,520000,10000,-87.832399,48.868643,1840,0,0.36032608695652174
ofr10km_520000_100000,520000,100000,-87.69183,49.673486,1840,0,0.35489130434782606
ofr10km_520000_110000,520000,110000,-87.675871,49.763045,1840,1,0.35489130434782606
ofr10km_520000_120000,520000,120000,-87.659843,49.852629,1840,0,0.4027173913043478
ofr10km_520000_130000,520000,130000,-87.643745,49.942239,1840,3,0.4027173913043478
ofr10km_520000_140000,520000,140000,-87.627577,50.031874,1840,1,0.4027173913043478
ofr10km_520000_150000,520000,150000,-87.611338,50.121535,1840,1,0.4027173913043478
ofr10km_520000_160000,520000,160000,-87.595027,50.21122,1840,4,0.9326086956521739
ofr10km_520000_170000,520000,170000,-87.578644,50.30093,1840,0,0.9326086956521739
ofr10km_520000_180000,520000,180000,-87.562189,50.390665,1840,0,0.9326086956521739
ofr10km_520000_190000,520000,190000,-87.545662,50.480425,1840,0,0.9326086956521739
ofr10km_520000_20000,520000,20000,-87.817047,48.957963,1840,2,0.36032608695652174
ofr10km_520000_200000,520000,200000,-87.529061,50.570209,1840,2,0.9326086956521739
ofr10km_520000_210000,520000,210000,-87.512386,50.660017,1840,1,0.9326086956521739
ofr10km_520000_220000,520000,220000,-87.495637,50.749849,1840,1,0.9326086956521739
ofr10km_520000_230000,520000,230000,-87.478814,50.839705,1840,0,0.9391304347826087
ofr10km_520000_240000,520000,240000,-87.461915,50.929585,1840,0,0.9391304347826087
ofr10km_520000_250000,520000,250000,-87.44494,51.019488,1840,1,0.9391304347826087
ofr10km_520000_260000,520000,260000,-87.427889,51.109415,1840,2,0.9391304347826087
ofr10km_520000_270000,520000,270000,-87.410761,51.199365,1840,1,0.9391304347826087
ofr10km_520000_280000,520000,280000,-87.393556,51.289338,1840,0,0.39510869565217394
ofr10km_520000_290000,520000,290000,-87.376273,51.379333,1840,0,0.39510869565217394
ofr10km_520000_30000,520000,30000,-87.801629,49.04731,1840,2,0.36032608695652174
ofr10km_520000_300000,520000,300000,-87.358912,51.469352,1840,0,0.39619565217391306
ofr10km_520000_310000,520000,310000,-87.341472,51.559392,1840,0,0.3967391304347826
ofr10km_520000_320000,520000,320000,-87.323953,51.649455,1840,0,0.3967391304347826
ofr10km_520000_330000,520000,330000,-87.306353,51.739541,1840,1,0.3967391304347826
ofr10km_520000_340000,520000,340000,-87.288674,51.829648,1840,1,0.3967391304347826
ofr10km_520000_350000,520000,350000,-87.270913,51.919777,1840,0,0.40108695652173915
ofr10km_520000_360000,520000,360000,-87.25307,52.009927,1840,0,0.40108695652173915
ofr10km_520000_370000,520000,370000,-87.235145,52.100099,1840,0,0.40108695652173915
ofr10km_520000_380000,520000,380000,-87.217138,52.190292,1840,0,0.40108695652173915
ofr10km_520000_390000,520000,390000,-87.199047,52.280507,1840,0,0.40108695652173915
ofr10km_520000_40000,520000,40000,-87.786145,49.136684,1840,0,0.36032608695652174
ofr10km_520000_400000,520000,400000,-87.180873,52.370742,1840,0,0.40108695652173915
ofr10km_520000_410000,520000,410000,-87.162614,52.460998,1840,0,0.39619565217391306
ofr10km_520000_420000,520000,420000,-87.14427,52.551274,1840,0,0.39619565217391306
ofr10km_520000_430000,520000,430000,-87.12584,52.641571,1840,0,0.39619565217391306
ofr10km_520000_440000,520000,440000,-87.107324,52.731887,1840,2,0.39619565217391306
ofr10km_520000_450000,520000,450000,-87.088721,52.822224,1840,0,0.39619565217391306
ofr10km_520000_460000,520000,460000,-87.070031,52.912581,1840,0,0.39619565217391306
ofr10km_520000_470000,520000,470000,-87.051253,53.002957,1840,1,0.39619565217391306
ofr10km_520000_480000,520000,480000,-87.032386,53.093352,1840,0,0.39619565217391306
ofr10km_520000_490000,520000,490000,-87.01343,53.183767,1840,1,0.39619565217391306
ofr10km_520000_50000,520000,50000,-87.770594,49.226085,1840,0,0.36032608695652174
ofr10km_520000_500000,520000,500000,-86.994384,53.274201,1840,0,0.39619565217391306
ofr10km_520000_510000,520000,510000,-86.975247,53.364653,1840,0,0.39619565217391306
ofr10km_520000_520000,520000,520000,-86.956019,53.455124,1840,0,0.39619565217391306
ofr10km_520000_530000,520000,530000,-86.936699,53.545614,1840,0,0.39619565217391306
ofr10km_520000_540000,520000,540000,-86.917287,53.636122,1840,0,0.39619565217391306
ofr10km_520000_550000,520000,550000,-86.897781,53.726648,1840,0,0.9326086956521739
ofr10km_520000_560000,520000,560000,-86.878182,53.817192,1840,0,0.5271739130434783
ofr10km_520000_570000,520000,570000,-86.858488,53.907753,1840,0,0.5271739130434783
ofr10km_520000_580000,520000,580000,-86.838699,53.998332,1840,0,0.5271739130434783
ofr10km_520000_590000,520000,590000,-86.818814,54.088928,1840,0,0.5271739130434783
ofr10km_520000_60000,520000,60000,-87.754977,49.315512,1840,0,0.35489130434782606
ofr10km_520000_600000,520000,600000,-86.798832,54.179542,1840,0,0.5271739130434783
ofr10km_520000_610000,520000,610000,-86.778753,54.270172,1840,0,0.5271739130434783
ofr10km_520000_620000,520000,620000,-86.758576,54.360819,1840,0,0.5271739130434783
ofr10km_520000_630000,520000,630000,-86.7383,54.451483,1840,0,0.5271739130434783
ofr10km_520000_640000,520000,640000,-86.717925,54.542162,1840,0,0.5271739130434783
ofr10km_520000_650000,520000,650000,-86.69745,54.632858,1840,0,0.5260869565217391
ofr10km_520000_660000,520000,660000,-86.676874,54.72357,1840,0,0.5260869565217391
ofr10km_520000_670000,520000,670000,-86.656196,54.814298,1840,0,0.5260869565217391
ofr10km_520000_680000,520000,680000,-86.635415,54.905041,1840,0,0.5260869565217391
ofr10km_520000_690000,520000,690000,-86.614532,54.995799,1840,0,0.5260869565217391
ofr10km_520000_70000,520000,70000,-87.739292,49.404967,1840,0,0.35489130434782606
ofr10km_520000_700000,520000,700000,-86.593545,55.086573,1840,0,0.5260869565217391
ofr10km_520000_710000,520000,710000,-86.572453,55.177361,1840,0,0.5260869565217391
ofr10km_520000_720000,520000,720000,-86.551255,55.268164,1840,0,0.5260869565217391
ofr10km_520000_730000,520000,730000,-86.529951,55.358982,1840,0,0.5260869565217391
ofr10km_520000_740000,520000,740000,-86.50854,55.449814,1840,0,0.5260869565217391
ofr10km_520000_750000,520000,750000,-86.487022,55.54066,1840,0,0.5260869565217391
ofr10km_520000_760000,520000,760000,-86.465394,55.631519,1840,0,0.9369565217391305
ofr10km_520000_770000,520000,770000,-86.443657,55.722393,1840,0,0.9369565217391305
ofr10km_520000_80000,520000,80000,-87.72354,49.494447,1840,1,0.35489130434782606
ofr10km_520000_90000,520000,90000,-87.707719,49.583954,1840,2,0.35489130434782606
ofr10km_530000_-10000,530000,-10000,-87.728135,48.679934,1840,0,0.36032608695652174
ofr10km_530000_-20000,530000,-20000,-87.743574,48.590721,1840,0,0.36032608695652174
ofr10km_530000_-30000,530000,-30000,-87.758948,48.501536,1840,0,0.34891304347826085
ofr10km_530000_-40000,530000,-40000,-87.774258,48.412379,1840,0,0.34891304347826085
ofr10km_530000_-50000,530000,-50000,-87.789503,48.32325,1840,0,0.34891304347826085
ofr10km_530000_-60000,530000,-60000,-87.804684,48.23415,1840,0,0.34891304347826085
ofr10km_530000_-70000,530000,-70000,-87.819801,48.145077,1840,0,0.38967391304347826
ofr10km_530000_0,530000,0,-87.71263,48.769174,1840,0,0.36032608695652174
ofr10km_530000_10000,530000,10000,-87.697059,48.858442,1840,3,0.36032608695652174
ofr10km_530000_100000,530000,100000,-87.553883,49.663055,1840,3,0.35489130434782606
ofr10km_530000_110000,530000,110000,-87.537629,49.752588,1840,0,0.4027173913043478
ofr10km_530000_120000,530000,120000,-87.521304,49.842146,1840,0,0.4027173913043478
ofr10km_530000_130000,530000,130000,-87.504908,49.93173,1840,0,0.4027173913043478
ofr10km_530000_140000,530000,140000,-87.48844,50.021339,1840,0,0.4027173913043478
ofr10km_530000_150000,530000,150000,-87.4719,50.110973,1840,1,0.4027173913043478
ofr10km_530000_160000,530000,160000,-87.455287,50.200632,1840,0,0.4027173913043478
ofr10km_530000_170000,530000,170000,-87.438601,50.290315,1840,0,0.9326086956521739
ofr10km_530000_180000,530000,180000,-87.421841,50.380024,1840,1,0.9326086956521739
ofr10km_530000_190000,530000,190000,-87.405008,50.469757,1840,1,0.9326086956521739
ofr10km_530000_20000,530000,20000,-87.681422,48.947736,1840,0,0.36032608695652174
ofr10km_530000_200000,530000,200000,-87.3881,50.559514,1840,1,0.9326086956521739
ofr10km_530000_210000,530000,210000,-87.371116,50.649295,1840,1,0.9326086956521739
ofr10km_530000_220000,530000,220000,-87.354057,50.7391,1840,2,0.9326086956521739
ofr10km_530000_230000,530000,230000,-87.336922,50.828929,1840,0,0.9326086956521739
ofr10km_530000_240000,530000,240000,-87.319711,50.918781,1840,1,0.9391304347826087
ofr10km_530000_250000,530000,250000,-87.302422,51.008657,1840,0,0.9391304347826087
ofr10km_530000_260000,530000,260000,-87.285056,51.098556,1840,2,0.9391304347826087
ofr10km_530000_270000,530000,270000,-87.267611,51.188479,1840,1,0.9331521739130435
ofr10km_530000_280000,530000,280000,-87.250088,51.278424,1840,1,0.9331521739130435
ofr10km_530000_290000,530000,290000,-87.232486,51.368392,1840,1,0.9331521739130435
ofr10km_530000_30000,530000,30000,-87.665718,49.037058,1840,1,0.36032608695652174
ofr10km_530000_300000,530000,300000,-87.214804,51.458382,1840,0,0.9331521739130435
ofr10km_530000_310000,530000,310000,-87.197041,51.548395,1840,0,0.3967391304347826
ofr10km_530000_320000,530000,320000,-87.179198,51.63843,1840,0,0.3967391304347826
ofr10km_530000_330000,530000,330000,-87.161273,51.728487,1840,0,0.3967391304347826
ofr10km_530000_340000,530000,340000,-87.143267,51.818566,1840,0,0.3967391304347826
ofr10km_530000_350000,530000,350000,-87.125178,51.908666,1840,0,0.40108695652173915
ofr10km_530000_360000,530000,360000,-87.107006,51.998788,1840,1,0.40108695652173915
ofr10km_530000_370000,530000,370000,-87.08875,52.088931,1840,0,0.40108695652173915
ofr10km_530000_380000,530000,380000,-87.07041,52.179096,1840,1,0.40108695652173915
ofr10km_530000_390000,530000,390000,-87.051986,52.269281,1840,0,0.40108695652173915
ofr10km_530000_40000,530000,40000,-87.649947,49.126407,1840,0,0.36032608695652174
ofr10km_530000_400000,530000,400000,-87.033475,52.359487,1840,1,0.40108695652173915
ofr10km_530000_410000,530000,410000,-87.014879,52.449714,1840,0,0.39619565217391306
ofr10km_530000_420000,530000,420000,-86.996197,52.539961,1840,0,0.39619565217391306
ofr10km_530000_430000,530000,430000,-86.977427,52.630228,1840,0,0.39619565217391306
ofr10km_530000_440000,530000,440000,-86.95857,52.720516,1840,0,0.39619565217391306
ofr10km_530000_450000,530000,450000,-86.939624,52.810823,1840,0,0.39619565217391306
ofr10km_530000_460000,530000,460000,-86.920589,52.90115,1840,0,0.39619565217391306
ofr10km_530000_470000,530000,470000,-86.901464,52.991496,1840,0,0.39619565217391306
ofr10km_530000_480000,530000,480000,-86.882249,53.081861,1840,0,0.39619565217391306
ofr10km_530000_490000,530000,490000,-86.862944,53.172246,1840,0,0.39619565217391306
ofr10km_530000_50000,530000,50000,-87.634108,49.215782,1840,1,0.36032608695652174
ofr10km_530000_500000,530000,500000,-86.843547,53.26265,1840,0,0.39619565217391306
ofr10km_530000_510000,530000,510000,-86.824057,53.353072,1840,0,0.39619565217391306
ofr10km_530000_520000,530000,520000,-86.804475,53.443513,1840,0,0.39619565217391306
ofr10km_530000_530000,530000,530000,-86.784799,53.533972,1840,0,0.39619565217391306
ofr10km_530000_540000,530000,540000,-86.765029,53.624449,1840,0,0.9326086956521739
ofr10km_530000_550000,530000,550000,-86.745164,53.714944,1840,0,0.9326086956521739
ofr10km_530000_560000,530000,560000,-86.725204,53.805457,1840,0,0.5271739130434783
ofr10km_530000_570000,530000,570000,-86.705148,53.895987,1840,0,0.5271739130434783
ofr10km_530000_580000,530000,580000,-86.684994,53.986535,1840,0,0.5271739130434783
ofr10km_530000_590000,530000,590000,-86.664743,54.0771,1840,0,0.5271739130434783
ofr10km_530000_60000,530000,60000,-87.618201,49.305184,1840,0,0.35489130434782606
ofr10km_530000_600000,530000,600000,-86.644394,54.167682,1840,0,0.5271739130434783
ofr10km_530000_610000,530000,610000,-86.623945,54.258281,1840,0,0.5271739130434783
ofr10km_530000_620000,530000,620000,-86.603397,54.348896,1840,0,0.5271739130434783
ofr10km_530000_630000,530000,630000,-86.582749,54.439528,1840,0,0.5271739130434783
ofr10km_530000_640000,530000,640000,-86.561999,54.530176,1840,0,0.5260869565217391
ofr10km_530000_650000,530000,650000,-86.541147,54.62084,1840,0,0.5260869565217391
ofr10km_530000_660000,530000,660000,-86.520193,54.711519,1840,0,0.5260869565217391
ofr10km_530000_670000,530000,670000,-86.499135,54.802215,1840,0,0.5260869565217391
ofr10km_530000_680000,530000,680000,-86.477972,54.892925,1840,0,0.5260869565217391
ofr10km_530000_690000,530000,690000,-86.456705,54.983651,1840,0,0.5260869565217391
ofr10km_530000_70000,530000,70000,-87.602225,49.394613,1840,1,0.35489130434782606
ofr10km_530000_700000,530000,700000,-86.435332,55.074392,1840,0,0.5260869565217391
ofr10km_530000_710000,530000,710000,-86.413853,55.165147,1840,0,0.5260869565217391
ofr10km_530000_720000,530000,720000,-86.392266,55.255917,1840,0,0.5260869565217391
ofr10km_530000_730000,530000,730000,-86.370571,55.346702,1840,0,0.5260869565217391
ofr10km_530000_740000,530000,740000,-86.348767,55.4375,1840,0,0.5260869565217391
ofr10km_530000_750000,530000,750000,-86.326854,55.528313,1840,0,0.5260869565217391
ofr10km_530000_760000,530000,760000,-86.304829,55.619139,1840,0,0.5260869565217391
ofr10km_530000_770000,530000,770000,-86.282694,55.709978,1840,0,0.9369565217391305
ofr10km_530000_80000,530000,80000,-87.586181,49.484068,1840,0,0.35489130434782606
ofr10km_530000_90000,530000,90000,-87.570067,49.573549,1840,0,0.35489130434782606
ofr10km_540000_-10000,540000,-10000,-87.593426,48.669594,1840,0,0.36032608695652174
ofr10km_540000_-20000,540000,-20000,-87.609146,48.580407,1840,0,0.36032608695652174
ofr10km_540000_-30000,540000,-30000,-87.6248,48.491247,1840,0,0.36032608695652174
ofr10km_540000_-40000,540000,-40000,-87.640388,48.402115,1840,0,0.3576086956521739
ofr10km_540000_-50000,540000,-50000,-87.655911,48.313011,1840,0,0.3576086956521739
ofr10km_540000_-60000,540000,-60000,-87.671368,48.223935,1840,0,0.39456521739130435
ofr10km_540000_-70000,540000,-70000,-87.686761,48.134888,1840,0,0.3760869565217391
ofr10km_540000_-80000,540000,-80000,-87.70209,48.045869,1840,0,0.421195652173913
ofr10km_540000_0,540000,0,-87.577639,48.758809,1840,0,0.36032608695652174
ofr10km_540000_10000,540000,10000,-87.561785,48.848051,1840,6,0.36032608695652174
ofr10km_540000_100000,540000,100000,-87.416007,49.652431,1840,0,0.4027173913043478
ofr10km_540000_110000,540000,110000,-87.399457,49.741937,1840,1,0.4027173913043478
ofr10km_540000_120000,540000,120000,-87.382836,49.831468,1840,1,0.4027173913043478
ofr10km_540000_130000,540000,130000,-87.366142,49.921025,1840,0,0.4027173913043478
ofr10km_540000_140000,540000,140000,-87.349375,50.010608,1840,1,0.4027173913043478
ofr10km_540000_150000,540000,150000,-87.332534,50.100215,1840,0,0.4027173913043478
ofr10km_540000_160000,540000,160000,-87.31562,50.189847,1840,1,0.4027173913043478
ofr10km_540000_170000,540000,170000,-87.298631,50.279503,1840,0,0.4027173913043478
ofr10km_540000_180000,540000,180000,-87.281568,50.369185,1840,3,0.9326086956521739
ofr10km_540000_190000,540000,190000,-87.264428,50.45889,1840,0,0.9326086956521739
ofr10km_540000_20000,540000,20000,-87.545864,48.93732,1840,1,0.36032608695652174
ofr10km_540000_200000,540000,200000,-87.247213,50.54862,1840,3,0.9326086956521739
ofr10km_540000_210000,540000,210000,-87.229922,50.638374,1840,1,0.9326086956521739
ofr10km_540000_220000,540000,220000,-87.212554,50.728151,1840,0,0.9326086956521739
ofr10km_540000_230000,540000,230000,-87.195108,50.817953,1840,0,0.9326086956521739
ofr10km_540000_240000,540000,240000,-87.177584,50.907777,1840,0,0.9326086956521739
ofr10km_540000_250000,540000,250000,-87.159982,50.997625,1840,0,0.9326086956521739
ofr10km_540000_260000,540000,260000,-87.142301,51.087496,1840,2,0.9326086956521739
ofr10km_540000_270000,540000,270000,-87.12454,51.177391,1840,1,0.9331521739130435
ofr10km_540000_280000,540000,280000,-87.106699,51.267308,1840,3,0.9331521739130435
ofr10km_540000_290000,540000,290000,-87.088778,51.357247,1840,0,0.9331521739130435
ofr10km_540000_30000,540000,30000,-87.529874,49.026616,1840,1,0.36032608695652174
ofr10km_540000_300000,540000,300000,-87.070775,51.447209,1840,0,0.9331521739130435
ofr10km_540000_310000,540000,310000,-87.052691,51.537193,1840,0,0.39456521739130435
ofr10km_540000_320000,540000,320000,-87.034525,51.6272,1840,0,0.39456521739130435
ofr10km_540000_330000,540000,330000,-87.016275,51.717228,1840,2,0.39456521739130435
ofr10km_540000_340000,540000,340000,-86.997943,51.807278,1840,0,0.39456521739130435
ofr10km_540000_350000,540000,350000,-86.979526,51.89735,1840,0,0.40108695652173915
ofr10km_540000_360000,540000,360000,-86.961025,51.987442,1840,1,0.40108695652173915
ofr10km_540000_370000,540000,370000,-86.942439,52.077557,1840,0,0.40108695652173915
ofr10km_540000_380000,540000,380000,-86.923767,52.167692,1840,0,0.40108695652173915
ofr10km_540000_390000,540000,390000,-86.905009,52.257848,1840,0,0.40108695652173915
ofr10km_540000_40000,540000,40000,-87.513816,49.115939,1840,1,0.35489130434782606
ofr10km_540000_400000,540000,400000,-86.886164,52.348024,1840,0,0.40108695652173915
ofr10km_540000_410000,540000,410000,-86.867232,52.438221,1840,0,0.39619565217391306
ofr10km_540000_420000,540000,420000,-86.848211,52.528439,1840,0,0.39619565217391306
ofr10km_540000_430000,540000,430000,-86.829102,52.618676,1840,0,0.39619565217391306
ofr10km_540000_440000,540000,440000,-86.809903,52.708933,1840,0,0.39619565217391306
ofr10km_540000_450000,540000,450000,-86.790615,52.79921,1840,0,0.39619565217391306
ofr10km_540000_460000,540000,460000,-86.771236,52.889507,1840,0,0.39619565217391306
ofr10km_540000_470000,540000,470000,-86.751766,52.979823,1840,1,0.39619565217391306
ofr10km_540000_480000,540000,480000,-86.732204,53.070158,1840,0,0.39619565217391306
ofr10km_540000_490000,540000,490000,-86.712549,53.160512,1840,0,0.39619565217391306
ofr10km_540000_50000,540000,50000,-87.49769,49.205289,1840,3,0.35489130434782606
ofr10km_540000_500000,540000,500000,-86.692802,53.250885,1840,0,0.39619565217391306
ofr10km_540000_510000,540000,510000,-86.67296,53.341276,1840,0,0.39619565217391306
ofr10km_540000_520000,540000,520000,-86.653024,53.431686,1840,0,0.39619565217391306
ofr10km_540000_530000,540000,530000,-86.632993,53.522114,1840,0,0.39619565217391306
ofr10km_540000_540000,540000,540000,-86.612866,53.61256,1840,0,0.9326086956521739
ofr10km_540000_550000,540000,550000,-86.592643,53.703024,1840,0,0.5271739130434783
ofr10km_540000_560000,540000,560000,-86.572323,53.793505,1840,0,0.5271739130434783
ofr10km_540000_570000,540000,570000,-86.551904,53.884004,1840,0,0.5271739130434783
ofr10km_540000_580000,540000,580000,-86.531387,53.97452,1840,0,0.5271739130434783
ofr10km_540000_590000,540000,590000,-86.510771,54.065053,1840,0,0.5271739130434783
ofr10km_540000_60000,540000,60000,-87.481493,49.294665,1840,0,0.35489130434782606
ofr10km_540000_600000,540000,600000,-86.490055,54.155603,1840,0,0.5271739130434783
ofr10km_540000_610000,540000,610000,-86.469237,54.24617,1840,0,0.5271739130434783
ofr10km_540000_620000,540000,620000,-86.448319,54.336753,1840,0,0.5271739130434783
ofr10km_540000_630000,540000,630000,-86.427298,54.427352,1840,0,0.5271739130434783
ofr10km_540000_640000,540000,640000,-86.406174,54.517968,1840,0,0.5260869565217391
ofr10km_540000_650000,540000,650000,-86.384947,54.608599,1840,0,0.5260869565217391
ofr10km_540000_660000,540000,660000,-86.363615,54.699246,1840,0,0.5260869565217391
ofr10km_540000_670000,540000,670000,-86.342178,54.789908,1840,0,0.5260869565217391
ofr10km_540000_680000,540000,680000,-86.320634,54.880585,1840,0,0.5260869565217391
ofr10km_540000_690000,540000,690000,-86.298984,54.971278,1840,0,0.5260869565217391
ofr10km_540000_70000,540000,70000,-87.465227,49.384067,1840,0,0.35489130434782606
ofr10km_540000_700000,540000,700000,-86.277227,55.061985,1840,0,0.5260869565217391
ofr10km_540000_710000,540000,710000,-86.255361,55.152707,1840,0,0.5260869565217391
ofr10km_540000_720000,540000,720000,-86.233386,55.243444,1840,0,0.5260869565217391
ofr10km_540000_730000,540000,730000,-86.2113,55.334194,1840,0,0.5260869565217391
ofr10km_540000_740000,540000,740000,-86.189104,55.424959,1840,0,0.5260869565217391
ofr10km_540000_750000,540000,750000,-86.166796,55.515737,1840,0,0.5260869565217391
ofr10km_540000_760000,540000,760000,-86.144376,55.606529,1840,0,0.5260869565217391
ofr10km_540000_80000,540000,80000,-87.448891,49.473496,1840,0,0.35489130434782606
ofr10km_540000_90000,540000,90000,-87.432485,49.56295,1840,0,0.35489130434782606
ofr10km_550000_-10000,550000,-10000,-87.458785,48.659066,1840,0,0.4125
ofr10km_550000_-20000,550000,-20000,-87.474785,48.569904,1840,0,0.4125
ofr10km_550000_-30000,550000,-30000,-87.490718,48.48077,1840,0,0.3923913043478261
ofr10km_550000_-40000,550000,-40000,-87.506585,48.391664,1840,0,0.3809782608695652
ofr10km_550000_-50000,550000,-50000,-87.522384,48.302586,1840,0,0.3744565217391304
ofr10km_550000_-60000,550000,-60000,-87.538117,48.213535,1840,0,0.3782608695652174
ofr10km_550000_-70000,550000,-70000,-87.553785,48.124513,1840,0,0.3782608695652174
ofr10km_550000_-80000,550000,-80000,-87.569387,48.035519,1840,0,0.40108695652173915
ofr10km_550000_0,550000,0,-87.442716,48.748255,1840,0,0.35597826086956524
ofr10km_550000_10000,550000,10000,-87.426579,48.837471,1840,5,0.35597826086956524
ofr10km_550000_100000,550000,100000,-87.278202,49.641612,1840,0,0.4027173913043478
ofr10km_550000_110000,550000,110000,-87.261358,49.731092,1840,0,0.4027173913043478
ofr10km_550000_120000,550000,120000,-87.24444,49.820596,1840,1,0.4027173913043478
ofr10km_550000_130000,550000,130000,-87.227449,49.910126,1840,0,0.4027173913043478
ofr10km_550000_140000,550000,140000,-87.210383,49.999681,1840,0,0.4027173913043478
ofr10km_550000_150000,550000,150000,-87.193243,50.089261,1840,1,0.4027173913043478
ofr10km_550000_160000,550000,160000,-87.176028,50.178865,1840,0,0.4027173913043478
ofr10km_550000_170000,550000,170000,-87.158736,50.268495,1840,0,0.4027173913043478
ofr10km_550000_180000,550000,180000,-87.141369,50.358148,1840,0,0.4027173913043478
ofr10km_550000_190000,550000,190000,-87.123925,50.447826,1840,2,0.9326086956521739
ofr10km_550000_20000,550000,20000,-87.410374,48.926714,1840,0,0.35597826086956524
ofr10km_550000_200000,550000,200000,-87.106404,50.537528,1840,2,0.9326086956521739
ofr10km_550000_210000,550000,210000,-87.088805,50.627254,1840,1,0.9326086956521739
ofr10km_550000_220000,550000,220000,-87.071127,50.717003,1840,1,0.9326086956521739
ofr10km_550000_230000,550000,230000,-87.053371,50.806776,1840,1,0.9326086956521739
ofr10km_550000_240000,550000,240000,-87.035536,50.896573,1840,0,0.9326086956521739
ofr10km_550000_250000,550000,250000,-87.017621,50.986393,1840,2,0.9326086956521739
ofr10km_550000_260000,550000,260000,-86.999625,51.076235,1840,0,0.9331521739130435
ofr10km_550000_270000,550000,270000,-86.981549,51.166101,1840,0,0.9331521739130435
ofr10km_550000_280000,550000,280000,-86.963391,51.255989,1840,0,0.9331521739130435
ofr10km_550000_290000,550000,290000,-86.945151,51.3459,1840,0,0.9331521739130435
ofr10km_550000_30000,550000,30000,-87.394099,49.015984,1840,1,0.35597826086956524
ofr10km_550000_300000,550000,300000,-86.926829,51.435833,1840,0,0.9331521739130435
ofr10km_550000_310000,550000,310000,-86.908423,51.525788,1840,1,0.39402173913043476
ofr10km_550000_320000,550000,320000,-86.889934,51.615765,1840,0,0.39456521739130435
ofr10km_550000_330000,550000,330000,-86.871361,51.705764,1840,0,0.39456521739130435
ofr10km_550000_340000,550000,340000,-86.852703,51.795785,1840,0,0.39456521739130435
ofr10km_550000_350000,550000,350000,-86.833959,51.885827,1840,0,0.39456521739130435
ofr10km_550000_360000,550000,360000,-86.81513,51.97589,1840,0,0.39456521739130435
ofr10km_550000_370000,550000,370000,-86.796214,52.065975,1840,0,0.39456521739130435
ofr10km_550000_380000,550000,380000,-86.77721,52.15608,1840,0,0.40108695652173915
ofr10km_550000_390000,550000,390000,-86.758119,52.246206,1840,0,0.40108695652173915
ofr10km_550000_40000,550000,40000,-87.377755,49.10528,1840,0,0.35489130434782606
ofr10km_550000_400000,550000,400000,-86.73894,52.336353,1840,0,0.39619565217391306
ofr10km_550000_410000,550000,410000,-86.719672,52.42652,1840,0,0.39619565217391306
ofr10km_550000_420000,550000,420000,-86.700314,52.516707,1840,0,0.39619565217391306
ofr10km_550000_430000,550000,430000,-86.680866,52.606914,1840,0,0.39619565217391306
ofr10km_550000_440000,550000,440000,-86.661327,52.69714,1840,1,0.39619565217391306
ofr10km_550000_450000,550000,450000,-86.641697,52.787387,1840,1,0.39619565217391306
ofr10km_550000_460000,550000,460000,-86.621974,52.877653,1840,0,0.39619565217391306
ofr10km_550000_470000,550000,470000,-86.602159,52.967938,1840,0,0.39619565217391306
ofr10km_550000_480000,550000,480000,-86.582251,53.058242,1840,0,0.39619565217391306
ofr10km_550000_490000,550000,490000,-86.562248,53.148564,1840,0,0.39619565217391306
ofr10km_550000_50000,550000,50000,-87.36134,49.194604,1840,1,0.35489130434782606
ofr10km_550000_500000,550000,500000,-86.542151,53.238906,1840,0,0.39619565217391306
ofr10km_550000_510000,550000,510000,-86.521958,53.329266,1840,0,0.39619565217391306
ofr10km_550000_520000,550000,520000,-86.501669,53.419644,1840,0,0.39619565217391306
ofr10km_550000_530000,550000,530000,-86.481283,53.510041,1840,0,0.39619565217391306
ofr10km_550000_540000,550000,540000,-86.4608,53.600455,1840,0,0.5271739130434783
ofr10km_550000_550000,550000,550000,-86.440219,53.690887,1840,0,0.5271739130434783
ofr10km_550000_560000,550000,560000,-86.419539,53.781336,1840,0,0.5271739130434783
ofr10km_550000_570000,550000,570000,-86.398759,53.871803,1840,0,0.5271739130434783
ofr10km_550000_580000,550000,580000,-86.37788,53.962287,1840,0,0.5271739130434783
ofr10km_550000_590000,550000,590000,-86.356899,54.052787,1840,1,0.5271739130434783
ofr10km_550000_60000,550000,60000,-87.344856,49.283953,1840,0,0.35489130434782606
ofr10km_550000_600000,550000,600000,-86.335816,54.143305,1840,0,0.5271739130434783
ofr10km_550000_610000,550000,610000,-86.314631,54.233839,1840,0,0.5271739130434783
ofr10km_550000_620000,550000,620000,-86.293343,54.324389,1840,0,0.5271739130434783
ofr10km_550000_630000,550000,630000,-86.271951,54.414955,1840,0,0.5271739130434783
ofr10km_550000_640000,550000,640000,-86.250454,54.505538,1840,0,0.5271739130434783
ofr10km_550000_650000,550000,650000,-86.228851,54.596136,1840,0,0.5260869565217391
ofr10km_550000_660000,550000,660000,-86.207143,54.686749,1840,0,0.5260869565217391
ofr10km_550000_670000,550000,670000,-86.185327,54.777378,1840,0,0.5260869565217391
ofr10km_550000_680000,550000,680000,-86.163403,54.868022,1840,0,0.5260869565217391
ofr10km_550000_690000,550000,690000,-86.141371,54.95868,1840,0,0.5260869565217391
ofr10km_550000_70000,550000,70000,-87.3283,49.373329,1840,1,0.35489130434782606
ofr10km_550000_700000,550000,700000,-86.11923,55.049354,1840,0,0.5260869565217391
ofr10km_550000_710000,550000,710000,-86.096978,55.140042,1840,0,0.5260869565217391
ofr10km_550000_720000,550000,720000,-86.074615,55.230744,1840,0,0.5260869565217391
ofr10km_550000_730000,550000,730000,-86.05214,55.32146,1840,0,0.5260869565217391
ofr10km_550000_740000,550000,740000,-86.029553,55.41219,1840,0,0.5260869565217391
ofr10km_550000_750000,550000,750000,-86.006852,55.502934,1840,0,0.5260869565217391
ofr10km_550000_760000,550000,760000,-85.984036,55.593691,1840,0,0.5260869565217391
ofr10km_550000_80000,550000,80000,-87.311673,49.462731,1840,1,0.35489130434782606
ofr10km_550000_90000,550000,90000,-87.294973,49.552159,1840,0,0.4027173913043478
ofr10km_560000_-10000,560000,-10000,-87.324211,48.648349,1840,0,0.4125
ofr10km_560000_-20000,560000,-20000,-87.340491,48.559214,1840,0,0.3923913043478261
ofr10km_560000_-30000,560000,-30000,-87.356703,48.470106,1840,0,0.3744565217391304
ofr10km_560000_-40000,560000,-40000,-87.372847,48.381026,1840,0,0.3744565217391304
ofr10km_560000_-50000,560000,-50000,-87.388923,48.291973,1840,0,0.3744565217391304
ofr10km_560000_-60000,560000,-60000,-87.404932,48.202949,1840,0,0.3744565217391304
ofr10km_560000_-70000,560000,-70000,-87.420874,48.113952,1840,0,0.3744565217391304
ofr10km_560000_-80000,560000,-80000,-87.43675,48.024984,1840,0,0.3744565217391304
ofr10km_560000_0,560000,0,-87.307861,48.737512,1840,0,0.4125
ofr10km_560000_10000,560000,10000,-87.291442,48.826701,1840,1,0.4125
ofr10km_560000_100000,560000,100000,-87.14047,49.630601,1840,0,0.4027173913043478
ofr10km_560000_110000,560000,110000,-87.123332,49.720053,1840,2,0.40217391304347827
ofr10km_560000_120000,560000,120000,-87.106118,49.80953,1840,1,0.40217391304347827
ofr10km_560000_130000,560000,130000,-87.08883,49.899032,1840,0,0.40217391304347827
ofr10km_560000_140000,560000,140000,-87.071467,49.988559,1840,0,0.4027173913043478
ofr10km_560000_150000,560000,150000,-87.054027,50.078111,1840,0,0.4027173913043478
ofr10km_560000_160000,560000,160000,-87.036511,50.167688,1840,0,0.4027173913043478
ofr10km_560000_170000,560000,170000,-87.018918,50.257289,1840,8,0.4027173913043478
ofr10km_560000_180000,560000,180000,-87.001247,50.346915,1840,1,0.4027173913043478
ofr10km_560000_190000,560000,190000,-86.983499,50.436564,1840,4,0.9326086956521739
ofr10km_560000_20000,560000,20000,-87.274953,48.915918,1840,0,0.4125
ofr10km_560000_200000,560000,200000,-86.965671,50.526238,1840,0,0.9326086956521739
ofr10km_560000_210000,560000,210000,-86.947765,50.615935,1840,2,0.9326086956521739
ofr10km_560000_220000,560000,220000,-86.92978,50.705656,1840,1,0.9326086956521739
ofr10km_560000_230000,560000,230000,-86.911714,50.795401,1840,0,0.9326086956521739
ofr10km_560000_240000,560000,240000,-86.893567,50.885168,1840,0,0.9326086956521739
ofr10km_560000_250000,560000,250000,-86.87534,50.974959,1840,0,0.9326086956521739
ofr10km_560000_260000,560000,260000,-86.85703,51.064773,1840,0,0.9331521739130435
ofr10km_560000_270000,560000,270000,-86.838639,51.154609,1840,0,0.9331521739130435
ofr10km_560000_280000,560000,280000,-86.820165,51.244468,1840,0,0.9331521739130435
ofr10km_560000_290000,560000,290000,-86.801607,51.33435,1840,0,0.9331521739130435
ofr10km_560000_30000,560000,30000,-87.258394,49.005161,1840,0,0.4125
ofr10km_560000_300000,560000,300000,-86.782965,51.424254,1840,0,0.9331521739130435
ofr10km_560000_310000,560000,310000,-86.764239,51.514179,1840,0,0.39402173913043476
ofr10km_560000_320000,560000,320000,-86.745428,51.604127,1840,1,0.39456521739130435
ofr10km_560000_330000,560000,330000,-86.726531,51.694096,1840,0,0.39456521739130435
ofr10km_560000_340000,560000,340000,-86.707548,51.784087,1840,0,0.39456521739130435
ofr10km_560000_350000,560000,350000,-86.688478,51.874099,1840,0,0.39456521739130435
ofr10km_560000_360000,560000,360000,-86.669321,51.964132,1840,0,0.39456521739130435
ofr10km_560000_370000,560000,370000,-86.650075,52.054186,1840,0,0.39456521739130435
ofr10km_560000_380000,560000,380000,-86.630741,52.144261,1840,1,0.39456521739130435
ofr10km_560000_390000,560000,390000,-86.611318,52.234357,1840,0,0.39456521739130435
ofr10km_560000_40000,560000,40000,-87.241763,49.094431,1840,0,0.4125
ofr10km_560000_400000,560000,400000,-86.591805,52.324473,1840,0,0.39456521739130435
ofr10km_560000_410000,560000,410000,-86.572202,52.414609,1840,0,0.39619565217391306
ofr10km_560000_420000,560000,420000,-86.552507,52.504765,1840,0,0.39619565217391306
ofr10km_560000_430000,560000,430000,-86.532721,52.594941,1840,0,0.39619565217391306
ofr10km_560000_440000,560000,440000,-86.512842,52.685137,1840,0,0.39619565217391306
ofr10km_560000_450000,560000,450000,-86.492871,52.775352,1840,1,0.39619565217391306
ofr10km_560000_460000,560000,460000,-86.472806,52.865587,1840,0,0.39619565217391306
ofr10km_560000_470000,560000,470000,-86.452646,52.95584,1840,0,0.39619565217391306
ofr10km_560000_480000,560000,480000,-86.432392,53.046113,1840,0,0.39619565217391306
ofr10km_560000_490000,560000,490000,-86.412041,53.136404,1840,0,0.39619565217391306
ofr10km_560000_50000,560000,50000,-87.225062,49.183727,1840,1,0.37717391304347825
ofr10km_560000_500000,560000,500000,-86.391595,53.226714,1840,0,0.39619565217391306
ofr10km_560000_510000,560000,510000,-86.371051,53.317042,1840,0,0.39619565217391306
ofr10km_560000_520000,560000,520000,-86.35041,53.407388,1840,0,0.39619565217391306
ofr10km_560000_530000,560000,530000,-86.329671,53.497752,1840,0,0.9326086956521739
ofr10km_560000_540000,560000,540000,-86.308832,53.588134,1840,0,0.5271739130434783
ofr10km_560000_550000,560000,550000,-86.287894,53.678534,1840,0,0.5271739130434783
ofr10km_560000_560000,560000,560000,-86.266855,53.76895,1840,0,0.5271739130434783
ofr10km_560000_570000,560000,570000,-86.245715,53.859384,1840,1,0.5271739130434783
ofr10km_560000_580000,560000,580000,-86.224473,53.949835,1840,0,0.5271739130434783
ofr10km_560000_590000,560000,590000,-86.203128,54.040303,1840,0,0.5271739130434783
ofr10km_560000_60000,560000,60000,-87.208289,49.27305,1840,2,0.35489130434782606
ofr10km_560000_600000,560000,600000,-86.18168,54.130787,1840,0,0.5271739130434783
ofr10km_560000_610000,560000,610000,-86.160128,54.221288,1840,0,0.5271739130434783
ofr10km_560000_620000,560000,620000,-86.138471,54.311805,1840,0,0.5271739130434783
ofr10km_560000_630000,560000,630000,-86.116708,54.402338,1840,0,0.5271739130434783
ofr10km_560000_640000,560000,640000,-86.094838,54.492886,1840,0,0.5271739130434783
ofr10km_560000_650000,560000,650000,-86.072862,54.583451,1840,0,0.5260869565217391
ofr10km_560000_660000,560000,660000,-86.050777,54.67403,1840,1,0.5260869565217391
ofr10km_560000_670000,560000,670000,-86.028584,54.764625,1840,0,0.5260869565217391
ofr10km_560000_680000,560000,680000,-86.006281,54.855234,1840,0,0.5260869565217391
ofr10km_560000_690000,560000,690000,-85.983867,54.945859,1840,0,0.5260869565217391
ofr10km_560000_70000,560000,70000,-87.191444,49.362399,1840,0,0.40217391304347827
ofr10km_560000_700000,560000,700000,-85.961343,55.036498,1840,0,0.5260869565217391
ofr10km_560000_710000,560000,710000,-85.938706,55.127151,1840,0,0.5260869565217391
ofr10km_560000_720000,560000,720000,-85.915956,55.217818,1840,0,0.5260869565217391
ofr10km_560000_730000,560000,730000,-85.893093,55.308499,1840,0,0.5260869565217391
ofr10km_560000_740000,560000,740000,-85.870115,55.399194,1840,0,0.5260869565217391
ofr10km_560000_750000,560000,750000,-85.847021,55.489903,1840,0,0.5260869565217391
ofr10km_560000_760000,560000,760000,-85.823812,55.580625,1840,0,0.5260869565217391
ofr10km_560000_80000,560000,80000,-87.174526,49.451774,1840,0,0.40217391304347827
ofr10km_560000_90000,560000,90000,-87.157535,49.541175,1840,0,0.40217391304347827
ofr10km_570000_-10000,570000,-10000,-87.189706,48.637444,1840,0,0.3923913043478261
ofr10km_570000_-20000,570000,-20000,-87.206266,48.548336,1840,0,0.3744565217391304
ofr10km_570000_-30000,570000,-30000,-87.222757,48.459255,1840,0,0.3744565217391304
ofr10km_570000_-40000,570000,-40000,-87.239178,48.370201,1840,0,0.3744565217391304
ofr10km_570000_-50000,570000,-50000,-87.25553,48.281175,1840,0,0.3744565217391304
ofr10km_570000_-60000,570000,-60000,-87.271814,48.192176,1840,0,0.3744565217391304
ofr10km_570000_-70000,570000,-70000,-87.28803,48.103206,1840,0,0.3744565217391304
ofr10km_570000_-80000,570000,-80000,-87.304178,48.014264,1840,0,0.3744565217391304
ofr10km_570000_-90000,570000,-90000,-87.32026,47.92535,1840,0,0.3744565217391304
ofr10km_570000_0,570000,0,-87.173075,48.72658,1840,0,0.3923913043478261
ofr10km_570000_10000,570000,10000,-87.156374,48.815743,1840,4,0.4125
ofr10km_570000_100000,570000,100000,-87.002812,49.619396,1840,1,0.40217391304347827
ofr10km_570000_110000,570000,110000,-86.98538,49.70882,1840,6,0.40217391304347827
ofr10km_570000_120000,570000,120000,-86.967872,49.798269,1840,7,0.40217391304347827
ofr10km_570000_130000,570000,130000,-86.950287,49.887743,1840,0,0.40217391304347827
ofr10km_570000_140000,570000,140000,-86.932626,49.977242,1840,0,0.40217391304347827
ofr10km_570000_150000,570000,150000,-86.914887,50.066766,1840,1,0.4027173913043478
ofr10km_570000_160000,570000,160000,-86.897071,50.156315,1840,3,0.4027173913043478
ofr10km_570000_170000,570000,170000,-86.879177,50.245887,1840,6,0.4027173913043478
ofr10km_570000_180000,570000,180000,-86.861203,50.335484,1840,1,0.4027173913043478
ofr10km_570000_190000,570000,190000,-86.843151,50.425105,1840,0,0.4027173913043478
ofr10km_570000_20000,570000,20000,-87.139602,48.904932,1840,0,0.4125
ofr10km_570000_200000,570000,200000,-86.825018,50.51475,1840,1,0.4027173913043478
ofr10km_570000_210000,570000,210000,-86.806806,50.604418,1840,1,0.9326086956521739
ofr10km_570000_220000,570000,220000,-86.788512,50.69411,1840,0,0.9326086956521739
ofr10km_570000_230000,570000,230000,-86.770137,50.783825,1840,3,0.9326086956521739
ofr10km_570000_240000,570000,240000,-86.75168,50.873564,1840,0,0.9326086956521739
ofr10km_570000_250000,570000,250000,-86.733141,50.963325,1840,0,0.9326086956521739
ofr10km_570000_260000,570000,260000,-86.714518,51.05311,1840,0,0.9326086956521739
ofr10km_570000_270000,570000,270000,-86.695812,51.142917,1840,0,0.9331521739130435
ofr10km_570000_280000,570000,280000,-86.677022,51.232746,1840,0,0.9331521739130435
ofr10km_570000_290000,570000,290000,-86.658146,51.322598,1840,0,0.9331521739130435
ofr10km_570000_30000,570000,30000,-87.122759,48.994149,1840,0,0.4125
ofr10km_570000_300000,570000,300000,-86.639186,51.412471,1840,0,0.9331521739130435
ofr10km_570000_310000,570000,310000,-86.62014,51.502367,1840,0,0.39402173913043476
ofr10km_570000_320000,570000,320000,-86.601007,51.592284,1840,0,0.39402173913043476
ofr10km_570000_330000,570000,330000,-86.581787,51.682223,1840,1,0.39456521739130435
ofr10km_570000_340000,570000,340000,-86.56248,51.772184,1840,0,0.39456521739130435
ofr10km_570000_350000,570000,350000,-86.543084,51.862165,1840,0,0.39456521739130435
ofr10km_570000_360000,570000,360000,-86.5236,51.952168,1840,0,0.39456521739130435
ofr10km_570000_370000,570000,370000,-86.504026,52.042192,1840,0,0.39456521739130435
ofr10km_570000_380000,570000,380000,-86.484362,52.132236,1840,0,0.39456521739130435
ofr10km_570000_390000,570000,390000,-86.464607,52.2223,1840,0,0.39456521739130435
ofr10km_570000_40000,570000,40000,-87.105843,49.083391,1840,2,0.4125
ofr10km_570000_400000,570000,400000,-86.444761,52.312385,1840,0,0.39456521739130435
ofr10km_570000_410000,570000,410000,-86.424823,52.40249,1840,0,0.39456521739130435
ofr10km_570000_420000,570000,420000,-86.404792,52.492615,1840,0,0.39456521739130435
ofr10km_570000_430000,570000,430000,-86.384668,52.58276,1840,0,0.39456521739130435
ofr10km_570000_440000,570000,440000,-86.364451,52.672924,1840,0,0.39456521739130435
ofr10km_570000_450000,570000,450000,-86.344138,52.763107,1840,1,0.39619565217391306
ofr10km_570000_460000,570000,460000,-86.323731,52.85331,1840,0,0.39619565217391306
ofr10km_570000_470000,570000,470000,-86.303228,52.943532,1840,0,0.39619565217391306
ofr10km_570000_480000,570000,480000,-86.282628,53.033772,1840,0,0.39619565217391306
ofr10km_570000_490000,570000,490000,-86.261931,53.124031,1840,0,0.39619565217391306
ofr10km_570000_50000,570000,50000,-87.088855,49.172661,1840,2,0.37717391304347825
ofr10km_570000_500000,570000,500000,-86.241136,53.214308,1840,0,0.39456521739130435
ofr10km_570000_510000,570000,510000,-86.220243,53.304604,1840,0,0.39456521739130435
ofr10km_570000_520000,570000,520000,-86.19925,53.394918,1840,0,0.9331521739130435
ofr10km_570000_530000,570000,530000,-86.178157,53.485249,1840,0,0.9315217391304348
ofr10km_570000_540000,570000,540000,-86.156964,53.575598,1840,0,0.5271739130434783
ofr10km_570000_550000,570000,550000,-86.135669,53.665964,1840,0,0.5271739130434783
ofr10km_570000_560000,570000,560000,-86.114272,53.756348,1840,0,0.5271739130434783
ofr10km_570000_570000,570000,570000,-86.092772,53.846749,1840,0,0.5271739130434783
ofr10km_570000_580000,570000,580000,-86.071169,53.937166,1840,0,0.5271739130434783
ofr10km_570000_590000,570000,590000,-86.049461,54.027601,1840,0,0.5271739130434783
ofr10km_570000_60000,570000,60000,-87.071794,49.261956,1840,1,0.37717391304347825
ofr10km_570000_600000,570000,600000,-86.027648,54.118051,1840,0,0.5271739130434783
ofr10km_570000_610000,570000,610000,-86.00573,54.208518,1840,0,0.5271739130434783
ofr10km_570000_620000,570000,620000,-85.983704,54.299001,1840,0,0.5271739130434783
ofr10km_570000_630000,570000,630000,-85.961571,54.3895,1840,0,0.5271739130434783
ofr10km_570000_640000,570000,640000,-85.93933,54.480014,1840,0,0.5271739130434783
ofr10km_570000_650000,570000,650000,-85.91698,54.570544,1840,0,0.5260869565217391
ofr10km_570000_660000,570000,660000,-85.894521,54.661089,1840,0,0.5260869565217391
ofr10km_570000_670000,570000,670000,-85.87195,54.751649,1840,0,0.5260869565217391
ofr10km_570000_680000,570000,680000,-85.849269,54.842224,1840,0,0.5260869565217391
ofr10km_570000_690000,570000,690000,-85.826475,54.932813,1840,0,0.5260869565217391
ofr10km_570000_70000,570000,70000,-87.05466,49.351277,1840,4,0.40217391304347827
ofr10km_570000_700000,570000,700000,-85.803568,55.023417,1840,0,0.5260869565217391
ofr10km_570000_710000,570000,710000,-85.780547,55.114035,1840,0,0.5260869565217391
ofr10km_570000_720000,570000,720000,-85.757411,55.204667,1840,0,0.5260869565217391
ofr10km_570000_730000,570000,730000,-85.73416,55.295312,1840,0,0.5260869565217391
ofr10km_570000_740000,570000,740000,-85.710792,55.385972,1840,0,0.5260869565217391
ofr10km_570000_750000,570000,750000,-85.687307,55.476644,1840,0,0.5260869565217391
ofr10km_570000_760000,570000,760000,-85.663704,55.56733,1840,0,0.5260869565217391
ofr10km_570000_80000,570000,80000,-87.037452,49.440625,1840,0,0.40217391304347827
ofr10km_570000_90000,570000,90000,-87.020169,49.529998,1840,2,0.40217391304347827
ofr10km_580000_-10000,580000,-10000,-87.055271,48.626352,1840,0,0.3744565217391304
ofr10km_580000_-20000,580000,-20000,-87.072111,48.53727,1840,0,0.3744565217391304
ofr10km_580000_-30000,580000,-30000,-87.088879,48.448216,1840,0,0.3744565217391304
ofr10km_580000_-40000,580000,-40000,-87.105577,48.359189,1840,0,0.3744565217391304
ofr10km_580000_-50000,580000,-50000,-87.122205,48.27019,1840,0,0.3744565217391304
ofr10km_580000_-60000,580000,-60000,-87.138764,48.181218,1840,0,0.3744565217391304
ofr10km_580000_-70000,580000,-70000,-87.155253,48.092275,1840,0,0.3744565217391304
ofr10km_580000_-80000,580000,-80000,-87.171674,48.003359,1840,0,0.3744565217391304
ofr10km_580000_-90000,580000,-90000,-87.188027,47.914472,1840,0,0.3744565217391304
ofr10km_580000_0,580000,0,-87.03836,48.71546,1840,0,0.3923913043478261
ofr10km_580000_10000,580000,10000,-87.021378,48.804595,1840,4,0.3923913043478261
ofr10km_580000_100000,580000,100000,-86.86523,49.607998,1840,0,0.40217391304347827
ofr10km_580000_110000,580000,110000,-86.847504,49.697394,1840,3,0.40217391304347827
ofr10km_580000_120000,580000,120000,-86.829701,49.786815,1840,0,0.40217391304347827
ofr10km_580000_130000,580000,130000,-86.811821,49.87626,1840,0,0.40217391304347827
ofr10km_580000_140000,580000,140000,-86.793862,49.965731,1840,0,0.40217391304347827
ofr10km_580000_150000,580000,150000,-86.775826,50.055226,1840,0,0.40217391304347827
ofr10km_580000_160000,580000,160000,-86.75771,50.144745,1840,1,0.40217391304347827
ofr10km_580000_170000,580000,170000,-86.739514,50.234289,1840,1,0.40217391304347827
ofr10km_580000_180000,580000,180000,-86.721239,50.323857,1840,1,0.4027173913043478
ofr10km_580000_190000,580000,190000,-86.702883,50.413448,1840,0,0.4027173913043478
ofr10km_580000_20000,580000,20000,-87.004323,48.893758,1840,1,0.3923913043478261
ofr10km_580000_200000,580000,200000,-86.684446,50.503064,1840,1,0.4027173913043478
ofr10km_580000_210000,580000,210000,-86.665927,50.592703,1840,1,0.4027173913043478
ofr10km_580000_220000,580000,220000,-86.647326,50.682365,1840,0,0.9326086956521739
ofr10km_580000_230000,580000,230000,-86.628642,50.772051,1840,1,0.9326086956521739
ofr10km_580000_240000,580000,240000,-86.609875,50.86176,1840,0,0.9326086956521739
ofr10km_580000_250000,580000,250000,-86.591024,50.951491,1840,2,0.9326086956521739
ofr10km_580000_260000,580000,260000,-86.572089,51.041246,1840,0,0.9326086956521739
ofr10km_580000_270000,580000,270000,-86.553069,51.131023,1840,0,0.9331521739130435
ofr10km_580000_280000,580000,280000,-86.533963,51.220822,1840,0,0.9331521739130435
ofr10km_580000_290000,580000,290000,-86.514771,51.310643,1840,0,0.9331521739130435
ofr10km_580000_30000,580000,30000,-86.987196,48.982946,1840,0,0.4125
ofr10km_580000_300000,580000,300000,-86.495493,51.400486,1840,0,0.9331521739130435
ofr10km_580000_310000,580000,310000,-86.476127,51.490352,1840,0,0.9331521739130435
ofr10km_580000_320000,580000,320000,-86.456673,51.580238,1840,0,0.39402173913043476
ofr10km_580000_330000,580000,330000,-86.437131,51.670147,1840,0,0.39456521739130435
ofr10km_580000_340000,580000,340000,-86.4175,51.760076,1840,0,0.39456521739130435
ofr10km_580000_350000,580000,350000,-86.397779,51.850027,1840,0,0.39456521739130435
ofr10km_580000_360000,580000,360000,-86.377968,51.939998,1840,0,0.39456521739130435
ofr10km_580000_370000,580000,370000,-86.358066,52.02999,1840,0,0.39456521739130435
ofr10km_580000_380000,580000,380000,-86.338072,52.120003,1840,0,0.39456521739130435
ofr10km_580000_390000,580000,390000,-86.317987,52.210036,1840,0,0.39456521739130435
ofr10km_580000_40000,580000,40000,-86.969995,49.072162,1840,1,0.4125
ofr10km_580000_400000,580000,400000,-86.297808,52.30009,1840,0,0.39456521739130435
ofr10km_580000_410000,580000,410000,-86.277536,52.390163,1840,2,0.39456521739130435
ofr10km_580000_420000,580000,420000,-86.25717,52.480256,1840,0,0.39456521739130435
ofr10km_580000_430000,580000,430000,-86.23671,52.570368,1840,0,0.39456521739130435
ofr10km_580000_440000,580000,440000,-86.216153,52.660501,1840,0,0.39456521739130435
ofr10km_580000_450000,580000,450000,-86.195501,52.750652,1840,0,0.39456521739130435
ofr10km_580000_460000,580000,460000,-86.174752,52.840822,1840,1,0.39456521739130435
ofr10km_580000_470000,580000,470000,-86.153906,52.931011,1840,0,0.39456521739130435
ofr10km_580000_480000,580000,480000,-86.132962,53.021219,1840,0,0.39456521739130435
ofr10km_580000_490000,580000,490000,-86.111919,53.111445,1840,0,0.39456521739130435
ofr10km_580000_50000,580000,50000,-86.952721,49.161403,1840,1,0.4125
ofr10km_580000_500000,580000,500000,-86.090776,53.20169,1840,1,0.39456521739130435
ofr10km_580000_510000,580000,510000,-86.069533,53.291952,1840,0,0.39456521739130435
ofr10km_580000_520000,580000,520000,-86.04819,53.382233,1840,0,0.9315217391304348
ofr10km_580000_530000,580000,530000,-86.026745,53.472531,1840,0,0.5260869565217391
ofr10km_580000_540000,580000,540000,-86.005197,53.562847,1840,0,0.5260869565217391
ofr10km_580000_550000,580000,550000,-85.983547,53.65318,1840,0,0.5271739130434783
ofr10km_580000_560000,580000,560000,-85.961792,53.74353,1840,0,0.5271739130434783
ofr10km_580000_570000,580000,570000,-85.939933,53.833896,1840,0,0.5271739130434783
ofr10km_580000_580000,580000,580000,-85.917969,53.92428,1840,1,0.5271739130434783
ofr10km_580000_590000,580000,590000,-85.895899,54.01468,1840,0,0.5271739130434783
ofr10km_580000_60000,580000,60000,-86.935373,49.250671,1840,0,0.40217391304347827
ofr10km_580000_600000,580000,600000,-85.873722,54.105097,1840,0,0.5271739130434783
ofr10km_580000_610000,580000,610000,-85.851438,54.195529,1840,0,0.5271739130434783
ofr10km_580000_620000,580000,620000,-85.829045,54.285977,1840,0,0.5271739130434783
ofr10km_580000_630000,580000,630000,-85.806543,54.376441,1840,0,0.5271739130434783
ofr10km_580000_640000,580000,640000,-85.783931,54.466921,1840,0,0.5271739130434783
ofr10km_580000_650000,580000,650000,-85.761209,54.557416,1840,0,0.5260869565217391
ofr10km_580000_660000,580000,660000,-85.738375,54.647926,1840,0,0.5260869565217391
ofr10km_580000_670000,580000,670000,-85.715428,54.73845,1840,0,0.5260869565217391
ofr10km_580000_680000,580000,680000,-85.692369,54.82899,1840,0,0.5260869565217391
ofr10km_580000_690000,580000,690000,-85.669195,54.919544,1840,0,0.5260869565217391
ofr10km_580000_70000,580000,70000,-86.91795,49.339964,1840,0,0.40217391304347827
ofr10km_580000_700000,580000,700000,-85.645907,55.010112,1840,0,0.5260869565217391
ofr10km_580000_710000,580000,710000,-85.622502,55.100694,1840,0,0.5260869565217391
ofr10km_580000_720000,580000,720000,-85.598982,55.19129,1840,0,0.5260869565217391
ofr10km_580000_730000,580000,730000,-85.575344,55.281899,1840,0,0.5260869565217391
ofr10km_580000_740000,580000,740000,-85.551587,55.372522,1840,0,0.5260869565217391
ofr10km_580000_750000,580000,750000,-85.527712,55.463159,1840,0,0.5260869565217391
ofr10km_580000_80000,580000,80000,-86.900452,49.429283,1840,0,0.40217391304347827
ofr10km_580000_90000,580000,90000,-86.882879,49.518628,1840,1,0.40217391304347827
ofr10km_590000_-10000,590000,-10000,-86.920908,48.615071,1840,0,0.3744565217391304
ofr10km_590000_-100000,590000,-100000,-87.072416,47.814577,1840,0,0.3923913043478261
ofr10km_590000_-20000,590000,-20000,-86.938026,48.526017,1840,0,0.3744565217391304
ofr10km_590000_-30000,590000,-30000,-86.955072,48.436991,1840,0,0.3744565217391304
ofr10km_590000_-40000,590000,-40000,-86.972047,48.347991,1840,0,0.3744565217391304
ofr10km_590000_-50000,590000,-50000,-86.98895,48.259019,1840,0,0.3744565217391304
ofr10km_590000_-60000,590000,-60000,-87.005783,48.170075,1840,0,0.3744565217391304
ofr10km_590000_-70000,590000,-70000,-87.022545,48.081158,1840,0,0.3744565217391304
ofr10km_590000_-80000,590000,-80000,-87.039238,47.99227,1840,0,0.3744565217391304
ofr10km_590000_-90000,590000,-90000,-87.055862,47.903409,1840,0,0.3744565217391304
ofr10km_590000_0,590000,0,-86.903717,48.704152,1840,0,0.3923913043478261
ofr10km_590000_10000,590000,10000,-86.886454,48.793259,1840,4,0.3923913043478261
ofr10km_590000_100000,590000,100000,-86.727724,49.596408,1840,1,0.40217391304347827
ofr10km_590000_110000,590000,110000,-86.709705,49.685775,1840,0,0.40217391304347827
ofr10km_590000_120000,590000,120000,-86.691608,49.775166,1840,1,0.40217391304347827
ofr10km_590000_130000,590000,130000,-86.673432,49.864583,1840,1,0.40217391304347827
ofr10km_590000_140000,590000,140000,-86.655177,49.954024,1840,2,0.40217391304347827
ofr10km_590000_150000,590000,150000,-86.636843,50.04349,1840,0,0.40217391304347827
ofr10km_590000_160000,590000,160000,-86.618428,50.13298,1840,2,0.40217391304347827
ofr10km_590000_170000,590000,170000,-86.599932,50.222495,1840,2,0.40217391304347827
ofr10km_590000_180000,590000,180000,-86.581355,50.312033,1840,1,0.40217391304347827
ofr10km_590000_190000,590000,190000,-86.562696,50.401595,1840,0,0.40217391304347827
ofr10km_590000_20000,590000,20000,-86.869117,48.882394,1840,0,0.39456521739130435
ofr10km_590000_200000,590000,200000,-86.543955,50.491181,1840,1,0.4027173913043478
ofr10km_590000_210000,590000,210000,-86.52513,50.58079,1840,1,0.4027173913043478
ofr10km_590000_220000,590000,220000,-86.506223,50.670422,1840,0,0.4027173913043478
ofr10km_590000_230000,590000,230000,-86.487231,50.760078,1840,0,0.9326086956521739
ofr10km_590000_240000,590000,240000,-86.468154,50.849756,1840,0,0.9326086956521739
ofr10km_590000_250000,590000,250000,-86.448993,50.939458,1840,0,0.9326086956521739
ofr10km_590000_260000,590000,260000,-86.429745,51.029181,1840,0,0.9326086956521739
ofr10km_590000_270000,590000,270000,-86.410412,51.118928,1840,0,0.9326086956521739
ofr10km_590000_280000,590000,280000,-86.390991,51.208696,1840,1,0.9331521739130435
ofr10km_590000_290000,590000,290000,-86.371483,51.298487,1840,0,0.9331521739130435
ofr10km_590000_30000,590000,30000,-86.851706,48.971555,1840,1,0.39456521739130435
ofr10km_590000_300000,590000,300000,-86.351887,51.388299,1840,0,0.9331521739130435
ofr10km_590000_310000,590000,310000,-86.332202,51.478133,1840,0,0.9331521739130435
ofr10km_590000_320000,590000,320000,-86.312428,51.567989,1840,0,0.39402173913043476
ofr10km_590000_330000,590000,330000,-86.292564,51.657866,1840,0,0.39402173913043476
ofr10km_590000_340000,590000,340000,-86.27261,51.747764,1840,0,0.39456521739130435
ofr10km_590000_350000,590000,350000,-86.252565,51.837683,1840,0,0.39456521739130435
ofr10km_590000_360000,590000,360000,-86.232427,51.927623,1840,0,0.39456521739130435
ofr10km_590000_370000,590000,370000,-86.212198,52.017583,1840,0,0.39456521739130435
ofr10km_590000_380000,590000,380000,-86.191875,52.107564,1840,0,0.39456521739130435
ofr10km_590000_390000,590000,390000,-86.171459,52.197565,1840,0,0.39456521739130435
ofr10km_590000_40000,590000,40000,-86.834221,49.060742,1840,1,0.39456521739130435
ofr10km_590000_400000,590000,400000,-86.150949,52.287586,1840,0,0.39456521739130435
ofr10km_590000_410000,590000,410000,-86.130344,52.377627,1840,2,0.39456521739130435
ofr10km_590000_420000,590000,420000,-86.109643,52.467688,1840,2,0.39456521739130435
ofr10km_590000_430000,590000,430000,-86.088846,52.557768,1840,0,0.39456521739130435
ofr10km_590000_440000,590000,440000,-86.067952,52.647868,1840,0,0.39456521739130435
ofr10km_590000_450000,590000,450000,-86.046961,52.737986,1840,0,0.39456521739130435
ofr10km_590000_460000,590000,460000,-86.025871,52.828124,1840,0,0.39456521739130435
ofr10km_590000_470000,590000,470000,-86.004682,52.91828,1840,0,0.39456521739130435
ofr10km_590000_480000,590000,480000,-85.983394,53.008454,1840,0,0.39456521739130435
ofr10km_590000_490000,590000,490000,-85.962006,53.098647,1840,0,0.39456521739130435
ofr10km_590000_50000,590000,50000,-86.816661,49.149955,1840,0,0.4125
ofr10km_590000_500000,590000,500000,-85.940516,53.188858,1840,0,0.39456521739130435
ofr10km_590000_510000,590000,510000,-85.918925,53.279087,1840,0,0.39456521739130435
ofr10km_590000_520000,590000,520000,-85.897231,53.369334,1840,0,0.5260869565217391
ofr10km_590000_530000,590000,530000,-85.875434,53.459599,1840,0,0.5260869565217391
ofr10km_590000_540000,590000,540000,-85.853533,53.54988,1840,0,0.5260869565217391
ofr10km_590000_550000,590000,550000,-85.831528,53.640179,1840,0,0.5260869565217391
ofr10km_590000_560000,590000,560000,-85.809417,53.730495,1840,0,0.5271739130434783
ofr10km_590000_570000,590000,570000,-85.7872,53.820827,1840,0,0.5271739130434783
ofr10km_590000_580000,590000,580000,-85.764876,53.911176,1840,0,0.5271739130434783
ofr10km_590000_590000,590000,590000,-85.742444,54.001542,1840,0,0.5271739130434783
ofr10km_590000_60000,590000,60000,-86.799026,49.239194,1840,0,0.3760869565217391
ofr10km_590000_600000,590000,600000,-85.719904,54.091923,1840,0,0.5271739130434783
ofr10km_590000_610000,590000,610000,-85.697255,54.182321,1840,0,0.5271739130434783
ofr10km_590000_620000,590000,620000,-85.674495,54.272734,1840,0,0.5271739130434783
ofr10km_590000_630000,590000,630000,-85.651625,54.363163,1840,0,0.5271739130434783
ofr10km_590000_640000,590000,640000,-85.628643,54.453607,1840,0,0.5271739130434783
ofr10km_590000_650000,590000,650000,-85.605549,54.544067,1840,0,0.5260869565217391
ofr10km_590000_660000,590000,660000,-85.582341,54.634541,1840,0,0.5260869565217391
ofr10km_590000_670000,590000,670000,-85.559019,54.72503,1840,0,0.5260869565217391
ofr10km_590000_680000,590000,680000,-85.535583,54.815533,1840,0,0.5260869565217391
ofr10km_590000_690000,590000,690000,-85.51203,54.906051,1840,0,0.5260869565217391
ofr10km_590000_70000,590000,70000,-86.781315,49.328459,1840,0,0.3760869565217391
ofr10km_590000_700000,590000,700000,-85.488361,54.996583,1840,1,0.5260869565217391
ofr10km_590000_710000,590000,710000,-85.464575,55.087128,1840,0,0.5260869565217391
ofr10km_590000_720000,590000,720000,-85.44067,55.177688,1840,0,0.5260869565217391
ofr10km_590000_730000,590000,730000,-85.416646,55.268261,1840,0,0.5260869565217391
ofr10km_590000_740000,590000,740000,-85.392501,55.358847,1840,0,0.5260869565217391
ofr10km_590000_80000,590000,80000,-86.763528,49.41775,1840,0,0.40217391304347827
ofr10km_590000_90000,590000,90000,-86.745665,49.507066,1840,1,0.40217391304347827
ofr10km_600000_-10000,600000,-10000,-86.786617,48.603603,1840,0,0.3744565217391304
ofr10km_600000_-100000,600000,-100000,-86.94059,47.803357,1840,0,0.3923913043478261
ofr10km_600000_-20000,600000,-20000,-86.804013,48.514577,1840,0,0.3744565217391304
ofr10km_600000_-30000,600000,-30000,-86.821336,48.425578,1840,0,0.3744565217391304
ofr10km_600000_-40000,600000,-40000,-86.838587,48.336607,1840,0,0.3744565217391304
ofr10km_600000_-50000,600000,-50000,-86.855765,48.247663,1840,0,0.3744565217391304
ofr10km_600000_-60000,600000,-60000,-86.872872,48.158746,1840,0,0.3744565217391304
ofr10km_600000_-70000,600000,-70000,-86.889907,48.069857,1840,0,0.3744565217391304
ofr10km_600000_-80000,600000,-80000,-86.906872,47.980996,1840,0,0.3809782608695652
ofr10km_600000_-90000,600000,-90000,-86.923766,47.892163,1840,0,0.3923913043478261
ofr10km_600000_0,600000,0,-86.769147,48.692656,1840,0,0.3744565217391304
ofr10km_600000_10000,600000,10000,-86.751603,48.781735,1840,4,0.3923913043478261
ofr10km_600000_100000,600000,100000,-86.590295,49.584625,1840,0,0.40217391304347827
ofr10km_600000_110000,600000,110000,-86.571984,49.673962,1840,0,0.40217391304347827
ofr10km_600000_120000,600000,120000,-86.553594,49.763325,1840,3,0.40217391304347827
ofr10km_600000_130000,600000,130000,-86.535123,49.852712,1840,1,0.40217391304347827
ofr10km_600000_140000,600000,140000,-86.516572,49.942123,1840,1,0.40217391304347827
ofr10km_600000_150000,600000,150000,-86.49794,50.03156,1840,0,0.40217391304347827
ofr10km_600000_160000,600000,160000,-86.479227,50.12102,1840,0,0.40217391304347827
ofr10km_600000_170000,600000,170000,-86.460431,50.210504,1840,2,0.40217391304347827
ofr10km_600000_180000,600000,180000,-86.441553,50.300012,1840,2,0.40217391304347827
ofr10km_600000_190000,600000,190000,-86.422592,50.389544,1840,1,0.40217391304347827
ofr10km_600000_20000,600000,20000,-86.733984,48.870841,1840,1,0.39456521739130435
ofr10km_600000_200000,600000,200000,-86.403547,50.4791,1840,1,0.40217391304347827
ofr10km_600000_210000,600000,210000,-86.384417,50.568679,1840,0,0.4027173913043478
ofr10km_600000_220000,600000,220000,-86.365203,50.658281,1840,0,0.4027173913043478
ofr10km_600000_230000,600000,230000,-86.345904,50.747906,1840,0,0.9326086956521739
ofr10km_600000_240000,600000,240000,-86.326519,50.837553,1840,0,0.9326086956521739
ofr10km_600000_250000,600000,250000,-86.307047,50.927224,1840,1,0.9326086956521739
ofr10km_600000_260000,600000,260000,-86.287488,51.016917,1840,0,0.9326086956521739
ofr10km_600000_270000,600000,270000,-86.267841,51.106632,1840,0,0.9326086956521739
ofr10km_600000_280000,600000,280000,-86.248107,51.196369,1840,0,0.9326086956521739
ofr10km_600000_290000,600000,290000,-86.228283,51.286129,1840,0,0.9326086956521739
ofr10km_600000_30000,600000,30000,-86.716291,48.959973,1840,0,0.39456521739130435
ofr10km_600000_300000,600000,300000,-86.20837,51.37591,1840,0,0.9331521739130435
ofr10km_600000_310000,600000,310000,-86.188367,51.465712,1840,0,0.9331521739130435
ofr10km_600000_320000,600000,320000,-86.168273,51.555536,1840,1,0.39402173913043476
ofr10km_600000_330000,600000,330000,-86.148088,51.645381,1840,0,0.39402173913043476
ofr10km_600000_340000,600000,340000,-86.127811,51.735248,1840,2,0.39456521739130435
ofr10km_600000_350000,600000,350000,-86.107442,51.825135,1840,0,0.39456521739130435
ofr10km_600000_360000,600000,360000,-86.086979,51.915042,1840,0,0.39456521739130435
ofr10km_600000_370000,600000,370000,-86.066423,52.004971,1840,0,0.39456521739130435
ofr10km_600000_380000,600000,380000,-86.045772,52.094919,1840,0,0.39456521739130435
ofr10km_600000_390000,600000,390000,-86.025026,52.184888,1840,0,0.39456521739130435
ofr10km_600000_40000,600000,40000,-86.698522,49.049132,1840,0,0.39456521739130435
ofr10km_600000_400000,600000,400000,-86.004185,52.274876,1840,0,0.39456521739130435
ofr10km_600000_410000,600000,410000,-85.983247,52.364884,1840,0,0.39456521739130435
ofr10km_600000_420000,600000,420000,-85.962212,52.454912,1840,1,0.39456521739130435
ofr10km_600000_430000,600000,430000,-85.94108,52.544959,1840,0,0.39456521739130435
ofr10km_600000_440000,600000,440000,-85.919849,52.635025,1840,0,0.39456521739130435
ofr10km_600000_450000,600000,450000,-85.898519,52.725111,1840,0,0.39456521739130435
ofr10km_600000_460000,600000,460000,-85.877089,52.815215,1840,0,0.39456521739130435
ofr10km_600000_470000,600000,470000,-85.855558,52.905337,1840,0,0.39456521739130435
ofr10km_600000_480000,600000,480000,-85.833927,52.995478,1840,0,0.39456521739130435
ofr10km_600000_490000,600000,490000,-85.812194,53.085637,1840,0,0.39456521739130435
ofr10km_600000_50000,600000,50000,-86.680677,49.138316,1840,0,0.4125
ofr10km_600000_500000,600000,500000,-85.790358,53.175814,1840,1,0.39456521739130435
ofr10km_600000_510000,600000,510000,-85.768419,53.266009,1840,0,0.39456521739130435
ofr10km_600000_520000,600000,520000,-85.746376,53.356222,1840,0,0.5260869565217391
ofr10km_600000_530000,600000,530000,-85.724228,53.446452,1840,0,0.5260869565217391
ofr10km_600000_540000,600000,540000,-85.701974,53.536699,1840,0,0.5260869565217391
ofr10km_600000_550000,600000,550000,-85.679614,53.626963,1840,0,0.5260869565217391
ofr10km_600000_560000,600000,560000,-85.657148,53.717244,1840,0,0.5271739130434783
ofr10km_600000_570000,600000,570000,-85.634573,53.807542,1840,0,0.5271739130434783
ofr10km_600000_580000,600000,580000,-85.61189,53.897856,1840,1,0.5271739130434783
ofr10km_600000_590000,600000,590000,-85.589097,53.988186,1840,0,0.5271739130434783
ofr10km_600000_60000,600000,60000,-86.662755,49.227527,1840,1,0.41195652173913044
ofr10km_600000_600000,600000,600000,-85.566195,54.078532,1840,0,0.5271739130434783
ofr10km_600000_610000,600000,610000,-85.543181,54.168894,1840,0,0.5260869565217391
ofr10km_600000_620000,600000,620000,-85.520056,54.259272,1840,0,0.5260869565217391
ofr10km_600000_630000,600000,630000,-85.496818,54.349665,1840,0,0.5260869565217391
ofr10km_600000_640000,600000,640000,-85.473467,54.440073,1840,0,0.5260869565217391
ofr10km_600000_650000,600000,650000,-85.450002,54.530496,1840,0,0.5260869565217391
ofr10km_600000_660000,600000,660000,-85.426422,54.620934,1840,0,0.5260869565217391
ofr10km_600000_670000,600000,670000,-85.402725,54.711387,1840,0,0.5260869565217391
ofr10km_600000_680000,600000,680000,-85.378913,54.801854,1840,1,0.5260869565217391
ofr10km_600000_690000,600000,690000,-85.354982,54.892335,1840,0,0.5260869565217391
ofr10km_600000_70000,600000,70000,-86.644757,49.316763,1840,2,0.40217391304347827
ofr10km_600000_700000,600000,700000,-85.330933,54.98283,1840,1,0.5260869565217391
ofr10km_600000_710000,600000,710000,-85.306765,55.073339,1840,1,0.5260869565217391
ofr10km_600000_720000,600000,720000,-85.282477,55.163861,1840,0,0.5260869565217391
ofr10km_600000_730000,600000,730000,-85.258068,55.254396,1840,0,0.5260869565217391
ofr10km_600000_740000,600000,740000,-85.233536,55.344945,1840,0,0.5260869565217391
ofr10km_600000_80000,600000,80000,-86.626681,49.406025,1840,1,0.40217391304347827
ofr10km_600000_90000,600000,90000,-86.608527,49.495312,1840,2,0.40217391304347827
ofr10km_60000_-10000,60000,-10000,-94.11269,48.950968,1840,0,0.34402173913043477
ofr10km_60000_-20000,60000,-20000,-94.114591,48.861087,1840,0,0.34402173913043477
ofr10km_60000_-30000,60000,-30000,-94.116483,48.771237,1840,0,0.34402173913043477
ofr10km_60000_-40000,60000,-40000,-94.118366,48.681418,1840,1,0.34402173913043477
ofr10km_60000_0,60000,0,-94.110782,49.040878,1840,2,0.3423913043478261
ofr10km_60000_10000,60000,10000,-94.108866,49.130817,1840,1,0.3847826086956522
ofr10km_60000_100000,60000,100000,-94.091238,49.941594,1840,0,0.37119565217391304
ofr10km_60000_110000,60000,110000,-94.089236,50.031824,1840,6,0.37119565217391304
ofr10km_60000_120000,60000,120000,-94.087226,50.122082,1840,3,0.37119565217391304
ofr10km_60000_130000,60000,130000,-94.085206,50.212368,1840,0,0.37119565217391304
ofr10km_60000_140000,60000,140000,-94.083178,50.302683,1840,0,0.37119565217391304
ofr10km_60000_150000,60000,150000,-94.08114,50.393024,1840,2,0.3695652173913043
ofr10km_60000_160000,60000,160000,-94.079094,50.483394,1840,2,0.37119565217391304
ofr10km_60000_170000,60000,170000,-94.077038,50.573791,1840,1,0.42445652173913045
ofr10km_60000_180000,60000,180000,-94.074973,50.664215,1840,2,0.42445652173913045
ofr10km_60000_190000,60000,190000,-94.072899,50.754667,1840,5,0.3717391304347826
ofr10km_60000_20000,60000,20000,-94.106941,49.220787,1840,3,0.45869565217391306
ofr10km_60000_200000,60000,200000,-94.070815,50.845145,1840,3,0.3717391304347826
ofr10km_60000_210000,60000,210000,-94.068723,50.93565,1840,1,0.3717391304347826
ofr10km_60000_220000,60000,220000,-94.06662,51.026182,1840,1,0.425
ofr10km_60000_230000,60000,230000,-94.064508,51.116741,1840,3,0.425
ofr10km_60000_240000,60000,240000,-94.062387,51.207326,1840,0,0.425
ofr10km_60000_250000,60000,250000,-94.060256,51.297937,1840,2,0.42336956521739133
ofr10km_60000_260000,60000,260000,-94.058115,51.388574,1840,3,0.42336956521739133
ofr10km_60000_270000,60000,270000,-94.055965,51.479237,1840,1,0.42336956521739133
ofr10km_60000_280000,60000,280000,-94.053804,51.569926,1840,0,0.42336956521739133
ofr10km_60000_290000,60000,290000,-94.051634,51.66064,1840,0,0.5744565217391304
ofr10km_60000_30000,60000,30000,-94.105008,49.310786,1840,6,0.36086956521739133
ofr10km_60000_300000,60000,300000,-94.049454,51.75138,1840,3,0.5744565217391304
ofr10km_60000_310000,60000,310000,-94.047264,51.842145,1840,48,0.5744565217391304
ofr10km_60000_320000,60000,320000,-94.045063,51.932935,1840,1,0.933695652173913
ofr10km_60000_330000,60000,330000,-94.042853,52.023751,1840,0,0.933695652173913
ofr10km_60000_340000,60000,340000,-94.040632,52.114591,1840,0,0.933695652173913
ofr10km_60000_350000,60000,350000,-94.038401,52.205455,1840,1,0.933695652173913
ofr10km_60000_360000,60000,360000,-94.036159,52.296345,1840,3,0.9298913043478261
ofr10km_60000_370000,60000,370000,-94.033907,52.387258,1840,0,0.9298913043478261
ofr10km_60000_380000,60000,380000,-94.031644,52.478196,1840,2,0.8434782608695652
ofr10km_60000_390000,60000,390000,-94.029371,52.569157,1840,1,0.6766304347826086
ofr10km_60000_40000,60000,40000,-94.103066,49.400814,1840,2,0.3652173913043478
ofr10km_60000_400000,60000,400000,-94.027087,52.660143,1840,14,0.6766304347826086
ofr10km_60000_410000,60000,410000,-94.024793,52.751152,1840,0,0.6766304347826086
ofr10km_60000_420000,60000,420000,-94.022487,52.842185,1840,3,0.6766304347826086
ofr10km_60000_430000,60000,430000,-94.020171,52.933241,1840,1,0.6766304347826086
ofr10km_60000_440000,60000,440000,-94.017843,53.02432,1840,1,0.6766304347826086
ofr10km_60000_450000,60000,450000,-94.015505,53.115422,1840,2,0.6766304347826086
ofr10km_60000_460000,60000,460000,-94.013155,53.206547,1840,0,0.6766304347826086
ofr10km_60000_470000,60000,470000,-94.010794,53.297695,1840,0,0.6766304347826086
ofr10km_60000_480000,60000,480000,-94.008422,53.388865,1840,0,0.4141304347826087
ofr10km_60000_490000,60000,490000,-94.006038,53.480058,1840,0,0.4141304347826087
ofr10km_60000_50000,60000,50000,-94.101116,49.490872,1840,1,0.3652173913043478
ofr10km_60000_60000,60000,60000,-94.099158,49.580959,1840,2,0.3652173913043478
ofr10km_60000_70000,60000,70000,-94.097191,49.671075,1840,3,0.3630434782608696
ofr10km_60000_80000,60000,80000,-94.095215,49.761219,1840,4,0.3630434782608696
ofr10km_60000_90000,60000,90000,-94.093231,49.851392,1840,0,0.3630434782608696
ofr10km_610000_-10000,610000,-10000,-86.6524,48.591947,1840,0,0.3744565217391304
ofr10km_610000_-100000,610000,-100000,-86.808832,47.791955,1840,0,0.3923913043478261
ofr10km_610000_-110000,610000,-110000,-86.825855,47.703205,1840,0,0.3923913043478261
ofr10km_610000_-20000,610000,-20000,-86.670074,48.50295,1840,0,0.3744565217391304
ofr10km_610000_-30000,610000,-30000,-86.687674,48.41398,1840,0,0.3744565217391304
ofr10km_610000_-40000,610000,-40000,-86.7052,48.325036,1840,0,0.3744565217391304
ofr10km_610000_-50000,610000,-50000,-86.722653,48.23612,1840,0,0.3744565217391304
ofr10km_610000_-60000,610000,-60000,-86.740032,48.147232,1840,0,0.3744565217391304
ofr10km_610000_-70000,610000,-70000,-86.75734,48.058371,1840,0,0.3809782608695652
ofr10km_610000_-80000,610000,-80000,-86.774575,47.969537,1840,0,0.3809782608695652
ofr10km_610000_-90000,610000,-90000,-86.791739,47.880732,1840,0,0.3923913043478261
ofr10km_610000_0,610000,0,-86.634651,48.680971,1840,0,0.3744565217391304
ofr10km_610000_10000,610000,10000,-86.616827,48.770022,1840,5,0.3744565217391304
ofr10km_610000_100000,610000,100000,-86.452946,49.572649,1840,0,0.40217391304347827
ofr10km_610000_110000,610000,110000,-86.434343,49.661957,1840,1,0.40217391304347827
ofr10km_610000_120000,610000,120000,-86.415659,49.751289,1840,3,0.40217391304347827
ofr10km_610000_130000,610000,130000,-86.396894,49.840647,1840,0,0.40217391304347827
ofr10km_610000_140000,610000,140000,-86.378048,49.930028,1840,0,0.40217391304347827
ofr10km_610000_150000,610000,150000,-86.359119,50.019434,1840,1,0.40217391304347827
ofr10km_610000_160000,610000,160000,-86.340108,50.108864,1840,0,0.40217391304347827
ofr10km_610000_170000,610000,170000,-86.321013,50.198318,1840,0,0.40217391304347827
ofr10km_610000_180000,610000,180000,-86.301834,50.287796,1840,0,0.40217391304347827
ofr10km_610000_190000,610000,190000,-86.282571,50.377297,1840,0,0.40217391304347827
ofr10km_610000_20000,610000,20000,-86.598927,48.859099,1840,0,0.39456521739130435
ofr10km_610000_200000,610000,200000,-86.263223,50.466822,1840,0,0.40217391304347827
ofr10km_610000_210000,610000,210000,-86.243789,50.55637,1840,1,0.40217391304347827
ofr10km_610000_220000,610000,220000,-86.224269,50.645941,1840,1,0.4027173913043478
ofr10km_610000_230000,610000,230000,-86.204663,50.735535,1840,0,0.9326086956521739
ofr10km_610000_240000,610000,240000,-86.184969,50.825151,1840,0,0.9326086956521739
ofr10km_610000_250000,610000,250000,-86.165188,50.91479,1840,0,0.9326086956521739
ofr10km_610000_260000,610000,260000,-86.145318,51.004452,1840,0,0.9326086956521739
ofr10km_610000_270000,610000,270000,-86.125359,51.094136,1840,0,0.9326086956521739
ofr10km_610000_280000,610000,280000,-86.105311,51.183841,1840,1,0.9326086956521739
ofr10km_610000_290000,610000,290000,-86.085172,51.273569,1840,0,0.9326086956521739
ofr10km_610000_30000,610000,30000,-86.580951,48.948203,1840,1,0.39456521739130435
ofr10km_610000_300000,610000,300000,-86.064943,51.363318,1840,1,0.9326086956521739
ofr10km_610000_310000,610000,310000,-86.044622,51.453088,1840,0,0.9331521739130435
ofr10km_610000_320000,610000,320000,-86.024209,51.54288,1840,1,0.39402173913043476
ofr10km_610000_330000,610000,330000,-86.003703,51.632693,1840,2,0.39402173913043476
ofr10km_610000_340000,610000,340000,-85.983105,51.722527,1840,2,0.39402173913043476
ofr10km_610000_350000,610000,350000,-85.962412,51.812382,1840,0,0.39456521739130435
ofr10km_610000_360000,610000,360000,-85.941625,51.902257,1840,0,0.39456521739130435
ofr10km_610000_370000,610000,370000,-85.920742,51.992152,1840,0,0.39456521739130435
ofr10km_610000_380000,610000,380000,-85.899764,52.082068,1840,0,0.39456521739130435
ofr10km_610000_390000,610000,390000,-85.878689,52.172003,1840,0,0.39456521739130435
ofr10km_610000_40000,610000,40000,-86.562898,49.037332,1840,0,0.4125
ofr10km_610000_400000,610000,400000,-85.857517,52.261959,1840,0,0.39456521739130435
ofr10km_610000_410000,610000,410000,-85.836247,52.351933,1840,0,0.39456521739130435
ofr10km_610000_420000,610000,420000,-85.814879,52.441928,1840,0,0.39456521739130435
ofr10km_610000_430000,610000,430000,-85.793411,52.531941,1840,0,0.39456521739130435
ofr10km_610000_440000,610000,440000,-85.771844,52.621974,1840,0,0.39456521739130435
ofr10km_610000_450000,610000,450000,-85.750176,52.712025,1840,0,0.39456521739130435
ofr10km_610000_460000,610000,460000,-85.728407,52.802095,1840,0,0.39456521739130435
ofr10km_610000_470000,610000,470000,-85.706536,52.892184,1840,0,0.39456521739130435
ofr10km_610000_480000,610000,480000,-85.684562,52.982291,1840,0,0.39456521739130435
ofr10km_610000_490000,610000,490000,-85.662484,53.072415,1840,0,0.39456521739130435
ofr10km_610000_50000,610000,50000,-86.544769,49.126488,1840,0,0.4125
ofr10km_610000_500000,610000,500000,-85.640303,53.162558,1840,0,0.39456521739130435
ofr10km_610000_510000,610000,510000,-85.618017,53.252718,1840,0,0.9315217391304348
ofr10km_610000_520000,610000,520000,-85.595625,53.342896,1840,0,0.5260869565217391
ofr10km_610000_530000,610000,530000,-85.573127,53.433091,1840,0,0.5260869565217391
ofr10km_610000_540000,610000,540000,-85.550521,53.523303,1840,0,0.5260869565217391
ofr10km_610000_550000,610000,550000,-85.527808,53.613532,1840,0,0.5260869565217391
ofr10km_610000_560000,610000,560000,-85.504986,53.703778,1840,0,0.5260869565217391
ofr10km_610000_570000,610000,570000,-85.482055,53.79404,1840,0,0.5260869565217391
ofr10km_610000_580000,610000,580000,-85.459013,53.884319,1840,0,0.5260869565217391
ofr10km_610000_590000,610000,590000,-85.435861,53.974613,1840,0,0.5260869565217391
ofr10km_610000_60000,610000,60000,-86.526561,49.215669,1840,0,0.48967391304347824
ofr10km_610000_600000,610000,600000,-85.412597,54.064923,1840,0,0.5260869565217391
ofr10km_610000_610000,610000,610000,-85.38922,54.155249,1840,0,0.5260869565217391
ofr10km_610000_620000,610000,620000,-85.365729,54.245591,1840,0,0.5260869565217391
ofr10km_610000_630000,610000,630000,-85.342125,54.335947,1840,0,0.5260869565217391
ofr10km_610000_640000,610000,640000,-85.318405,54.426319,1840,0,0.5260869565217391
ofr10km_610000_650000,610000,650000,-85.29457,54.516706,1840,0,0.5260869565217391
ofr10km_610000_660000,610000,660000,-85.270618,54.607107,1840,0,0.5260869565217391
ofr10km_610000_670000,610000,670000,-85.246548,54.697522,1840,1,0.5260869565217391
ofr10km_610000_680000,610000,680000,-85.22236,54.787952,1840,1,0.5260869565217391
ofr10km_610000_690000,610000,690000,-85.198052,54.878396,1840,0,0.5260869565217391
ofr10km_610000_70000,610000,70000,-86.508276,49.304876,1840,2,0.40217391304347827
ofr10km_610000_700000,610000,700000,-85.173625,54.968854,1840,0,0.5260869565217391
ofr10km_610000_710000,610000,710000,-85.149076,55.059325,1840,0,0.5260869565217391
ofr10km_610000_720000,610000,720000,-85.124405,55.149809,1840,0,0.5260869565217391
ofr10km_610000_730000,610000,730000,-85.099612,55.240307,1840,0,0.5260869565217391
ofr10km_610000_80000,610000,80000,-86.489912,49.394109,1840,1,0.40217391304347827
ofr10km_610000_90000,610000,90000,-86.471469,49.483366,1840,1,0.40217391304347827
ofr10km_620000_-10000,620000,-10000,-86.518257,48.580105,1840,0,0.3744565217391304
ofr10km_620000_-100000,620000,-100000,-86.677146,47.780368,1840,0,0.3923913043478261
ofr10km_620000_-110000,620000,-110000,-86.694436,47.691647,1840,0,0.3923913043478261
ofr10km_620000_-20000,620000,-20000,-86.536208,48.491136,1840,0,0.3744565217391304
ofr10km_620000_-30000,620000,-30000,-86.554085,48.402195,1840,0,0.3744565217391304
ofr10km_620000_-40000,620000,-40000,-86.571886,48.31328,1840,0,0.3744565217391304
ofr10km_620000_-50000,620000,-50000,-86.589613,48.224393,1840,0,0.3809782608695652
ofr10km_620000_-60000,620000,-60000,-86.607265,48.135533,1840,0,0.3809782608695652
ofr10km_620000_-70000,620000,-70000,-86.624845,48.0467,1840,0,0.3809782608695652
ofr10km_620000_-80000,620000,-80000,-86.642351,47.957895,1840,0,0.3809782608695652
ofr10km_620000_-90000,620000,-90000,-86.659784,47.869118,1840,0,0.3923913043478261
ofr10km_620000_0,620000,0,-86.50023,48.6691,1840,0,0.3744565217391304
ofr10km_620000_10000,620000,10000,-86.482126,48.758121,1840,0,0.3744565217391304
ofr10km_620000_100000,620000,100000,-86.315677,49.560481,1840,0,0.40217391304347827
ofr10km_620000_110000,620000,110000,-86.296782,49.649759,1840,4,0.40217391304347827
ofr10km_620000_120000,620000,120000,-86.277806,49.739061,1840,3,0.40217391304347827
ofr10km_620000_130000,620000,130000,-86.258747,49.828388,1840,0,0.40217391304347827
ofr10km_620000_140000,620000,140000,-86.239606,49.917739,1840,1,0.40217391304347827
ofr10km_620000_150000,620000,150000,-86.220381,50.007114,1840,1,0.40217391304347827
ofr10km_620000_160000,620000,160000,-86.201072,50.096513,1840,0,0.40217391304347827
ofr10km_620000_170000,620000,170000,-86.181678,50.185937,1840,0,0.40217391304347827
ofr10km_620000_180000,620000,180000,-86.1622,50.275383,1840,1,0.40217391304347827
ofr10km_620000_190000,620000,190000,-86.142635,50.364853,1840,0,0.40217391304347827
ofr10km_620000_20000,620000,20000,-86.463945,48.847169,1840,1,0.39456521739130435
ofr10km_620000_200000,620000,200000,-86.122985,50.454347,1840,0,0.40217391304347827
ofr10km_620000_210000,620000,210000,-86.103247,50.543864,1840,0,0.40217391304347827
ofr10km_620000_220000,620000,220000,-86.083422,50.633403,1840,0,0.40217391304347827
ofr10km_620000_230000,620000,230000,-86.063509,50.722966,1840,0,0.4027173913043478
ofr10km_620000_240000,620000,240000,-86.043508,50.81255,1840,0,0.9326086956521739
ofr10km_620000_250000,620000,250000,-86.023417,50.902158,1840,1,0.9326086956521739
ofr10km_620000_260000,620000,260000,-86.003237,50.991787,1840,0,0.9326086956521739
ofr10km_620000_270000,620000,270000,-85.982967,51.081439,1840,0,0.9326086956521739
ofr10km_620000_280000,620000,280000,-85.962605,51.171113,1840,0,0.9326086956521739
ofr10km_620000_290000,620000,290000,-85.942152,51.260808,1840,0,0.9326086956521739
ofr10km_620000_30000,620000,30000,-86.445688,48.936243,1840,1,0.39456521739130435
ofr10km_620000_300000,620000,300000,-85.921607,51.350524,1840,0,0.9326086956521739
ofr10km_620000_310000,620000,310000,-85.900969,51.440262,1840,0,0.9326086956521739
ofr10km_620000_320000,620000,320000,-85.880237,51.530022,1840,0,0.39402173913043476
ofr10km_620000_330000,620000,330000,-85.859412,51.619802,1840,14,0.39402173913043476
ofr10km_620000_340000,620000,340000,-85.838492,51.709603,1840,0,0.39402173913043476
ofr10km_620000_350000,620000,350000,-85.817477,51.799424,1840,0,0.39402173913043476
ofr10km_620000_360000,620000,360000,-85.796365,51.889266,1840,0,0.39456521739130435
ofr10km_620000_370000,620000,370000,-85.775157,51.979128,1840,0,0.39456521739130435
ofr10km_620000_380000,620000,380000,-85.753852,52.06901,1840,0,0.39456521739130435
ofr10km_620000_390000,620000,390000,-85.732449,52.158912,1840,0,0.39456521739130435
ofr10km_620000_40000,620000,40000,-86.427352,49.025343,1840,0,0.4125
ofr10km_620000_400000,620000,400000,-85.710947,52.248834,1840,0,0.39456521739130435
ofr10km_620000_410000,620000,410000,-85.689346,52.338775,1840,0,0.39456521739130435
ofr10km_620000_420000,620000,420000,-85.667645,52.428736,1840,0,0.39456521739130435
ofr10km_620000_430000,620000,430000,-85.645843,52.518715,1840,0,0.39456521739130435
ofr10km_620000_440000,620000,440000,-85.62394,52.608713,1840,0,0.39456521739130435
ofr10km_620000_450000,620000,450000,-85.601935,52.698731,1840,0,0.39456521739130435
ofr10km_620000_460000,620000,460000,-85.579827,52.788766,1840,0,0.39456521739130435
ofr10km_620000_470000,620000,470000,-85.557615,52.87882,1840,0,0.39456521739130435
ofr10km_620000_480000,620000,480000,-85.5353,52.968892,1840,0,0.39456521739130435
ofr10km_620000_490000,620000,490000,-85.512879,53.058982,1840,0,0.39456521739130435
ofr10km_620000_50000,620000,50000,-86.408938,49.114469,1840,0,0.4125
ofr10km_620000_500000,620000,500000,-85.490353,53.14909,1840,0,0.39456521739130435
ofr10km_620000_510000,620000,510000,-85.46772,53.239215,1840,0,0.9315217391304348
ofr10km_620000_520000,620000,520000,-85.44498,53.329357,1840,0,0.5260869565217391
ofr10km_620000_530000,620000,530000,-85.422133,53.419517,1840,0,0.5260869565217391
ofr10km_620000_540000,620000,540000,-85.399176,53.509693,1840,0,0.5260869565217391
ofr10km_620000_550000,620000,550000,-85.37611,53.599887,1840,0,0.5260869565217391
ofr10km_620000_560000,620000,560000,-85.352934,53.690096,1840,0,0.5260869565217391
ofr10km_620000_570000,620000,570000,-85.329647,53.780323,1840,0,0.5260869565217391
ofr10km_620000_580000,620000,580000,-85.306248,53.870565,1840,0,0.5260869565217391
ofr10km_620000_590000,620000,590000,-85.282736,53.960823,1840,0,0.5260869565217391
ofr10km_620000_60000,620000,60000,-86.390445,49.203621,1840,0,0.48967391304347824
ofr10km_620000_600000,620000,600000,-85.259111,54.051097,1840,0,0.5260869565217391
ofr10km_620000_610000,620000,610000,-85.235372,54.141386,1840,0,0.5260869565217391
ofr10km_620000_620000,620000,620000,-85.211517,54.231691,1840,0,0.5260869565217391
ofr10km_620000_630000,620000,630000,-85.187547,54.322011,1840,0,0.5260869565217391
ofr10km_620000_640000,620000,640000,-85.16346,54.412345,1840,0,0.5260869565217391
ofr10km_620000_650000,620000,650000,-85.139255,54.502695,1840,0,0.5260869565217391
ofr10km_620000_660000,620000,660000,-85.114932,54.593058,1840,0,0.5260869565217391
ofr10km_620000_670000,620000,670000,-85.090489,54.683437,1840,0,0.5260869565217391
ofr10km_620000_680000,620000,680000,-85.065927,54.773829,1840,1,0.5260869565217391
ofr10km_620000_690000,620000,690000,-85.041243,54.864235,1840,0,0.5260869565217391
ofr10km_620000_70000,620000,70000,-86.371873,49.292798,1840,1,0.48967391304347824
ofr10km_620000_700000,620000,700000,-85.016437,54.954654,1840,0,0.5260869565217391
ofr10km_620000_710000,620000,710000,-84.991509,55.045087,1840,0,0.5260869565217391
ofr10km_620000_720000,620000,720000,-84.966456,55.135533,1840,0,0.5260869565217391
ofr10km_620000_730000,620000,730000,-84.941279,55.225993,1840,0,0.5260869565217391
ofr10km_620000_80000,620000,80000,-86.353222,49.382001,1840,1,0.9342391304347826
ofr10km_620000_90000,620000,90000,-86.334489,49.471228,1840,0,0.40217391304347827
ofr10km_630000_-10000,630000,-10000,-86.38419,48.568075,1840,0,0.3744565217391304
ofr10km_630000_-100000,630000,-100000,-86.545531,47.768599,1840,0,0.3923913043478261
ofr10km_630000_-110000,630000,-110000,-86.563088,47.679907,1840,0,0.3923913043478261
ofr10km_630000_-120000,630000,-120000,-86.580572,47.591242,1840,0,0.3923913043478261
ofr10km_630000_-20000,630000,-20000,-86.402419,48.479136,1840,0,0.3744565217391304
ofr10km_630000_-30000,630000,-30000,-86.42057,48.390223,1840,0,0.3744565217391304
ofr10km_630000_-40000,630000,-40000,-86.438646,48.301338,1840,0,0.3809782608695652
ofr10km_630000_-50000,630000,-50000,-86.456647,48.21248,1840,0,0.3809782608695652
ofr10km_630000_-60000,630000,-60000,-86.474572,48.123648,1840,0,0.3809782608695652
ofr10km_630000_-70000,630000,-70000,-86.492422,48.034845,1840,0,0.3809782608695652
ofr10km_630000_-80000,630000,-80000,-86.510199,47.946068,1840,0,0.3923913043478261
ofr10km_630000_-90000,630000,-90000,-86.527901,47.85732,1840,0,0.3923913043478261
ofr10km_630000_0,630000,0,-86.365885,48.65704,1840,1,0.3744565217391304
ofr10km_630000_10000,630000,10000,-86.347502,48.746032,1840,2,0.3744565217391304
ofr10km_630000_100000,630000,100000,-86.178489,49.548121,1840,0,0.40217391304347827
ofr10km_630000_110000,630000,110000,-86.159303,49.637368,1840,5,0.40217391304347827
ofr10km_630000_120000,630000,120000,-86.140035,49.72664,1840,1,0.40217391304347827
ofr10km_630000_130000,630000,130000,-86.120683,49.815936,1840,0,0.40217391304347827
ofr10km_630000_140000,630000,140000,-86.101247,49.905256,1840,0,0.40217391304347827
ofr10km_630000_150000,630000,150000,-86.081727,49.9946,1840,1,0.40217391304347827
ofr10km_630000_160000,630000,160000,-86.062121,50.083968,1840,0,0.40217391304347827
ofr10km_630000_170000,630000,170000,-86.042429,50.17336,1840,0,0.40217391304347827
ofr10km_630000_180000,630000,180000,-86.022651,50.262775,1840,0,0.40217391304347827
ofr10km_630000_190000,630000,190000,-86.002786,50.352214,1840,0,0.40217391304347827
ofr10km_630000_20000,630000,20000,-86.329041,48.835051,1840,0,0.3744565217391304
ofr10km_630000_200000,630000,200000,-85.982833,50.441675,1840,0,0.40217391304347827
ofr10km_630000_210000,630000,210000,-85.962792,50.53116,1840,0,0.40217391304347827
ofr10km_630000_220000,630000,220000,-85.942663,50.620668,1840,0,0.9320652173913043
ofr10km_630000_230000,630000,230000,-85.922444,50.710198,1840,1,0.9320652173913043
ofr10km_630000_240000,630000,240000,-85.902136,50.799751,1840,0,0.9320652173913043
ofr10km_630000_250000,630000,250000,-85.881737,50.889326,1840,0,0.9326086956521739
ofr10km_630000_260000,630000,260000,-85.861247,50.978923,1840,0,0.9326086956521739
ofr10km_630000_270000,630000,270000,-85.840665,51.068542,1840,0,0.9326086956521739
ofr10km_630000_280000,630000,280000,-85.819991,51.158183,1840,0,0.9326086956521739
ofr10km_630000_290000,630000,290000,-85.799224,51.247846,1840,0,0.9326086956521739
ofr10km_630000_30000,630000,30000,-86.310502,48.924095,1840,1,0.39456521739130435
ofr10km_630000_300000,630000,300000,-85.778364,51.337529,1840,0,0.9326086956521739
ofr10km_630000_310000,630000,310000,-85.757409,51.427234,1840,0,0.9326086956521739
ofr10km_630000_320000,630000,320000,-85.73636,51.51696,1840,0,0.9326086956521739
ofr10km_630000_330000,630000,330000,-85.715215,51.606707,1840,0,0.39402173913043476
ofr10km_630000_340000,630000,340000,-85.693975,51.696475,1840,0,0.39402173913043476
ofr10km_630000_350000,630000,350000,-85.672637,51.786263,1840,0,0.39402173913043476
ofr10km_630000_360000,630000,360000,-85.651202,51.876071,1840,0,0.39456521739130435
ofr10km_630000_370000,630000,370000,-85.62967,51.965899,1840,0,0.39456521739130435
ofr10km_630000_380000,630000,380000,-85.608038,52.055748,1840,0,0.39456521739130435
ofr10km_630000_390000,630000,390000,-85.586307,52.145616,1840,0,0.39456521739130435
ofr10km_630000_40000,630000,40000,-86.291884,49.013165,1840,0,0.4125
ofr10km_630000_400000,630000,400000,-85.564476,52.235503,1840,0,0.39456521739130435
ofr10km_630000_410000,630000,410000,-85.542545,52.32541,1840,0,0.39456521739130435
ofr10km_630000_420000,630000,420000,-85.520511,52.415336,1840,0,0.39456521739130435
ofr10km_630000_430000,630000,430000,-85.498376,52.505281,1840,0,0.39456521739130435
ofr10km_630000_440000,630000,440000,-85.476138,52.595244,1840,0,0.39456521739130435
ofr10km_630000_450000,630000,450000,-85.453796,52.685227,1840,1,0.39456521739130435
ofr10km_630000_460000,630000,460000,-85.43135,52.775227,1840,1,0.39456521739130435
ofr10km_630000_470000,630000,470000,-85.4088,52.865246,1840,0,0.39456521739130435
ofr10km_630000_480000,630000,480000,-85.386143,52.955283,1840,0,0.39456521739130435
ofr10km_630000_490000,630000,490000,-85.36338,53.045337,1840,0,0.9320652173913043
ofr10km_630000_50000,630000,50000,-86.273186,49.102261,1840,0,0.4125
ofr10km_630000_500000,630000,500000,-85.340509,53.135409,1840,0,0.9320652173913043
ofr10km_630000_510000,630000,510000,-85.317531,53.225499,1840,0,0.5260869565217391
ofr10km_630000_520000,630000,520000,-85.294444,53.315605,1840,0,0.5260869565217391
ofr10km_630000_530000,630000,530000,-85.271247,53.405729,1840,0,0.5260869565217391
ofr10km_630000_540000,630000,540000,-85.247941,53.495869,1840,0,0.5260869565217391
ofr10km_630000_550000,630000,550000,-85.224523,53.586026,1840,0,0.5260869565217391
ofr10km_630000_560000,630000,560000,-85.200993,53.6762,1840,0,0.5260869565217391
ofr10km_630000_570000,630000,570000,-85.177351,53.766389,1840,0,0.5260869565217391
ofr10km_630000_580000,630000,580000,-85.153595,53.856595,1840,0,0.5260869565217391
ofr10km_630000_590000,630000,590000,-85.129725,53.946816,1840,0,0.5260869565217391
ofr10km_630000_60000,630000,60000,-86.254409,49.191383,1840,1,0.48967391304347824
ofr10km_630000_600000,630000,600000,-85.10574,54.037053,1840,0,0.5260869565217391
ofr10km_630000_610000,630000,610000,-85.081638,54.127305,1840,0,0.5260869565217391
ofr10km_630000_620000,630000,620000,-85.057421,54.217573,1840,0,0.5260869565217391
ofr10km_630000_630000,630000,630000,-85.033085,54.307855,1840,0,0.5260869565217391
ofr10km_630000_640000,630000,640000,-85.008631,54.398152,1840,0,0.5260869565217391
ofr10km_630000_650000,630000,650000,-84.984058,54.488464,1840,1,0.5260869565217391
ofr10km_630000_660000,630000,660000,-84.959365,54.578789,1840,0,0.5260869565217391
ofr10km_630000_670000,630000,670000,-84.934551,54.669129,1840,1,0.5260869565217391
ofr10km_630000_680000,630000,680000,-84.909614,54.759483,1840,0,0.5260869565217391
ofr10km_630000_690000,630000,690000,-84.884555,54.849851,1840,0,0.5260869565217391
ofr10km_630000_70000,630000,70000,-86.235551,49.28053,1840,0,0.9342391304347826
ofr10km_630000_700000,630000,700000,-84.859373,54.940232,1840,0,0.5260869565217391
ofr10km_630000_710000,630000,710000,-84.834065,55.030626,1840,0,0.5260869565217391
ofr10km_630000_720000,630000,720000,-84.808632,55.121033,1840,0,0.5260869565217391
ofr10km_630000_730000,630000,730000,-84.783073,55.211454,1840,0,0.5260869565217391
ofr10km_630000_80000,630000,80000,-86.216612,49.369702,1840,0,0.9342391304347826
ofr10km_630000_90000,630000,90000,-86.197591,49.458899,1840,0,0.9342391304347826
ofr10km_640000_-10000,640000,-10000,-86.2502,48.555858,1840,0,0.3744565217391304
ofr10km_640000_-100000,640000,-100000,-86.413989,47.756647,1840,0,0.3923913043478261
ofr10km_640000_-110000,640000,-110000,-86.431812,47.667983,1840,0,0.3923913043478261
ofr10km_640000_-120000,640000,-120000,-86.449562,47.579348,1840,0,0.3923913043478261
ofr10km_640000_-20000,640000,-20000,-86.268705,48.466949,1840,0,0.3809782608695652
ofr10km_640000_-30000,640000,-30000,-86.287132,48.378066,1840,0,0.3809782608695652
ofr10km_640000_-40000,640000,-40000,-86.305482,48.28921,1840,0,0.3809782608695652
ofr10km_640000_-50000,640000,-50000,-86.323756,48.200382,1840,0,0.3809782608695652
ofr10km_640000_-60000,640000,-60000,-86.341953,48.11158,1840,0,0.3809782608695652
ofr10km_640000_-70000,640000,-70000,-86.360074,48.022805,1840,0,0.3809782608695652
ofr10km_640000_-80000,640000,-80000,-86.37812,47.934058,1840,0,0.3923913043478261
ofr10km_640000_-90000,640000,-90000,-86.396092,47.845339,1840,0,0.3923913043478261
ofr10km_640000_0,640000,0,-86.231618,48.644794,1840,0,0.3744565217391304
ofr10km_640000_10000,640000,10000,-86.212956,48.733756,1840,0,0.3744565217391304
ofr10km_640000_100000,640000,100000,-86.041383,49.53557,1840,1,0.9342391304347826
ofr10km_640000_110000,640000,110000,-86.021908,49.624785,1840,1,0.40217391304347827
ofr10km_640000_120000,640000,120000,-86.002348,49.714026,1840,0,0.40217391304347827
ofr10km_640000_130000,640000,130000,-85.982704,49.80329,1840,3,0.40217391304347827
ofr10km_640000_140000,640000,140000,-85.962974,49.892579,1840,0,0.40217391304347827
ofr10km_640000_150000,640000,150000,-85.943158,49.981891,1840,1,0.40217391304347827
ofr10km_640000_160000,640000,160000,-85.923255,50.071228,1840,0,0.40217391304347827
ofr10km_640000_170000,640000,170000,-85.903266,50.160588,1840,1,0.40217391304347827
ofr10km_640000_180000,640000,180000,-85.883189,50.249971,1840,1,0.40217391304347827
ofr10km_640000_190000,640000,190000,-85.863024,50.339378,1840,0,0.40217391304347827
ofr10km_640000_20000,640000,20000,-86.194216,48.822744,1840,0,0.3744565217391304
ofr10km_640000_200000,640000,200000,-85.84277,50.428807,1840,0,0.40217391304347827
ofr10km_640000_210000,640000,210000,-85.822426,50.51826,1840,0,0.40217391304347827
ofr10km_640000_220000,640000,220000,-85.801993,50.607735,1840,0,0.9320652173913043
ofr10km_640000_230000,640000,230000,-85.781469,50.697233,1840,0,0.9320652173913043
ofr10km_640000_240000,640000,240000,-85.760854,50.786753,1840,0,0.9320652173913043
ofr10km_640000_250000,640000,250000,-85.740147,50.876295,1840,0,0.9320652173913043
ofr10km_640000_260000,640000,260000,-85.719348,50.965859,1840,0,0.9326086956521739
ofr10km_640000_270000,640000,270000,-85.698456,51.055446,1840,0,0.9326086956521739
ofr10km_640000_280000,640000,280000,-85.67747,51.145053,1840,0,0.9326086956521739
ofr10km_640000_290000,640000,290000,-85.65639,51.234682,1840,0,0.9326086956521739
ofr10km_640000_30000,640000,30000,-86.175396,48.911758,1840,0,0.39456521739130435
ofr10km_640000_300000,640000,300000,-85.635215,51.324333,1840,0,0.9326086956521739
ofr10km_640000_310000,640000,310000,-85.613945,51.414004,1840,0,0.9326086956521739
ofr10km_640000_320000,640000,320000,-85.592578,51.503697,1840,0,0.9326086956521739
ofr10km_640000_330000,640000,330000,-85.571115,51.59341,1840,0,0.39402173913043476
ofr10km_640000_340000,640000,340000,-85.549554,51.683143,1840,0,0.9315217391304348
ofr10km_640000_350000,640000,350000,-85.527895,51.772897,1840,0,0.9315217391304348
ofr10km_640000_360000,640000,360000,-85.506138,51.862672,1840,0,0.9315217391304348
ofr10km_640000_370000,640000,370000,-85.484281,51.952466,1840,0,0.39456521739130435
ofr10km_640000_380000,640000,380000,-85.462324,52.042279,1840,0,0.39456521739130435
ofr10km_640000_390000,640000,390000,-85.440266,52.132113,1840,0,0.39456521739130435
ofr10km_640000_40000,640000,40000,-86.156495,49.000798,1840,0,0.4125
ofr10km_640000_400000,640000,400000,-85.418106,52.221966,1840,0,0.39456521739130435
ofr10km_640000_410000,640000,410000,-85.395845,52.311838,1840,0,0.39456521739130435
ofr10km_640000_420000,640000,420000,-85.37348,52.401729,1840,0,0.39456521739130435
ofr10km_640000_430000,640000,430000,-85.351012,52.491638,1840,0,0.39456521739130435
ofr10km_640000_440000,640000,440000,-85.32844,52.581567,1840,0,0.39456521739130435
ofr10km_640000_450000,640000,450000,-85.305762,52.671514,1840,0,0.39456521739130435
ofr10km_640000_460000,640000,460000,-85.282979,52.761479,1840,0,0.39456521739130435
ofr10km_640000_470000,640000,470000,-85.260089,52.851462,1840,0,0.9320652173913043
ofr10km_640000_480000,640000,480000,-85.237092,52.941463,1840,0,0.9320652173913043
ofr10km_640000_490000,640000,490000,-85.213987,53.031481,1840,0,0.9320652173913043
ofr10km_640000_50000,640000,50000,-86.137515,49.089863,1840,0,0.4125
ofr10km_640000_500000,640000,500000,-85.190774,53.121517,1840,0,0.9320652173913043
ofr10km_640000_510000,640000,510000,-85.16745,53.21157,1840,0,0.9320652173913043
ofr10km_640000_520000,640000,520000,-85.144017,53.301641,1840,0,0.5260869565217391
ofr10km_640000_530000,640000,530000,-85.120472,53.391728,1840,0,0.5260869565217391
ofr10km_640000_540000,640000,540000,-85.096816,53.481832,1840,0,0.5260869565217391
ofr10km_640000_550000,640000,550000,-85.073047,53.571952,1840,0,0.5260869565217391
ofr10km_640000_560000,640000,560000,-85.049165,53.662088,1840,0,0.5260869565217391
ofr10km_640000_570000,640000,570000,-85.025168,53.752241,1840,0,0.5260869565217391
ofr10km_640000_580000,640000,580000,-85.001056,53.842409,1840,0,0.5260869565217391
ofr10km_640000_590000,640000,590000,-84.976828,53.932593,1840,0,0.5260869565217391
ofr10km_640000_60000,640000,60000,-86.118453,49.178954,1840,1,0.48967391304347824
ofr10km_640000_600000,640000,600000,-84.952484,54.022792,1840,0,0.5260869565217391
ofr10km_640000_610000,640000,610000,-84.928022,54.113007,1840,0,0.5260869565217391
ofr10km_640000_620000,640000,620000,-84.903442,54.203236,1840,0,0.5260869565217391
ofr10km_640000_630000,640000,630000,-84.878742,54.293481,1840,0,0.5260869565217391
ofr10km_640000_640000,640000,640000,-84.853923,54.383739,1840,0,0.5260869565217391
ofr10km_640000_650000,640000,650000,-84.828982,54.474013,1840,0,0.5260869565217391
ofr10km_640000_660000,640000,660000,-84.803919,54.5643,1840,0,0.5260869565217391
ofr10km_640000_670000,640000,670000,-84.778734,54.654601,1840,0,0.5260869565217391
ofr10km_640000_680000,640000,680000,-84.753425,54.744916,1840,0,0.5260869565217391
ofr10km_640000_690000,640000,690000,-84.727992,54.835245,1840,0,0.5260869565217391
ofr10km_640000_70000,640000,70000,-86.099309,49.268071,1840,2,0.9342391304347826
ofr10km_640000_700000,640000,700000,-84.702433,54.925587,1840,0,0.5260869565217391
ofr10km_640000_710000,640000,710000,-84.676747,55.015942,1840,0,0.5260869565217391
ofr10km_640000_720000,640000,720000,-84.650935,55.10631,1840,0,0.5260869565217391
ofr10km_640000_730000,640000,730000,-84.624994,55.19669,1840,0,0.5260869565217391
ofr10km_640000_80000,640000,80000,-86.080083,49.357212,1840,1,0.9342391304347826
ofr10km_640000_90000,640000,90000,-86.060775,49.446378,1840,0,0.9342391304347826
ofr10km_650000_-10000,650000,-10000,-86.116289,48.543455,1840,0,0.3809782608695652
ofr10km_650000_-100000,650000,-100000,-86.282521,47.744512,1840,0,0.3923913043478261
ofr10km_650000_-110000,650000,-110000,-86.30061,47.655878,1840,0,0.3923913043478261
ofr10km_650000_-120000,650000,-120000,-86.318625,47.567271,1840,0,0.39891304347826084
ofr10km_650000_-20000,650000,-20000,-86.135069,48.454576,1840,0,0.3809782608695652
ofr10km_650000_-30000,650000,-30000,-86.153771,48.365723,1840,0,0.3809782608695652
ofr10km_650000_-40000,650000,-40000,-86.172395,48.276897,1840,0,0.3809782608695652
ofr10km_650000_-50000,650000,-50000,-86.190941,48.188098,1840,0,0.3809782608695652
ofr10km_650000_-60000,650000,-60000,-86.209409,48.099327,1840,0,0.3809782608695652
ofr10km_650000_-70000,650000,-70000,-86.227801,48.010582,1840,0,0.3923913043478261
ofr10km_650000_-80000,650000,-80000,-86.246117,47.921864,1840,0,0.3923913043478261
ofr10km_650000_-90000,650000,-90000,-86.264356,47.833174,1840,0,0.3923913043478261
ofr10km_650000_0,650000,0,-86.097429,48.63236,1840,1,0.3744565217391304
ofr10km_650000_10000,650000,10000,-86.078489,48.721291,1840,1,0.3744565217391304
ofr10km_650000_100000,650000,100000,-85.904362,49.522826,1840,2,0.9342391304347826
ofr10km_650000_110000,650000,110000,-85.884596,49.61201,1840,0,0.40217391304347827
ofr10km_650000_120000,650000,120000,-85.864746,49.701219,1840,2,0.40217391304347827
ofr10km_650000_130000,650000,130000,-85.844809,49.790452,1840,2,0.40217391304347827
ofr10km_650000_140000,650000,140000,-85.824786,49.879708,1840,0,0.40217391304347827
ofr10km_650000_150000,650000,150000,-85.804675,49.968989,1840,0,0.40217391304347827
ofr10km_650000_160000,650000,160000,-85.784477,50.058293,1840,0,0.40217391304347827
ofr10km_650000_170000,650000,170000,-85.764191,50.147621,1840,0,0.40217391304347827
ofr10km_650000_180000,650000,180000,-85.743815,50.236972,1840,0,0.9320652173913043
ofr10km_650000_190000,650000,190000,-85.72335,50.326346,1840,0,0.9320652173913043
ofr10km_650000_20000,650000,20000,-86.05947,48.810249,1840,0,0.3744565217391304
ofr10km_650000_200000,650000,200000,-85.702796,50.415743,1840,0,0.9320652173913043
ofr10km_650000_210000,650000,210000,-85.68215,50.505163,1840,0,0.9320652173913043
ofr10km_650000_220000,650000,220000,-85.661413,50.594605,1840,0,0.9320652173913043
ofr10km_650000_230000,650000,230000,-85.640585,50.68407,1840,1,0.9320652173913043
ofr10km_650000_240000,650000,240000,-85.619664,50.773557,1840,0,0.9320652173913043
ofr10km_650000_250000,650000,250000,-85.59865,50.863066,1840,0,0.9320652173913043
ofr10km_650000_260000,650000,260000,-85.577542,50.952597,1840,0,0.9320652173913043
ofr10km_650000_270000,650000,270000,-85.55634,51.042149,1840,0,0.9320652173913043
ofr10km_650000_280000,650000,280000,-85.535043,51.131723,1840,0,0.9326086956521739
ofr10km_650000_290000,650000,290000,-85.51365,51.221319,1840,0,0.9326086956521739
ofr10km_650000_30000,650000,30000,-86.040369,48.899232,1840,0,0.39456521739130435
ofr10km_650000_300000,650000,300000,-85.492162,51.310935,1840,0,0.9326086956521739
ofr10km_650000_310000,650000,310000,-85.470576,51.400573,1840,0,0.9326086956521739
ofr10km_650000_320000,650000,320000,-85.448893,51.490231,1840,0,0.9326086956521739
ofr10km_650000_330000,650000,330000,-85.427112,51.57991,1840,0,0.9315217391304348
ofr10km_650000_340000,650000,340000,-85.405232,51.669609,1840,0,0.9315217391304348
ofr10km_650000_350000,650000,350000,-85.383252,51.759328,1840,0,0.9315217391304348
ofr10km_650000_360000,650000,360000,-85.361172,51.849068,1840,0,0.9315217391304348
ofr10km_650000_370000,650000,370000,-85.338992,51.938827,1840,0,0.39456521739130435
ofr10km_650000_380000,650000,380000,-85.31671,52.028606,1840,0,0.39456521739130435
ofr10km_650000_390000,650000,390000,-85.294326,52.118404,1840,0,0.39456521739130435
ofr10km_650000_40000,650000,40000,-86.021187,48.988241,1840,0,0.39456521739130435
ofr10km_650000_400000,650000,400000,-85.271838,52.208222,1840,0,0.39456521739130435
ofr10km_650000_410000,650000,410000,-85.249248,52.298059,1840,0,0.39456521739130435
ofr10km_650000_420000,650000,420000,-85.226552,52.387914,1840,0,0.39456521739130435
ofr10km_650000_430000,650000,430000,-85.203752,52.477788,1840,0,0.39456521739130435
ofr10km_650000_440000,650000,440000,-85.180846,52.567681,1840,0,0.9320652173913043
ofr10km_650000_450000,650000,450000,-85.157834,52.657592,1840,0,0.9320652173913043
ofr10km_650000_460000,650000,460000,-85.134714,52.747521,1840,0,0.9320652173913043
ofr10km_650000_470000,650000,470000,-85.111486,52.837468,1840,0,0.9320652173913043
ofr10km_650000_480000,650000,480000,-85.08815,52.927432,1840,0,0.9320652173913043
ofr10km_650000_490000,650000,490000,-85.064704,53.017415,1840,0,0.9320652173913043
ofr10km_650000_50000,650000,50000,-86.001924,49.077276,1840,1,0.4125
ofr10km_650000_500000,650000,500000,-85.041148,53.107414,1840,0,0.9320652173913043
ofr10km_650000_510000,650000,510000,-85.01748,53.19743,1840,0,0.9320652173913043
ofr10km_650000_520000,650000,520000,-84.993701,53.287464,1840,0,0.5260869565217391
ofr10km_650000_530000,650000,530000,-84.969809,53.377514,1840,0,0.5260869565217391
ofr10km_650000_540000,650000,540000,-84.945804,53.46758,1840,0,0.5260869565217391
ofr10km_650000_550000,650000,550000,-84.921685,53.557663,1840,0,0.5260869565217391
ofr10km_650000_560000,650000,560000,-84.89745,53.647762,1840,0,0.5260869565217391
ofr10km_650000_570000,650000,570000,-84.8731,53.737877,1840,0,0.5260869565217391
ofr10km_650000_580000,650000,580000,-84.848633,53.828008,1840,0,0.5260869565217391
ofr10km_650000_590000,650000,590000,-84.824049,53.918153,1840,0,0.5260869565217391
ofr10km_650000_60000,650000,60000,-85.982578,49.166336,1840,0,0.9342391304347826
ofr10km_650000_600000,650000,600000,-84.799346,54.008315,1840,0,0.5260869565217391
ofr10km_650000_610000,650000,610000,-84.774524,54.098491,1840,0,0.5260869565217391
ofr10km_650000_620000,650000,620000,-84.749582,54.188682,1840,0,0.5260869565217391
ofr10km_650000_630000,650000,630000,-84.724519,54.278888,1840,0,0.5260869565217391
ofr10km_650000_640000,650000,640000,-84.699335,54.369108,1840,0,0.5260869565217391
ofr10km_650000_650000,650000,650000,-84.674027,54.459342,1840,0,0.5260869565217391
ofr10km_650000_660000,650000,660000,-84.648596,54.549591,1840,0,0.5260869565217391
ofr10km_650000_670000,650000,670000,-84.623041,54.639853,1840,0,0.5260869565217391
ofr10km_650000_680000,650000,680000,-84.59736,54.730128,1840,0,0.5260869565217391
ofr10km_650000_690000,650000,690000,-84.571553,54.820417,1840,0,0.5260869565217391
ofr10km_650000_70000,650000,70000,-85.963149,49.255421,1840,0,0.9342391304347826
ofr10km_650000_700000,650000,700000,-84.545619,54.91072,1840,0,0.5260869565217391
ofr10km_650000_710000,650000,710000,-84.519557,55.001035,1840,0,0.5260869565217391
ofr10km_650000_720000,650000,720000,-84.493365,55.091362,1840,0,0.5260869565217391
ofr10km_650000_730000,650000,730000,-84.467044,55.181703,1840,0,0.5260869565217391
ofr10km_650000_80000,650000,80000,-85.943638,49.344531,1840,0,0.9342391304347826
ofr10km_650000_90000,650000,90000,-85.924042,49.433666,1840,0,0.9342391304347826
ofr10km_660000_-10000,660000,-10000,-85.982456,48.530865,1840,0,0.3809782608695652
ofr10km_660000_-100000,660000,-100000,-86.151128,47.732195,1840,0,0.3923913043478261
ofr10km_660000_-110000,660000,-110000,-86.169483,47.64359,1840,0,0.39891304347826084
ofr10km_660000_-120000,660000,-120000,-86.187762,47.555013,1840,0,0.4282608695652174
ofr10km_660000_-130000,660000,-130000,-86.205967,47.466464,1840,0,0.4282608695652174
ofr10km_660000_-20000,660000,-20000,-86.001512,48.442016,1840,0,0.3809782608695652
ofr10km_660000_-30000,660000,-30000,-86.020488,48.353194,1840,0,0.3809782608695652
ofr10km_660000_-40000,660000,-40000,-86.039385,48.264399,1840,0,0.3809782608695652
ofr10km_660000_-50000,660000,-50000,-86.058203,48.175631,1840,0,0.3809782608695652
ofr10km_660000_-60000,660000,-60000,-86.076943,48.086889,1840,0,0.3809782608695652
ofr10km_660000_-70000,660000,-70000,-86.095605,47.998174,1840,0,0.3923913043478261
ofr10km_660000_-80000,660000,-80000,-86.114189,47.909487,1840,0,0.3923913043478261
ofr10km_660000_-90000,660000,-90000,-86.132697,47.820827,1840,0,0.3923913043478261
ofr10km_660000_0,660000,0,-85.96332,48.619739,1840,0,0.3809782608695652
ofr10km_660000_10000,660000,10000,-85.944103,48.70864,1840,4,0.3809782608695652
ofr10km_660000_100000,660000,100000,-85.767425,49.509891,1840,1,0.9342391304347826
ofr10km_660000_110000,660000,110000,-85.747371,49.599043,1840,0,0.9342391304347826
ofr10km_660000_120000,660000,120000,-85.727229,49.68822,1840,0,0.40217391304347827
ofr10km_660000_130000,660000,130000,-85.707001,49.77742,1840,0,0.933695652173913
ofr10km_660000_140000,660000,140000,-85.686685,49.866645,1840,0,0.933695652173913
ofr10km_660000_150000,660000,150000,-85.666281,49.955893,1840,0,0.40217391304347827
ofr10km_660000_160000,660000,160000,-85.645787,50.045164,1840,0,0.40217391304347827
ofr10km_660000_170000,660000,170000,-85.625204,50.134459,1840,0,0.40217391304347827
ofr10km_660000_180000,660000,180000,-85.604531,50.223777,1840,1,0.9320652173913043
ofr10km_660000_190000,660000,190000,-85.583767,50.313118,1840,0,0.9320652173913043
ofr10km_660000_20000,660000,20000,-85.924804,48.797566,1840,0,0.39456521739130435
ofr10km_660000_200000,660000,200000,-85.562912,50.402482,1840,0,0.9320652173913043
ofr10km_660000_210000,660000,210000,-85.541965,50.491869,1840,0,0.9320652173913043
ofr10km_660000_220000,660000,220000,-85.520926,50.581278,1840,0,0.9320652173913043
ofr10km_660000_230000,660000,230000,-85.499793,50.670709,1840,0,0.9320652173913043
ofr10km_660000_240000,660000,240000,-85.478567,50.760162,1840,0,0.9320652173913043
ofr10km_660000_250000,660000,250000,-85.457246,50.849638,1840,0,0.9320652173913043
ofr10km_660000_260000,660000,260000,-85.43583,50.939135,1840,0,0.9320652173913043
ofr10km_660000_270000,660000,270000,-85.414319,51.028653,1840,0,0.9320652173913043
ofr10km_660000_280000,660000,280000,-85.392711,51.118193,1840,0,0.4141304347826087
ofr10km_660000_290000,660000,290000,-85.371007,51.207755,1840,0,0.9326086956521739
ofr10km_660000_30000,660000,30000,-85.905424,48.886519,1840,0,0.39456521739130435
ofr10km_660000_300000,660000,300000,-85.349205,51.297337,1840,0,0.9326086956521739
ofr10km_660000_310000,660000,310000,-85.327305,51.38694,1840,0,0.9326086956521739
ofr10km_660000_320000,660000,320000,-85.305306,51.476563,1840,0,0.9326086956521739
ofr10km_660000_330000,660000,330000,-85.283207,51.566207,1840,0,0.9315217391304348
ofr10km_660000_340000,660000,340000,-85.261009,51.655872,1840,0,0.9315217391304348
ofr10km_660000_350000,660000,350000,-85.238709,51.745556,1840,0,0.9315217391304348
ofr10km_660000_360000,660000,360000,-85.216308,51.83526,1840,0,0.9315217391304348
ofr10km_660000_370000,660000,370000,-85.193805,51.924984,1840,0,0.9315217391304348
ofr10km_660000_380000,660000,380000,-85.171198,52.014728,1840,0,0.39456521739130435
ofr10km_660000_390000,660000,390000,-85.148488,52.104491,1840,0,0.39456521739130435
ofr10km_660000_40000,660000,40000,-85.885961,48.975496,1840,1,0.39456521739130435
ofr10km_660000_400000,660000,400000,-85.125674,52.194272,1840,0,0.39456521739130435
ofr10km_660000_410000,660000,410000,-85.102755,52.284073,1840,0,0.39456521739130435
ofr10km_660000_420000,660000,420000,-85.07973,52.373893,1840,0,0.9320652173913043
ofr10km_660000_430000,660000,430000,-85.056598,52.463731,1840,0,0.9320652173913043
ofr10km_660000_440000,660000,440000,-85.033359,52.553587,1840,0,0.9320652173913043
ofr10km_660000_450000,660000,450000,-85.010013,52.643462,1840,0,0.9320652173913043
ofr10km_660000_460000,660000,460000,-84.986557,52.733354,1840,0,0.9320652173913043
ofr10km_660000_470000,660000,470000,-84.962992,52.823264,1840,0,0.9320652173913043
ofr10km_660000_480000,660000,480000,-84.939317,52.913192,1840,0,0.9320652173913043
ofr10km_660000_490000,660000,490000,-84.915531,53.003137,1840,0,0.9320652173913043
ofr10km_660000_50000,660000,50000,-85.866415,49.0645,1840,0,0.41195652173913044
ofr10km_660000_500000,660000,500000,-84.891632,53.0931,1840,1,0.9320652173913043
ofr10km_660000_510000,660000,510000,-84.867622,53.183079,1840,0,0.9320652173913043
ofr10km_660000_520000,660000,520000,-84.843498,53.273075,1840,0,0.9320652173913043
ofr10km_660000_530000,660000,530000,-84.81926,53.363087,1840,0,0.5260869565217391
ofr10km_660000_540000,660000,540000,-84.794907,53.453116,1840,0,0.5260869565217391
ofr10km_660000_550000,660000,550000,-84.770438,53.543161,1840,0,0.5260869565217391
ofr10km_660000_560000,660000,560000,-84.745852,53.633222,1840,0,0.5260869565217391
ofr10km_660000_570000,660000,570000,-84.721149,53.723299,1840,0,0.5260869565217391
ofr10km_660000_580000,660000,580000,-84.696328,53.813391,1840,1,0.5260869565217391
ofr10km_660000_590000,660000,590000,-84.671388,53.903498,1840,0,0.5260869565217391
ofr10km_660000_60000,660000,60000,-85.846786,49.153528,1840,7,0.48967391304347824
ofr10km_660000_600000,660000,600000,-84.646327,53.993621,1840,0,0.5260869565217391
ofr10km_660000_610000,660000,610000,-84.621146,54.083758,1840,0,0.5260869565217391
ofr10km_660000_620000,660000,620000,-84.595843,54.17391,1840,0,0.5260869565217391
ofr10km_660000_630000,660000,630000,-84.570418,54.264077,1840,0,0.5260869565217391
ofr10km_660000_640000,660000,640000,-84.544869,54.354258,1840,0,0.5260869565217391
ofr10km_660000_650000,660000,650000,-84.519196,54.444453,1840,0,0.5260869565217391
ofr10km_660000_660000,660000,660000,-84.493398,54.534661,1840,0,0.5260869565217391
ofr10km_660000_670000,660000,670000,-84.467473,54.624884,1840,0,0.5260869565217391
ofr10km_660000_680000,660000,680000,-84.441422,54.715119,1840,0,0.5260869565217391
ofr10km_660000_690000,660000,690000,-84.415242,54.805368,1840,0,0.5260869565217391
ofr10km_660000_70000,660000,70000,-85.827073,49.242582,1840,0,0.9342391304347826
ofr10km_660000_700000,660000,700000,-84.388934,54.89563,1840,0,0.5260869565217391
ofr10km_660000_710000,660000,710000,-84.362495,54.985905,1840,0,0.5260869565217391
ofr10km_660000_720000,660000,720000,-84.335926,55.076192,1840,0,0.5260869565217391
ofr10km_660000_730000,660000,730000,-84.309225,55.166492,1840,0,0.5260869565217391
ofr10km_660000_740000,660000,740000,-84.282391,55.256803,1840,0,0.5260869565217391
ofr10km_660000_80000,660000,80000,-85.807276,49.33166,1840,1,0.9342391304347826
ofr10km_660000_90000,660000,90000,-85.787393,49.420763,1840,0,0.9342391304347826
ofr10km_670000_-10000,670000,-10000,-85.848704,48.518088,1840,0,0.3809782608695652
ofr10km_670000_-100000,670000,-100000,-86.01981,47.719695,1840,0,0.4282608695652174
ofr10km_670000_-110000,670000,-110000,-86.03843,47.63112,1840,0,0.4282608695652174
ofr10km_670000_-120000,670000,-120000,-86.056974,47.542573,1840,0,0.4282608695652174
ofr10km_670000_-130000,670000,-130000,-86.075442,47.454054,1840,0,0.4282608695652174
ofr10km_670000_-20000,670000,-20000,-85.868035,48.429271,1840,0,0.3809782608695652
ofr10km_670000_-30000,670000,-30000,-85.887285,48.34048,1840,0,0.3809782608695652
ofr10km_670000_-40000,670000,-40000,-85.906455,48.251716,1840,0,0.3809782608695652
ofr10km_670000_-50000,670000,-50000,-85.925544,48.162978,1840,0,0.3809782608695652
ofr10km_670000_-60000,670000,-60000,-85.944554,48.074267,1840,0,0.3809782608695652
ofr10km_670000_-70000,670000,-70000,-85.963485,47.985583,1840,0,0.3923913043478261
ofr10km_670000_-80000,670000,-80000,-85.982338,47.896926,1840,0,0.3923913043478261
ofr10km_670000_-90000,670000,-90000,-86.001113,47.808297,1840,0,0.39891304347826084
ofr10km_670000_0,670000,0,-85.829292,48.606932,1840,0,0.3809782608695652
ofr10km_670000_10000,670000,10000,-85.809798,48.695801,1840,4,0.3809782608695652
ofr10km_670000_100000,670000,100000,-85.630574,49.496765,1840,2,0.9342391304347826
ofr10km_670000_110000,670000,110000,-85.610231,49.585885,1840,1,0.9342391304347826
ofr10km_670000_120000,670000,120000,-85.5898,49.675029,1840,0,0.9342391304347826
ofr10km_670000_130000,670000,130000,-85.569281,49.764196,1840,0,0.9342391304347826
ofr10km_670000_140000,670000,140000,-85.548673,49.853388,1840,0,0.933695652173913
ofr10km_670000_150000,670000,150000,-85.527975,49.942603,1840,0,0.933695652173913
ofr10km_670000_160000,670000,160000,-85.507187,50.031841,1840,0,0.4141304347826087
ofr10km_670000_170000,670000,170000,-85.486308,50.121103,1840,0,0.4141304347826087
ofr10km_670000_180000,670000,180000,-85.465338,50.210388,1840,0,0.4141304347826087
ofr10km_670000_190000,670000,190000,-85.444275,50.299695,1840,0,0.4141304347826087
ofr10km_670000_20000,670000,20000,-85.790221,48.784696,1840,0,0.4125
ofr10km_670000_200000,670000,200000,-85.423121,50.389026,1840,0,0.9320652173913043
ofr10km_670000_210000,670000,210000,-85.401873,50.478379,1840,0,0.9320652173913043
ofr10km_670000_220000,670000,220000,-85.380531,50.567754,1840,0,0.9320652173913043
ofr10km_670000_230000,670000,230000,-85.359095,50.657151,1840,0,0.9320652173913043
ofr10km_670000_240000,670000,240000,-85.337564,50.74657,1840,0,0.9320652173913043
ofr10km_670000_250000,670000,250000,-85.315937,50.836011,1840,0,0.4141304347826087
ofr10km_670000_260000,670000,260000,-85.294214,50.925474,1840,0,0.4141304347826087
ofr10km_670000_270000,670000,270000,-85.272394,51.014958,1840,0,0.4141304347826087
ofr10km_670000_280000,670000,280000,-85.250477,51.104464,1840,0,0.4141304347826087
ofr10km_670000_290000,670000,290000,-85.228461,51.19399,1840,0,0.4141304347826087
ofr10km_670000_30000,670000,30000,-85.770561,48.873617,1840,0,0.4125
ofr10km_670000_300000,670000,300000,-85.206347,51.283537,1840,0,0.4141304347826087
ofr10km_670000_310000,670000,310000,-85.184133,51.373105,1840,0,0.9315217391304348
ofr10km_670000_320000,670000,320000,-85.161818,51.462694,1840,0,0.9315217391304348
ofr10km_670000_330000,670000,330000,-85.139403,51.552303,1840,0,0.9315217391304348
ofr10km_670000_340000,670000,340000,-85.116887,51.641932,1840,0,0.9315217391304348
ofr10km_670000_350000,670000,350000,-85.094268,51.731581,1840,0,0.9315217391304348
ofr10km_670000_360000,670000,360000,-85.071546,51.821249,1840,0,0.9315217391304348
ofr10km_670000_370000,670000,370000,-85.04872,51.910937,1840,0,0.9315217391304348
ofr10km_670000_380000,670000,380000,-85.025791,52.000645,1840,0,0.39456521739130435
ofr10km_670000_390000,670000,390000,-85.002756,52.090372,1840,0,0.9320652173913043
ofr10km_670000_40000,670000,40000,-85.750818,48.962563,1840,0,0.39456521739130435
ofr10km_670000_400000,670000,400000,-84.979615,52.180117,1840,0,0.9320652173913043
ofr10km_670000_410000,670000,410000,-84.956368,52.269882,1840,0,0.9320652173913043
ofr10km_670000_420000,670000,420000,-84.933014,52.359665,1840,0,0.9320652173913043
ofr10km_670000_430000,670000,430000,-84.909551,52.449466,1840,0,0.9320652173913043
ofr10km_670000_440000,670000,440000,-84.885981,52.539286,1840,0,0.9320652173913043
ofr10km_670000_450000,670000,450000,-84.8623,52.629123,1840,0,0.9320652173913043
ofr10km_670000_460000,670000,460000,-84.83851,52.718979,1840,0,0.9320652173913043
ofr10km_670000_470000,670000,470000,-84.814608,52.808852,1840,0,0.9320652173913043
ofr10km_670000_480000,670000,480000,-84.790595,52.898742,1840,0,0.9320652173913043
ofr10km_670000_490000,670000,490000,-84.766469,52.98865,1840,0,0.9320652173913043
ofr10km_670000_50000,670000,50000,-85.730991,49.051534,1840,1,0.41195652173913044
ofr10km_670000_500000,670000,500000,-84.74223,53.078574,1840,0,0.9320652173913043
ofr10km_670000_510000,670000,510000,-84.717877,53.168516,1840,0,0.9320652173913043
ofr10km_670000_520000,670000,520000,-84.693409,53.258474,1840,0,0.9320652173913043
ofr10km_670000_530000,670000,530000,-84.668825,53.348448,1840,0,0.5260869565217391
ofr10km_670000_540000,670000,540000,-84.644125,53.438439,1840,0,0.5260869565217391
ofr10km_670000_550000,670000,550000,-84.619307,53.528445,1840,0,0.5260869565217391
ofr10km_670000_560000,670000,560000,-84.594371,53.618468,1840,0,0.5260869565217391
ofr10km_670000_570000,670000,570000,-84.569316,53.708505,1840,0,0.5260869565217391
ofr10km_670000_580000,670000,580000,-84.544142,53.798559,1840,0,0.5260869565217391
ofr10km_670000_590000,670000,590000,-84.518846,53.888627,1840,0,0.5260869565217391
ofr10km_670000_60000,670000,60000,-85.711079,49.140531,1840,1,0.48967391304347824
ofr10km_670000_600000,670000,600000,-84.493429,53.97871,1840,0,0.5260869565217391
ofr10km_670000_610000,670000,610000,-84.46789,54.068809,1840,0,0.5260869565217391
ofr10km_670000_620000,670000,620000,-84.442227,54.158921,1840,0,0.5260869565217391
ofr10km_670000_630000,670000,630000,-84.41644,54.249048,1840,0,0.5260869565217391
ofr10km_670000_640000,670000,640000,-84.390528,54.339189,1840,1,0.5260869565217391
ofr10km_670000_650000,670000,650000,-84.36449,54.429344,1840,0,0.5260869565217391
ofr10km_670000_660000,670000,660000,-84.338325,54.519513,1840,0,0.5260869565217391
ofr10km_670000_670000,670000,670000,-84.312033,54.609695,1840,1,0.5260869565217391
ofr10km_670000_680000,670000,680000,-84.285611,54.69989,1840,0,0.5260869565217391
ofr10km_670000_690000,670000,690000,-84.25906,54.790098,1840,1,0.5260869565217391
ofr10km_670000_70000,670000,70000,-85.691082,49.229552,1840,1,0.9342391304347826
ofr10km_670000_700000,670000,700000,-84.232378,54.880319,1840,0,0.5260869565217391
ofr10km_670000_710000,670000,710000,-84.205564,54.970553,1840,0,0.5260869565217391
ofr10km_670000_720000,670000,720000,-84.178618,55.060799,1840,0,0.5260869565217391
ofr10km_670000_730000,670000,730000,-84.151539,55.151057,1840,0,0.5260869565217391
ofr10km_670000_740000,670000,740000,-84.124324,55.241327,1840,0,0.5260869565217391
ofr10km_670000_80000,670000,80000,-85.670999,49.318599,1840,0,0.9342391304347826
ofr10km_670000_90000,670000,90000,-85.65083,49.40767,1840,0,0.9342391304347826
ofr10km_680000_-10000,680000,-10000,-85.715034,48.505126,1840,0,0.3809782608695652
ofr10km_680000_-100000,680000,-100000,-85.88857,47.707013,1840,0,0.4282608695652174
ofr10km_680000_-110000,680000,-110000,-85.907455,47.618469,1840,0,0.4282608695652174
ofr10km_680000_-120000,680000,-120000,-85.926262,47.529952,1840,0,0.4
ofr10km_680000_-130000,680000,-130000,-85.944993,47.441464,1840,0,0.4
ofr10km_680000_-140000,680000,-140000,-85.963646,47.353003,1840,0,0.4
ofr10km_680000_-20000,680000,-20000,-85.734639,48.41634,1840,0,0.3809782608695652
ofr10km_680000_-30000,680000,-30000,-85.754162,48.327581,1840,0,0.3809782608695652
ofr10km_680000_-40000,680000,-40000,-85.773604,48.238848,1840,0,0.3809782608695652
ofr10km_680000_-50000,680000,-50000,-85.792964,48.150142,1840,0,0.40380434782608693
ofr10km_680000_-60000,680000,-60000,-85.812245,48.061462,1840,0,0.40380434782608693
ofr10km_680000_-70000,680000,-70000,-85.831445,47.972809,1840,0,0.3923913043478261
ofr10km_680000_-80000,680000,-80000,-85.850565,47.884183,1840,0,0.4282608695652174
ofr10km_680000_-90000,680000,-90000,-85.869607,47.795584,1840,0,0.4282608695652174
ofr10km_680000_0,680000,0,-85.695346,48.593938,1840,1,0.3809782608695652
ofr10km_680000_10000,680000,10000,-85.675575,48.682775,1840,7,0.4043478260869565
ofr10km_680000_100000,680000,100000,-85.493811,49.483448,1840,2,0.9342391304347826
ofr10km_680000_110000,680000,110000,-85.47318,49.572535,1840,1,0.9342391304347826
ofr10km_680000_120000,680000,120000,-85.45246,49.661645,1840,0,0.9342391304347826
ofr10km_680000_130000,680000,130000,-85.43165,49.75078,1840,0,0.9342391304347826
ofr10km_680000_140000,680000,140000,-85.41075,49.839938,1840,0,0.4146739130434783
ofr10km_680000_150000,680000,150000,-85.389759,49.92912,1840,1,0.4146739130434783
ofr10km_680000_160000,680000,160000,-85.368677,50.018325,1840,0,0.4141304347826087
ofr10km_680000_170000,680000,170000,-85.347503,50.107553,1840,0,0.4141304347826087
ofr10km_680000_180000,680000,180000,-85.326236,50.196804,1840,0,0.4141304347826087
ofr10km_680000_190000,680000,190000,-85.304876,50.286077,1840,0,0.4141304347826087
ofr10km_680000_20000,680000,20000,-85.65572,48.771638,1840,1,0.4782608695652174
ofr10km_680000_200000,680000,200000,-85.283422,50.375374,1840,0,0.4141304347826087
ofr10km_680000_210000,680000,210000,-85.261874,50.464692,1840,0,0.4141304347826087
ofr10km_680000_220000,680000,220000,-85.240231,50.554033,1840,0,0.4141304347826087
ofr10km_680000_230000,680000,230000,-85.218492,50.643396,1840,0,0.4141304347826087
ofr10km_680000_240000,680000,240000,-85.196657,50.732781,1840,0,0.4141304347826087
ofr10km_680000_250000,680000,250000,-85.174725,50.822187,1840,1,0.4141304347826087
ofr10km_680000_260000,680000,260000,-85.152695,50.911615,1840,0,0.4141304347826087
ofr10km_680000_270000,680000,270000,-85.130567,51.001064,1840,0,0.4141304347826087
ofr10km_680000_280000,680000,280000,-85.108341,51.090535,1840,0,0.4141304347826087
ofr10km_680000_290000,680000,290000,-85.086014,51.180026,1840,0,0.4141304347826087
ofr10km_680000_30000,680000,30000,-85.635782,48.860527,1840,0,0.4125
ofr10km_680000_300000,680000,300000,-85.063588,51.269538,1840,0,0.4141304347826087
ofr10km_680000_310000,680000,310000,-85.041061,51.35907,1840,0,0.9315217391304348
ofr10km_680000_320000,680000,320000,-85.018432,51.448623,1840,0,0.9315217391304348
ofr10km_680000_330000,680000,330000,-84.995701,51.538196,1840,0,0.9315217391304348
ofr10km_680000_340000,680000,340000,-84.972867,51.627789,1840,0,0.9315217391304348
ofr10km_680000_350000,680000,350000,-84.949929,51.717402,1840,0,0.9315217391304348
ofr10km_680000_360000,680000,360000,-84.926887,51.807035,1840,0,0.9315217391304348
ofr10km_680000_370000,680000,370000,-84.90374,51.896686,1840,0,0.9315217391304348
ofr10km_680000_380000,680000,380000,-84.880488,51.986357,1840,0,0.9320652173913043
ofr10km_680000_390000,680000,390000,-84.857129,52.076048,1840,0,0.9320652173913043
ofr10km_680000_40000,680000,40000,-85.615759,48.949441,1840,1,0.41195652173913044
ofr10km_680000_400000,680000,400000,-84.833662,52.165757,1840,0,0.9320652173913043
ofr10km_680000_410000,680000,410000,-84.810088,52.255484,1840,0,0.9320652173913043
ofr10km_680000_420000,680000,420000,-84.786406,52.34523,1840,0,0.9320652173913043
ofr10km_680000_430000,680000,430000,-84.762613,52.434994,1840,0,0.9320652173913043
ofr10km_680000_440000,680000,440000,-84.738711,52.524777,1840,0,0.9320652173913043
ofr10km_680000_450000,680000,450000,-84.714698,52.614577,1840,1,0.9320652173913043
ofr10km_680000_460000,680000,460000,-84.690573,52.704395,1840,0,0.9320652173913043
ofr10km_680000_470000,680000,470000,-84.666336,52.79423,1840,0,0.9320652173913043
ofr10km_680000_480000,680000,480000,-84.641985,52.884082,1840,0,0.9320652173913043
ofr10km_680000_490000,680000,490000,-84.617521,52.973952,1840,0,0.9320652173913043
ofr10km_680000_50000,680000,50000,-85.59565,49.03838,1840,0,0.48967391304347824
ofr10km_680000_500000,680000,500000,-84.592942,53.063838,1840,0,0.9320652173913043
ofr10km_680000_510000,680000,510000,-84.568247,53.153742,1840,0,0.9320652173913043
ofr10km_680000_520000,680000,520000,-84.543435,53.243661,1840,1,0.9320652173913043
ofr10km_680000_530000,680000,530000,-84.518507,53.333597,1840,0,0.5260869565217391
ofr10km_680000_540000,680000,540000,-84.49346,53.423549,1840,0,0.5260869565217391
ofr10km_680000_550000,680000,550000,-84.468295,53.513516,1840,0,0.5260869565217391
ofr10km_680000_560000,680000,560000,-84.443009,53.603499,1840,0,0.5260869565217391
ofr10km_680000_570000,680000,570000,-84.417603,53.693498,1840,0,0.5260869565217391
ofr10km_680000_580000,680000,580000,-84.392076,53.783512,1840,1,0.5260869565217391
ofr10km_680000_590000,680000,590000,-84.366427,53.873541,1840,0,0.5260869565217391
ofr10km_680000_60000,680000,60000,-85.575456,49.127344,1840,2,0.9342391304347826
ofr10km_680000_600000,680000,600000,-84.340654,53.963584,1840,0,0.5260869565217391
ofr10km_680000_610000,680000,610000,-84.314757,54.053643,1840,0,0.5260869565217391
ofr10km_680000_620000,680000,620000,-84.288735,54.143715,1840,1,0.5260869565217391
ofr10km_680000_630000,680000,630000,-84.262588,54.233802,1840,0,0.5260869565217391
ofr10km_680000_640000,680000,640000,-84.236313,54.323902,1840,0,0.5260869565217391
ofr10km_680000_650000,680000,650000,-84.209911,54.414017,1840,0,0.5260869565217391
ofr10km_680000_660000,680000,660000,-84.183381,54.504145,1840,0,0.5260869565217391
ofr10km_680000_670000,680000,670000,-84.156721,54.594286,1840,0,0.5260869565217391
ofr10km_680000_680000,680000,680000,-84.12993,54.68444,1840,0,0.5260869565217391
ofr10km_680000_690000,680000,690000,-84.103008,54.774607,1840,0,0.5260869565217391
ofr10km_680000_70000,680000,70000,-85.555176,49.216333,1840,0,0.9342391304347826
ofr10km_680000_700000,680000,700000,-84.075954,54.864787,1840,0,0.5260869565217391
ofr10km_680000_710000,680000,710000,-84.048766,54.954979,1840,0,0.5260869565217391
ofr10km_680000_720000,680000,720000,-84.021444,55.045183,1840,0,0.5260869565217391
ofr10km_680000_730000,680000,730000,-83.993987,55.135399,1840,0,0.5260869565217391
ofr10km_680000_740000,680000,740000,-83.966393,55.225627,1840,0,0.5260869565217391
ofr10km_680000_80000,680000,80000,-85.534808,49.305347,1840,0,0.9342391304347826
ofr10km_680000_90000,680000,90000,-85.514354,49.394385,1840,0,0.9342391304347826
ofr10km_690000_-10000,690000,-10000,-85.581445,48.491978,1840,0,0.3809782608695652
ofr10km_690000_-100000,690000,-100000,-85.757408,47.694148,1840,0,0.4
ofr10km_690000_-110000,690000,-110000,-85.776557,47.605635,1840,0,0.4
ofr10km_690000_-120000,690000,-120000,-85.795628,47.51715,1840,0,0.4
ofr10km_690000_-130000,690000,-130000,-85.81462,47.428692,1840,0,0.4
ofr10km_690000_-140000,690000,-140000,-85.833535,47.340262,1840,0,0.4
ofr10km_690000_-20000,690000,-20000,-85.601325,48.403224,1840,0,0.3809782608695652
ofr10km_690000_-30000,690000,-30000,-85.621121,48.314497,1840,1,0.3809782608695652
ofr10km_690000_-40000,690000,-40000,-85.640834,48.225796,1840,0,0.40380434782608693
ofr10km_690000_-50000,690000,-50000,-85.660465,48.137121,1840,0,0.3875
ofr10km_690000_-60000,690000,-60000,-85.680015,48.048472,1840,1,0.4766304347826087
ofr10km_690000_-70000,690000,-70000,-85.699484,47.959851,1840,0,0.4880434782608696
ofr10km_690000_-80000,690000,-80000,-85.718872,47.871256,1840,0,0.4282608695652174
ofr10km_690000_-90000,690000,-90000,-85.738179,47.782689,1840,0,0.4
ofr10km_690000_0,690000,0,-85.561483,48.580757,1840,1,0.4043478260869565
ofr10km_690000_10000,690000,10000,-85.541436,48.669562,1840,4,0.4043478260869565
ofr10km_690000_100000,690000,100000,-85.357136,49.46994,1840,0,0.9342391304347826
ofr10km_690000_110000,690000,110000,-85.336218,49.558993,1840,1,0.9342391304347826
ofr10km_690000_120000,690000,120000,-85.315209,49.648071,1840,0,0.9342391304347826
ofr10km_690000_130000,690000,130000,-85.294109,49.737171,1840,0,0.4146739130434783
ofr10km_690000_140000,690000,140000,-85.272918,49.826296,1840,0,0.4146739130434783
ofr10km_690000_150000,690000,150000,-85.251635,49.915444,1840,0,0.4146739130434783
ofr10km_690000_160000,690000,160000,-85.230259,50.004614,1840,1,0.4146739130434783
ofr10km_690000_170000,690000,170000,-85.20879,50.093808,1840,2,0.4146739130434783
ofr10km_690000_180000,690000,180000,-85.187228,50.183025,1840,0,0.4141304347826087
ofr10km_690000_190000,690000,190000,-85.165571,50.272264,1840,0,0.4141304347826087
ofr10km_690000_20000,690000,20000,-85.521304,48.758393,1840,0,0.4043478260869565
ofr10km_690000_200000,690000,200000,-85.143818,50.361526,1840,0,0.4141304347826087
ofr10km_690000_210000,690000,210000,-85.121971,50.45081,1840,0,0.4141304347826087
ofr10km_690000_220000,690000,220000,-85.100026,50.540116,1840,0,0.4141304347826087
ofr10km_690000_230000,690000,230000,-85.077985,50.629444,1840,0,0.4141304347826087
ofr10km_690000_240000,690000,240000,-85.055847,50.718794,1840,0,0.4141304347826087
ofr10km_690000_250000,690000,250000,-85.03361,50.808165,1840,0,0.4141304347826087
ofr10km_690000_260000,690000,260000,-85.011274,50.897558,1840,0,0.4141304347826087
ofr10km_690000_270000,690000,270000,-84.988839,50.986971,1840,0,0.4141304347826087
ofr10km_690000_280000,690000,280000,-84.966304,51.076406,1840,0,0.4141304347826087
ofr10km_690000_290000,690000,290000,-84.943668,51.165862,1840,0,0.4141304347826087
ofr10km_690000_30000,690000,30000,-85.501087,48.847249,1840,0,0.4125
ofr10km_690000_300000,690000,300000,-84.92093,51.255338,1840,0,0.4141304347826087
ofr10km_690000_310000,690000,310000,-84.89809,51.344834,1840,0,0.9315217391304348
ofr10km_690000_320000,690000,320000,-84.875147,51.434351,1840,0,0.9315217391304348
ofr10km_690000_330000,690000,330000,-84.852101,51.523888,1840,0,0.9315217391304348
ofr10km_690000_340000,690000,340000,-84.82895,51.613445,1840,0,0.9315217391304348
ofr10km_690000_350000,690000,350000,-84.805695,51.703021,1840,0,0.9315217391304348
ofr10km_690000_360000,690000,360000,-84.782334,51.792617,1840,0,0.9315217391304348
ofr10km_690000_370000,690000,370000,-84.758866,51.882232,1840,0,0.9315217391304348
ofr10km_690000_380000,690000,380000,-84.735291,51.971866,1840,0,0.9320652173913043
ofr10km_690000_390000,690000,390000,-84.711609,52.061519,1840,0,0.9320652173913043
ofr10km_690000_40000,690000,40000,-85.480785,48.936131,1840,0,0.9342391304347826
ofr10km_690000_400000,690000,400000,-84.687818,52.151191,1840,0,0.9320652173913043
ofr10km_690000_410000,690000,410000,-84.663917,52.240881,1840,0,0.9320652173913043
ofr10km_690000_420000,690000,420000,-84.639907,52.330589,1840,0,0.9320652173913043
ofr10km_690000_430000,690000,430000,-84.615785,52.420316,1840,0,0.9320652173913043
ofr10km_690000_440000,690000,440000,-84.591553,52.510061,1840,0,0.9320652173913043
ofr10km_690000_450000,690000,450000,-84.567207,52.599823,1840,0,0.9320652173913043
ofr10km_690000_460000,690000,460000,-84.542749,52.689602,1840,0,0.9320652173913043
ofr10km_690000_470000,690000,470000,-84.518177,52.779399,1840,0,0.9320652173913043
ofr10km_690000_480000,690000,480000,-84.49349,52.869214,1840,0,0.9320652173913043
ofr10km_690000_490000,690000,490000,-84.468687,52.959045,1840,0,0.9320652173913043
ofr10km_690000_50000,690000,50000,-85.460396,49.025037,1840,0,0.9342391304347826
ofr10km_690000_500000,690000,500000,-84.443769,53.048892,1840,0,0.9320652173913043
ofr10km_690000_510000,690000,510000,-84.418733,53.138757,1840,0,0.9320652173913043
ofr10km_690000_520000,690000,520000,-84.393579,53.228637,1840,0,0.9320652173913043
ofr10km_690000_530000,690000,530000,-84.368307,53.318534,1840,0,0.5260869565217391
ofr10km_690000_540000,690000,540000,-84.342914,53.408446,1840,0,0.5260869565217391
ofr10km_690000_550000,690000,550000,-84.317402,53.498374,1840,0,0.5260869565217391
ofr10km_690000_560000,690000,560000,-84.291768,53.588318,1840,0,0.5260869565217391
ofr10km_690000_570000,690000,570000,-84.266012,53.678277,1840,0,0.5260869565217391
ofr10km_690000_580000,690000,580000,-84.240133,53.768251,1840,0,0.5260869565217391
ofr10km_690000_590000,690000,590000,-84.21413,53.858239,1840,1,0.5260869565217391
ofr10km_690000_60000,690000,60000,-85.43992,49.113969,1840,0,0.9342391304347826
ofr10km_690000_600000,690000,600000,-84.188002,53.948243,1840,0,0.5260869565217391
ofr10km_690000_610000,690000,610000,-84.161749,54.03826,1840,0,0.5260869565217391
ofr10km_690000_620000,690000,620000,-84.135369,54.128292,1840,0,0.5260869565217391
ofr10km_690000_630000,690000,630000,-84.108862,54.218338,1840,0,0.5260869565217391
ofr10km_690000_640000,690000,640000,-84.082226,54.308398,1840,0,0.5260869565217391
ofr10km_690000_650000,690000,650000,-84.055461,54.398471,1840,0,0.5260869565217391
ofr10km_690000_660000,690000,660000,-84.028566,54.488558,1840,0,0.5260869565217391
ofr10km_690000_670000,690000,670000,-84.001539,54.578658,1840,0,0.5260869565217391
ofr10km_690000_680000,690000,680000,-83.974381,54.66877,1840,0,0.5260869565217391
ofr10km_690000_690000,690000,690000,-83.947089,54.758895,1840,0,0.5260869565217391
ofr10km_690000_70000,690000,70000,-85.419356,49.202925,1840,1,0.9342391304347826
ofr10km_690000_700000,690000,700000,-83.919663,54.849033,1840,0,0.5260869565217391
ofr10km_690000_710000,690000,710000,-83.892102,54.939183,1840,0,0.5260869565217391
ofr10km_690000_720000,690000,720000,-83.864406,55.029345,1840,0,0.5260869565217391
ofr10km_690000_730000,690000,730000,-83.836572,55.119519,1840,0,0.5260869565217391
ofr10km_690000_740000,690000,740000,-83.8086,55.209704,1840,0,0.5260869565217391
ofr10km_690000_80000,690000,80000,-85.398705,49.291906,1840,1,0.9342391304347826
ofr10km_690000_90000,690000,90000,-85.377965,49.380911,1840,0,0.9342391304347826
ofr10km_700000_-10000,700000,-10000,-85.447941,48.478644,1840,0,0.39891304347826084
ofr10km_700000_-100000,700000,-100000,-85.626325,47.681102,1840,0,0.4
ofr10km_700000_-110000,700000,-110000,-85.645738,47.592621,1840,0,0.4
ofr10km_700000_-120000,700000,-120000,-85.665071,47.504167,1840,0,0.4
ofr10km_700000_-130000,700000,-130000,-85.684325,47.41574,1840,0,0.4
ofr10km_700000_-140000,700000,-140000,-85.7035,47.327342,1840,0,0.4
ofr10km_700000_-20000,700000,-20000,-85.468093,48.389923,1840,0,0.39891304347826084
ofr10km_700000_-30000,700000,-30000,-85.488162,48.301228,1840,0,0.5657608695652174
ofr10km_700000_-40000,700000,-40000,-85.508146,48.212559,1840,0,0.3875
ofr10km_700000_-50000,700000,-50000,-85.528048,48.123916,1840,0,0.4766304347826087
ofr10km_700000_-60000,700000,-60000,-85.547866,48.0353,1840,0,0.4766304347826087
ofr10km_700000_-70000,700000,-70000,-85.567603,47.94671,1840,0,0.4766304347826087
ofr10km_700000_-80000,700000,-80000,-85.587258,47.858147,1840,0,0.4
ofr10km_700000_-90000,700000,-90000,-85.606832,47.769611,1840,0,0.4
ofr10km_700000_0,700000,0,-85.427704,48.567391,1840,4,0.39891304347826084
ofr10km_700000_10000,700000,10000,-85.407381,48.656163,1840,6,0.7717391304347826
ofr10km_700000_100000,700000,100000,-85.220551,49.456241,1840,1,0.9342391304347826
ofr10km_700000_110000,700000,110000,-85.199346,49.545261,1840,0,0.9342391304347826
ofr10km_700000_120000,700000,120000,-85.178049,49.634304,1840,0,0.4146739130434783
ofr10km_700000_130000,700000,130000,-85.15666,49.723371,1840,0,0.4146739130434783
ofr10km_700000_140000,700000,140000,-85.135178,49.812461,1840,0,0.4146739130434783
ofr10km_700000_150000,700000,150000,-85.113603,49.901574,1840,0,0.4146739130434783
ofr10km_700000_160000,700000,160000,-85.091935,49.990711,1840,0,0.4146739130434783
ofr10km_700000_170000,700000,170000,-85.070172,50.07987,1840,0,0.4146739130434783
ofr10km_700000_180000,700000,180000,-85.048314,50.169052,1840,0,0.4146739130434783
ofr10km_700000_190000,700000,190000,-85.02636,50.258257,1840,0,0.4146739130434783
ofr10km_700000_20000,700000,20000,-85.386973,48.744961,1840,0,0.9342391304347826
ofr10km_700000_200000,700000,200000,-85.00431,50.347483,1840,0,0.4146739130434783
ofr10km_700000_210000,700000,210000,-84.982163,50.436732,1840,0,0.4146739130434783
ofr10km_700000_220000,700000,220000,-84.959919,50.526003,1840,0,0.4141304347826087
ofr10km_700000_230000,700000,230000,-84.937576,50.615296,1840,0,0.4141304347826087
ofr10km_700000_240000,700000,240000,-84.915135,50.70461,1840,0,0.4141304347826087
ofr10km_700000_250000,700000,250000,-84.892594,50.793945,1840,0,0.4141304347826087
ofr10km_700000_260000,700000,260000,-84.869953,50.883302,1840,0,0.4141304347826087
ofr10km_700000_270000,700000,270000,-84.847211,50.97268,1840,0,0.4141304347826087
ofr10km_700000_280000,700000,280000,-84.824368,51.062079,1840,0,0.4141304347826087
ofr10km_700000_290000,700000,290000,-84.801422,51.151498,1840,0,0.4141304347826087
ofr10km_700000_30000,700000,30000,-85.366478,48.833785,1840,1,0.9342391304347826
ofr10km_700000_300000,700000,300000,-84.778374,51.240938,1840,0,0.4141304347826087
ofr10km_700000_310000,700000,310000,-84.755222,51.330398,1840,0,0.41358695652173916
ofr10km_700000_320000,700000,320000,-84.731966,51.419878,1840,0,0.41358695652173916
ofr10km_700000_330000,700000,330000,-84.708605,51.509378,1840,0,0.41358695652173916
ofr10km_700000_340000,700000,340000,-84.685139,51.598898,1840,0,0.41358695652173916
ofr10km_700000_350000,700000,350000,-84.661566,51.688437,1840,0,0.9315217391304348
ofr10km_700000_360000,700000,360000,-84.637886,51.777996,1840,0,0.9315217391304348
ofr10km_700000_370000,700000,370000,-84.614099,51.867574,1840,0,0.9315217391304348
ofr10km_700000_380000,700000,380000,-84.590203,51.957171,1840,0,0.9320652173913043
ofr10km_700000_390000,700000,390000,-84.566197,52.046786,1840,0,0.9320652173913043
ofr10km_700000_40000,700000,40000,-85.345897,48.922633,1840,3,0.9342391304347826
ofr10km_700000_400000,700000,400000,-84.542082,52.13642,1840,0,0.9320652173913043
ofr10km_700000_410000,700000,410000,-84.517856,52.226072,1840,0,0.9320652173913043
ofr10km_700000_420000,700000,420000,-84.493519,52.315743,1840,0,0.9320652173913043
ofr10km_700000_430000,700000,430000,-84.469069,52.405431,1840,0,0.9320652173913043
ofr10km_700000_440000,700000,440000,-84.444506,52.495137,1840,0,0.9320652173913043
ofr10km_700000_450000,700000,450000,-84.41983,52.584861,1840,0,0.9320652173913043
ofr10km_700000_460000,700000,460000,-84.395039,52.674602,1840,1,0.9320652173913043
ofr10km_700000_470000,700000,470000,-84.370132,52.764361,1840,0,0.9320652173913043
ofr10km_700000_480000,700000,480000,-84.34511,52.854136,1840,0,0.9320652173913043
ofr10km_700000_490000,700000,490000,-84.31997,52.943928,1840,1,0.9320652173913043
ofr10km_700000_50000,700000,50000,-85.325228,49.011506,1840,0,0.9342391304347826
ofr10km_700000_500000,700000,500000,-84.294713,53.033736,1840,1,0.9320652173913043
ofr10km_700000_510000,700000,510000,-84.269337,53.123561,1840,0,0.9320652173913043
ofr10km_700000_520000,700000,520000,-84.243842,53.213402,1840,0,0.9320652173913043
ofr10km_700000_530000,700000,530000,-84.218226,53.303259,1840,0,0.5260869565217391
ofr10km_700000_540000,700000,540000,-84.192489,53.393132,1840,0,0.5260869565217391
ofr10km_700000_550000,700000,550000,-84.16663,53.48302,1840,0,0.5260869565217391
ofr10km_700000_560000,700000,560000,-84.140649,53.572923,1840,0,0.5260869565217391
ofr10km_700000_570000,700000,570000,-84.114544,53.662842,1840,0,0.5260869565217391
ofr10km_700000_580000,700000,580000,-84.088314,53.752775,1840,0,0.5260869565217391
ofr10km_700000_590000,700000,590000,-84.061958,53.842723,1840,0,0.5260869565217391
ofr10km_700000_60000,700000,60000,-85.304471,49.100405,1840,0,0.9342391304347826
ofr10km_700000_600000,700000,600000,-84.035477,53.932686,1840,0,0.5260869565217391
ofr10km_700000_610000,700000,610000,-84.008868,54.022662,1840,0,0.5260869565217391
ofr10km_700000_620000,700000,620000,-83.982131,54.112653,1840,0,0.5260869565217391
ofr10km_700000_630000,700000,630000,-83.955264,54.202658,1840,0,0.5260869565217391
ofr10km_700000_640000,700000,640000,-83.928268,54.292676,1840,0,0.5260869565217391
ofr10km_700000_650000,700000,650000,-83.901141,54.382708,1840,0,0.5260869565217391
ofr10km_700000_660000,700000,660000,-83.873882,54.472752,1840,0,0.5260869565217391
ofr10km_700000_670000,700000,670000,-83.84649,54.56281,1840,0,0.5260869565217391
ofr10km_700000_680000,700000,680000,-83.818964,54.652881,1840,0,0.5260869565217391
ofr10km_700000_690000,700000,690000,-83.791304,54.742963,1840,0,0.5260869565217391
ofr10km_700000_70000,700000,70000,-85.283625,49.189327,1840,2,0.9342391304347826
ofr10km_700000_700000,700000,700000,-83.763508,54.833059,1840,0,0.5260869565217391
ofr10km_700000_710000,700000,710000,-83.735575,54.923166,1840,0,0.5260869565217391
ofr10km_700000_720000,700000,720000,-83.707504,55.013285,1840,0,0.5260869565217391
ofr10km_700000_730000,700000,730000,-83.679294,55.103416,1840,0,0.5260869565217391
ofr10km_700000_740000,700000,740000,-83.650945,55.193558,1840,0,0.5260869565217391
ofr10km_700000_80000,700000,80000,-85.26269,49.278274,1840,0,0.9342391304347826
ofr10km_700000_90000,700000,90000,-85.241666,49.367246,1840,2,0.9342391304347826
ofr10km_70000_-10000,70000,-10000,-93.976203,48.949617,1840,7,0.34402173913043477
ofr10km_70000_-20000,70000,-20000,-93.978396,48.85974,1840,1,0.34402173913043477
ofr10km_70000_-30000,70000,-30000,-93.980578,48.769894,1840,1,0.34402173913043477
ofr10km_70000_-40000,70000,-40000,-93.982752,48.680077,1840,3,0.34456521739130436
ofr10km_70000_0,70000,0,-93.974002,49.039524,1840,2,0.34402173913043477
ofr10km_70000_10000,70000,10000,-93.97179,49.12946,1840,5,0.48586956521739133
ofr10km_70000_100000,70000,100000,-93.951452,49.940206,1840,3,0.3652173913043478
ofr10km_70000_110000,70000,110000,-93.949142,50.030432,1840,1,0.37119565217391304
ofr10km_70000_120000,70000,120000,-93.946823,50.120687,1840,11,0.37119565217391304
ofr10km_70000_130000,70000,130000,-93.944493,50.21097,1840,3,0.37119565217391304
ofr10km_70000_140000,70000,140000,-93.942152,50.30128,1840,2,0.3695652173913043
ofr10km_70000_150000,70000,150000,-93.939802,50.391619,1840,0,0.37282608695652175
ofr10km_70000_160000,70000,160000,-93.93744,50.481985,1840,1,0.37282608695652175
ofr10km_70000_170000,70000,170000,-93.935069,50.572378,1840,3,0.37119565217391304
ofr10km_70000_180000,70000,180000,-93.932686,50.662799,1840,1,0.3717391304347826
ofr10km_70000_190000,70000,190000,-93.930293,50.753247,1840,0,0.3717391304347826
ofr10km_70000_20000,70000,20000,-93.96957,49.219426,1840,4,0.36086956521739133
ofr10km_70000_200000,70000,200000,-93.927889,50.843721,1840,1,0.3717391304347826
ofr10km_70000_210000,70000,210000,-93.925475,50.934223,1840,4,0.3717391304347826
ofr10km_70000_220000,70000,220000,-93.923049,51.024751,1840,3,0.3717391304347826
ofr10km_70000_230000,70000,230000,-93.920613,51.115306,1840,2,0.425
ofr10km_70000_240000,70000,240000,-93.918165,51.205887,1840,1,0.42336956521739133
ofr10km_70000_250000,70000,250000,-93.915706,51.296495,1840,2,0.42336956521739133
ofr10km_70000_260000,70000,260000,-93.913236,51.387128,1840,1,0.42336956521739133
ofr10km_70000_270000,70000,270000,-93.910755,51.477787,1840,8,0.42336956521739133
ofr10km_70000_280000,70000,280000,-93.908263,51.568473,1840,2,0.42336956521739133
ofr10km_70000_290000,70000,290000,-93.905759,51.659183,1840,1,0.5744565217391304
ofr10km_70000_30000,70000,30000,-93.967339,49.309422,1840,1,0.3652173913043478
ofr10km_70000_300000,70000,300000,-93.903243,51.749919,1840,4,0.5744565217391304
ofr10km_70000_310000,70000,310000,-93.900716,51.840681,1840,26,0.5744565217391304
ofr10km_70000_320000,70000,320000,-93.898177,51.931467,1840,3,0.933695652173913
ofr10km_70000_330000,70000,330000,-93.895627,52.022279,1840,2,0.933695652173913
ofr10km_70000_340000,70000,340000,-93.893065,52.113115,1840,2,0.933695652173913
ofr10km_70000_350000,70000,350000,-93.89049,52.203976,1840,1,0.933695652173913
ofr10km_70000_360000,70000,360000,-93.887904,52.294861,1840,1,0.9298913043478261
ofr10km_70000_370000,70000,370000,-93.885306,52.385771,1840,0,0.9298913043478261
ofr10km_70000_380000,70000,380000,-93.882695,52.476704,1840,0,0.8434782608695652
ofr10km_70000_390000,70000,390000,-93.880073,52.567662,1840,3,0.8434782608695652
ofr10km_70000_40000,70000,40000,-93.965099,49.399447,1840,0,0.3652173913043478
ofr10km_70000_400000,70000,400000,-93.877437,52.658644,1840,5,0.6766304347826086
ofr10km_70000_410000,70000,410000,-93.87479,52.749649,1840,1,0.6766304347826086
ofr10km_70000_420000,70000,420000,-93.87213,52.840678,1840,0,0.6766304347826086
ofr10km_70000_430000,70000,430000,-93.869457,52.93173,1840,2,0.6766304347826086
ofr10km_70000_440000,70000,440000,-93.866772,53.022805,1840,0,0.6766304347826086
ofr10km_70000_450000,70000,450000,-93.864074,53.113903,1840,3,0.6766304347826086
ofr10km_70000_460000,70000,460000,-93.861363,53.205025,1840,0,0.6766304347826086
ofr10km_70000_470000,70000,470000,-93.858639,53.296168,1840,1,0.6766304347826086
ofr10km_70000_480000,70000,480000,-93.855902,53.387335,1840,2,0.4141304347826087
ofr10km_70000_490000,70000,490000,-93.853152,53.478523,1840,0,0.4141304347826087
ofr10km_70000_50000,70000,50000,-93.962849,49.489501,1840,1,0.3652173913043478
ofr10km_70000_500000,70000,500000,-93.850388,53.569734,1840,2,0.4141304347826087
ofr10km_70000_60000,70000,60000,-93.96059,49.579585,1840,0,0.3652173913043478
ofr10km_70000_70000,70000,70000,-93.95832,49.669697,1840,2,0.3652173913043478
ofr10km_70000_80000,70000,80000,-93.956041,49.759838,1840,3,0.3652173913043478
ofr10km_70000_90000,70000,90000,-93.953752,49.850008,1840,7,0.3652173913043478
ofr10km_710000_-10000,710000,-10000,-85.314521,48.465124,1840,0,0.5657608695652174
ofr10km_710000_-100000,710000,-100000,-85.495322,47.667875,1840,0,0.4
ofr10km_710000_-110000,710000,-110000,-85.514998,47.579425,1840,0,0.4
ofr10km_710000_-120000,710000,-120000,-85.534593,47.491003,1840,0,0.4
ofr10km_710000_-130000,710000,-130000,-85.554109,47.402608,1840,0,0.4
ofr10km_710000_-140000,710000,-140000,-85.573544,47.314241,1840,0,0.4
ofr10km_710000_-150000,710000,-150000,-85.592901,47.225901,1840,0,0.4206521739130435
ofr10km_710000_-20000,710000,-20000,-85.334947,48.376436,1840,0,0.5657608695652174
ofr10km_710000_-30000,710000,-30000,-85.355287,48.287774,1840,0,0.5657608695652174
ofr10km_710000_-40000,710000,-40000,-85.375542,48.199137,1840,1,0.5657608695652174
ofr10km_710000_-50000,710000,-50000,-85.395713,48.110527,1840,1,0.4766304347826087
ofr10km_710000_-60000,710000,-60000,-85.4158,48.021943,1840,0,0.4766304347826087
ofr10km_710000_-70000,710000,-70000,-85.435804,47.933386,1840,0,0.4766304347826087
ofr10km_710000_-80000,710000,-80000,-85.455725,47.844855,1840,0,0.4
ofr10km_710000_-90000,710000,-90000,-85.475564,47.756352,1840,0,0.4
ofr10km_710000_0,710000,0,-85.29401,48.553838,1840,0,0.7717391304347826
ofr10km_710000_10000,710000,10000,-85.273413,48.642578,1840,6,0.9342391304347826
ofr10km_710000_100000,710000,100000,-85.084057,49.442353,1840,0,0.4146739130434783
ofr10km_710000_110000,710000,110000,-85.062565,49.531338,1840,0,0.4146739130434783
ofr10km_710000_120000,710000,120000,-85.040981,49.620346,1840,0,0.4146739130434783
ofr10km_710000_130000,710000,130000,-85.019303,49.709379,1840,0,0.4146739130434783
ofr10km_710000_140000,710000,140000,-84.997532,49.798434,1840,1,0.4146739130434783
ofr10km_710000_150000,710000,150000,-84.975666,49.887513,1840,0,0.4146739130434783
ofr10km_710000_160000,710000,160000,-84.953705,49.976614,1840,0,0.4146739130434783
ofr10km_710000_170000,710000,170000,-84.931648,50.065738,1840,0,0.4146739130434783
ofr10km_710000_180000,710000,180000,-84.909496,50.154885,1840,0,0.4146739130434783
ofr10km_710000_190000,710000,190000,-84.887246,50.244054,1840,0,0.4146739130434783
ofr10km_710000_20000,710000,20000,-85.252728,48.731343,1840,0,0.9342391304347826
ofr10km_710000_200000,710000,200000,-84.864899,50.333246,1840,0,0.4146739130434783
ofr10km_710000_210000,710000,210000,-84.842453,50.422459,1840,0,0.4146739130434783
ofr10km_710000_220000,710000,220000,-84.819909,50.511694,1840,0,0.4146739130434783
ofr10km_710000_230000,710000,230000,-84.797266,50.600951,1840,0,0.4146739130434783
ofr10km_710000_240000,710000,240000,-84.774522,50.690229,1840,0,0.4141304347826087
ofr10km_710000_250000,710000,250000,-84.751678,50.779528,1840,1,0.4141304347826087
ofr10km_710000_260000,710000,260000,-84.728732,50.868849,1840,0,0.4146739130434783
ofr10km_710000_270000,710000,270000,-84.705684,50.95819,1840,0,0.4146739130434783
ofr10km_710000_280000,710000,280000,-84.682534,51.047553,1840,0,0.4146739130434783
ofr10km_710000_290000,710000,290000,-84.65928,51.136935,1840,0,0.4146739130434783
ofr10km_710000_30000,710000,30000,-85.231956,48.820132,1840,0,0.9342391304347826
ofr10km_710000_300000,710000,300000,-84.635922,51.226338,1840,0,0.4146739130434783
ofr10km_710000_310000,710000,310000,-84.612459,51.315761,1840,0,0.41358695652173916
ofr10km_710000_320000,710000,320000,-84.58889,51.405205,1840,0,0.41358695652173916
ofr10km_710000_330000,710000,330000,-84.565216,51.494667,1840,0,0.41358695652173916
ofr10km_710000_340000,710000,340000,-84.541434,51.58415,1840,0,0.41358695652173916
ofr10km_710000_350000,710000,350000,-84.517545,51.673652,1840,0,0.9315217391304348
ofr10km_710000_360000,710000,360000,-84.493547,51.763173,1840,0,0.9315217391304348
ofr10km_710000_370000,710000,370000,-84.46944,51.852713,1840,0,0.9315217391304348
ofr10km_710000_380000,710000,380000,-84.445223,51.942271,1840,0,0.9315217391304348
ofr10km_710000_390000,710000,390000,-84.420896,52.031849,1840,0,0.9320652173913043
ofr10km_710000_40000,710000,40000,-85.211096,48.908947,1840,1,0.9342391304347826
ofr10km_710000_400000,710000,400000,-84.396458,52.121445,1840,0,0.9320652173913043
ofr10km_710000_410000,710000,410000,-84.371907,52.211059,1840,0,0.9320652173913043
ofr10km_710000_420000,710000,420000,-84.347243,52.30069,1840,0,0.9320652173913043
ofr10km_710000_430000,710000,430000,-84.322466,52.39034,1840,0,0.9320652173913043
ofr10km_710000_440000,710000,440000,-84.297574,52.480008,1840,0,0.9320652173913043
ofr10km_710000_450000,710000,450000,-84.272567,52.569692,1840,0,0.9320652173913043
ofr10km_710000_460000,710000,460000,-84.247444,52.659394,1840,0,0.9320652173913043
ofr10km_710000_470000,710000,470000,-84.222204,52.749113,1840,1,0.9320652173913043
ofr10km_710000_480000,710000,480000,-84.196847,52.838849,1840,0,0.9320652173913043
ofr10km_710000_490000,710000,490000,-84.171371,52.928602,1840,0,0.9320652173913043
ofr10km_710000_50000,710000,50000,-85.190148,48.997787,1840,0,0.9342391304347826
ofr10km_710000_500000,710000,500000,-84.145776,53.01837,1840,0,0.9320652173913043
ofr10km_710000_510000,710000,510000,-84.120061,53.108155,1840,0,0.9320652173913043
ofr10km_710000_520000,710000,520000,-84.094224,53.197956,1840,0,0.5260869565217391
ofr10km_710000_530000,710000,530000,-84.068267,53.287773,1840,0,0.5260869565217391
ofr10km_710000_540000,710000,540000,-84.042186,53.377605,1840,0,0.5260869565217391
ofr10km_710000_550000,710000,550000,-84.015982,53.467453,1840,0,0.5260869565217391
ofr10km_710000_560000,710000,560000,-83.989653,53.557316,1840,0,0.5260869565217391
ofr10km_710000_570000,710000,570000,-83.9632,53.647193,1840,0,0.5260869565217391
ofr10km_710000_580000,710000,580000,-83.93662,53.737086,1840,0,0.5260869565217391
ofr10km_710000_590000,710000,590000,-83.909913,53.826992,1840,0,0.5260869565217391
ofr10km_710000_60000,710000,60000,-85.16911,49.086652,1840,1,0.9342391304347826
ofr10km_710000_600000,710000,600000,-83.883078,53.916914,1840,0,0.5260869565217391
ofr10km_710000_610000,710000,610000,-83.856115,54.006849,1840,0,0.5260869565217391
ofr10km_710000_620000,710000,620000,-83.829021,54.096798,1840,0,0.5260869565217391
ofr10km_710000_630000,710000,630000,-83.801797,54.186761,1840,0,0.5260869565217391
ofr10km_710000_640000,710000,640000,-83.774441,54.276737,1840,0,0.5260869565217391
ofr10km_710000_650000,710000,650000,-83.746953,54.366726,1840,0,0.5260869565217391
ofr10km_710000_660000,710000,660000,-83.719331,54.456729,1840,0,0.5260869565217391
ofr10km_710000_670000,710000,670000,-83.691575,54.546744,1840,0,0.5260869565217391
ofr10km_710000_680000,710000,680000,-83.663683,54.636772,1840,0,0.5260869565217391
ofr10km_710000_690000,710000,690000,-83.635655,54.726812,1840,0,0.5260869565217391
ofr10km_710000_70000,710000,70000,-85.147983,49.175541,1840,1,0.9342391304347826
ofr10km_710000_700000,710000,700000,-83.607489,54.816864,1840,0,0.5260869565217391
ofr10km_710000_710000,710000,710000,-83.579185,54.906928,1840,0,0.5260869565217391
ofr10km_710000_720000,710000,720000,-83.550741,54.997003,1840,0,0.5260869565217391
ofr10km_710000_730000,710000,730000,-83.522157,55.087091,1840,0,0.5260869565217391
ofr10km_710000_740000,710000,740000,-83.493431,55.177189,1840,0,0.5260869565217391
ofr10km_710000_80000,710000,80000,-85.126765,49.264454,1840,0,0.9342391304347826
ofr10km_710000_90000,710000,90000,-85.105457,49.353391,1840,1,0.9342391304347826
ofr10km_720000_-10000,720000,-10000,-85.181187,48.45142,1840,3,0.5657608695652174
ofr10km_720000_-100000,720000,-100000,-85.3644,47.654466,1840,0,0.4
ofr10km_720000_-110000,720000,-110000,-85.384339,47.566048,1840,0,0.4
ofr10km_720000_-120000,720000,-120000,-85.404196,47.477658,1840,0,0.4
ofr10km_720000_-130000,720000,-130000,-85.423972,47.389295,1840,0,0.4
ofr10km_720000_-140000,720000,-140000,-85.443668,47.30096,1840,0,0.4
ofr10km_720000_-150000,720000,-150000,-85.463283,47.212653,1840,0,0.4282608695652174
ofr10km_720000_-20000,720000,-20000,-85.201885,48.362765,1840,0,0.5657608695652174
ofr10km_720000_-30000,720000,-30000,-85.222496,48.274136,1840,0,0.5657608695652174
ofr10km_720000_-40000,720000,-40000,-85.243022,48.185532,1840,2,0.5657608695652174
ofr10km_720000_-50000,720000,-50000,-85.263462,48.096955,1840,1,0.4766304347826087
ofr10km_720000_-60000,720000,-60000,-85.283817,48.008404,1840,0,0.4766304347826087
ofr10km_720000_-70000,720000,-70000,-85.304088,47.919879,1840,0,0.4766304347826087
ofr10km_720000_-80000,720000,-80000,-85.324275,47.831381,1840,0,0.4
ofr10km_720000_-90000,720000,-90000,-85.344379,47.74291,1840,0,0.4
ofr10km_720000_0,720000,0,-85.160403,48.5401,1840,1,0.5657608695652174
ofr10km_720000_10000,720000,10000,-85.139531,48.628806,1840,0,0.9342391304347826
ofr10km_720000_100000,720000,100000,-84.947655,49.428273,1840,0,0.4146739130434783
ofr10km_720000_110000,720000,110000,-84.925877,49.517224,1840,2,0.4146739130434783
ofr10km_720000_120000,720000,120000,-84.904006,49.606198,1840,0,0.4146739130434783
ofr10km_720000_130000,720000,130000,-84.88204,49.695195,1840,0,0.4146739130434783
ofr10km_720000_140000,720000,140000,-84.859979,49.784215,1840,3,0.4146739130434783
ofr10km_720000_150000,720000,150000,-84.837823,49.873259,1840,0,0.4146739130434783
ofr10km_720000_160000,720000,160000,-84.81557,49.962325,1840,0,0.4146739130434783
ofr10km_720000_170000,720000,170000,-84.793221,50.051413,1840,0,0.4146739130434783
ofr10km_720000_180000,720000,180000,-84.770774,50.140524,1840,0,0.4146739130434783
ofr10km_720000_190000,720000,190000,-84.748229,50.229658,1840,0,0.4146739130434783
ofr10km_720000_20000,720000,20000,-85.118571,48.717537,1840,0,0.9342391304347826
ofr10km_720000_200000,720000,200000,-84.725586,50.318813,1840,0,0.4146739130434783
ofr10km_720000_210000,720000,210000,-84.702843,50.40799,1840,0,0.4146739130434783
ofr10km_720000_220000,720000,220000,-84.679999,50.497189,1840,0,0.4146739130434783
ofr10km_720000_230000,720000,230000,-84.657056,50.58641,1840,0,0.4146739130434783
ofr10km_720000_240000,720000,240000,-84.634011,50.675651,1840,0,0.4146739130434783
ofr10km_720000_250000,720000,250000,-84.610864,50.764914,1840,0,0.4146739130434783
ofr10km_720000_260000,720000,260000,-84.587614,50.854198,1840,0,0.4146739130434783
ofr10km_720000_270000,720000,270000,-84.564261,50.943503,1840,0,0.4146739130434783
ofr10km_720000_280000,720000,280000,-84.540804,51.032828,1840,0,0.4146739130434783
ofr10km_720000_290000,720000,290000,-84.517242,51.122173,1840,0,0.4146739130434783
ofr10km_720000_30000,720000,30000,-85.097522,48.806293,1840,0,0.9342391304347826
ofr10km_720000_300000,720000,300000,-84.493574,51.211539,1840,0,0.4146739130434783
ofr10km_720000_310000,720000,310000,-84.469801,51.300925,1840,0,0.41358695652173916
ofr10km_720000_320000,720000,320000,-84.445921,51.39033,1840,1,0.41358695652173916
ofr10km_720000_330000,720000,330000,-84.421933,51.479756,1840,0,0.41358695652173916
ofr10km_720000_340000,720000,340000,-84.397837,51.5692,1840,0,0.41358695652173916
ofr10km_720000_350000,720000,350000,-84.373632,51.658664,1840,0,0.9315217391304348
ofr10km_720000_360000,720000,360000,-84.349317,51.748147,1840,0,0.9315217391304348
ofr10km_720000_370000,720000,370000,-84.324891,51.837649,1840,0,0.9315217391304348
ofr10km_720000_380000,720000,380000,-84.300355,51.927169,1840,0,0.9315217391304348
ofr10km_720000_390000,720000,390000,-84.275706,52.016708,1840,0,0.9320652173913043
ofr10km_720000_40000,720000,40000,-85.076385,48.895074,1840,0,0.9342391304347826
ofr10km_720000_400000,720000,400000,-84.250945,52.106265,1840,0,0.9320652173913043
ofr10km_720000_410000,720000,410000,-84.22607,52.19584,1840,0,0.9320652173913043
ofr10km_720000_420000,720000,420000,-84.201081,52.285433,1840,0,0.9320652173913043
ofr10km_720000_430000,720000,430000,-84.175977,52.375043,1840,0,0.9320652173913043
ofr10km_720000_440000,720000,440000,-84.150757,52.464671,1840,0,0.9320652173913043
ofr10km_720000_450000,720000,450000,-84.12542,52.554317,1840,0,0.9320652173913043
ofr10km_720000_460000,720000,460000,-84.099966,52.643979,1840,0,0.9320652173913043
ofr10km_720000_470000,720000,470000,-84.074394,52.733658,1840,0,0.9320652173913043
ofr10km_720000_480000,720000,480000,-84.048702,52.823354,1840,0,0.9320652173913043
ofr10km_720000_490000,720000,490000,-84.022891,52.913066,1840,0,0.9320652173913043
ofr10km_720000_50000,720000,50000,-85.055157,48.98388,1840,0,0.9342391304347826
ofr10km_720000_500000,720000,500000,-83.996959,53.002795,1840,0,0.9320652173913043
ofr10km_720000_510000,720000,510000,-83.970905,53.09254,1840,0,0.9320652173913043
ofr10km_720000_520000,720000,520000,-83.944729,53.1823,1840,0,0.5260869565217391
ofr10km_720000_530000,720000,530000,-83.91843,53.272076,1840,0,0.5260869565217391
ofr10km_720000_540000,720000,540000,-83.892006,53.361867,1840,0,0.5260869565217391
ofr10km_720000_550000,720000,550000,-83.865458,53.451674,1840,0,0.5260869565217391
ofr10km_720000_560000,720000,560000,-83.838783,53.541495,1840,0,0.5260869565217391
ofr10km_720000_570000,720000,570000,-83.811982,53.631332,1840,0,0.5260869565217391
ofr10km_720000_580000,720000,580000,-83.785053,53.721182,1840,0,0.5260869565217391
ofr10km_720000_590000,720000,590000,-83.757996,53.811048,1840,0,0.5260869565217391
ofr10km_720000_60000,720000,60000,-85.03384,49.07271,1840,0,0.9342391304347826
ofr10km_720000_600000,720000,600000,-83.730808,53.900927,1840,0,0.5260869565217391
ofr10km_720000_610000,720000,610000,-83.703491,53.99082,1840,0,0.5260869565217391
ofr10km_720000_620000,720000,620000,-83.676042,54.080727,1840,0,0.5260869565217391
ofr10km_720000_630000,720000,630000,-83.648461,54.170647,1840,0,0.5260869565217391
ofr10km_720000_640000,720000,640000,-83.620747,54.260581,1840,0,0.5260869565217391
ofr10km_720000_650000,720000,650000,-83.592898,54.350528,1840,0,0.5260869565217391
ofr10km_720000_660000,720000,660000,-83.564915,54.440487,1840,0,0.5260869565217391
ofr10km_720000_670000,720000,670000,-83.536795,54.530459,1840,1,0.5260869565217391
ofr10km_720000_680000,720000,680000,-83.508538,54.620444,1840,0,0.5260869565217391
ofr10km_720000_690000,720000,690000,-83.480143,54.71044,1840,0,0.5260869565217391
ofr10km_720000_70000,720000,70000,-85.012431,49.161565,1840,1,0.9342391304347826
ofr10km_720000_700000,720000,700000,-83.451608,54.800449,1840,0,0.5260869565217391
ofr10km_720000_710000,720000,710000,-83.422934,54.890469,1840,0,0.5260869565217391
ofr10km_720000_720000,720000,720000,-83.394119,54.980501,1840,0,0.5260869565217391
ofr10km_720000_730000,720000,730000,-83.365161,55.070543,1840,0,0.5260869565217391
ofr10km_720000_740000,720000,740000,-83.33606,55.160597,1840,0,0.5260869565217391
ofr10km_720000_80000,720000,80000,-84.990931,49.250444,1840,1,0.9342391304347826
ofr10km_720000_90000,720000,90000,-84.969339,49.339347,1840,1,0.4146739130434783
ofr10km_730000_-10000,730000,-10000,-85.04794,48.43753,1840,3,0.5657608695652174
ofr10km_730000_-100000,730000,-100000,-85.23356,47.640875,1840,0,0.4
ofr10km_730000_-110000,730000,-110000,-85.253762,47.552491,1840,0,0.4
ofr10km_730000_-120000,730000,-120000,-85.27388,47.464133,1840,0,0.4
ofr10km_730000_-130000,730000,-130000,-85.293916,47.375803,1840,0,0.4
ofr10km_730000_-140000,730000,-140000,-85.313871,47.2875,1840,0,0.4282608695652174
ofr10km_730000_-150000,730000,-150000,-85.333744,47.199225,1840,0,0.4282608695652174
ofr10km_730000_-160000,730000,-160000,-85.353537,47.110977,1840,0,0.44456521739130433
ofr10km_730000_-20000,730000,-20000,-85.06891,48.348909,1840,3,0.5657608695652174
ofr10km_730000_-30000,730000,-30000,-85.089792,48.260313,1840,4,0.5657608695652174
ofr10km_730000_-40000,730000,-40000,-85.110587,48.171743,1840,1,0.47608695652173916
ofr10km_730000_-50000,730000,-50000,-85.131295,48.0832,1840,1,0.47608695652173916
ofr10km_730000_-60000,730000,-60000,-85.151918,47.994682,1840,1,0.4766304347826087
ofr10km_730000_-70000,730000,-70000,-85.172455,47.90619,1840,0,0.47608695652173916
ofr10km_730000_-80000,730000,-80000,-85.192908,47.817725,1840,0,0.47608695652173916
ofr10km_730000_-90000,730000,-90000,-85.213276,47.729287,1840,0,0.4
ofr10km_730000_0,730000,0,-85.026883,48.526176,1840,1,0.5657608695652174
ofr10km_730000_10000,730000,10000,-85.005737,48.614848,1840,2,0.8353260869565218
ofr10km_730000_100000,730000,100000,-84.811346,49.414004,1840,0,0.4146739130434783
ofr10km_730000_110000,730000,110000,-84.789283,49.50292,1840,0,0.4146739130434783
ofr10km_730000_120000,730000,120000,-84.767125,49.591858,1840,0,0.4146739130434783
ofr10km_730000_130000,730000,130000,-84.744872,49.68082,1840,0,0.4146739130434783
ofr10km_730000_140000,730000,140000,-84.722523,49.769805,1840,2,0.4146739130434783
ofr10km_730000_150000,730000,150000,-84.700076,49.858812,1840,0,0.4146739130434783
ofr10km_730000_160000,730000,160000,-84.677533,49.947842,1840,1,0.4146739130434783
ofr10km_730000_170000,730000,170000,-84.654891,50.036895,1840,0,0.4146739130434783
ofr10km_730000_180000,730000,180000,-84.632151,50.12597,1840,0,0.4146739130434783
ofr10km_730000_190000,730000,190000,-84.609311,50.215067,1840,0,0.4146739130434783
ofr10km_730000_20000,730000,20000,-84.984502,48.703545,1840,1,0.9342391304347826
ofr10km_730000_200000,730000,200000,-84.586372,50.304186,1840,0,0.4146739130434783
ofr10km_730000_210000,730000,210000,-84.563332,50.393327,1840,0,0.4146739130434783
ofr10km_730000_220000,730000,220000,-84.54019,50.482489,1840,0,0.4146739130434783
ofr10km_730000_230000,730000,230000,-84.516947,50.571673,1840,0,0.4146739130434783
ofr10km_730000_240000,730000,240000,-84.493601,50.660877,1840,0,0.4146739130434783
ofr10km_730000_250000,730000,250000,-84.470152,50.750103,1840,0,0.4146739130434783
ofr10km_730000_260000,730000,260000,-84.446599,50.83935,1840,1,0.4146739130434783
ofr10km_730000_270000,730000,270000,-84.422941,50.928617,1840,0,0.4146739130434783
ofr10km_730000_280000,730000,280000,-84.399178,51.017905,1840,0,0.4146739130434783
ofr10km_730000_290000,730000,290000,-84.375309,51.107213,1840,0,0.4146739130434783
ofr10km_730000_30000,730000,30000,-84.963178,48.792267,1840,0,0.9342391304347826
ofr10km_730000_300000,730000,300000,-84.351333,51.196541,1840,0,0.41358695652173916
ofr10km_730000_310000,730000,310000,-84.32725,51.285889,1840,0,0.41358695652173916
ofr10km_730000_320000,730000,320000,-84.303058,51.375256,1840,0,0.41358695652173916
ofr10km_730000_330000,730000,330000,-84.278758,51.464643,1840,0,0.41358695652173916
ofr10km_730000_340000,730000,340000,-84.254348,51.554049,1840,0,0.41358695652173916
ofr10km_730000_350000,730000,350000,-84.229828,51.643475,1840,0,0.41358695652173916
ofr10km_730000_360000,730000,360000,-84.205197,51.732919,1840,0,0.41358695652173916
ofr10km_730000_370000,730000,370000,-84.180454,51.822382,1840,0,0.41358695652173916
ofr10km_730000_380000,730000,380000,-84.155598,51.911863,1840,0,0.9315217391304348
ofr10km_730000_390000,730000,390000,-84.130629,52.001363,1840,0,0.9320652173913043
ofr10km_730000_40000,730000,40000,-84.941763,48.881014,1840,0,0.9342391304347826
ofr10km_730000_400000,730000,400000,-84.105546,52.090881,1840,0,0.9320652173913043
ofr10km_730000_410000,730000,410000,-84.080348,52.180417,1840,0,0.9320652173913043
ofr10km_730000_420000,730000,420000,-84.055034,52.26997,1840,0,0.9320652173913043
ofr10km_730000_430000,730000,430000,-84.029604,52.359541,1840,1,0.9320652173913043
ofr10km_730000_440000,730000,440000,-84.004056,52.449129,1840,0,0.9320652173913043
ofr10km_730000_450000,730000,450000,-83.978391,52.538735,1840,1,0.9320652173913043
ofr10km_730000_460000,730000,460000,-83.952606,52.628357,1840,0,0.9320652173913043
ofr10km_730000_470000,730000,470000,-83.926702,52.717996,1840,0,0.9320652173913043
ofr10km_730000_480000,730000,480000,-83.900678,52.807651,1840,0,0.9320652173913043
ofr10km_730000_490000,730000,490000,-83.874532,52.897323,1840,0,0.9320652173913043
ofr10km_730000_50000,730000,50000,-84.920257,48.969785,1840,0,0.9342391304347826
ofr10km_730000_500000,730000,500000,-83.848263,52.98701,1840,0,0.9320652173913043
ofr10km_730000_510000,730000,510000,-83.821872,53.076714,1840,0,0.5260869565217391
ofr10km_730000_520000,730000,520000,-83.795357,53.166433,1840,0,0.5260869565217391
ofr10km_730000_530000,730000,530000,-83.768717,53.256168,1840,0,0.5260869565217391
ofr10km_730000_540000,730000,540000,-83.741951,53.345918,1840,0,0.5260869565217391
ofr10km_730000_550000,730000,550000,-83.715059,53.435683,1840,0,0.5260869565217391
ofr10km_730000_560000,730000,560000,-83.68804,53.525463,1840,0,0.5260869565217391
ofr10km_730000_570000,730000,570000,-83.660892,53.615257,1840,0,0.5260869565217391
ofr10km_730000_580000,730000,580000,-83.633615,53.705066,1840,0,0.5260869565217391
ofr10km_730000_590000,730000,590000,-83.606208,53.794889,1840,0,0.5260869565217391
ofr10km_730000_60000,730000,60000,-84.89866,49.058581,1840,0,0.9342391304347826
ofr10km_730000_600000,730000,600000,-83.578669,53.884726,1840,0,0.5260869565217391
ofr10km_730000_610000,730000,610000,-83.550999,53.974576,1840,0,0.5260869565217391
ofr10km_730000_620000,730000,620000,-83.523196,54.06444,1840,0,0.5260869565217391
ofr10km_730000_630000,730000,630000,-83.495259,54.154318,1840,0,0.5260869565217391
ofr10km_730000_640000,730000,640000,-83.467187,54.244208,1840,0,0.5260869565217391
ofr10km_730000_650000,730000,650000,-83.438979,54.334112,1840,0,0.5260869565217391
ofr10km_730000_660000,730000,660000,-83.410634,54.424028,1840,0,0.5260869565217391
ofr10km_730000_670000,730000,670000,-83.382152,54.513956,1840,0,0.5260869565217391
ofr10km_730000_680000,730000,680000,-83.353531,54.603897,1840,0,0.5260869565217391
ofr10km_730000_690000,730000,690000,-83.32477,54.693849,1840,0,0.5260869565217391
ofr10km_730000_70000,730000,70000,-84.876971,49.147401,1840,1,0.9342391304347826
ofr10km_730000_700000,730000,700000,-83.295868,54.783814,1840,0,0.5260869565217391
ofr10km_730000_710000,730000,710000,-83.266825,54.87379,1840,0,0.5260869565217391
ofr10km_730000_720000,730000,720000,-83.237638,54.963777,1840,0,0.5260869565217391
ofr10km_730000_730000,730000,730000,-83.208308,55.053775,1840,0,0.5260869565217391
ofr10km_730000_740000,730000,740000,-83.178833,55.143784,1840,0,0.5260869565217391
ofr10km_730000_80000,730000,80000,-84.855189,49.236245,1840,1,0.9342391304347826
ofr10km_730000_90000,730000,90000,-84.833314,49.325113,1840,0,0.4146739130434783
ofr10km_740000_-10000,740000,-10000,-84.914782,48.423455,1840,1,0.5657608695652174
ofr10km_740000_-100000,740000,-100000,-85.102804,47.627104,1840,0,0.47608695652173916
ofr10km_740000_-110000,740000,-110000,-85.123267,47.538753,1840,0,0.4
ofr10km_740000_-120000,740000,-120000,-85.143646,47.450428,1840,0,0.4
ofr10km_740000_-130000,740000,-130000,-85.163942,47.362131,1840,0,0.4282608695652174
ofr10km_740000_-140000,740000,-140000,-85.184156,47.273861,1840,0,0.4282608695652174
ofr10km_740000_-150000,740000,-150000,-85.204287,47.185618,1840,0,0.4282608695652174
ofr10km_740000_-160000,740000,-160000,-85.224336,47.097403,1840,0,0.36630434782608695
ofr10km_740000_-20000,740000,-20000,-84.936022,48.334868,1840,1,0.5657608695652174
ofr10km_740000_-30000,740000,-30000,-84.957174,48.246307,1840,2,0.47608695652173916
ofr10km_740000_-40000,740000,-40000,-84.978238,48.157771,1840,0,0.47608695652173916
ofr10km_740000_-50000,740000,-50000,-84.999215,48.069261,1840,0,0.47608695652173916
ofr10km_740000_-60000,740000,-60000,-85.020104,47.980777,1840,0,0.47608695652173916
ofr10km_740000_-70000,740000,-70000,-85.040907,47.892319,1840,0,0.47608695652173916
ofr10km_740000_-80000,740000,-80000,-85.061625,47.803887,1840,0,0.47608695652173916
ofr10km_740000_-90000,740000,-90000,-85.082257,47.715482,1840,0,0.47608695652173916
ofr10km_740000_0,740000,0,-84.893452,48.512067,1840,3,0.5657608695652174
ofr10km_740000_10000,740000,10000,-84.872033,48.600705,1840,0,0.5657608695652174
ofr10km_740000_100000,740000,100000,-84.675131,49.399546,1840,3,0.4146739130434783
ofr10km_740000_110000,740000,110000,-84.652784,49.488425,1840,1,0.4146739130434783
ofr10km_740000_120000,740000,120000,-84.63034,49.577328,1840,1,0.4146739130434783
ofr10km_740000_130000,740000,130000,-84.6078,49.666254,1840,0,0.4146739130434783
ofr10km_740000_140000,740000,140000,-84.585163,49.755202,1840,2,0.4146739130434783
ofr10km_740000_150000,740000,150000,-84.562427,49.844174,1840,0,0.4146739130434783
ofr10km_740000_160000,740000,160000,-84.539593,49.933168,1840,0,0.4146739130434783
ofr10km_740000_170000,740000,170000,-84.51666,50.022184,1840,1,0.4146739130434783
ofr10km_740000_180000,740000,180000,-84.493627,50.111222,1840,0,0.4146739130434783
ofr10km_740000_190000,740000,190000,-84.470493,50.200283,1840,0,0.4146739130434783
ofr10km_740000_20000,740000,20000,-84.850523,48.689367,1840,0,0.9342391304347826
ofr10km_740000_200000,740000,200000,-84.447258,50.289365,1840,0,0.4146739130434783
ofr10km_740000_210000,740000,210000,-84.423922,50.378468,1840,0,0.4146739130434783
ofr10km_740000_220000,740000,220000,-84.400483,50.467594,1840,1,0.4146739130434783
ofr10km_740000_230000,740000,230000,-84.376941,50.55674,1840,0,0.4146739130434783
ofr10km_740000_240000,740000,240000,-84.353294,50.645907,1840,0,0.4146739130434783
ofr10km_740000_250000,740000,250000,-84.329544,50.735096,1840,0,0.4146739130434783
ofr10km_740000_260000,740000,260000,-84.305688,50.824305,1840,0,0.4146739130434783
ofr10km_740000_270000,740000,270000,-84.281726,50.913534,1840,0,0.4146739130434783
ofr10km_740000_280000,740000,280000,-84.257658,51.002784,1840,0,0.4146739130434783
ofr10km_740000_290000,740000,290000,-84.233483,51.092054,1840,0,0.4146739130434783
ofr10km_740000_30000,740000,30000,-84.828923,48.778055,1840,0,0.9342391304347826
ofr10km_740000_300000,740000,300000,-84.209199,51.181343,1840,0,0.41358695652173916
ofr10km_740000_310000,740000,310000,-84.184807,51.270653,1840,0,0.41358695652173916
ofr10km_740000_320000,740000,320000,-84.160305,51.359982,1840,0,0.41358695652173916
ofr10km_740000_330000,740000,330000,-84.135693,51.44933,1840,0,0.41358695652173916
ofr10km_740000_340000,740000,340000,-84.11097,51.538698,1840,0,0.41358695652173916
ofr10km_740000_350000,740000,350000,-84.086136,51.628084,1840,0,0.41358695652173916
ofr10km_740000_360000,740000,360000,-84.061189,51.717489,1840,0,0.41358695652173916
ofr10km_740000_370000,740000,370000,-84.036129,51.806913,1840,0,0.41358695652173916
ofr10km_740000_380000,740000,380000,-84.010955,51.896355,1840,0,0.41358695652173916
ofr10km_740000_390000,740000,390000,-83.985666,51.985815,1840,0,0.3875
ofr10km_740000_40000,740000,40000,-84.807231,48.866767,1840,2,0.9342391304347826
ofr10km_740000_400000,740000,400000,-83.960262,52.075293,1840,0,0.3875
ofr10km_740000_410000,740000,410000,-83.934741,52.164789,1840,0,0.3875
ofr10km_740000_420000,740000,420000,-83.909103,52.254302,1840,0,0.9320652173913043
ofr10km_740000_430000,740000,430000,-83.883348,52.343833,1840,0,0.9320652173913043
ofr10km_740000_440000,740000,440000,-83.857474,52.433381,1840,0,0.9320652173913043
ofr10km_740000_450000,740000,450000,-83.83148,52.522946,1840,0,0.9320652173913043
ofr10km_740000_460000,740000,460000,-83.805366,52.612527,1840,0,0.9320652173913043
ofr10km_740000_470000,740000,470000,-83.779131,52.702126,1840,0,0.9320652173913043
ofr10km_740000_480000,740000,480000,-83.752774,52.79174,1840,0,0.9320652173913043
ofr10km_740000_490000,740000,490000,-83.726295,52.881371,1840,0,0.9320652173913043
ofr10km_740000_50000,740000,50000,-84.785448,48.955503,1840,0,0.9342391304347826
ofr10km_740000_500000,740000,500000,-83.699691,52.971017,1840,0,0.9320652173913043
ofr10km_740000_510000,740000,510000,-83.672963,53.060679,1840,0,0.5260869565217391
ofr10km_740000_520000,740000,520000,-83.64611,53.150357,1840,1,0.5260869565217391
ofr10km_740000_530000,740000,530000,-83.61913,53.24005,1840,1,0.5260869565217391
ofr10km_740000_540000,740000,540000,-83.592023,53.329758,1840,1,0.5260869565217391
ofr10km_740000_550000,740000,550000,-83.564788,53.419481,1840,0,0.5260869565217391
ofr10km_740000_560000,740000,560000,-83.537425,53.509218,1840,0,0.5260869565217391
ofr10km_740000_570000,740000,570000,-83.509931,53.59897,1840,0,0.5260869565217391
ofr10km_740000_580000,740000,580000,-83.482307,53.688736,1840,0,0.5260869565217391
ofr10km_740000_590000,740000,590000,-83.454551,53.778516,1840,0,0.5260869565217391
ofr10km_740000_60000,740000,60000,-84.763572,49.044264,1840,0,0.9342391304347826
ofr10km_740000_600000,740000,600000,-83.426662,53.86831,1840,0,0.5260869565217391
ofr10km_740000_610000,740000,610000,-83.39864,53.958118,1840,0,0.5260869565217391
ofr10km_740000_620000,740000,620000,-83.370483,54.047939,1840,0,0.5260869565217391
ofr10km_740000_630000,740000,630000,-83.342191,54.137773,1840,0,0.5260869565217391
ofr10km_740000_640000,740000,640000,-83.313762,54.22762,1840,1,0.5260869565217391
ofr10km_740000_650000,740000,650000,-83.285196,54.317479,1840,0,0.5260869565217391
ofr10km_740000_660000,740000,660000,-83.256492,54.407351,1840,0,0.5260869565217391
ofr10km_740000_670000,740000,670000,-83.227648,54.497235,1840,0,0.5260869565217391
ofr10km_740000_680000,740000,680000,-83.198664,54.587132,1840,0,0.5260869565217391
ofr10km_740000_690000,740000,690000,-83.169538,54.67704,1840,0,0.5260869565217391
ofr10km_740000_70000,740000,70000,-84.741603,49.133048,1840,0,0.9342391304347826
ofr10km_740000_700000,740000,700000,-83.14027,54.766959,1840,0,0.5260869565217391
ofr10km_740000_710000,740000,710000,-83.110858,54.85689,1840,0,0.5260869565217391
ofr10km_740000_720000,740000,720000,-83.081302,54.946832,1840,0,0.5260869565217391
ofr10km_740000_730000,740000,730000,-83.0516,55.036785,1840,0,0.5260869565217391
ofr10km_740000_740000,740000,740000,-83.021752,55.126749,1840,0,0.5260869565217391
ofr10km_740000_750000,740000,750000,-82.991756,55.216723,1840,0,0.5260869565217391
ofr10km_740000_80000,740000,80000,-84.71954,49.221857,1840,0,0.4146739130434783
ofr10km_740000_90000,740000,90000,-84.697383,49.31069,1840,0,0.4146739130434783
ofr10km_750000_-10000,750000,-10000,-84.781712,48.409196,1840,2,0.5657608695652174
ofr10km_750000_-100000,750000,-100000,-84.972132,47.613152,1840,0,0.47608695652173916
ofr10km_750000_-110000,750000,-110000,-84.992856,47.524834,1840,0,0.47608695652173916
ofr10km_750000_-120000,750000,-120000,-85.013496,47.436543,1840,0,0.47608695652173916
ofr10km_750000_-130000,750000,-130000,-85.034051,47.348279,1840,0,0.4282608695652174
ofr10km_750000_-140000,750000,-140000,-85.054523,47.260042,1840,0,0.4282608695652174
ofr10km_750000_-150000,750000,-150000,-85.074911,47.171832,1840,0,0.36630434782608695
ofr10km_750000_-160000,750000,-160000,-85.095216,47.08365,1840,0,0.36630434782608695
ofr10km_750000_-20000,750000,-20000,-84.803223,48.320643,1840,0,0.5657608695652174
ofr10km_750000_-30000,750000,-30000,-84.824644,48.232116,1840,1,0.47608695652173916
ofr10km_750000_-40000,750000,-40000,-84.845977,48.143615,1840,1,0.47608695652173916
ofr10km_750000_-50000,750000,-50000,-84.867221,48.055139,1840,1,0.47608695652173916
ofr10km_750000_-60000,750000,-60000,-84.888377,47.966689,1840,1,0.47608695652173916
ofr10km_750000_-70000,750000,-70000,-84.909446,47.878266,1840,1,0.47608695652173916
ofr10km_750000_-80000,750000,-80000,-84.930427,47.789868,1840,0,0.47608695652173916
ofr10km_750000_-90000,750000,-90000,-84.951323,47.701497,1840,0,0.47608695652173916
ofr10km_750000_0,750000,0,-84.76011,48.497773,1840,2,0.5657608695652174
ofr10km_750000_10000,750000,10000,-84.738418,48.586376,1840,0,0.8353260869565218
ofr10km_750000_100000,750000,100000,-84.539012,49.384897,1840,0,0.4146739130434783
ofr10km_750000_110000,750000,110000,-84.516381,49.473741,1840,0,0.4146739130434783
ofr10km_750000_120000,750000,120000,-84.493652,49.562607,1840,1,0.4146739130434783
ofr10km_750000_130000,750000,130000,-84.470826,49.651497,1840,0,0.4146739130434783
ofr10km_750000_140000,750000,140000,-84.447901,49.740409,1840,5,0.4146739130434783
ofr10km_750000_150000,750000,150000,-84.424877,49.829344,1840,2,0.4146739130434783
ofr10km_750000_160000,750000,160000,-84.401753,49.918301,1840,0,0.4146739130434783
ofr10km_750000_170000,750000,170000,-84.378529,50.00728,1840,0,0.4146739130434783
ofr10km_750000_180000,750000,180000,-84.355203,50.096281,1840,2,0.4146739130434783
ofr10km_750000_190000,750000,190000,-84.331776,50.185305,1840,0,0.4146739130434783
ofr10km_750000_20000,750000,20000,-84.716635,48.675004,1840,0,0.9342391304347826
ofr10km_750000_200000,750000,200000,-84.308247,50.274349,1840,0,0.4146739130434783
ofr10km_750000_210000,750000,210000,-84.284615,50.363416,1840,0,0.4146739130434783
ofr10km_750000_220000,750000,220000,-84.260879,50.452503,1840,0,0.4146739130434783
ofr10km_750000_230000,750000,230000,-84.237038,50.541612,1840,0,0.4146739130434783
ofr10km_750000_240000,750000,240000,-84.213093,50.630742,1840,0,0.4146739130434783
ofr10km_750000_250000,750000,250000,-84.189041,50.719892,1840,0,0.4146739130434783
ofr10km_750000_260000,750000,260000,-84.164884,50.809063,1840,0,0.4146739130434783
ofr10km_750000_270000,750000,270000,-84.140619,50.898254,1840,0,0.4146739130434783
ofr10km_750000_280000,750000,280000,-84.116246,50.987465,1840,0,0.4146739130434783
ofr10km_750000_290000,750000,290000,-84.091765,51.076696,1840,0,0.4146739130434783
ofr10km_750000_30000,750000,30000,-84.69476,48.763656,1840,0,0.9342391304347826
ofr10km_750000_300000,750000,300000,-84.067174,51.165947,1840,0,0.4146739130434783
ofr10km_750000_310000,750000,310000,-84.042473,51.255218,1840,0,0.41358695652173916
ofr10km_750000_320000,750000,320000,-84.017662,51.344508,1840,0,0.41358695652173916
ofr10km_750000_330000,750000,330000,-83.992739,51.433817,1840,0,0.41358695652173916
ofr10km_750000_340000,750000,340000,-83.967704,51.523145,1840,0,0.41358695652173916
ofr10km_750000_350000,750000,350000,-83.942556,51.612492,1840,0,0.41358695652173916
ofr10km_750000_360000,750000,360000,-83.917294,51.701858,1840,0,0.41358695652173916
ofr10km_750000_370000,750000,370000,-83.891918,51.791242,1840,0,0.9320652173913043
ofr10km_750000_380000,750000,380000,-83.866426,51.880644,1840,0,0.3875
ofr10km_750000_390000,750000,390000,-83.840818,51.970064,1840,0,0.3875
ofr10km_750000_40000,750000,40000,-84.672792,48.852332,1840,0,0.9342391304347826
ofr10km_750000_400000,750000,400000,-83.815094,52.059502,1840,0,0.3875
ofr10km_750000_410000,750000,410000,-83.789251,52.148957,1840,0,0.3875
ofr10km_750000_420000,750000,420000,-83.763291,52.23843,1840,0,0.3875
ofr10km_750000_430000,750000,430000,-83.737211,52.32792,1840,0,0.3875
ofr10km_750000_440000,750000,440000,-83.711011,52.417427,1840,0,0.3875
ofr10km_750000_450000,750000,450000,-83.68469,52.506951,1840,0,0.3875
ofr10km_750000_460000,750000,460000,-83.658248,52.596492,1840,0,0.9320652173913043
ofr10km_750000_470000,750000,470000,-83.631682,52.686048,1840,0,0.9320652173913043
ofr10km_750000_480000,750000,480000,-83.604994,52.775621,1840,0,0.9320652173913043
ofr10km_750000_490000,750000,490000,-83.578181,52.86521,1840,0,0.9320652173913043
ofr10km_750000_50000,750000,50000,-84.650731,48.941033,1840,1,0.9342391304347826
ofr10km_750000_500000,750000,500000,-83.551243,52.954815,1840,1,0.9320652173913043
ofr10km_750000_510000,750000,510000,-83.524179,53.044435,1840,1,0.5260869565217391
ofr10km_750000_520000,750000,520000,-83.496989,53.134071,1840,0,0.5260869565217391
ofr10km_750000_530000,750000,530000,-83.46967,53.223721,1840,0,0.5260869565217391
ofr10km_750000_540000,750000,540000,-83.442223,53.313387,1840,0,0.5260869565217391
ofr10km_750000_550000,750000,550000,-83.414646,53.403067,1840,0,0.5260869565217391
ofr10km_750000_560000,750000,560000,-83.386939,53.492762,1840,0,0.5260869565217391
ofr10km_750000_570000,750000,570000,-83.359101,53.582471,1840,0,0.5260869565217391
ofr10km_750000_580000,750000,580000,-83.33113,53.672194,1840,1,0.5260869565217391
ofr10km_750000_590000,750000,590000,-83.303026,53.761931,1840,0,0.5260869565217391
ofr10km_750000_60000,750000,60000,-84.628577,49.029759,1840,0,0.9342391304347826
ofr10km_750000_600000,750000,600000,-83.274788,53.851681,1840,0,0.5260869565217391
ofr10km_750000_610000,750000,610000,-83.246415,53.941445,1840,0,0.5260869565217391
ofr10km_750000_620000,750000,620000,-83.217906,54.031222,1840,0,0.5260869565217391
ofr10km_750000_630000,750000,630000,-83.189259,54.121012,1840,0,0.5260869565217391
ofr10km_750000_640000,750000,640000,-83.160475,54.210815,1840,0,0.5260869565217391
ofr10km_750000_650000,750000,650000,-83.131552,54.30063,1840,0,0.5260869565217391
ofr10km_750000_660000,750000,660000,-83.102488,54.390457,1840,0,0.5260869565217391
ofr10km_750000_670000,750000,670000,-83.073284,54.480297,1840,0,0.5260869565217391
ofr10km_750000_680000,750000,680000,-83.043938,54.570148,1840,0,0.5260869565217391
ofr10km_750000_690000,750000,690000,-83.014448,54.660011,1840,0,0.5260869565217391
ofr10km_750000_70000,750000,70000,-84.606329,49.118508,1840,0,0.4146739130434783
ofr10km_750000_700000,750000,700000,-82.984815,54.749886,1840,0,0.5260869565217391
ofr10km_750000_710000,750000,710000,-82.955036,54.839771,1840,0,0.5260869565217391
ofr10km_750000_720000,750000,720000,-82.925111,54.929667,1840,0,0.5260869565217391
ofr10km_750000_730000,750000,730000,-82.895039,55.019574,1840,0,0.5260869565217391
ofr10km_750000_740000,750000,740000,-82.864819,55.109492,1840,0,0.5260869565217391
ofr10km_750000_80000,750000,80000,-84.583985,49.207281,1840,0,0.4146739130434783
ofr10km_750000_90000,750000,90000,-84.561547,49.296077,1840,0,0.4146739130434783
ofr10km_760000_-10000,760000,-10000,-84.648732,48.394752,1840,0,0.5657608695652174
ofr10km_760000_-100000,760000,-100000,-84.841546,47.599019,1840,1,0.47608695652173916
ofr10km_760000_-110000,760000,-110000,-84.86253,47.510735,1840,0,0.47608695652173916
ofr10km_760000_-120000,760000,-120000,-84.88343,47.422478,1840,0,0.47608695652173916
ofr10km_760000_-130000,760000,-130000,-84.904244,47.334248,1840,0,0.4282608695652174
ofr10km_760000_-140000,760000,-140000,-84.924973,47.246044,1840,0,0.4282608695652174
ofr10km_760000_-150000,760000,-150000,-84.945618,47.157868,1840,0,0.36630434782608695
ofr10km_760000_-160000,760000,-160000,-84.966179,47.06972,1840,0,0.36630434782608695
ofr10km_760000_-170000,760000,-170000,-84.986657,46.981599,1840,0,0.36467391304347824
ofr10km_760000_-20000,760000,-20000,-84.670513,48.306235,1840,1,0.5657608695652174
ofr10km_760000_-30000,760000,-30000,-84.692204,48.217743,1840,1,0.5657608695652174
ofr10km_760000_-40000,760000,-40000,-84.713804,48.129276,1840,0,0.47608695652173916
ofr10km_760000_-50000,760000,-50000,-84.735315,48.040835,1840,2,0.47608695652173916
ofr10km_760000_-60000,760000,-60000,-84.756737,47.95242,1840,1,0.47608695652173916
ofr10km_760000_-70000,760000,-70000,-84.778071,47.86403,1840,1,0.47608695652173916
ofr10km_760000_-80000,760000,-80000,-84.799316,47.775667,1840,1,0.47608695652173916
ofr10km_760000_-90000,760000,-90000,-84.820474,47.68733,1840,0,0.47608695652173916
ofr10km_760000_0,760000,0,-84.62686,48.483294,1840,1,0.5657608695652174
ofr10km_760000_10000,760000,10000,-84.604895,48.571862,1840,2,0.8353260869565218
ofr10km_760000_100000,760000,100000,-84.402989,49.37006,1840,0,0.4146739130434783
ofr10km_760000_110000,760000,110000,-84.380075,49.458867,1840,0,0.4146739130434783
ofr10km_760000_120000,760000,120000,-84.357062,49.547697,1840,0,0.4146739130434783
ofr10km_760000_130000,760000,130000,-84.33395,49.636549,1840,0,0.4146739130434783
ofr10km_760000_140000,760000,140000,-84.310738,49.725424,1840,1,0.4146739130434783
ofr10km_760000_150000,760000,150000,-84.287426,49.814322,1840,0,0.4146739130434783
ofr10km_760000_160000,760000,160000,-84.264013,49.903242,1840,0,0.4146739130434783
ofr10km_760000_170000,760000,170000,-84.240498,49.992184,1840,0,0.4146739130434783
ofr10km_760000_180000,760000,180000,-84.216882,50.081148,1840,1,0.4146739130434783
ofr10km_760000_190000,760000,190000,-84.193162,50.170133,1840,1,0.4146739130434783
ofr10km_760000_20000,760000,20000,-84.582839,48.660454,1840,0,0.9342391304347826
ofr10km_760000_200000,760000,200000,-84.169339,50.25914,1840,0,0.4146739130434783
ofr10km_760000_210000,760000,210000,-84.145411,50.348169,1840,0,0.4146739130434783
ofr10km_760000_220000,760000,220000,-84.121379,50.437218,1840,0,0.4146739130434783
ofr10km_760000_230000,760000,230000,-84.097241,50.526289,1840,0,0.4146739130434783
ofr10km_760000_240000,760000,240000,-84.072996,50.61538,1840,0,0.4146739130434783
ofr10km_760000_250000,760000,250000,-84.048645,50.704492,1840,0,0.4146739130434783
ofr10km_760000_260000,760000,260000,-84.024186,50.793624,1840,0,0.4146739130434783
ofr10km_760000_270000,760000,270000,-83.999619,50.882776,1840,0,0.4146739130434783
ofr10km_760000_280000,760000,280000,-83.974942,50.971949,1840,0,0.4146739130434783
ofr10km_760000_290000,760000,290000,-83.950156,51.061141,1840,0,0.4146739130434783
ofr10km_760000_30000,760000,30000,-84.560689,48.74907,1840,1,0.9342391304347826
ofr10km_760000_300000,760000,300000,-83.925259,51.150353,1840,0,0.4146739130434783
ofr10km_760000_310000,760000,310000,-83.900251,51.239584,1840,0,0.4146739130434783
ofr10km_760000_320000,760000,320000,-83.87513,51.328835,1840,0,0.41358695652173916
ofr10km_760000_330000,760000,330000,-83.849897,51.418104,1840,0,0.41358695652173916
ofr10km_760000_340000,760000,340000,-83.824551,51.507392,1840,0,0.41358695652173916
ofr10km_760000_350000,760000,350000,-83.79909,51.596699,1840,0,0.9320652173913043
ofr10km_760000_360000,760000,360000,-83.773514,51.686025,1840,0,0.9320652173913043
ofr10km_760000_370000,760000,370000,-83.747822,51.775369,1840,0,0.9320652173913043
ofr10km_760000_380000,760000,380000,-83.722013,51.86473,1840,0,0.3875
ofr10km_760000_390000,760000,390000,-83.696087,51.95411,1840,0,0.3875
ofr10km_760000_40000,760000,40000,-84.538446,48.837712,1840,1,0.9342391304347826
ofr10km_760000_400000,760000,400000,-83.670043,52.043507,1840,0,0.3875
ofr10km_760000_410000,760000,410000,-83.64388,52.132922,1840,0,0.3875
ofr10km_760000_420000,760000,420000,-83.617597,52.222354,1840,0,0.3875
ofr10km_760000_430000,760000,430000,-83.591194,52.311803,1840,0,0.3875
ofr10km_760000_440000,760000,440000,-83.564669,52.401268,1840,0,0.3875
ofr10km_760000_450000,760000,450000,-83.538022,52.490751,1840,0,0.3875
ofr10km_760000_460000,760000,460000,-83.511251,52.58025,1840,0,0.3875
ofr10km_760000_470000,760000,470000,-83.484357,52.669765,1840,0,0.3875
ofr10km_760000_480000,760000,480000,-83.457338,52.759296,1840,0,0.3875
ofr10km_760000_490000,760000,490000,-83.430193,52.848842,1840,0,0.3875
ofr10km_760000_50000,760000,50000,-84.516109,48.926377,1840,2,0.9342391304347826
ofr10km_760000_500000,760000,500000,-83.402921,52.938405,1840,0,0.5260869565217391
ofr10km_760000_510000,760000,510000,-83.375522,53.027982,1840,0,0.5260869565217391
ofr10km_760000_520000,760000,520000,-83.347995,53.117575,1840,0,0.5260869565217391
ofr10km_760000_530000,760000,530000,-83.320339,53.207183,1840,0,0.5260869565217391
ofr10km_760000_540000,760000,540000,-83.292552,53.296806,1840,1,0.5260869565217391
ofr10km_760000_550000,760000,550000,-83.264635,53.386443,1840,0,0.5260869565217391
ofr10km_760000_560000,760000,560000,-83.236585,53.476094,1840,0,0.5260869565217391
ofr10km_760000_570000,760000,570000,-83.208403,53.56576,1840,0,0.5260869565217391
ofr10km_760000_580000,760000,580000,-83.180087,53.655439,1840,0,0.5260869565217391
ofr10km_760000_590000,760000,590000,-83.151636,53.745132,1840,0,0.5260869565217391
ofr10km_760000_60000,760000,60000,-84.493677,49.015066,1840,0,0.4146739130434783
ofr10km_760000_600000,760000,600000,-83.12305,53.834839,1840,0,0.5260869565217391
ofr10km_760000_610000,760000,610000,-83.094326,53.924558,1840,0,0.5260869565217391
ofr10km_760000_620000,760000,620000,-83.065466,54.014291,1840,0,0.5260869565217391
ofr10km_760000_630000,760000,630000,-83.036466,54.104036,1840,0,0.5260869565217391
ofr10km_760000_640000,760000,640000,-83.007327,54.193794,1840,0,0.5260869565217391
ofr10km_760000_650000,760000,650000,-82.978048,54.283565,1840,0,0.5260869565217391
ofr10km_760000_660000,760000,660000,-82.948626,54.373347,1840,0,0.5260869565217391
ofr10km_760000_670000,760000,670000,-82.919062,54.463141,1840,0,0.5260869565217391
ofr10km_760000_680000,760000,680000,-82.889355,54.552947,1840,0,0.5260869565217391
ofr10km_760000_690000,760000,690000,-82.859503,54.642764,1840,0,0.5260869565217391
ofr10km_760000_70000,760000,70000,-84.471149,49.103779,1840,0,0.4146739130434783
ofr10km_760000_700000,760000,700000,-82.829505,54.732593,1840,0,0.5260869565217391
ofr10km_760000_710000,760000,710000,-82.79936,54.822432,1840,0,0.5260869565217391
ofr10km_760000_720000,760000,720000,-82.769068,54.912283,1840,0,0.5260869565217391
ofr10km_760000_730000,760000,730000,-82.738626,55.002143,1840,0,0.5260869565217391
ofr10km_760000_740000,760000,740000,-82.708035,55.092014,1840,0,0.5260869565217391
ofr10km_760000_80000,760000,80000,-84.448526,49.192516,1840,1,0.4146739130434783
ofr10km_760000_90000,760000,90000,-84.425806,49.281276,1840,0,0.4146739130434783
ofr10km_770000_-10000,770000,-10000,-84.515844,48.380124,1840,1,0.5657608695652174
ofr10km_770000_-100000,770000,-100000,-84.711045,47.584706,1840,1,0.47608695652173916
ofr10km_770000_-110000,770000,-110000,-84.73229,47.496456,1840,1,0.47608695652173916
ofr10km_770000_-120000,770000,-120000,-84.753449,47.408233,1840,1,0.47608695652173916
ofr10km_770000_-130000,770000,-130000,-84.774521,47.320037,1840,0,0.47608695652173916
ofr10km_770000_-140000,770000,-140000,-84.795507,47.231868,1840,0,0.4282608695652174
ofr10km_770000_-150000,770000,-150000,-84.816408,47.143726,1840,0,0.36630434782608695
ofr10km_770000_-160000,770000,-160000,-84.837225,47.055611,1840,0,0.4657608695652174
ofr10km_770000_-170000,770000,-170000,-84.857957,46.967524,1840,0,0.4657608695652174
ofr10km_770000_-20000,770000,-20000,-84.537894,48.291642,1840,0,0.5657608695652174
ofr10km_770000_-30000,770000,-30000,-84.559853,48.203185,1840,1,0.5657608695652174
ofr10km_770000_-40000,770000,-40000,-84.581721,48.114754,1840,1,0.47608695652173916
ofr10km_770000_-50000,770000,-50000,-84.603499,48.026348,1840,2,0.47608695652173916
ofr10km_770000_-60000,770000,-60000,-84.625186,47.937968,1840,1,0.47608695652173916
ofr10km_770000_-70000,770000,-70000,-84.646783,47.849613,1840,0,0.47608695652173916
ofr10km_770000_-80000,770000,-80000,-84.668292,47.761285,1840,1,0.47608695652173916
ofr10km_770000_-90000,770000,-90000,-84.689713,47.672982,1840,2,0.47608695652173916
ofr10km_770000_0,770000,0,-84.493701,48.468631,1840,0,0.5657608695652174
ofr10km_770000_10000,770000,10000,-84.471465,48.557163,1840,0,0.8353260869565218
ofr10km_770000_100000,770000,100000,-84.267065,49.355033,1840,0,0.4146739130434783
ofr10km_770000_110000,770000,110000,-84.243867,49.443803,1840,0,0.4146739130434783
ofr10km_770000_120000,770000,120000,-84.22057,49.532596,1840,0,0.4146739130434783
ofr10km_770000_130000,770000,130000,-84.197173,49.621411,1840,0,0.4146739130434783
ofr10km_770000_140000,770000,140000,-84.173675,49.710249,1840,0,0.4146739130434783
ofr10km_770000_150000,770000,150000,-84.150076,49.799109,1840,3,0.4146739130434783
ofr10km_770000_160000,770000,160000,-84.126374,49.887991,1840,0,0.4146739130434783
ofr10km_770000_170000,770000,170000,-84.10257,49.976896,1840,0,0.4146739130434783
ofr10km_770000_180000,770000,180000,-84.078663,50.065821,1840,0,0.4146739130434783
ofr10km_770000_190000,770000,190000,-84.054651,50.154769,1840,0,0.4146739130434783
ofr10km_770000_20000,770000,20000,-84.449135,48.645719,1840,0,0.9342391304347826
ofr10km_770000_200000,770000,200000,-84.030534,50.243738,1840,0,0.4146739130434783
ofr10km_770000_210000,770000,210000,-84.006313,50.332728,1840,0,0.4146739130434783
ofr10km_770000_220000,770000,220000,-83.981984,50.421739,1840,0,0.4146739130434783
ofr10km_770000_230000,770000,230000,-83.95755,50.510771,1840,0,0.4146739130434783
ofr10km_770000_240000,770000,240000,-83.933007,50.599823,1840,0,0.4146739130434783
ofr10km_770000_250000,770000,250000,-83.908357,50.688896,1840,1,0.4146739130434783
ofr10km_770000_260000,770000,260000,-83.883597,50.777989,1840,0,0.4146739130434783
ofr10km_770000_270000,770000,270000,-83.858728,50.867102,1840,0,0.4146739130434783
ofr10km_770000_280000,770000,280000,-83.833748,50.956235,1840,0,0.4146739130434783
ofr10km_770000_290000,770000,290000,-83.808657,51.045388,1840,0,0.4146739130434783
ofr10km_770000_30000,770000,30000,-84.426712,48.734299,1840,0,0.9342391304347826
ofr10km_770000_300000,770000,300000,-83.783455,51.13456,1840,0,0.4146739130434783
ofr10km_770000_310000,770000,310000,-83.75814,51.223752,1840,0,0.4146739130434783
ofr10km_770000_320000,770000,320000,-83.732711,51.312962,1840,0,0.41358695652173916
ofr10km_770000_330000,770000,330000,-83.707169,51.402192,1840,0,0.41358695652173916
ofr10km_770000_340000,770000,340000,-83.681511,51.49144,1840,0,0.9320652173913043
ofr10km_770000_350000,770000,350000,-83.655738,51.580706,1840,0,0.9320652173913043
ofr10km_770000_360000,770000,360000,-83.629849,51.669991,1840,0,0.9320652173913043
ofr10km_770000_370000,770000,370000,-83.603843,51.759294,1840,0,0.3875
ofr10km_770000_380000,770000,380000,-83.577718,51.848615,1840,0,0.3875
ofr10km_770000_390000,770000,390000,-83.551475,51.937953,1840,0,0.3875
ofr10km_770000_40000,770000,40000,-84.404194,48.822904,1840,1,0.9342391304347826
ofr10km_770000_400000,770000,400000,-83.525112,52.027309,1840,0,0.3875
ofr10km_770000_410000,770000,410000,-83.498629,52.116683,1840,0,0.3875
ofr10km_770000_420000,770000,420000,-83.472025,52.206073,1840,0,0.3875
ofr10km_770000_430000,770000,430000,-83.445298,52.29548,1840,0,0.3875
ofr10km_770000_440000,770000,440000,-83.418449,52.384904,1840,0,0.3875
ofr10km_770000_450000,770000,450000,-83.391476,52.474345,1840,0,0.3875
ofr10km_770000_460000,770000,460000,-83.364379,52.563801,1840,0,0.3875
ofr10km_770000_470000,770000,470000,-83.337156,52.653274,1840,0,0.3875
ofr10km_770000_480000,770000,480000,-83.309807,52.742763,1840,0,0.3875
ofr10km_770000_490000,770000,490000,-83.282331,52.832267,1840,0,0.3875
ofr10km_770000_50000,770000,50000,-84.38158,48.911533,1840,1,0.9342391304347826
ofr10km_770000_500000,770000,500000,-83.254727,52.921786,1840,0,0.3875
ofr10km_770000_510000,770000,510000,-83.226994,53.011321,1840,0,0.3875
ofr10km_770000_520000,770000,520000,-83.199131,53.100871,1840,0,0.5260869565217391
ofr10km_770000_530000,770000,530000,-83.171138,53.190435,1840,0,0.5260869565217391
ofr10km_770000_540000,770000,540000,-83.143013,53.280015,1840,1,0.5260869565217391
ofr10km_770000_550000,770000,550000,-83.114755,53.369608,1840,0,0.5260869565217391
ofr10km_770000_560000,770000,560000,-83.086364,53.459216,1840,1,0.5260869565217391
ofr10km_770000_570000,770000,570000,-83.057839,53.548837,1840,0,0.5260869565217391
ofr10km_770000_580000,770000,580000,-83.029179,53.638472,1840,0,0.5260869565217391
ofr10km_770000_590000,770000,590000,-83.000382,53.728121,1840,0,0.5260869565217391
ofr10km_770000_60000,770000,60000,-84.358871,49.000186,1840,0,0.4146739130434783
ofr10km_770000_600000,770000,600000,-82.971448,53.817783,1840,0,0.5260869565217391
ofr10km_770000_610000,770000,610000,-82.942375,53.907458,1840,0,0.5260869565217391
ofr10km_770000_620000,770000,620000,-82.913164,53.997146,1840,0,0.5260869565217391
ofr10km_770000_630000,770000,630000,-82.883813,54.086846,1840,0,0.5260869565217391
ofr10km_770000_640000,770000,640000,-82.85432,54.176559,1840,0,0.5260869565217391
ofr10km_770000_650000,770000,650000,-82.824685,54.266283,1840,0,0.5260869565217391
ofr10km_770000_660000,770000,660000,-82.794907,54.35602,1840,0,0.5260869565217391
ofr10km_770000_670000,770000,670000,-82.764984,54.445769,1840,0,0.5260869565217391
ofr10km_770000_680000,770000,680000,-82.734917,54.535529,1840,0,0.5260869565217391
ofr10km_770000_690000,770000,690000,-82.704703,54.6253,1840,0,0.5260869565217391
ofr10km_770000_70000,770000,70000,-84.336066,49.088863,1840,1,0.4146739130434783
ofr10km_770000_700000,770000,700000,-82.674342,54.715082,1840,0,0.5260869565217391
ofr10km_770000_710000,770000,710000,-82.643832,54.804875,1840,0,0.5260869565217391
ofr10km_770000_720000,770000,720000,-82.613173,54.894678,1840,0,0.5260869565217391
ofr10km_770000_730000,770000,730000,-82.582363,54.984492,1840,0,0.5260869565217391
ofr10km_770000_740000,770000,740000,-82.551402,55.074316,1840,0,0.5260869565217391
ofr10km_770000_80000,770000,80000,-84.313163,49.177563,1840,0,0.4146739130434783
ofr10km_770000_90000,770000,90000,-84.290163,49.266287,1840,0,0.4146739130434783
ofr10km_780000_-10000,780000,-10000,-84.383047,48.365312,1840,2,0.5657608695652174
ofr10km_780000_-100000,780000,-100000,-84.580632,47.570213,1840,0,0.47608695652173916
ofr10km_780000_-110000,780000,-110000,-84.602137,47.481998,1840,1,0.47608695652173916
ofr10km_780000_-120000,780000,-120000,-84.623554,47.39381,1840,2,0.47608695652173916
ofr10km_780000_-130000,780000,-130000,-84.644884,47.305648,1840,2,0.47608695652173916
ofr10km_780000_-140000,780000,-140000,-84.666127,47.217513,1840,0,0.46630434782608693
ofr10km_780000_-150000,780000,-150000,-84.687284,47.129405,1840,0,0.4657608695652174
ofr10km_780000_-160000,780000,-160000,-84.708355,47.041325,1840,0,0.4657608695652174
ofr10km_780000_-170000,780000,-170000,-84.729341,46.953272,1840,1,0.4657608695652174
ofr10km_780000_-180000,780000,-180000,-84.750242,46.865246,1840,0,0.4657608695652174
ofr10km_780000_-190000,780000,-190000,-84.771059,46.777248,1840,0,0.4657608695652174
ofr10km_780000_-20000,780000,-20000,-84.405367,48.276866,1840,1,0.5657608695652174
ofr10km_780000_-30000,780000,-30000,-84.427594,48.188445,1840,1,0.5657608695652174
ofr10km_780000_-40000,780000,-40000,-84.449729,48.100049,1840,0,0.47608695652173916
ofr10km_780000_-50000,780000,-50000,-84.471772,48.011679,1840,1,0.47608695652173916
ofr10km_780000_-60000,780000,-60000,-84.493724,47.923334,1840,1,0.47608695652173916
ofr10km_780000_-70000,780000,-70000,-84.515585,47.835015,1840,0,0.47608695652173916
ofr10km_780000_-80000,780000,-80000,-84.537357,47.746721,1840,0,0.47608695652173916
ofr10km_780000_-90000,780000,-90000,-84.559039,47.658454,1840,0,0.47608695652173916
ofr10km_780000_0,780000,0,-84.360634,48.453783,1840,1,0.5657608695652174
ofr10km_780000_10000,780000,10000,-84.338127,48.542278,1840,1,0.8353260869565218
ofr10km_780000_100000,780000,100000,-84.131239,49.339818,1840,0,0.4146739130434783
ofr10km_780000_110000,780000,110000,-84.107759,49.428551,1840,0,0.4146739130434783
ofr10km_780000_120000,780000,120000,-84.084179,49.517306,1840,0,0.4146739130434783
ofr10km_780000_130000,780000,130000,-84.060498,49.606083,1840,0,0.4146739130434783
ofr10km_780000_140000,780000,140000,-84.036714,49.694883,1840,1,0.4146739130434783
ofr10km_780000_150000,780000,150000,-84.012828,49.783705,1840,7,0.4146739130434783
ofr10km_780000_160000,780000,160000,-83.988839,49.872549,1840,1,0.4146739130434783
ofr10km_780000_170000,780000,170000,-83.964746,49.961415,1840,0,0.4146739130434783
ofr10km_780000_180000,780000,180000,-83.940548,50.050303,1840,0,0.4146739130434783
ofr10km_780000_190000,780000,190000,-83.916245,50.139212,1840,0,0.4146739130434783
ofr10km_780000_20000,780000,20000,-84.315526,48.630798,1840,1,0.9342391304347826
ofr10km_780000_200000,780000,200000,-83.891836,50.228142,1840,0,0.4146739130434783
ofr10km_780000_210000,780000,210000,-83.86732,50.317093,1840,0,0.4146739130434783
ofr10km_780000_220000,780000,220000,-83.842697,50.406065,1840,0,0.4146739130434783
ofr10km_780000_230000,780000,230000,-83.817966,50.495058,1840,0,0.4146739130434783
ofr10km_780000_240000,780000,240000,-83.793126,50.584071,1840,0,0.4146739130434783
ofr10km_780000_250000,780000,250000,-83.768177,50.673104,1840,0,0.4146739130434783
ofr10km_780000_260000,780000,260000,-83.743118,50.762158,1840,0,0.4146739130434783
ofr10km_780000_270000,780000,270000,-83.717947,50.851232,1840,0,0.4146739130434783
ofr10km_780000_280000,780000,280000,-83.692665,50.940325,1840,0,0.4146739130434783
ofr10km_780000_290000,780000,290000,-83.667271,51.029437,1840,0,0.4146739130434783
ofr10km_780000_30000,780000,30000,-84.292829,48.719343,1840,0,0.9342391304347826
ofr10km_780000_300000,780000,300000,-83.641764,51.118569,1840,0,0.4146739130434783
ofr10km_780000_310000,780000,310000,-83.616142,51.207721,1840,0,0.4146739130434783
ofr10km_780000_320000,780000,320000,-83.590407,51.296891,1840,0,0.9331521739130435
ofr10km_780000_330000,780000,330000,-83.564555,51.38608,1840,0,0.9331521739130435
ofr10km_780000_340000,780000,340000,-83.538588,51.475287,1840,0,0.9320652173913043
ofr10km_780000_350000,780000,350000,-83.512504,51.564513,1840,0,0.9320652173913043
ofr10km_780000_360000,780000,360000,-83.486302,51.653756,1840,0,0.9320652173913043
ofr10km_780000_370000,780000,370000,-83.459981,51.743018,1840,0,0.3875
ofr10km_780000_380000,780000,380000,-83.433542,51.832298,1840,0,0.3875
ofr10km_780000_390000,780000,390000,-83.406982,51.921595,1840,0,0.3875
ofr10km_780000_40000,780000,40000,-84.270037,48.807911,1840,0,0.9342391304347826
ofr10km_780000_400000,780000,400000,-83.380301,52.010909,1840,0,0.3875
ofr10km_780000_410000,780000,410000,-83.353499,52.100241,1840,0,0.3875
ofr10km_780000_420000,780000,420000,-83.326574,52.189589,1840,0,0.3875
ofr10km_780000_430000,780000,430000,-83.299525,52.278954,1840,0,0.3875
ofr10km_780000_440000,780000,440000,-83.272353,52.368336,1840,0,0.3875
ofr10km_780000_450000,780000,450000,-83.245055,52.457734,1840,0,0.3875
ofr10km_780000_460000,780000,460000,-83.217632,52.547148,1840,0,0.3875
ofr10km_780000_470000,780000,470000,-83.190082,52.636577,1840,0,0.3875
ofr10km_780000_480000,780000,480000,-83.162404,52.726023,1840,0,0.3875
ofr10km_780000_490000,780000,490000,-83.134597,52.815484,1840,1,0.3875
ofr10km_780000_50000,780000,50000,-84.247148,48.896503,1840,1,0.9342391304347826
ofr10km_780000_500000,780000,500000,-83.106661,52.90496,1840,0,0.3875
ofr10km_780000_510000,780000,510000,-83.078595,52.994452,1840,0,0.3875
ofr10km_780000_520000,780000,520000,-83.050398,53.083958,1840,0,0.3875
ofr10km_780000_530000,780000,530000,-83.022068,53.173478,1840,0,0.5260869565217391
ofr10km_780000_540000,780000,540000,-82.993606,53.263014,1840,0,0.5260869565217391
ofr10km_780000_550000,780000,550000,-82.965009,53.352563,1840,0,0.5260869565217391
ofr10km_780000_560000,780000,560000,-82.936278,53.442126,1840,0,0.5260869565217391
ofr10km_780000_570000,780000,570000,-82.90741,53.531703,1840,0,0.5260869565217391
ofr10km_780000_580000,780000,580000,-82.878406,53.621294,1840,0,0.5260869565217391
ofr10km_780000_590000,780000,590000,-82.849265,53.710897,1840,0,0.5260869565217391
ofr10km_780000_60000,780000,60000,-84.224163,48.985119,1840,1,0.4146739130434783
ofr10km_780000_600000,780000,600000,-82.819984,53.800514,1840,0,0.5260869565217391
ofr10km_780000_610000,780000,610000,-82.790564,53.890144,1840,0,0.5260869565217391
ofr10km_780000_620000,780000,620000,-82.761003,53.979786,1840,0,0.5260869565217391
ofr10km_780000_630000,780000,630000,-82.7313,54.069441,1840,0,0.5260869565217391
ofr10km_780000_640000,780000,640000,-82.701455,54.159108,1840,0,0.5260869565217391
ofr10km_780000_650000,780000,650000,-82.671465,54.248787,1840,0,0.5260869565217391
ofr10km_780000_660000,780000,660000,-82.641331,54.338477,1840,0,0.5260869565217391
ofr10km_780000_670000,780000,670000,-82.611052,54.42818,1840,0,0.5260869565217391
ofr10km_780000_680000,780000,680000,-82.580625,54.517893,1840,0,0.5260869565217391
ofr10km_780000_690000,780000,690000,-82.550051,54.607617,1840,0,0.5260869565217391
ofr10km_780000_70000,780000,70000,-84.201079,49.073759,1840,0,0.4146739130434783
ofr10km_780000_700000,780000,700000,-82.519327,54.697353,1840,0,0.5260869565217391
ofr10km_780000_710000,780000,710000,-82.488454,54.787098,1840,1,0.5260869565217391
ofr10km_780000_720000,780000,720000,-82.457429,54.876855,1840,0,0.5260869565217391
ofr10km_780000_730000,780000,730000,-82.426252,54.966621,1840,0,0.5260869565217391
ofr10km_780000_740000,780000,740000,-82.394922,55.056397,1840,0,0.5260869565217391
ofr10km_780000_80000,780000,80000,-84.177898,49.162422,1840,1,0.4146739130434783
ofr10km_780000_90000,780000,90000,-84.154618,49.251109,1840,1,0.4146739130434783
ofr10km_790000_-10000,790000,-10000,-84.250345,48.350316,1840,0,0.5657608695652174
ofr10km_790000_-100000,790000,-100000,-84.450307,47.555539,1840,1,0.47608695652173916
ofr10km_790000_-110000,790000,-110000,-84.472071,47.46736,1840,1,0.47608695652173916
ofr10km_790000_-120000,790000,-120000,-84.493747,47.379207,1840,5,0.47608695652173916
ofr10km_790000_-130000,790000,-130000,-84.515334,47.29108,1840,3,0.47608695652173916
ofr10km_790000_-140000,790000,-140000,-84.536833,47.20298,1840,0,0.4673913043478261
ofr10km_790000_-150000,790000,-150000,-84.558245,47.114907,1840,0,0.4657608695652174
ofr10km_790000_-160000,790000,-160000,-84.57957,47.026861,1840,0,0.4657608695652174
ofr10km_790000_-170000,790000,-170000,-84.600809,46.938842,1840,3,0.4657608695652174
ofr10km_790000_-180000,790000,-180000,-84.621963,46.850851,1840,0,0.4657608695652174
ofr10km_790000_-190000,790000,-190000,-84.643031,46.762887,1840,0,0.4657608695652174
ofr10km_790000_-20000,790000,-20000,-84.272933,48.261907,1840,1,0.5657608695652174
ofr10km_790000_-200000,790000,-200000,-84.664015,46.674951,1840,0,0.4657608695652174
ofr10km_790000_-210000,790000,-210000,-84.684915,46.587043,1840,0,0.4657608695652174
ofr10km_790000_-30000,790000,-30000,-84.295427,48.173522,1840,0,0.5657608695652174
ofr10km_790000_-40000,790000,-40000,-84.317828,48.085162,1840,0,0.47608695652173916
ofr10km_790000_-50000,790000,-50000,-84.340136,47.996828,1840,0,0.5657608695652174
ofr10km_790000_-60000,790000,-60000,-84.362352,47.908519,1840,0,0.5657608695652174
ofr10km_790000_-70000,790000,-70000,-84.384477,47.820235,1840,0,0.47608695652173916
ofr10km_790000_-80000,790000,-80000,-84.406511,47.731977,1840,0,0.47608695652173916
ofr10km_790000_-90000,790000,-90000,-84.428454,47.643745,1840,1,0.47608695652173916
ofr10km_790000_0,790000,0,-84.227662,48.438751,1840,1,0.8353260869565218
ofr10km_790000_10000,790000,10000,-84.204885,48.52721,1840,1,0.8353260869565218
ofr10km_790000_100000,790000,100000,-83.995513,49.324414,1840,0,0.4146739130434783
ofr10km_790000_110000,790000,110000,-83.971752,49.413109,1840,0,0.4146739130434783
ofr10km_790000_120000,790000,120000,-83.947889,49.501826,1840,0,0.4146739130434783
ofr10km_790000_130000,790000,130000,-83.923924,49.590565,1840,1,0.4146739130434783
ofr10km_790000_140000,790000,140000,-83.899856,49.679327,1840,1,0.4146739130434783
ofr10km_790000_150000,790000,150000,-83.875684,49.768111,1840,1,0.4146739130434783
ofr10km_790000_160000,790000,160000,-83.851407,49.856916,1840,0,0.4146739130434783
ofr10km_790000_170000,790000,170000,-83.827026,49.945743,1840,0,0.4146739130434783
ofr10km_790000_180000,790000,180000,-83.802538,50.034592,1840,0,0.4146739130434783
ofr10km_790000_190000,790000,190000,-83.777945,50.123462,1840,0,0.4146739130434783
ofr10km_790000_20000,790000,20000,-84.182012,48.615693,1840,3,0.9342391304347826
ofr10km_790000_200000,790000,200000,-83.753244,50.212353,1840,0,0.4146739130434783
ofr10km_790000_210000,790000,210000,-83.728435,50.301265,1840,0,0.4146739130434783
ofr10km_790000_220000,790000,220000,-83.703518,50.390197,1840,0,0.4146739130434783
ofr10km_790000_230000,790000,230000,-83.678491,50.479151,1840,0,0.4146739130434783
ofr10km_790000_240000,790000,240000,-83.653355,50.568124,1840,0,0.4146739130434783
ofr10km_790000_250000,790000,250000,-83.628108,50.657118,1840,0,0.4146739130434783
ofr10km_790000_260000,790000,260000,-83.602749,50.746131,1840,0,0.4146739130434783
ofr10km_790000_270000,790000,270000,-83.577278,50.835165,1840,0,0.4146739130434783
ofr10km_790000_280000,790000,280000,-83.551695,50.924217,1840,0,0.4146739130434783
ofr10km_790000_290000,790000,290000,-83.525998,51.01329,1840,0,0.4146739130434783
ofr10km_790000_30000,790000,30000,-84.159042,48.7042,1840,0,0.9342391304347826
ofr10km_790000_300000,790000,300000,-83.500186,51.102381,1840,0,0.4146739130434783
ofr10km_790000_310000,790000,310000,-83.47426,51.191492,1840,0,0.4146739130434783
ofr10km_790000_320000,790000,320000,-83.448217,51.280621,1840,0,0.4146739130434783
ofr10km_790000_330000,790000,330000,-83.422058,51.369769,1840,0,0.9320652173913043
ofr10km_790000_340000,790000,340000,-83.395781,51.458935,1840,0,0.9320652173913043
ofr10km_790000_350000,790000,350000,-83.369387,51.548119,1840,0,0.9320652173913043
ofr10km_790000_360000,790000,360000,-83.342873,51.637321,1840,0,0.3875
ofr10km_790000_370000,790000,370000,-83.316239,51.726541,1840,0,0.3875
ofr10km_790000_380000,790000,380000,-83.289485,51.815779,1840,0,0.3875
ofr10km_790000_390000,790000,390000,-83.26261,51.905034,1840,0,0.3875
ofr10km_790000_40000,790000,40000,-84.135976,48.792732,1840,1,0.9342391304347826
ofr10km_790000_400000,790000,400000,-83.235612,51.994306,1840,0,0.3875
ofr10km_790000_410000,790000,410000,-83.208491,52.083595,1840,0,0.3875
ofr10km_790000_420000,790000,420000,-83.181246,52.172901,1840,0,0.3875
ofr10km_790000_430000,790000,430000,-83.153877,52.262224,1840,0,0.3875
ofr10km_790000_440000,790000,440000,-83.126382,52.351563,1840,0,0.3875
ofr10km_790000_450000,790000,450000,-83.09876,52.440917,1840,0,0.3875
ofr10km_790000_460000,790000,460000,-83.071012,52.530288,1840,0,0.3875
ofr10km_790000_470000,790000,470000,-83.043135,52.619675,1840,0,0.3875
ofr10km_790000_480000,790000,480000,-83.015129,52.709077,1840,0,0.3875
ofr10km_790000_490000,790000,490000,-82.986993,52.798494,1840,0,0.3717391304347826
ofr10km_790000_50000,790000,50000,-84.112813,48.881287,1840,0,0.9342391304347826
ofr10km_790000_500000,790000,500000,-82.958726,52.887927,1840,0,0.3717391304347826
ofr10km_790000_510000,790000,510000,-82.930328,52.977374,1840,0,0.3717391304347826
ofr10km_790000_520000,790000,520000,-82.901796,53.066836,1840,0,0.3717391304347826
ofr10km_790000_530000,790000,530000,-82.873132,53.156312,1840,0,0.3717391304347826
ofr10km_790000_540000,790000,540000,-82.844333,53.245803,1840,0,0.5260869565217391
ofr10km_790000_550000,790000,550000,-82.815398,53.335308,1840,0,0.5260869565217391
ofr10km_790000_560000,790000,560000,-82.786327,53.424826,1840,0,0.5260869565217391
ofr10km_790000_570000,790000,570000,-82.757119,53.514358,1840,0,0.5260869565217391
ofr10km_790000_580000,790000,580000,-82.727772,53.603903,1840,0,0.5260869565217391
ofr10km_790000_590000,790000,590000,-82.698286,53.693462,1840,0,0.5260869565217391
ofr10km_790000_60000,790000,60000,-84.089551,48.969866,1840,1,0.9342391304347826
ofr10km_790000_600000,790000,600000,-82.66866,53.783033,1840,0,0.5260869565217391
ofr10km_790000_610000,790000,610000,-82.638893,53.872617,1840,0,0.5260869565217391
ofr10km_790000_620000,790000,620000,-82.608983,53.962213,1840,0,0.5260869565217391
ofr10km_790000_630000,790000,630000,-82.57893,54.051822,1840,0,0.5260869565217391
ofr10km_790000_640000,790000,640000,-82.548733,54.141443,1840,0,0.5260869565217391
ofr10km_790000_650000,790000,650000,-82.518391,54.231075,1840,0,0.5260869565217391
ofr10km_790000_660000,790000,660000,-82.487902,54.320719,1840,0,0.5260869565217391
ofr10km_790000_670000,790000,670000,-82.457266,54.410374,1840,0,0.5260869565217391
ofr10km_790000_680000,790000,680000,-82.426481,54.500041,1840,0,0.5260869565217391
ofr10km_790000_690000,790000,690000,-82.395547,54.589718,1840,0,0.5260869565217391
ofr10km_790000_70000,790000,70000,-84.066191,49.058468,1840,2,0.9342391304347826
ofr10km_790000_700000,790000,700000,-82.364463,54.679406,1840,0,0.5260869565217391
ofr10km_790000_710000,790000,710000,-82.333226,54.769104,1840,0,0.5260869565217391
ofr10km_790000_720000,790000,720000,-82.301837,54.858812,1840,0,0.5260869565217391
ofr10km_790000_730000,790000,730000,-82.270294,54.94853,1840,0,0.5260869565217391
ofr10km_790000_80000,790000,80000,-84.042732,49.147094,1840,0,0.4146739130434783
ofr10km_790000_90000,790000,90000,-84.019172,49.235743,1840,0,0.4146739130434783
ofr10km_800000_-10000,800000,-10000,-84.117736,48.335137,1840,4,0.5657608695652174
ofr10km_800000_-100000,800000,-100000,-84.320072,47.540686,1840,2,0.47608695652173916
ofr10km_800000_-110000,800000,-110000,-84.342095,47.452542,1840,0,0.47608695652173916
ofr10km_800000_-120000,800000,-120000,-84.364027,47.364425,1840,1,0.47608695652173916
ofr10km_800000_-130000,800000,-130000,-84.385871,47.276333,1840,2,0.6554347826086957
ofr10km_800000_-140000,800000,-140000,-84.407626,47.188269,1840,0,0.7472826086956522
ofr10km_800000_-150000,800000,-150000,-84.429292,47.100231,1840,1,0.4657608695652174
ofr10km_800000_-160000,800000,-160000,-84.450872,47.01222,1840,0,0.4657608695652174
ofr10km_800000_-170000,800000,-170000,-84.472363,46.924236,1840,5,0.4657608695652174
ofr10km_800000_-180000,800000,-180000,-84.493769,46.836279,1840,1,0.4657608695652174
ofr10km_800000_-190000,800000,-190000,-84.515088,46.74835,1840,3,0.4657608695652174
ofr10km_800000_-20000,800000,-20000,-84.140592,48.246764,1840,1,0.5657608695652174
ofr10km_800000_-200000,800000,-200000,-84.536322,46.660449,1840,2,0.4657608695652174
ofr10km_800000_-210000,800000,-210000,-84.55747,46.572575,1840,1,0.4657608695652174
ofr10km_800000_-220000,800000,-220000,-84.578534,46.484729,1840,0,0.4657608695652174
ofr10km_800000_-30000,800000,-30000,-84.163353,48.158416,1840,0,0.5657608695652174
ofr10km_800000_-40000,800000,-40000,-84.18602,48.070093,1840,0,0.5657608695652174
ofr10km_800000_-50000,800000,-50000,-84.208593,47.981795,1840,0,0.5657608695652174
ofr10km_800000_-60000,800000,-60000,-84.231073,47.893522,1840,0,0.5657608695652174
ofr10km_800000_-70000,800000,-70000,-84.25346,47.805274,1840,0,0.6565217391304348
ofr10km_800000_-80000,800000,-80000,-84.275755,47.717052,1840,0,0.47608695652173916
ofr10km_800000_-90000,800000,-90000,-84.297959,47.628856,1840,0,0.47608695652173916
ofr10km_800000_0,800000,0,-84.094785,48.423535,1840,0,0.8353260869565218
ofr10km_800000_10000,800000,10000,-84.071738,48.511956,1840,0,0.9342391304347826
ofr10km_800000_100000,800000,100000,-83.859888,49.308822,1840,0,0.4146739130434783
ofr10km_800000_110000,800000,110000,-83.835846,49.397478,1840,0,0.4146739130434783
ofr10km_800000_120000,800000,120000,-83.811702,49.486157,1840,0,0.4146739130434783
ofr10km_800000_130000,800000,130000,-83.787453,49.574858,1840,0,0.4146739130434783
ofr10km_800000_140000,800000,140000,-83.763101,49.663581,1840,2,0.4146739130434783
ofr10km_800000_150000,800000,150000,-83.738643,49.752326,1840,2,0.4146739130434783
ofr10km_800000_160000,800000,160000,-83.714081,49.841092,1840,3,0.4146739130434783
ofr10km_800000_170000,800000,170000,-83.689411,49.92988,1840,0,0.4146739130434783
ofr10km_800000_180000,800000,180000,-83.664635,50.018689,1840,0,0.4146739130434783
ofr10km_800000_190000,800000,190000,-83.639752,50.10752,1840,0,0.4146739130434783
ofr10km_800000_20000,800000,20000,-84.048593,48.600403,1840,0,0.9342391304347826
ofr10km_800000_200000,800000,200000,-83.614759,50.196371,1840,0,0.4146739130434783
ofr10km_800000_210000,800000,210000,-83.589658,50.285243,1840,0,0.4146739130434783
ofr10km_800000_220000,800000,220000,-83.564448,50.374136,1840,0,0.4146739130434783
ofr10km_800000_230000,800000,230000,-83.539126,50.463049,1840,0,0.4146739130434783
ofr10km_800000_240000,800000,240000,-83.513694,50.551983,1840,0,0.4146739130434783
ofr10km_800000_250000,800000,250000,-83.48815,50.640936,1840,0,0.4146739130434783
ofr10km_800000_260000,800000,260000,-83.462493,50.729909,1840,0,0.4146739130434783
ofr10km_800000_270000,800000,270000,-83.436722,50.818902,1840,0,0.4146739130434783
ofr10km_800000_280000,800000,280000,-83.410838,50.907914,1840,0,0.4146739130434783
ofr10km_800000_290000,800000,290000,-83.384839,50.996945,1840,0,0.4146739130434783
ofr10km_800000_30000,800000,30000,-84.025352,48.688873,1840,1,0.9342391304347826
ofr10km_800000_300000,800000,300000,-83.358724,51.085995,1840,0,0.4146739130434783
ofr10km_800000_310000,800000,310000,-83.332493,51.175065,1840,0,0.4146739130434783
ofr10km_800000_320000,800000,320000,-83.306144,51.264152,1840,0,0.41358695652173916
ofr10km_800000_330000,800000,330000,-83.279678,51.353259,1840,0,0.9320652173913043
ofr10km_800000_340000,800000,340000,-83.253093,51.442383,1840,0,0.3875
ofr10km_800000_350000,800000,350000,-83.226389,51.531526,1840,0,0.3875
ofr10km_800000_360000,800000,360000,-83.199564,51.620686,1840,0,0.3717391304347826
ofr10km_800000_370000,800000,370000,-83.172618,51.709864,1840,0,0.3717391304347826
ofr10km_800000_380000,800000,380000,-83.14555,51.799059,1840,0,0.3717391304347826
ofr10km_800000_390000,800000,390000,-83.11836,51.888272,1840,0,0.3717391304347826
ofr10km_800000_40000,800000,40000,-84.002013,48.777367,1840,0,0.9342391304347826
ofr10km_800000_400000,800000,400000,-83.091046,51.977501,1840,0,0.3717391304347826
ofr10km_800000_410000,800000,410000,-83.063607,52.066748,1840,0,0.3717391304347826
ofr10km_800000_420000,800000,420000,-83.036044,52.15601,1840,0,0.3717391304347826
ofr10km_800000_430000,800000,430000,-83.008354,52.24529,1840,0,0.3717391304347826
ofr10km_800000_440000,800000,440000,-82.980537,52.334585,1840,0,0.3717391304347826
ofr10km_800000_450000,800000,450000,-82.952593,52.423897,1840,0,0.3717391304347826
ofr10km_800000_460000,800000,460000,-82.92452,52.513224,1840,0,0.3717391304347826
ofr10km_800000_470000,800000,470000,-82.896317,52.602567,1840,0,0.3717391304347826
ofr10km_800000_480000,800000,480000,-82.867984,52.691925,1840,1,0.3717391304347826
ofr10km_800000_490000,800000,490000,-82.839519,52.781298,1840,0,0.3717391304347826
ofr10km_800000_50000,800000,50000,-83.978575,48.865884,1840,0,0.9342391304347826
ofr10km_800000_500000,800000,500000,-82.810922,52.870686,1840,2,0.3717391304347826
ofr10km_800000_510000,800000,510000,-82.782193,52.960089,1840,0,0.3717391304347826
ofr10km_800000_520000,800000,520000,-82.753329,53.049506,1840,0,0.3717391304347826
ofr10km_800000_530000,800000,530000,-82.72433,53.138938,1840,0,0.3717391304347826
ofr10km_800000_540000,800000,540000,-82.695195,53.228383,1840,0,0.38532608695652176
ofr10km_800000_550000,800000,550000,-82.665923,53.317843,1840,0,0.5684782608695652
ofr10km_800000_560000,800000,560000,-82.636513,53.407316,1840,0,0.5260869565217391
ofr10km_800000_570000,800000,570000,-82.606965,53.496802,1840,0,0.5260869565217391
ofr10km_800000_580000,800000,580000,-82.577277,53.586302,1840,1,0.5260869565217391
ofr10km_800000_590000,800000,590000,-82.547448,53.675814,1840,0,0.5260869565217391
ofr10km_800000_60000,800000,60000,-83.955039,48.954426,1840,1,0.9342391304347826
ofr10km_800000_600000,800000,600000,-82.517477,53.76534,1840,0,0.5260869565217391
ofr10km_800000_610000,800000,610000,-82.487364,53.854877,1840,0,0.5260869565217391
ofr10km_800000_620000,800000,620000,-82.457107,53.944427,1840,0,0.5260869565217391
ofr10km_800000_630000,800000,630000,-82.426705,54.033989,1840,0,0.5260869565217391
ofr10km_800000_640000,800000,640000,-82.396157,54.123563,1840,0,0.5260869565217391
ofr10km_800000_70000,800000,70000,-83.931402,49.04299,1840,0,0.9342391304347826
ofr10km_800000_80000,800000,80000,-83.907665,49.131578,1840,0,0.9342391304347826
ofr10km_800000_90000,800000,90000,-83.883827,49.220189,1840,0,0.4146739130434783
ofr10km_80000_-10000,80000,-10000,-93.839726,48.948074,1840,4,0.34456521739130436
ofr10km_80000_-20000,80000,-20000,-93.84221,48.858201,1840,0,0.34456521739130436
ofr10km_80000_-30000,80000,-30000,-93.844684,48.768358,1840,1,0.34456521739130436
ofr10km_80000_-40000,80000,-40000,-93.847147,48.678545,1840,1,0.34456521739130436
ofr10km_80000_0,80000,0,-93.83723,49.037976,1840,3,0.34456521739130436
ofr10km_80000_10000,80000,10000,-93.834725,49.127909,1840,3,0.35108695652173916
ofr10km_80000_100000,80000,100000,-93.811676,49.938619,1840,0,0.49293478260869567
ofr10km_80000_110000,80000,110000,-93.809059,50.028842,1840,0,0.49293478260869567
ofr10km_80000_120000,80000,120000,-93.80643,50.119093,1840,4,0.5744565217391304
ofr10km_80000_130000,80000,130000,-93.80379,50.209371,1840,2,0.5744565217391304
ofr10km_80000_140000,80000,140000,-93.801137,50.299678,1840,2,0.37282608695652175
ofr10km_80000_150000,80000,150000,-93.798473,50.390012,1840,1,0.37282608695652175
ofr10km_80000_160000,80000,160000,-93.795798,50.480374,1840,0,0.37282608695652175
ofr10km_80000_170000,80000,170000,-93.79311,50.570763,1840,1,0.37119565217391304
ofr10km_80000_180000,80000,180000,-93.79041,50.66118,1840,4,0.37119565217391304
ofr10km_80000_190000,80000,190000,-93.787698,50.751624,1840,2,0.37119565217391304
ofr10km_80000_20000,80000,20000,-93.832208,49.217871,1840,4,0.49293478260869567
ofr10km_80000_200000,80000,200000,-93.784974,50.842094,1840,5,0.3717391304347826
ofr10km_80000_210000,80000,210000,-93.782237,50.932592,1840,1,0.3717391304347826
ofr10km_80000_220000,80000,220000,-93.779489,51.023116,1840,2,0.3717391304347826
ofr10km_80000_230000,80000,230000,-93.776728,51.113667,1840,4,0.3717391304347826
ofr10km_80000_240000,80000,240000,-93.773954,51.204244,1840,2,0.42336956521739133
ofr10km_80000_250000,80000,250000,-93.771168,51.294847,1840,4,0.42336956521739133
ofr10km_80000_260000,80000,260000,-93.768369,51.385476,1840,3,0.42336956521739133
ofr10km_80000_270000,80000,270000,-93.765557,51.476131,1840,6,0.42336956521739133
ofr10km_80000_280000,80000,280000,-93.762732,51.566812,1840,3,0.42336956521739133
ofr10km_80000_290000,80000,290000,-93.759895,51.657518,1840,0,0.5744565217391304
ofr10km_80000_30000,80000,30000,-93.82968,49.307863,1840,0,0.3652173913043478
ofr10km_80000_300000,80000,300000,-93.757044,51.74825,1840,2,0.5744565217391304
ofr10km_80000_310000,80000,310000,-93.75418,51.839007,1840,1,0.5744565217391304
ofr10km_80000_320000,80000,320000,-93.751303,51.929789,1840,1,0.933695652173913
ofr10km_80000_330000,80000,330000,-93.748413,52.020596,1840,2,0.933695652173913
ofr10km_80000_340000,80000,340000,-93.745509,52.111428,1840,0,0.933695652173913
ofr10km_80000_350000,80000,350000,-93.742592,52.202285,1840,2,0.9298913043478261
ofr10km_80000_360000,80000,360000,-93.739661,52.293166,1840,1,0.9298913043478261
ofr10km_80000_370000,80000,370000,-93.736717,52.384071,1840,1,0.9298913043478261
ofr10km_80000_380000,80000,380000,-93.733758,52.475,1840,1,0.8434782608695652
ofr10km_80000_390000,80000,390000,-93.730786,52.565954,1840,0,0.6766304347826086
ofr10km_80000_40000,80000,40000,-93.827142,49.397884,1840,0,0.3652173913043478
ofr10km_80000_400000,80000,400000,-93.7278,52.656931,1840,0,0.6766304347826086
ofr10km_80000_410000,80000,410000,-93.7248,52.747931,1840,1,0.6766304347826086
ofr10km_80000_420000,80000,420000,-93.721785,52.838956,1840,3,0.6766304347826086
ofr10km_80000_430000,80000,430000,-93.718757,52.930003,1840,0,0.6766304347826086
ofr10km_80000_440000,80000,440000,-93.715713,53.021074,1840,2,0.6766304347826086
ofr10km_80000_450000,80000,450000,-93.712656,53.112168,1840,0,0.6766304347826086
ofr10km_80000_460000,80000,460000,-93.709584,53.203284,1840,0,0.6766304347826086
ofr10km_80000_470000,80000,470000,-93.706497,53.294423,1840,0,0.6766304347826086
ofr10km_80000_480000,80000,480000,-93.703395,53.385585,1840,1,0.4141304347826087
ofr10km_80000_490000,80000,490000,-93.700279,53.476769,1840,0,0.4141304347826087
ofr10km_80000_50000,80000,50000,-93.824592,49.487935,1840,1,0.3652173913043478
ofr10km_80000_500000,80000,500000,-93.697147,53.567975,1840,2,0.4141304347826087
ofr10km_80000_510000,80000,510000,-93.694,53.659203,1840,0,0.4141304347826087
ofr10km_80000_60000,80000,60000,-93.822032,49.578014,1840,2,0.49293478260869567
ofr10km_80000_70000,80000,70000,-93.81946,49.668122,1840,1,0.49293478260869567
ofr10km_80000_80000,80000,80000,-93.816877,49.758259,1840,5,0.49293478260869567
ofr10km_80000_90000,80000,90000,-93.814282,49.848425,1840,4,0.49293478260869567
ofr10km_810000_-10000,810000,-10000,-83.985223,48.319775,1840,0,0.8353260869565218
ofr10km_810000_-100000,810000,-100000,-84.189927,47.525654,1840,0,0.47608695652173916
ofr10km_810000_-110000,810000,-110000,-84.212208,47.437546,1840,0,0.47608695652173916
ofr10km_810000_-120000,810000,-120000,-84.234397,47.349464,1840,0,0.6554347826086957
ofr10km_810000_-130000,810000,-130000,-84.256497,47.261408,1840,1,0.7472826086956522
ofr10km_810000_-140000,810000,-140000,-84.278507,47.173379,1840,1,0.7472826086956522
ofr10km_810000_-150000,810000,-150000,-84.300428,47.085377,1840,5,0.8407608695652173
ofr10km_810000_-160000,810000,-160000,-84.32226,46.997402,1840,2,0.4657608695652174
ofr10km_810000_-170000,810000,-170000,-84.344004,46.909453,1840,4,0.4657608695652174
ofr10km_810000_-180000,810000,-180000,-84.365661,46.821532,1840,2,0.4657608695652174
ofr10km_810000_-190000,810000,-190000,-84.38723,46.733638,1840,6,0.4657608695652174
ofr10km_810000_-20000,810000,-20000,-84.008346,48.231439,1840,4,0.5657608695652174
ofr10km_810000_-200000,810000,-200000,-84.408713,46.645771,1840,2,0.4657608695652174
ofr10km_810000_-210000,810000,-210000,-84.43011,46.557932,1840,0,0.4657608695652174
ofr10km_810000_-30000,810000,-30000,-84.031374,48.143128,1840,7,0.4543478260869565
ofr10km_810000_-40000,810000,-40000,-84.054305,48.054841,1840,0,0.5657608695652174
ofr10km_810000_-50000,810000,-50000,-84.077143,47.96658,1840,3,0.5657608695652174
ofr10km_810000_-60000,810000,-60000,-84.099885,47.878344,1840,1,0.5657608695652174
ofr10km_810000_-70000,810000,-70000,-84.122535,47.790133,1840,0,0.6565217391304348
ofr10km_810000_-80000,810000,-80000,-84.145091,47.701947,1840,0,0.6565217391304348
ofr10km_810000_-90000,810000,-90000,-84.167555,47.613788,1840,0,0.47608695652173916
ofr10km_810000_0,810000,0,-83.962004,48.408135,1840,0,0.9342391304347826
ofr10km_810000_10000,810000,10000,-83.938687,48.496519,1840,0,0.9342391304347826
ofr10km_810000_100000,810000,100000,-83.724365,49.293042,1840,1,0.4146739130434783
ofr10km_810000_110000,810000,110000,-83.700044,49.38166,1840,0,0.4146739130434783
ofr10km_810000_120000,810000,120000,-83.675618,49.470299,1840,0,0.4146739130434783
ofr10km_810000_130000,810000,130000,-83.651087,49.558961,1840,0,0.4146739130434783
ofr10km_810000_140000,810000,140000,-83.626451,49.647645,1840,3,0.4146739130434783
ofr10km_810000_150000,810000,150000,-83.601709,49.73635,1840,2,0.4146739130434783
ofr10km_810000_160000,810000,160000,-83.57686,49.825077,1840,2,0.3815217391304348
ofr10km_810000_170000,810000,170000,-83.551904,49.913826,1840,0,0.3815217391304348
ofr10km_810000_180000,810000,180000,-83.52684,50.002595,1840,2,0.4146739130434783
ofr10km_810000_190000,810000,190000,-83.501667,50.091386,1840,0,0.4146739130434783
ofr10km_810000_20000,810000,20000,-83.915273,48.584928,1840,0,0.9342391304347826
ofr10km_810000_200000,810000,200000,-83.476384,50.180197,1840,0,0.4146739130434783
ofr10km_810000_210000,810000,210000,-83.450991,50.269029,1840,0,0.4146739130434783
ofr10km_810000_220000,810000,220000,-83.425488,50.357881,1840,0,0.4146739130434783
ofr10km_810000_230000,810000,230000,-83.399873,50.446754,1840,0,0.4146739130434783
ofr10km_810000_240000,810000,240000,-83.374145,50.535647,1840,0,0.4146739130434783
ofr10km_810000_250000,810000,250000,-83.348304,50.624559,1840,0,0.4146739130434783
ofr10km_810000_260000,810000,260000,-83.32235,50.713491,1840,0,0.4146739130434783
ofr10km_810000_270000,810000,270000,-83.29628,50.802443,1840,0,0.4146739130434783
ofr10km_810000_280000,810000,280000,-83.270096,50.891414,1840,0,0.4146739130434783
ofr10km_810000_290000,810000,290000,-83.243795,50.980404,1840,0,0.4146739130434783
ofr10km_810000_30000,810000,30000,-83.89176,48.67336,1840,0,0.9342391304347826
ofr10km_810000_300000,810000,300000,-83.217378,51.069413,1840,0,0.3733695652173913
ofr10km_810000_310000,810000,310000,-83.190843,51.15844,1840,0,0.3733695652173913
ofr10km_810000_320000,810000,320000,-83.16419,51.247486,1840,0,0.3717391304347826
ofr10km_810000_330000,810000,330000,-83.137417,51.33655,1840,0,0.3717391304347826
ofr10km_810000_340000,810000,340000,-83.110524,51.425633,1840,0,0.3875
ofr10km_810000_350000,810000,350000,-83.083511,51.514733,1840,0,0.3875
ofr10km_810000_360000,810000,360000,-83.056376,51.603851,1840,0,0.3717391304347826
ofr10km_810000_370000,810000,370000,-83.029119,51.692986,1840,0,0.3717391304347826
ofr10km_810000_380000,810000,380000,-83.001738,51.782138,1840,0,0.3717391304347826
ofr10km_810000_390000,810000,390000,-82.974233,51.871308,1840,0,0.3717391304347826
ofr10km_810000_40000,810000,40000,-83.868148,48.761816,1840,1,0.9342391304347826
ofr10km_810000_400000,810000,400000,-82.946604,51.960494,1840,0,0.3717391304347826
ofr10km_810000_410000,810000,410000,-82.918849,52.049697,1840,0,0.3717391304347826
ofr10km_810000_420000,810000,420000,-82.890967,52.138917,1840,0,0.3717391304347826
ofr10km_810000_430000,810000,430000,-82.862958,52.228153,1840,0,0.3717391304347826
ofr10km_810000_440000,810000,440000,-82.83482,52.317404,1840,0,0.3717391304347826
ofr10km_810000_450000,810000,450000,-82.806554,52.406672,1840,0,0.3717391304347826
ofr10km_810000_460000,810000,460000,-82.778157,52.495955,1840,0,0.3717391304347826
ofr10km_810000_470000,810000,470000,-82.749629,52.585253,1840,0,0.3717391304347826
ofr10km_810000_480000,810000,480000,-82.72097,52.674567,1840,0,0.3717391304347826
ofr10km_810000_490000,810000,490000,-82.692178,52.763896,1840,0,0.3717391304347826
ofr10km_810000_50000,810000,50000,-83.844437,48.850296,1840,0,0.9342391304347826
ofr10km_810000_500000,810000,500000,-82.663252,52.853239,1840,0,0.3717391304347826
ofr10km_810000_510000,810000,510000,-82.634192,52.942597,1840,1,0.3717391304347826
ofr10km_810000_520000,810000,520000,-82.604996,53.031969,1840,0,0.3717391304347826
ofr10km_810000_530000,810000,530000,-82.575664,53.121355,1840,0,0.3717391304347826
ofr10km_810000_540000,810000,540000,-82.546194,53.210755,1840,0,0.5684782608695652
ofr10km_810000_550000,810000,550000,-82.516586,53.300169,1840,0,0.5684782608695652
ofr10km_810000_560000,810000,560000,-82.486839,53.389596,1840,0,0.5684782608695652
ofr10km_810000_570000,810000,570000,-82.456951,53.479036,1840,0,0.5684782608695652
ofr10km_810000_580000,810000,580000,-82.426922,53.56849,1840,0,0.5684782608695652
ofr10km_810000_590000,810000,590000,-82.396751,53.657956,1840,0,0.5260869565217391
ofr10km_810000_60000,810000,60000,-83.820626,48.938799,1840,0,0.9342391304347826
ofr10km_810000_600000,810000,600000,-82.366437,53.747434,1840,0,0.5260869565217391
ofr10km_810000_610000,810000,610000,-82.335979,53.836925,1840,0,0.5260869565217391
ofr10km_810000_620000,810000,620000,-82.305375,53.926428,1840,0,0.5260869565217391
ofr10km_810000_630000,810000,630000,-82.274625,54.015943,1840,0,0.5260869565217391
ofr10km_810000_70000,810000,70000,-83.796713,49.027326,1840,0,0.9342391304347826
ofr10km_810000_80000,810000,80000,-83.7727,49.115875,1840,0,0.9342391304347826
ofr10km_810000_90000,810000,90000,-83.748584,49.204447,1840,0,0.4146739130434783
ofr10km_820000_-10000,820000,-10000,-83.852807,48.304229,1840,0,0.3706521739130435
ofr10km_820000_-100000,820000,-100000,-84.059873,47.510442,1840,2,0.3673913043478261
ofr10km_820000_-110000,820000,-110000,-84.082411,47.42237,1840,0,0.3673913043478261
ofr10km_820000_-120000,820000,-120000,-84.104858,47.334325,1840,0,0.36793478260869567
ofr10km_820000_-130000,820000,-130000,-84.127213,47.246305,1840,5,0.36793478260869567
ofr10km_820000_-140000,820000,-140000,-84.149477,47.158313,1840,3,0.8407608695652173
ofr10km_820000_-150000,820000,-150000,-84.171652,47.070346,1840,0,0.8407608695652173
ofr10km_820000_-160000,820000,-160000,-84.193737,46.982406,1840,2,0.4657608695652174
ofr10km_820000_-170000,820000,-170000,-84.215732,46.894494,1840,0,0.4657608695652174
ofr10km_820000_-180000,820000,-180000,-84.23764,46.806608,1840,1,0.4657608695652174
ofr10km_820000_-190000,820000,-190000,-84.259459,46.718749,1840,4,0.4657608695652174
ofr10km_820000_-20000,820000,-20000,-83.876197,48.215931,1840,0,0.3706521739130435
ofr10km_820000_-200000,820000,-200000,-84.281191,46.630918,1840,6,0.4657608695652174
ofr10km_820000_-210000,820000,-210000,-84.302836,46.543114,1840,0,0.4657608695652174
ofr10km_820000_-30000,820000,-30000,-83.899489,48.127657,1840,2,0.3706521739130435
ofr10km_820000_-40000,820000,-40000,-83.922686,48.039408,1840,0,0.3706521739130435
ofr10km_820000_-50000,820000,-50000,-83.945786,47.951184,1840,0,0.3706521739130435
ofr10km_820000_-60000,820000,-60000,-83.968792,47.862985,1840,0,0.3706521739130435
ofr10km_820000_-70000,820000,-70000,-83.991703,47.774811,1840,0,0.3706521739130435
ofr10km_820000_-80000,820000,-80000,-84.014519,47.686662,1840,0,0.3706521739130435
ofr10km_820000_-90000,820000,-90000,-84.037243,47.598539,1840,0,0.3673913043478261
ofr10km_820000_0,820000,0,-83.82932,48.392551,1840,0,0.9342391304347826
ofr10km_820000_10000,820000,10000,-83.805734,48.480898,1840,0,0.9342391304347826
ofr10km_820000_100000,820000,100000,-83.588946,49.277074,1840,0,0.4146739130434783
ofr10km_820000_110000,820000,110000,-83.564345,49.365652,1840,0,0.4146739130434783
ofr10km_820000_120000,820000,120000,-83.539638,49.454253,1840,0,0.4146739130434783
ofr10km_820000_130000,820000,130000,-83.514826,49.542875,1840,0,0.4146739130434783
ofr10km_820000_140000,820000,140000,-83.489907,49.631519,1840,1,0.3815217391304348
ofr10km_820000_150000,820000,150000,-83.464881,49.720185,1840,2,0.3815217391304348
ofr10km_820000_160000,820000,160000,-83.439747,49.808872,1840,0,0.3815217391304348
ofr10km_820000_170000,820000,170000,-83.414505,49.89758,1840,0,0.3815217391304348
ofr10km_820000_180000,820000,180000,-83.389153,49.98631,1840,0,0.4146739130434783
ofr10km_820000_190000,820000,190000,-83.363692,50.07506,1840,0,0.4146739130434783
ofr10km_820000_20000,820000,20000,-83.78205,48.569268,1840,0,0.9342391304347826
ofr10km_820000_200000,820000,200000,-83.338119,50.163831,1840,0,0.4146739130434783
ofr10km_820000_210000,820000,210000,-83.312436,50.252622,1840,0,0.4146739130434783
ofr10km_820000_220000,820000,220000,-83.28664,50.341434,1840,0,0.4146739130434783
ofr10km_820000_230000,820000,230000,-83.260731,50.430265,1840,0,0.4146739130434783
ofr10km_820000_240000,820000,240000,-83.234709,50.519117,1840,0,0.4146739130434783
ofr10km_820000_250000,820000,250000,-83.208573,50.607988,1840,0,0.4146739130434783
ofr10km_820000_260000,820000,260000,-83.182321,50.696879,1840,0,0.4146739130434783
ofr10km_820000_270000,820000,270000,-83.155954,50.785789,1840,0,0.4146739130434783
ofr10km_820000_280000,820000,280000,-83.12947,50.874718,1840,0,0.4146739130434783
ofr10km_820000_290000,820000,290000,-83.102869,50.963666,1840,0,0.3733695652173913
ofr10km_820000_30000,820000,30000,-83.758267,48.657663,1840,1,0.9342391304347826
ofr10km_820000_300000,820000,300000,-83.07615,51.052633,1840,0,0.3733695652173913
ofr10km_820000_310000,820000,310000,-83.049312,51.141618,1840,0,0.3717391304347826
ofr10km_820000_320000,820000,320000,-83.022354,51.230622,1840,2,0.3717391304347826
ofr10km_820000_330000,820000,330000,-82.995276,51.319644,1840,0,0.3717391304347826
ofr10km_820000_340000,820000,340000,-82.968076,51.408683,1840,0,0.3717391304347826
ofr10km_820000_350000,820000,350000,-82.940755,51.497741,1840,1,0.3717391304347826
ofr10km_820000_360000,820000,360000,-82.91331,51.586816,1840,0,0.3717391304347826
ofr10km_820000_370000,820000,370000,-82.885742,51.675908,1840,0,0.3717391304347826
ofr10km_820000_380000,820000,380000,-82.85805,51.765017,1840,0,0.3717391304347826
ofr10km_820000_390000,820000,390000,-82.830232,51.854143,1840,0,0.3717391304347826
ofr10km_820000_40000,820000,40000,-83.734383,48.746081,1840,0,0.9342391304347826
ofr10km_820000_400000,820000,400000,-82.802288,51.943286,1840,0,0.3717391304347826
ofr10km_820000_410000,820000,410000,-82.774217,52.032445,1840,0,0.3717391304347826
ofr10km_820000_420000,820000,420000,-82.746018,52.121621,1840,0,0.3717391304347826
ofr10km_820000_430000,820000,430000,-82.71769,52.210812,1840,0,0.3717391304347826
ofr10km_820000_440000,820000,440000,-82.689233,52.30002,1840,0,0.3717391304347826
ofr10km_820000_450000,820000,450000,-82.660645,52.389243,1840,0,0.3717391304347826
ofr10km_820000_460000,820000,460000,-82.631925,52.478481,1840,0,0.3717391304347826
ofr10km_820000_470000,820000,470000,-82.603074,52.567735,1840,0,0.3717391304347826
ofr10km_820000_480000,820000,480000,-82.574089,52.657004,1840,0,0.3717391304347826
ofr10km_820000_490000,820000,490000,-82.54497,52.746287,1840,0,0.3717391304347826
ofr10km_820000_50000,820000,50000,-83.710399,48.834522,1840,0,0.9342391304347826
ofr10km_820000_500000,820000,500000,-82.515716,52.835585,1840,0,0.3717391304347826
ofr10km_820000_510000,820000,510000,-82.486326,52.924897,1840,9,0.3717391304347826
ofr10km_820000_520000,820000,520000,-82.4568,53.014224,1840,0,0.3717391304347826
ofr10km_820000_530000,820000,530000,-82.427135,53.103564,1840,0,0.3717391304347826
ofr10km_820000_540000,820000,540000,-82.397331,53.192918,1840,0,0.5684782608695652
ofr10km_820000_550000,820000,550000,-82.367388,53.282286,1840,0,0.5684782608695652
ofr10km_820000_560000,820000,560000,-82.337304,53.371667,1840,0,0.5684782608695652
ofr10km_820000_570000,820000,570000,-82.307079,53.46106,1840,0,0.5684782608695652
ofr10km_820000_580000,820000,580000,-82.27671,53.550467,1840,0,0.5684782608695652
ofr10km_820000_590000,820000,590000,-82.246198,53.639886,1840,0,0.5684782608695652
ofr10km_820000_60000,820000,60000,-83.686313,48.922987,1840,0,0.9342391304347826
ofr10km_820000_600000,820000,600000,-82.215541,53.729318,1840,0,0.5684782608695652
ofr10km_820000_610000,820000,610000,-82.184739,53.818761,1840,0,0.5684782608695652
ofr10km_820000_70000,820000,70000,-83.662126,49.011475,1840,1,0.9342391304347826
ofr10km_820000_80000,820000,80000,-83.637836,49.099985,1840,2,0.4146739130434783
ofr10km_820000_90000,820000,90000,-83.613443,49.188518,1840,0,0.4146739130434783
ofr10km_830000_-10000,830000,-10000,-83.720488,48.2885,1840,0,0.3706521739130435
ofr10km_830000_-100000,830000,-100000,-83.929912,47.495051,1840,1,0.3673913043478261
ofr10km_830000_-110000,830000,-110000,-83.952707,47.407016,1840,1,0.3695652173913043
ofr10km_830000_-120000,830000,-120000,-83.975409,47.319007,1840,0,0.3695652173913043
ofr10km_830000_-130000,830000,-130000,-83.998019,47.231025,1840,4,0.3695652173913043
ofr10km_830000_-140000,830000,-140000,-84.020538,47.143068,1840,1,0.8407608695652173
ofr10km_830000_-150000,830000,-150000,-84.042965,47.055138,1840,0,0.8407608695652173
ofr10km_830000_-160000,830000,-160000,-84.065302,46.967235,1840,1,0.4657608695652174
ofr10km_830000_-170000,830000,-170000,-84.087549,46.879358,1840,0,0.4657608695652174
ofr10km_830000_-180000,830000,-180000,-84.109707,46.791508,1840,6,0.4657608695652174
ofr10km_830000_-190000,830000,-190000,-84.131775,46.703685,1840,2,0.4657608695652174
ofr10km_830000_-20000,830000,-20000,-83.744144,48.20024,1840,1,0.3706521739130435
ofr10km_830000_-200000,830000,-200000,-84.153755,46.61589,1840,1,0.4657608695652174
ofr10km_830000_-210000,830000,-210000,-84.175648,46.528122,1840,4,0.4657608695652174
ofr10km_830000_-30000,830000,-30000,-83.767702,48.112004,1840,0,0.3706521739130435
ofr10km_830000_-40000,830000,-40000,-83.791162,48.023793,1840,3,0.3706521739130435
ofr10km_830000_-50000,830000,-50000,-83.814525,47.935607,1840,3,0.3706521739130435
ofr10km_830000_-60000,830000,-60000,-83.837793,47.847445,1840,0,0.3706521739130435
ofr10km_830000_-70000,830000,-70000,-83.860964,47.759308,1840,1,0.3706521739130435
ofr10km_830000_-80000,830000,-80000,-83.884041,47.671197,1840,0,0.3706521739130435
ofr10km_830000_-90000,830000,-90000,-83.907023,47.583111,1840,0,0.3706521739130435
ofr10km_830000_0,830000,0,-83.696734,48.376785,1840,0,0.3706521739130435
ofr10km_830000_10000,830000,10000,-83.67288,48.465093,1840,0,0.9342391304347826
ofr10km_830000_100000,830000,100000,-83.453632,49.260919,1840,0,0.47391304347826085
ofr10km_830000_110000,830000,110000,-83.428751,49.349457,1840,0,0.4146739130434783
ofr10km_830000_120000,830000,120000,-83.403765,49.438018,1840,0,0.4146739130434783
ofr10km_830000_130000,830000,130000,-83.378672,49.5266,1840,0,0.3815217391304348
ofr10km_830000_140000,830000,140000,-83.353471,49.615204,1840,2,0.3815217391304348
ofr10km_830000_150000,830000,150000,-83.328161,49.70383,1840,0,0.3815217391304348
ofr10km_830000_160000,830000,160000,-83.302743,49.792476,1840,1,0.3815217391304348
ofr10km_830000_170000,830000,170000,-83.277215,49.881144,1840,0,0.3815217391304348
ofr10km_830000_180000,830000,180000,-83.251576,49.969833,1840,0,0.4146739130434783
ofr10km_830000_190000,830000,190000,-83.225827,50.058542,1840,0,0.4146739130434783
ofr10km_830000_20000,830000,20000,-83.648927,48.553425,1840,0,0.9342391304347826
ofr10km_830000_200000,830000,200000,-83.199966,50.147272,1840,0,0.4146739130434783
ofr10km_830000_210000,830000,210000,-83.173992,50.236022,1840,0,0.4146739130434783
ofr10km_830000_220000,830000,220000,-83.147905,50.324793,1840,0,0.4146739130434783
ofr10km_830000_230000,830000,230000,-83.121703,50.413583,1840,0,0.4146739130434783
ofr10km_830000_240000,830000,240000,-83.095387,50.502393,1840,0,0.4146739130434783
ofr10km_830000_250000,830000,250000,-83.068956,50.591223,1840,0,0.4146739130434783
ofr10km_830000_260000,830000,260000,-83.042408,50.680072,1840,0,0.4146739130434783
ofr10km_830000_270000,830000,270000,-83.015744,50.76894,1840,0,0.4146739130434783
ofr10km_830000_280000,830000,280000,-82.988961,50.857827,1840,1,0.4146739130434783
ofr10km_830000_290000,830000,290000,-82.96206,50.946732,1840,0,0.3733695652173913
ofr10km_830000_30000,830000,30000,-83.624873,48.641781,1840,0,0.9342391304347826
ofr10km_830000_300000,830000,300000,-82.93504,51.035657,1840,0,0.3717391304347826
ofr10km_830000_310000,830000,310000,-82.9079,51.124599,1840,0,0.3717391304347826
ofr10km_830000_320000,830000,320000,-82.880639,51.21356,1840,0,0.3717391304347826
ofr10km_830000_330000,830000,330000,-82.853256,51.302539,1840,0,0.3717391304347826
ofr10km_830000_340000,830000,340000,-82.82575,51.391536,1840,0,0.3717391304347826
ofr10km_830000_350000,830000,350000,-82.798121,51.48055,1840,0,0.3717391304347826
ofr10km_830000_360000,830000,360000,-82.770369,51.569581,1840,0,0.3717391304347826
ofr10km_830000_370000,830000,370000,-82.742491,51.65863,1840,0,0.3717391304347826
ofr10km_830000_380000,830000,380000,-82.714487,51.747695,1840,0,0.3717391304347826
ofr10km_830000_390000,830000,390000,-82.686357,51.836777,1840,1,0.3717391304347826
ofr10km_830000_40000,830000,40000,-83.600719,48.73016,1840,0,0.9342391304347826
ofr10km_830000_400000,830000,400000,-82.658099,51.925876,1840,0,0.3717391304347826
ofr10km_830000_410000,830000,410000,-82.629713,52.014991,1840,0,0.3717391304347826
ofr10km_830000_420000,830000,420000,-82.601197,52.104122,1840,0,0.3717391304347826
ofr10km_830000_430000,830000,430000,-82.572552,52.193269,1840,0,0.3717391304347826
ofr10km_830000_440000,830000,440000,-82.543776,52.282432,1840,0,0.3717391304347826
ofr10km_830000_450000,830000,450000,-82.514867,52.37161,1840,0,0.3717391304347826
ofr10km_830000_460000,830000,460000,-82.485826,52.460803,1840,0,0.3717391304347826
ofr10km_830000_470000,830000,470000,-82.456652,52.550012,1840,0,0.3717391304347826
ofr10km_830000_480000,830000,480000,-82.427342,52.639235,1840,0,0.3717391304347826
ofr10km_830000_490000,830000,490000,-82.397898,52.728473,1840,0,0.3717391304347826
ofr10km_830000_50000,830000,50000,-83.576462,48.818563,1840,1,0.9342391304347826
ofr10km_830000_500000,830000,500000,-82.368316,52.817725,1840,0,0.3717391304347826
ofr10km_830000_510000,830000,510000,-82.338598,52.906991,1840,2,0.3717391304347826
ofr10km_830000_520000,830000,520000,-82.308741,52.996272,1840,0,0.3717391304347826
ofr10km_830000_540000,830000,540000,-82.248609,53.174873,1840,0,0.5684782608695652
ofr10km_830000_550000,830000,550000,-82.218331,53.264194,1840,0,0.5684782608695652
ofr10km_830000_560000,830000,560000,-82.187912,53.353528,1840,0,0.5684782608695652
ofr10km_830000_60000,830000,60000,-83.552103,48.906988,1840,0,0.9342391304347826
ofr10km_830000_70000,830000,70000,-83.527641,48.995437,1840,0,0.9342391304347826
ofr10km_830000_80000,830000,80000,-83.503076,49.083908,1840,0,0.9342391304347826
ofr10km_830000_90000,830000,90000,-83.478406,49.172402,1840,0,0.47391304347826085
ofr10km_840000_-10000,840000,-10000,-83.588268,48.272589,1840,1,0.3706521739130435
ofr10km_840000_-100000,840000,-100000,-83.800044,47.479481,1840,0,0.3695652173913043
ofr10km_840000_-110000,840000,-110000,-83.823095,47.391483,1840,0,0.3695652173913043
ofr10km_840000_-120000,840000,-120000,-83.846053,47.303512,1840,1,0.3695652173913043
ofr10km_840000_-130000,840000,-130000,-83.868918,47.215566,1840,0,0.3695652173913043
ofr10km_840000_-140000,840000,-140000,-83.89169,47.127646,1840,1,0.8407608695652173
ofr10km_840000_-150000,840000,-150000,-83.914369,47.039753,1840,1,0.8407608695652173
ofr10km_840000_-160000,840000,-160000,-83.936958,46.951886,1840,0,0.4657608695652174
ofr10km_840000_-170000,840000,-170000,-83.959455,46.864046,1840,0,0.4657608695652174
ofr10km_840000_-180000,840000,-180000,-83.981863,46.776233,1840,0,0.4657608695652174
ofr10km_840000_-190000,840000,-190000,-84.00418,46.688446,1840,1,0.4657608695652174
ofr10km_840000_-20000,840000,-20000,-83.612189,48.184368,1840,2,0.3706521739130435
ofr10km_840000_-200000,840000,-200000,-84.026408,46.600687,1840,2,0.4657608695652174
ofr10km_840000_-210000,840000,-210000,-84.048547,46.512955,1840,3,0.4657608695652174
ofr10km_840000_-220000,840000,-220000,-84.070598,46.42525,1840,0,0.4657608695652174
ofr10km_840000_-230000,840000,-230000,-84.092561,46.337573,1840,0,0.4657608695652174
ofr10km_840000_-30000,840000,-30000,-83.636011,48.09617,1840,1,0.3706521739130435
ofr10km_840000_-40000,840000,-40000,-83.659735,48.007997,1840,1,0.3706521739130435
ofr10km_840000_-50000,840000,-50000,-83.683361,47.919849,1840,7,0.3706521739130435
ofr10km_840000_-60000,840000,-60000,-83.706889,47.831725,1840,1,0.3706521739130435
ofr10km_840000_-70000,840000,-70000,-83.730321,47.743626,1840,0,0.3706521739130435
ofr10km_840000_-80000,840000,-80000,-83.753657,47.655552,1840,0,0.3706521739130435
ofr10km_840000_-90000,840000,-90000,-83.776898,47.567504,1840,0,0.3706521739130435
ofr10km_840000_0,840000,0,-83.564247,48.360835,1840,0,0.3706521739130435
ofr10km_840000_10000,840000,10000,-83.540126,48.449105,1840,1,0.3706521739130435
ofr10km_840000_100000,840000,100000,-83.318423,49.244576,1840,0,0.47391304347826085
ofr10km_840000_110000,840000,110000,-83.293264,49.333074,1840,0,0.47391304347826085
ofr10km_840000_120000,840000,120000,-83.267999,49.421595,1840,0,0.47391304347826085
ofr10km_840000_130000,840000,130000,-83.242625,49.510137,1840,1,0.47391304347826085
ofr10km_840000_140000,840000,140000,-83.217142,49.5987,1840,0,0.47391304347826085
ofr10km_840000_150000,840000,150000,-83.19155,49.687285,1840,0,0.37282608695652175
ofr10km_840000_160000,840000,160000,-83.165848,49.775891,1840,0,0.37282608695652175
ofr10km_840000_170000,840000,170000,-83.140035,49.864518,1840,1,0.37282608695652175
ofr10km_840000_180000,840000,180000,-83.114111,49.953165,1840,0,0.47445652173913044
ofr10km_840000_190000,840000,190000,-83.088074,50.041834,1840,0,0.47445652173913044
ofr10km_840000_20000,840000,20000,-83.515904,48.537398,1840,0,0.9342391304347826
ofr10km_840000_200000,840000,200000,-83.061924,50.130522,1840,1,0.4146739130434783
ofr10km_840000_210000,840000,210000,-83.035661,50.219231,1840,0,0.4146739130434783
ofr10km_840000_220000,840000,220000,-83.009283,50.307959,1840,0,0.4146739130434783
ofr10km_840000_230000,840000,230000,-82.98279,50.396708,1840,0,0.4146739130434783
ofr10km_840000_240000,840000,240000,-82.956181,50.485476,1840,0,0.4146739130434783
ofr10km_840000_250000,840000,250000,-82.929456,50.574263,1840,0,0.4146739130434783
ofr10km_840000_260000,840000,260000,-82.902613,50.66307,1840,0,0.4146739130434783
ofr10km_840000_270000,840000,270000,-82.875652,50.751896,1840,0,0.4146739130434783
ofr10km_840000_280000,840000,280000,-82.848571,50.84074,1840,0,0.4146739130434783
ofr10km_840000_290000,840000,290000,-82.821371,50.929603,1840,0,0.3717391304347826
ofr10km_840000_30000,840000,30000,-83.491581,48.625715,1840,0,0.9342391304347826
ofr10km_840000_300000,840000,300000,-82.794051,51.018484,1840,0,0.3717391304347826
ofr10km_840000_310000,840000,310000,-82.766609,51.107384,1840,0,0.3717391304347826
ofr10km_840000_320000,840000,320000,-82.739045,51.196301,1840,0,0.3717391304347826
ofr10km_840000_330000,840000,330000,-82.711358,51.285237,1840,0,0.3717391304347826
ofr10km_840000_340000,840000,340000,-82.683548,51.37419,1840,0,0.3717391304347826
ofr10km_840000_350000,840000,350000,-82.655612,51.46316,1840,0,0.3717391304347826
ofr10km_840000_360000,840000,360000,-82.627552,51.552148,1840,0,0.3717391304347826
ofr10km_840000_370000,840000,370000,-82.599365,51.641152,1840,0,0.3717391304347826
ofr10km_840000_380000,840000,380000,-82.571051,51.730173,1840,0,0.3717391304347826
ofr10km_840000_390000,840000,390000,-82.542609,51.819211,1840,0,0.3717391304347826
ofr10km_840000_40000,840000,40000,-83.467156,48.714055,1840,2,0.9342391304347826
ofr10km_840000_400000,840000,400000,-82.514038,51.908265,1840,0,0.3717391304347826
ofr10km_840000_410000,840000,410000,-82.485338,51.997336,1840,0,0.3717391304347826
ofr10km_840000_420000,840000,420000,-82.456507,52.086422,1840,0,0.3717391304347826
ofr10km_840000_430000,840000,430000,-82.427545,52.175524,1840,0,0.3717391304347826
ofr10km_840000_440000,840000,440000,-82.39845,52.264641,1840,0,0.3717391304347826
ofr10km_840000_450000,840000,450000,-82.369222,52.353774,1840,0,0.3717391304347826
ofr10km_840000_460000,840000,460000,-82.339861,52.442922,1840,0,0.3717391304347826
ofr10km_840000_470000,840000,470000,-82.310364,52.532084,1840,0,0.3717391304347826
ofr10km_840000_480000,840000,480000,-82.280731,52.621262,1840,0,0.3717391304347826
ofr10km_840000_490000,840000,490000,-82.250961,52.710453,1840,0,0.3717391304347826
ofr10km_840000_50000,840000,50000,-83.442628,48.802418,1840,0,0.9342391304347826
ofr10km_840000_500000,840000,500000,-82.221054,52.799659,1840,0,0.3717391304347826
ofr10km_840000_510000,840000,510000,-82.191008,52.888879,1840,0,0.3717391304347826
ofr10km_840000_60000,840000,60000,-83.417996,48.890805,1840,0,0.41032608695652173
ofr10km_840000_70000,840000,70000,-83.39326,48.979214,1840,0,0.41032608695652173
ofr10km_840000_80000,840000,80000,-83.36842,49.067645,1840,0,0.9342391304347826
ofr10km_840000_90000,840000,90000,-83.343474,49.1561,1840,0,0.47391304347826085
ofr10km_850000_-10000,850000,-10000,-83.456147,48.256496,1840,0,0.3706521739130435
ofr10km_850000_-100000,850000,-100000,-83.67027,47.463732,1840,0,0.3695652173913043
ofr10km_850000_-110000,850000,-110000,-83.693577,47.375772,1840,0,0.3695652173913043
ofr10km_850000_-120000,850000,-120000,-83.71679,47.287838,1840,0,0.3695652173913043
ofr10km_850000_-130000,850000,-130000,-83.739908,47.19993,1840,2,0.4597826086956522
ofr10km_850000_-140000,850000,-140000,-83.762933,47.112048,1840,0,0.842391304347826
ofr10km_850000_-150000,850000,-150000,-83.785865,47.024192,1840,0,0.842391304347826
ofr10km_850000_-160000,850000,-160000,-83.808704,46.936362,1840,0,0.4657608695652174
ofr10km_850000_-170000,850000,-170000,-83.831452,46.848559,1840,1,0.4657608695652174
ofr10km_850000_-180000,850000,-180000,-83.854108,46.760782,1840,3,0.4657608695652174
ofr10km_850000_-190000,850000,-190000,-83.876674,46.673032,1840,0,0.4657608695652174
ofr10km_850000_-20000,850000,-20000,-83.480333,48.168313,1840,0,0.3706521739130435
ofr10km_850000_-200000,850000,-200000,-83.899149,46.585309,1840,2,0.4657608695652174
ofr10km_850000_-210000,850000,-210000,-83.921534,46.497614,1840,0,0.4657608695652174
ofr10km_850000_-220000,850000,-220000,-83.943831,46.409945,1840,0,0.4657608695652174
ofr10km_850000_-230000,850000,-230000,-83.966038,46.322305,1840,0,0.4657608695652174
ofr10km_850000_-240000,850000,-240000,-83.988158,46.234691,1840,0,0.4657608695652174
ofr10km_850000_-30000,850000,-30000,-83.504419,48.080154,1840,0,0.3706521739130435
ofr10km_850000_-40000,850000,-40000,-83.528405,47.99202,1840,0,0.3706521739130435
ofr10km_850000_-50000,850000,-50000,-83.552293,47.90391,1840,0,0.3706521739130435
ofr10km_850000_-60000,850000,-60000,-83.576082,47.815824,1840,5,0.3706521739130435
ofr10km_850000_-70000,850000,-70000,-83.599774,47.727764,1840,0,0.3706521739130435
ofr10km_850000_-80000,850000,-80000,-83.623369,47.639728,1840,0,0.3706521739130435
ofr10km_850000_-90000,850000,-90000,-83.646867,47.551717,1840,0,0.3706521739130435
ofr10km_850000_0,850000,0,-83.431861,48.344703,1840,0,0.3706521739130435
ofr10km_850000_10000,850000,10000,-83.407473,48.432933,1840,0,0.3706521739130435
ofr10km_850000_100000,850000,100000,-83.18332,49.228046,1840,0,0.37282608695652175
ofr10km_850000_110000,850000,110000,-83.157884,49.316504,1840,0,0.37282608695652175
ofr10km_850000_120000,850000,120000,-83.13234,49.404984,1840,0,0.37282608695652175
ofr10km_850000_130000,850000,130000,-83.106687,49.493485,1840,0,0.37282608695652175
ofr10km_850000_140000,850000,140000,-83.080923,49.582007,1840,0,0.37282608695652175
ofr10km_850000_150000,850000,150000,-83.055049,49.670551,1840,0,0.37282608695652175
ofr10km_850000_160000,850000,160000,-83.029064,49.759116,1840,0,0.37282608695652175
ofr10km_850000_170000,850000,170000,-83.002967,49.847701,1840,0,0.37282608695652175
ofr10km_850000_180000,850000,180000,-82.976757,49.936307,1840,0,0.47445652173913044
ofr10km_850000_190000,850000,190000,-82.950434,50.024934,1840,0,0.47445652173913044
ofr10km_850000_20000,850000,20000,-83.382983,48.521187,1840,0,0.9342391304347826
ofr10km_850000_200000,850000,200000,-82.923997,50.11358,1840,1,0.47445652173913044
ofr10km_850000_210000,850000,210000,-82.897445,50.202247,1840,0,0.47445652173913044
ofr10km_850000_220000,850000,220000,-82.870777,50.290934,1840,1,0.47445652173913044
ofr10km_850000_230000,850000,230000,-82.843993,50.37964,1840,0,0.47445652173913044
ofr10km_850000_240000,850000,240000,-82.817092,50.468365,1840,0,0.47445652173913044
ofr10km_850000_250000,850000,250000,-82.790073,50.55711,1840,0,0.47445652173913044
ofr10km_850000_260000,850000,260000,-82.762935,50.645874,1840,0,0.47445652173913044
ofr10km_850000_270000,850000,270000,-82.735678,50.734657,1840,0,0.47445652173913044
ofr10km_850000_280000,850000,280000,-82.708301,50.823458,1840,0,0.3717391304347826
ofr10km_850000_290000,850000,290000,-82.680803,50.912278,1840,0,0.3717391304347826
ofr10km_850000_30000,850000,30000,-83.358391,48.609465,1840,3,0.9342391304347826
ofr10km_850000_300000,850000,300000,-82.653183,51.001116,1840,0,0.3717391304347826
ofr10km_850000_310000,850000,310000,-82.62544,51.089972,1840,0,0.3717391304347826
ofr10km_850000_320000,850000,320000,-82.597575,51.178846,1840,0,0.3717391304347826
ofr10km_850000_330000,850000,330000,-82.569584,51.267737,1840,0,0.3717391304347826
ofr10km_850000_340000,850000,340000,-82.541469,51.356646,1840,0,0.3717391304347826
ofr10km_850000_350000,850000,350000,-82.513229,51.445572,1840,0,0.3717391304347826
ofr10km_850000_360000,850000,360000,-82.484861,51.534515,1840,0,0.3717391304347826
ofr10km_850000_370000,850000,370000,-82.456366,51.623475,1840,0,0.3717391304347826
ofr10km_850000_380000,850000,380000,-82.427743,51.712452,1840,0,0.3717391304347826
ofr10km_850000_390000,850000,390000,-82.39899,51.801445,1840,0,0.3717391304347826
ofr10km_850000_40000,850000,40000,-83.333696,48.697765,1840,0,0.9342391304347826
ofr10km_850000_400000,850000,400000,-82.370107,51.890454,1840,1,0.3717391304347826
ofr10km_850000_410000,850000,410000,-82.341094,51.979479,1840,0,0.3717391304347826
ofr10km_850000_420000,850000,420000,-82.311948,52.06852,1840,1,0.3717391304347826
ofr10km_850000_430000,850000,430000,-82.28267,52.157576,1840,0,0.3717391304347826
ofr10km_850000_440000,850000,440000,-82.253258,52.246648,1840,0,0.3717391304347826
ofr10km_850000_450000,850000,450000,-82.223712,52.335735,1840,0,0.3717391304347826
ofr10km_850000_460000,850000,460000,-82.19403,52.424836,1840,0,0.3717391304347826
ofr10km_850000_470000,850000,470000,-82.164212,52.513953,1840,0,0.3717391304347826
ofr10km_850000_480000,850000,480000,-82.134256,52.603084,1840,0,0.3717391304347826
ofr10km_850000_490000,850000,490000,-82.104163,52.692229,1840,0,0.3717391304347826
ofr10km_850000_50000,850000,50000,-83.308896,48.786089,1840,0,0.9342391304347826
ofr10km_850000_500000,850000,500000,-82.07393,52.781388,1840,0,0.3717391304347826
ofr10km_850000_60000,850000,60000,-83.283993,48.874435,1840,1,0.41032608695652173
ofr10km_850000_70000,850000,70000,-83.258984,48.962805,1840,0,0.41032608695652173
ofr10km_850000_80000,850000,80000,-83.233869,49.051196,1840,1,0.37282608695652175
ofr10km_850000_90000,850000,90000,-83.208648,49.13961,1840,0,0.37282608695652175
ofr10km_860000_-10000,860000,-10000,-83.324127,48.24022,1840,0,0.3706521739130435
ofr10km_860000_-100000,860000,-100000,-83.540591,47.447805,1840,0,0.3695652173913043
ofr10km_860000_-110000,860000,-110000,-83.564154,47.359884,1840,2,0.3695652173913043
ofr10km_860000_-120000,860000,-120000,-83.587621,47.271987,1840,1,0.3695652173913043
ofr10km_860000_-130000,860000,-130000,-83.610993,47.184117,1840,2,0.4597826086956522
ofr10km_860000_-140000,860000,-140000,-83.63427,47.096272,1840,2,0.4597826086956522
ofr10km_860000_-150000,860000,-150000,-83.657453,47.008454,1840,0,0.8407608695652173
ofr10km_860000_-160000,860000,-160000,-83.680543,46.920662,1840,0,0.8407608695652173
ofr10km_860000_-170000,860000,-170000,-83.70354,46.832896,1840,0,0.8407608695652173
ofr10km_860000_-180000,860000,-180000,-83.726445,46.745156,1840,0,0.4657608695652174
ofr10km_860000_-190000,860000,-190000,-83.749258,46.657443,1840,0,0.4657608695652174
ofr10km_860000_-20000,860000,-20000,-83.348577,48.152077,1840,0,0.3706521739130435
ofr10km_860000_-200000,860000,-200000,-83.77198,46.569758,1840,1,0.4657608695652174
ofr10km_860000_-210000,860000,-210000,-83.794611,46.482099,1840,2,0.4657608695652174
ofr10km_860000_-220000,860000,-220000,-83.817152,46.394467,1840,2,0.4657608695652174
ofr10km_860000_-230000,860000,-230000,-83.839604,46.306863,1840,3,0.4657608695652174
ofr10km_860000_-240000,860000,-240000,-83.861966,46.219286,1840,0,0.4657608695652174
ofr10km_860000_-250000,860000,-250000,-83.88424,46.131737,1840,0,0.4657608695652174
ofr10km_860000_-30000,860000,-30000,-83.372926,48.063957,1840,0,0.3706521739130435
ofr10km_860000_-40000,860000,-40000,-83.397175,47.975862,1840,0,0.3706521739130435
ofr10km_860000_-50000,860000,-50000,-83.421324,47.88779,1840,3,0.3706521739130435
ofr10km_860000_-60000,860000,-60000,-83.445373,47.799744,1840,4,0.3706521739130435
ofr10km_860000_-70000,860000,-70000,-83.469324,47.711722,1840,0,0.3706521739130435
ofr10km_860000_-80000,860000,-80000,-83.493177,47.623724,1840,1,0.3706521739130435
ofr10km_860000_-90000,860000,-90000,-83.516933,47.535752,1840,0,0.3695652173913043
ofr10km_860000_0,860000,0,-83.299576,48.328388,1840,0,0.3706521739130435
ofr10km_860000_10000,860000,10000,-83.274922,48.416579,1840,1,0.3706521739130435
ofr10km_860000_100000,860000,100000,-83.048326,49.211329,1840,1,0.37282608695652175
ofr10km_860000_110000,860000,110000,-83.022613,49.299746,1840,0,0.37282608695652175
ofr10km_860000_120000,860000,120000,-82.996791,49.388185,1840,0,0.37282608695652175
ofr10km_860000_130000,860000,130000,-82.970858,49.476645,1840,0,0.37282608695652175
ofr10km_860000_140000,860000,140000,-82.944815,49.565126,1840,5,0.37282608695652175
ofr10km_860000_150000,860000,150000,-82.91866,49.653628,1840,0,0.37282608695652175
ofr10km_860000_160000,860000,160000,-82.892392,49.742151,1840,0,0.37282608695652175
ofr10km_860000_170000,860000,170000,-82.866012,49.830695,1840,0,0.37282608695652175
ofr10km_860000_180000,860000,180000,-82.839518,49.919259,1840,0,0.37282608695652175
ofr10km_860000_190000,860000,190000,-82.812909,50.007843,1840,0,0.47445652173913044
ofr10km_860000_20000,860000,20000,-83.250165,48.504793,1840,0,0.4608695652173913
ofr10km_860000_200000,860000,200000,-82.786185,50.096448,1840,0,0.47445652173913044
ofr10km_860000_210000,860000,210000,-82.759344,50.185072,1840,0,0.47445652173913044
ofr10km_860000_220000,860000,220000,-82.732387,50.273716,1840,0,0.47445652173913044
ofr10km_860000_230000,860000,230000,-82.705313,50.362379,1840,0,0.47445652173913044
ofr10km_860000_240000,860000,240000,-82.67812,50.451062,1840,0,0.47445652173913044
ofr10km_860000_250000,860000,250000,-82.650809,50.539764,1840,0,0.47445652173913044
ofr10km_860000_260000,860000,260000,-82.623377,50.628484,1840,0,0.47445652173913044
ofr10km_860000_270000,860000,270000,-82.595825,50.717224,1840,0,0.9347826086956522
ofr10km_860000_280000,860000,280000,-82.568152,50.805982,1840,0,0.3717391304347826
ofr10km_860000_290000,860000,290000,-82.540356,50.894758,1840,0,0.3717391304347826
ofr10km_860000_30000,860000,30000,-83.225304,48.593031,1840,0,0.9342391304347826
ofr10km_860000_300000,860000,300000,-82.512437,50.983552,1840,0,0.3717391304347826
ofr10km_860000_310000,860000,310000,-82.484395,51.072364,1840,0,0.3717391304347826
ofr10km_860000_320000,860000,320000,-82.456228,51.161193,1840,0,0.3717391304347826
ofr10km_860000_330000,860000,330000,-82.427936,51.250041,1840,0,0.3717391304347826
ofr10km_860000_340000,860000,340000,-82.399517,51.338905,1840,0,0.3717391304347826
ofr10km_860000_350000,860000,350000,-82.370971,51.427786,1840,0,0.3717391304347826
ofr10km_860000_360000,860000,360000,-82.342298,51.516685,1840,0,0.3717391304347826
ofr10km_860000_370000,860000,370000,-82.313495,51.6056,1840,0,0.3717391304347826
ofr10km_860000_380000,860000,380000,-82.284563,51.694531,1840,0,0.3717391304347826
ofr10km_860000_390000,860000,390000,-82.255501,51.783479,1840,0,0.3717391304347826
ofr10km_860000_40000,860000,40000,-83.200339,48.681291,1840,1,0.9342391304347826
ofr10km_860000_400000,860000,400000,-82.226307,51.872442,1840,0,0.3717391304347826
ofr10km_860000_410000,860000,410000,-82.196981,51.961422,1840,0,0.3717391304347826
ofr10km_860000_420000,860000,420000,-82.167522,52.050417,1840,0,0.3717391304347826
ofr10km_860000_430000,860000,430000,-82.137929,52.139427,1840,0,0.3717391304347826
ofr10km_860000_440000,860000,440000,-82.1082,52.228452,1840,0,0.3717391304347826
ofr10km_860000_450000,860000,450000,-82.078336,52.317493,1840,1,0.3717391304347826
ofr10km_860000_460000,860000,460000,-82.048336,52.406548,1840,0,0.3717391304347826
ofr10km_860000_470000,860000,470000,-82.018197,52.495618,1840,0,0.3717391304347826
ofr10km_860000_480000,860000,480000,-81.98792,52.584701,1840,0,0.3717391304347826
ofr10km_860000_490000,860000,490000,-81.957504,52.673799,1840,0,0.3717391304347826
ofr10km_860000_50000,860000,50000,-83.17527,48.769575,1840,1,0.41032608695652173
ofr10km_860000_60000,860000,60000,-83.150095,48.857881,1840,3,0.41032608695652173
ofr10km_860000_70000,860000,70000,-83.124813,48.94621,1840,0,0.41032608695652173
ofr10km_860000_80000,860000,80000,-83.099425,49.034561,1840,1,0.37282608695652175
ofr10km_860000_90000,860000,90000,-83.07393,49.122934,1840,2,0.37282608695652175
ofr10km_870000_-10000,870000,-10000,-83.192209,48.223763,1840,0,0.3706521739130435
ofr10km_870000_-100000,870000,-100000,-83.411009,47.4317,1840,1,0.3695652173913043
ofr10km_870000_-110000,870000,-110000,-83.434826,47.343817,1840,0,0.3695652173913043
ofr10km_870000_-120000,870000,-120000,-83.458547,47.255959,1840,0,0.3695652173913043
ofr10km_870000_-130000,870000,-130000,-83.482171,47.168127,1840,1,0.3695652173913043
ofr10km_870000_-140000,870000,-140000,-83.5057,47.08032,1840,0,0.4597826086956522
ofr10km_870000_-150000,870000,-150000,-83.529134,46.99254,1840,0,0.8407608695652173
ofr10km_870000_-160000,870000,-160000,-83.552474,46.904785,1840,1,0.8407608695652173
ofr10km_870000_-170000,870000,-170000,-83.57572,46.817057,1840,0,0.8407608695652173
ofr10km_870000_-180000,870000,-180000,-83.598873,46.729355,1840,1,0.8407608695652173
ofr10km_870000_-190000,870000,-190000,-83.621933,46.64168,1840,1,0.4657608695652174
ofr10km_870000_-20000,870000,-20000,-83.216923,48.135659,1840,0,0.3706521739130435
ofr10km_870000_-200000,870000,-200000,-83.644901,46.554031,1840,1,0.4657608695652174
ofr10km_870000_-210000,870000,-210000,-83.667778,46.46641,1840,2,0.4657608695652174
ofr10km_870000_-220000,870000,-220000,-83.690563,46.378815,1840,3,0.8385869565217391
ofr10km_870000_-230000,870000,-230000,-83.713258,46.291248,1840,1,0.8385869565217391
ofr10km_870000_-240000,870000,-240000,-83.735863,46.203708,1840,0,0.4657608695652174
ofr10km_870000_-250000,870000,-250000,-83.758379,46.116196,1840,0,0.4657608695652174
ofr10km_870000_-30000,870000,-30000,-83.241534,48.047579,1840,0,0.3706521739130435
ofr10km_870000_-40000,870000,-40000,-83.266044,47.959523,1840,0,0.3706521739130435
ofr10km_870000_-50000,870000,-50000,-83.290454,47.871491,1840,2,0.3706521739130435
ofr10km_870000_-60000,870000,-60000,-83.314763,47.783483,1840,5,0.3706521739130435
ofr10km_870000_-70000,870000,-70000,-83.338972,47.6955,1840,2,0.3706521739130435
ofr10km_870000_-80000,870000,-80000,-83.363083,47.607542,1840,0,0.3695652173913043
ofr10km_870000_-90000,870000,-90000,-83.387095,47.519609,1840,0,0.3695652173913043
ofr10km_870000_0,870000,0,-83.167393,48.31189,1840,0,0.3706521739130435
ofr10km_870000_10000,870000,10000,-83.142473,48.400041,1840,0,0.3706521739130435
ofr10km_870000_100000,870000,100000,-82.91344,49.194426,1840,1,0.37282608695652175
ofr10km_870000_110000,870000,110000,-82.887451,49.282802,1840,0,0.37282608695652175
ofr10km_870000_120000,870000,120000,-82.861352,49.371199,1840,0,0.37282608695652175
ofr10km_870000_130000,870000,130000,-82.835141,49.459617,1840,0,0.37282608695652175
ofr10km_870000_140000,870000,140000,-82.808818,49.548057,1840,1,0.37282608695652175
ofr10km_870000_150000,870000,150000,-82.782383,49.636517,1840,0,0.37282608695652175
ofr10km_870000_160000,870000,160000,-82.755834,49.724998,1840,1,0.37282608695652175
ofr10km_870000_170000,870000,170000,-82.72917,49.813499,1840,1,0.37282608695652175
ofr10km_870000_180000,870000,180000,-82.702392,49.902021,1840,2,0.37282608695652175
ofr10km_870000_190000,870000,190000,-82.675498,49.990562,1840,1,0.37282608695652175
ofr10km_870000_20000,870000,20000,-83.117449,48.488216,1840,0,0.3706521739130435
ofr10km_870000_200000,870000,200000,-82.648488,50.079124,1840,1,0.37282608695652175
ofr10km_870000_210000,870000,210000,-82.621361,50.167706,1840,0,0.37282608695652175
ofr10km_870000_220000,870000,220000,-82.594115,50.256306,1840,0,0.37282608695652175
ofr10km_870000_230000,870000,230000,-82.566751,50.344927,1840,0,0.37282608695652175
ofr10km_870000_240000,870000,240000,-82.539268,50.433566,1840,0,0.37282608695652175
ofr10km_870000_250000,870000,250000,-82.511664,50.522224,1840,0,0.47445652173913044
ofr10km_870000_260000,870000,260000,-82.48394,50.610901,1840,0,0.9347826086956522
ofr10km_870000_270000,870000,270000,-82.456093,50.699597,1840,0,0.9347826086956522
ofr10km_870000_280000,870000,280000,-82.428124,50.78831,1840,0,0.3717391304347826
ofr10km_870000_290000,870000,290000,-82.400032,50.877042,1840,0,0.3717391304347826
ofr10km_870000_30000,870000,30000,-83.092321,48.576413,1840,4,0.4608695652173913
ofr10km_870000_300000,870000,300000,-82.371816,50.965792,1840,0,0.3717391304347826
ofr10km_870000_310000,870000,310000,-82.343474,51.05456,1840,0,0.3717391304347826
ofr10km_870000_320000,870000,320000,-82.315007,51.143345,1840,0,0.3717391304347826
ofr10km_870000_330000,870000,330000,-82.286413,51.232147,1840,0,0.3717391304347826
ofr10km_870000_340000,870000,340000,-82.257692,51.320967,1840,0,0.3717391304347826
ofr10km_870000_350000,870000,350000,-82.228842,51.409803,1840,0,0.3717391304347826
ofr10km_870000_360000,870000,360000,-82.199863,51.498656,1840,0,0.3717391304347826
ofr10km_870000_370000,870000,370000,-82.170755,51.587525,1840,0,0.3717391304347826
ofr10km_870000_380000,870000,380000,-82.141515,51.676411,1840,0,0.3717391304347826
ofr10km_870000_390000,870000,390000,-82.112143,51.765313,1840,0,0.3717391304347826
ofr10km_870000_40000,870000,40000,-83.067088,48.664633,1840,0,0.9342391304347826
ofr10km_870000_400000,870000,400000,-82.082639,51.85423,1840,0,0.3717391304347826
ofr10km_870000_410000,870000,410000,-82.053002,51.943164,1840,0,0.3717391304347826
ofr10km_870000_420000,870000,420000,-82.02323,52.032112,1840,0,0.3717391304347826
ofr10km_870000_430000,870000,430000,-81.993322,52.121076,1840,0,0.3717391304347826
ofr10km_870000_440000,870000,440000,-81.963279,52.210055,1840,2,0.3717391304347826
ofr10km_870000_450000,870000,450000,-81.933098,52.299048,1840,0,0.3717391304347826
ofr10km_870000_460000,870000,460000,-81.902779,52.388056,1840,0,0.3717391304347826
ofr10km_870000_470000,870000,470000,-81.872321,52.477079,1840,0,0.3717391304347826
ofr10km_870000_480000,870000,480000,-81.841724,52.566115,1840,0,0.3717391304347826
ofr10km_870000_50000,870000,50000,-83.041749,48.752876,1840,0,0.9342391304347826
ofr10km_870000_60000,870000,60000,-83.016303,48.841142,1840,1,0.37282608695652175
ofr10km_870000_70000,870000,70000,-82.99075,48.92943,1840,0,0.37282608695652175
ofr10km_870000_80000,870000,80000,-82.965089,49.01774,1840,0,0.37282608695652175
ofr10km_870000_90000,870000,90000,-82.939319,49.106072,1840,0,0.37282608695652175
ofr10km_880000_-10000,880000,-10000,-83.060393,48.207124,1840,0,0.3706521739130435
ofr10km_880000_-100000,880000,-100000,-83.281524,47.415417,1840,0,0.3695652173913043
ofr10km_880000_-110000,880000,-110000,-83.305595,47.327573,1840,0,0.3695652173913043
ofr10km_880000_-120000,880000,-120000,-83.329569,47.239754,1840,1,0.3695652173913043
ofr10km_880000_-130000,880000,-130000,-83.353446,47.15196,1840,0,0.3695652173913043
ofr10km_880000_-140000,880000,-140000,-83.377226,47.064192,1840,1,0.3695652173913043
ofr10km_880000_-150000,880000,-150000,-83.40091,46.97645,1840,0,0.842391304347826
ofr10km_880000_-160000,880000,-160000,-83.424499,46.888734,1840,1,0.842391304347826
ofr10km_880000_-170000,880000,-170000,-83.447994,46.801043,1840,0,0.842391304347826
ofr10km_880000_-180000,880000,-180000,-83.471394,46.71338,1840,3,0.842391304347826
ofr10km_880000_-190000,880000,-190000,-83.494701,46.625742,1840,0,0.8407608695652173
ofr10km_880000_-20000,880000,-20000,-83.08537,48.11906,1840,0,0.3706521739130435
ofr10km_880000_-200000,880000,-200000,-83.517914,46.538131,1840,0,0.8407608695652173
ofr10km_880000_-210000,880000,-210000,-83.541036,46.450547,1840,1,0.8407608695652173
ofr10km_880000_-220000,880000,-220000,-83.564065,46.36299,1840,1,0.8385869565217391
ofr10km_880000_-230000,880000,-230000,-83.587003,46.27546,1840,1,0.8385869565217391
ofr10km_880000_-240000,880000,-240000,-83.60985,46.187958,1840,0,0.8385869565217391
ofr10km_880000_-30000,880000,-30000,-83.110243,48.03102,1840,0,0.3706521739130435
ofr10km_880000_-40000,880000,-40000,-83.135014,47.943004,1840,2,0.3706521739130435
ofr10km_880000_-50000,880000,-50000,-83.159684,47.855011,1840,0,0.3706521739130435
ofr10km_880000_-60000,880000,-60000,-83.184252,47.767043,1840,1,0.3706521739130435
ofr10km_880000_-70000,880000,-70000,-83.208719,47.6791,1840,2,0.3695652173913043
ofr10km_880000_-80000,880000,-80000,-83.233087,47.591181,1840,0,0.3695652173913043
ofr10km_880000_-90000,880000,-90000,-83.257355,47.503286,1840,0,0.3695652173913043
ofr10km_880000_0,880000,0,-83.035313,48.295211,1840,0,0.3706521739130435
ofr10km_880000_10000,880000,10000,-83.010129,48.383322,1840,0,0.3706521739130435
ofr10km_880000_100000,880000,100000,-82.778664,49.177337,1840,0,0.37282608695652175
ofr10km_880000_110000,880000,110000,-82.7524,49.265671,1840,0,0.37282608695652175
ofr10km_880000_120000,880000,120000,-82.726024,49.354026,1840,0,0.37282608695652175
ofr10km_880000_130000,880000,130000,-82.699536,49.442402,1840,1,0.37282608695652175
ofr10km_880000_140000,880000,140000,-82.672934,49.530799,1840,0,0.37282608695652175
ofr10km_880000_150000,880000,150000,-82.646219,49.619217,1840,0,0.37282608695652175
ofr10km_880000_160000,880000,160000,-82.619389,49.707655,1840,0,0.37282608695652175
ofr10km_880000_170000,880000,170000,-82.592444,49.796114,1840,2,0.37282608695652175
ofr10km_880000_180000,880000,180000,-82.565382,49.884593,1840,0,0.37282608695652175
ofr10km_880000_190000,880000,190000,-82.538204,49.973091,1840,0,0.37282608695652175
ofr10km_880000_20000,880000,20000,-82.984839,48.471456,1840,0,0.3706521739130435
ofr10km_880000_200000,880000,200000,-82.510909,50.06161,1840,0,0.37282608695652175
ofr10km_880000_210000,880000,210000,-82.483495,50.150148,1840,0,0.37282608695652175
ofr10km_880000_220000,880000,220000,-82.455962,50.238705,1840,0,0.37282608695652175
ofr10km_880000_230000,880000,230000,-82.428309,50.327282,1840,0,0.37282608695652175
ofr10km_880000_240000,880000,240000,-82.400536,50.415877,1840,0,0.37282608695652175
ofr10km_880000_250000,880000,250000,-82.372641,50.504492,1840,0,0.47445652173913044
ofr10km_880000_260000,880000,260000,-82.344624,50.593125,1840,0,0.47445652173913044
ofr10km_880000_270000,880000,270000,-82.316484,50.681776,1840,0,0.3717391304347826
ofr10km_880000_280000,880000,280000,-82.288221,50.770445,1840,0,0.3717391304347826
ofr10km_880000_290000,880000,290000,-82.259833,50.859132,1840,0,0.3717391304347826
ofr10km_880000_30000,880000,30000,-82.959444,48.559612,1840,2,0.4608695652173913
ofr10km_880000_300000,880000,300000,-82.231319,50.947838,1840,0,0.3717391304347826
ofr10km_880000_310000,880000,310000,-82.202679,51.03656,1840,0,0.3717391304347826
ofr10km_880000_320000,880000,320000,-82.173913,51.1253,1840,0,0.3717391304347826
ofr10km_880000_330000,880000,330000,-82.145018,51.214057,1840,0,0.3717391304347826
ofr10km_880000_340000,880000,340000,-82.115995,51.302831,1840,0,0.3717391304347826
ofr10km_880000_350000,880000,350000,-82.086842,51.391622,1840,0,0.3717391304347826
ofr10km_880000_360000,880000,360000,-82.057559,51.480429,1840,0,0.3717391304347826
ofr10km_880000_370000,880000,370000,-82.028145,51.569253,1840,0,0.3717391304347826
ofr10km_880000_380000,880000,380000,-81.998598,51.658092,1840,0,0.3717391304347826
ofr10km_880000_390000,880000,390000,-81.968918,51.746948,1840,0,0.3717391304347826
ofr10km_880000_40000,880000,40000,-82.933942,48.647792,1840,0,0.41032608695652173
ofr10km_880000_400000,880000,400000,-81.939105,51.835819,1840,2,0.3717391304347826
ofr10km_880000_410000,880000,410000,-81.909157,51.924705,1840,0,0.3717391304347826
ofr10km_880000_420000,880000,420000,-81.879073,52.013607,1840,0,0.3717391304347826
ofr10km_880000_430000,880000,430000,-81.848852,52.102524,1840,0,0.3717391304347826
ofr10km_880000_440000,880000,440000,-81.818494,52.191456,1840,4,0.3717391304347826
ofr10km_880000_450000,880000,450000,-81.787998,52.280402,1840,0,0.3717391304347826
ofr10km_880000_460000,880000,460000,-81.757362,52.369362,1840,0,0.3717391304347826
ofr10km_880000_470000,880000,470000,-81.726585,52.458337,1840,0,0.3717391304347826
ofr10km_880000_50000,880000,50000,-82.908334,48.735994,1840,0,0.41032608695652173
ofr10km_880000_60000,880000,60000,-82.882618,48.824218,1840,0,0.41032608695652173
ofr10km_880000_70000,880000,70000,-82.856794,48.912465,1840,0,0.37282608695652175
ofr10km_880000_80000,880000,80000,-82.83086,49.000734,1840,0,0.37282608695652175
ofr10km_880000_90000,880000,90000,-82.804818,49.089025,1840,0,0.37282608695652175
ofr10km_890000_-10000,890000,-10000,-82.928681,48.190303,1840,0,0.3706521739130435
ofr10km_890000_-100000,890000,-100000,-83.152137,47.398956,1840,0,0.3695652173913043
ofr10km_890000_-110000,890000,-110000,-83.176462,47.311151,1840,1,0.3695652173913043
ofr10km_890000_-120000,890000,-120000,-83.200688,47.223371,1840,0,0.3695652173913043
ofr10km_890000_-130000,890000,-130000,-83.224816,47.135617,1840,1,0.3695652173913043
ofr10km_890000_-140000,890000,-140000,-83.248847,47.047888,1840,0,0.9331521739130435
ofr10km_890000_-150000,890000,-150000,-83.272781,46.960184,1840,0,0.9331521739130435
ofr10km_890000_-160000,890000,-160000,-83.296619,46.872507,1840,1,0.7402173913043478
ofr10km_890000_-170000,890000,-170000,-83.320361,46.784855,1840,1,0.7402173913043478
ofr10km_890000_-180000,890000,-180000,-83.344008,46.697229,1840,0,0.7402173913043478
ofr10km_890000_-190000,890000,-190000,-83.367561,46.60963,1840,0,0.7402173913043478
ofr10km_890000_-20000,890000,-20000,-82.95392,48.10228,1840,0,0.3706521739130435
ofr10km_890000_-200000,890000,-200000,-83.39102,46.522057,1840,1,0.7402173913043478
ofr10km_890000_-210000,890000,-210000,-83.414385,46.434511,1840,1,0.6494565217391305
ofr10km_890000_-220000,890000,-220000,-83.437658,46.346992,1840,3,0.6494565217391305
ofr10km_890000_-230000,890000,-230000,-83.460838,46.2595,1840,0,0.6494565217391305
ofr10km_890000_-240000,890000,-240000,-83.483927,46.172035,1840,0,0.37717391304347825
ofr10km_890000_-250000,890000,-250000,-83.506924,46.084597,1840,0,0.33260869565217394
ofr10km_890000_-280000,890000,-280000,-83.575374,45.822449,1840,0,0.33260869565217394
ofr10km_890000_-30000,890000,-30000,-82.979055,48.01428,1840,1,0.3706521739130435
ofr10km_890000_-40000,890000,-40000,-83.004086,47.926304,1840,0,0.3706521739130435
ofr10km_890000_-50000,890000,-50000,-83.029015,47.838352,1840,0,0.3706521739130435
ofr10km_890000_-60000,890000,-60000,-83.053841,47.750424,1840,0,0.3695652173913043
ofr10km_890000_-70000,890000,-70000,-83.078566,47.66252,1840,2,0.3695652173913043
ofr10km_890000_-80000,890000,-80000,-83.10319,47.574641,1840,0,0.3695652173913043
ofr10km_890000_-90000,890000,-90000,-83.127713,47.486786,1840,0,0.3695652173913043
ofr10km_890000_0,890000,0,-82.903338,48.27835,1840,0,0.3706521739130435
ofr10km_890000_10000,890000,10000,-82.877889,48.36642,1840,0,0.3706521739130435
ofr10km_890000_100000,890000,100000,-82.644,49.160062,1840,0,0.37282608695652175
ofr10km_890000_110000,890000,110000,-82.617461,49.248353,1840,0,0.37282608695652175
ofr10km_890000_120000,890000,120000,-82.590809,49.336666,1840,1,0.37282608695652175
ofr10km_890000_130000,890000,130000,-82.564044,49.424999,1840,3,0.37282608695652175
ofr10km_890000_140000,890000,140000,-82.537164,49.513354,1840,0,0.37282608695652175
ofr10km_890000_150000,890000,150000,-82.51017,49.601729,1840,0,0.37282608695652175
ofr10km_890000_160000,890000,160000,-82.48306,49.690124,1840,0,0.37282608695652175
ofr10km_890000_170000,890000,170000,-82.455833,49.77854,1840,1,0.37282608695652175
ofr10km_890000_180000,890000,180000,-82.428489,49.866975,1840,0,0.37282608695652175
ofr10km_890000_190000,890000,190000,-82.401028,49.95543,1840,0,0.37282608695652175
ofr10km_890000_20000,890000,20000,-82.852334,48.454513,1840,0,0.3706521739130435
ofr10km_890000_200000,890000,200000,-82.373447,50.043905,1840,1,0.37282608695652175
ofr10km_890000_210000,890000,210000,-82.345748,50.1324,1840,0,0.37282608695652175
ofr10km_890000_220000,890000,220000,-82.317928,50.220913,1840,0,0.37282608695652175
ofr10km_890000_230000,890000,230000,-82.289987,50.309446,1840,0,0.37282608695652175
ofr10km_890000_240000,890000,240000,-82.261925,50.397997,1840,0,0.47445652173913044
ofr10km_890000_250000,890000,250000,-82.23374,50.486567,1840,0,0.9347826086956522
ofr10km_890000_260000,890000,260000,-82.205431,50.575155,1840,1,0.9347826086956522
ofr10km_890000_270000,890000,270000,-82.176999,50.663761,1840,0,0.3717391304347826
ofr10km_890000_280000,890000,280000,-82.148441,50.752386,1840,0,0.3717391304347826
ofr10km_890000_290000,890000,290000,-82.119758,50.841028,1840,0,0.3717391304347826
ofr10km_890000_30000,890000,30000,-82.826673,48.542628,1840,0,0.4608695652173913
ofr10km_890000_300000,890000,300000,-82.090949,50.929688,1840,0,0.3717391304347826
ofr10km_890000_310000,890000,310000,-82.062011,51.018365,1840,0,0.3717391304347826
ofr10km_890000_320000,890000,320000,-82.032946,51.10706,1840,0,0.3717391304347826
ofr10km_890000_330000,890000,330000,-82.003752,51.195771,1840,0,0.3717391304347826
ofr10km_890000_340000,890000,340000,-81.974428,51.284499,1840,0,0.3717391304347826
ofr10km_890000_350000,890000,350000,-81.944973,51.373244,1840,0,0.3717391304347826
ofr10km_890000_360000,890000,360000,-81.915386,51.462005,1840,0,0.3717391304347826
ofr10km_890000_370000,890000,370000,-81.885667,51.550782,1840,0,0.3717391304347826
ofr10km_890000_380000,890000,380000,-81.855814,51.639575,1840,0,0.3717391304347826
ofr10km_890000_390000,890000,390000,-81.825827,51.728384,1840,0,0.3717391304347826
ofr10km_890000_40000,890000,40000,-82.800904,48.630767,1840,0,0.41032608695652173
ofr10km_890000_400000,890000,400000,-81.795705,51.817208,1840,0,0.3717391304347826
ofr10km_890000_410000,890000,410000,-81.765447,51.906047,1840,0,0.3717391304347826
ofr10km_890000_420000,890000,420000,-81.735053,51.994902,1840,0,0.3717391304347826
ofr10km_890000_430000,890000,430000,-81.70452,52.083771,1840,0,0.3717391304347826
ofr10km_890000_440000,890000,440000,-81.673848,52.172655,1840,10,0.3717391304347826
ofr10km_890000_450000,890000,450000,-81.643037,52.261554,1840,5,0.3717391304347826
ofr10km_890000_460000,890000,460000,-81.612084,52.350466,1840,0,0.3717391304347826
ofr10km_890000_470000,890000,470000,-81.580991,52.439393,1840,0,0.3717391304347826
ofr10km_890000_50000,890000,50000,-82.775027,48.718928,1840,0,0.41032608695652173
ofr10km_890000_60000,890000,60000,-82.749042,48.807111,1840,0,0.41032608695652173
ofr10km_890000_70000,890000,70000,-82.722947,48.895316,1840,0,0.41032608695652173
ofr10km_890000_80000,890000,80000,-82.696742,48.983543,1840,0,0.37282608695652175
ofr10km_890000_90000,890000,90000,-82.670426,49.071791,1840,0,0.37282608695652175
ofr10km_900000_-10000,900000,-10000,-82.797074,48.173302,1840,0,0.3706521739130435
ofr10km_900000_-100000,900000,-100000,-83.022849,47.382318,1840,1,0.3695652173913043
ofr10km_900000_-110000,900000,-110000,-83.047427,47.294553,1840,2,0.3695652173913043
ofr10km_900000_-120000,900000,-120000,-83.071905,47.206812,1840,0,0.3695652173913043
ofr10km_900000_-130000,900000,-130000,-83.096284,47.119097,1840,0,0.9331521739130435
ofr10km_900000_-140000,900000,-140000,-83.120565,47.031407,1840,2,0.9331521739130435
ofr10km_900000_-150000,900000,-150000,-83.144748,46.943743,1840,1,0.9331521739130435
ofr10km_900000_-160000,900000,-160000,-83.168834,46.856104,1840,0,0.7402173913043478
ofr10km_900000_-170000,900000,-170000,-83.192824,46.768492,1840,1,0.7402173913043478
ofr10km_900000_-180000,900000,-180000,-83.216717,46.680905,1840,0,0.7402173913043478
ofr10km_900000_-190000,900000,-190000,-83.240516,46.593344,1840,0,0.7402173913043478
ofr10km_900000_-20000,900000,-20000,-82.822575,48.08532,1840,0,0.3706521739130435
ofr10km_900000_-200000,900000,-200000,-83.264219,46.50581,1840,0,0.7402173913043478
ofr10km_900000_-210000,900000,-210000,-83.287828,46.418302,1840,2,0.7402173913043478
ofr10km_900000_-220000,900000,-220000,-83.311343,46.330822,1840,0,0.7402173913043478
ofr10km_900000_-230000,900000,-230000,-83.334765,46.243367,1840,1,0.33315217391304347
ofr10km_900000_-240000,900000,-240000,-83.358095,46.15594,1840,0,0.33315217391304347
ofr10km_900000_-250000,900000,-250000,-83.381332,46.06854,1840,0,0.33260869565217394
ofr10km_900000_-260000,900000,-260000,-83.404478,45.981168,1840,0,0.33260869565217394
ofr10km_900000_-270000,900000,-270000,-83.427533,45.893823,1840,0,0.33260869565217394
ofr10km_900000_-280000,900000,-280000,-83.450497,45.806506,1840,0,0.33260869565217394
ofr10km_900000_-30000,900000,-30000,-82.84797,47.997361,1840,1,0.3706521739130435
ofr10km_900000_-40000,900000,-40000,-82.873261,47.909425,1840,0,0.3706521739130435
ofr10km_900000_-50000,900000,-50000,-82.898448,47.821514,1840,0,0.3695652173913043
ofr10km_900000_-60000,900000,-60000,-82.923532,47.733626,1840,1,0.3695652173913043
ofr10km_900000_-70000,900000,-70000,-82.948514,47.645762,1840,8,0.3695652173913043
ofr10km_900000_-80000,900000,-80000,-82.973393,47.557923,1840,0,0.3695652173913043
ofr10km_900000_-90000,900000,-90000,-82.998172,47.470108,1840,1,0.3695652173913043
ofr10km_900000_0,900000,0,-82.771468,48.261308,1840,0,0.3706521739130435
ofr10km_900000_10000,900000,10000,-82.745755,48.349336,1840,0,0.3706521739130435
ofr10km_900000_100000,900000,100000,-82.509447,49.1426,1840,1,0.37282608695652175
ofr10km_900000_110000,900000,110000,-82.482634,49.230849,1840,0,0.37282608695652175
ofr10km_900000_120000,900000,120000,-82.455707,49.319119,1840,2,0.37282608695652175
ofr10km_900000_130000,900000,130000,-82.428666,49.40741,1840,3,0.37282608695652175
ofr10km_900000_140000,900000,140000,-82.401509,49.495721,1840,1,0.37282608695652175
ofr10km_900000_150000,900000,150000,-82.374236,49.584053,1840,0,0.37282608695652175
ofr10km_900000_160000,900000,160000,-82.346847,49.672405,1840,0,0.37282608695652175
ofr10km_900000_170000,900000,170000,-82.31934,49.760777,1840,1,0.37282608695652175
ofr10km_900000_180000,900000,180000,-82.291714,49.849168,1840,0,0.37282608695652175
ofr10km_900000_190000,900000,190000,-82.26397,49.93758,1840,0,0.37282608695652175
ofr10km_900000_20000,900000,20000,-82.719936,48.437388,1840,3,0.4608695652173913
ofr10km_900000_200000,900000,200000,-82.236106,50.026011,1840,1,0.37282608695652175
ofr10km_900000_210000,900000,210000,-82.208121,50.114461,1840,0,0.37282608695652175
ofr10km_900000_220000,900000,220000,-82.180015,50.20293,1840,0,0.47445652173913044
ofr10km_900000_230000,900000,230000,-82.151787,50.291418,1840,0,0.9347826086956522
ofr10km_900000_240000,900000,240000,-82.123436,50.379924,1840,0,0.9347826086956522
ofr10km_900000_250000,900000,250000,-82.094962,50.468449,1840,0,0.9347826086956522
ofr10km_900000_260000,900000,260000,-82.066363,50.556993,1840,0,0.9347826086956522
ofr10km_900000_270000,900000,270000,-82.037638,50.645554,1840,0,0.5994565217391304
ofr10km_900000_280000,900000,280000,-82.008788,50.734133,1840,0,0.3717391304347826
ofr10km_900000_290000,900000,290000,-81.97981,50.82273,1840,0,0.3717391304347826
ofr10km_900000_30000,900000,30000,-82.694009,48.525462,1840,0,0.4608695652173913
ofr10km_900000_300000,900000,300000,-81.950705,50.911344,1840,0,0.3717391304347826
ofr10km_900000_310000,900000,310000,-81.921472,50.999975,1840,0,0.3717391304347826
ofr10km_900000_320000,900000,320000,-81.892109,51.088624,1840,0,0.3717391304347826
ofr10km_900000_330000,900000,330000,-81.862615,51.177289,1840,0,0.3717391304347826
ofr10km_900000_340000,900000,340000,-81.832991,51.265971,1840,0,0.3717391304347826
ofr10km_900000_350000,900000,350000,-81.803235,51.354669,1840,0,0.3717391304347826
ofr10km_900000_360000,900000,360000,-81.773345,51.443383,1840,1,0.3717391304347826
ofr10km_900000_370000,900000,370000,-81.743322,51.532113,1840,0,0.3717391304347826
ofr10km_900000_380000,900000,380000,-81.713165,51.620859,1840,0,0.3717391304347826
ofr10km_900000_390000,900000,390000,-81.682872,51.709621,1840,0,0.3717391304347826
ofr10km_900000_40000,900000,40000,-82.667973,48.613559,1840,0,0.41032608695652173
ofr10km_900000_400000,900000,400000,-81.652442,51.798398,1840,0,0.3717391304347826
ofr10km_900000_410000,900000,410000,-81.621875,51.88719,1840,0,0.3717391304347826
ofr10km_900000_420000,900000,420000,-81.59117,51.975996,1840,0,0.3717391304347826
ofr10km_900000_430000,900000,430000,-81.560326,52.064818,1840,0,0.3717391304347826
ofr10km_900000_440000,900000,440000,-81.529342,52.153654,1840,0,0.3717391304347826
ofr10km_900000_450000,900000,450000,-81.498216,52.242504,1840,0,0.3717391304347826
ofr10km_900000_50000,900000,50000,-82.641829,48.701677,1840,0,0.41032608695652173
ofr10km_900000_60000,900000,60000,-82.615574,48.789819,1840,1,0.41032608695652173
ofr10km_900000_70000,900000,70000,-82.58921,48.877982,1840,0,0.37282608695652175
ofr10km_900000_80000,900000,80000,-82.562734,48.966166,1840,0,0.37282608695652175
ofr10km_900000_90000,900000,90000,-82.536147,49.054373,1840,1,0.37282608695652175
ofr10km_90000_-10000,90000,-10000,-93.703258,48.946337,1840,3,0.34456521739130436
ofr10km_90000_-20000,90000,-20000,-93.706035,48.856469,1840,0,0.34456521739130436
ofr10km_90000_-30000,90000,-30000,-93.7088,48.76663,1840,1,0.34456521739130436
ofr10km_90000_-40000,90000,-40000,-93.711552,48.676822,1840,0,0.34456521739130436
ofr10km_90000_-50000,90000,-50000,-93.714293,48.587044,1840,0,0.34456521739130436
ofr10km_90000_0,90000,0,-93.70047,49.036236,1840,2,0.34456521739130436
ofr10km_90000_10000,90000,10000,-93.69767,49.126164,1840,2,0.35434782608695653
ofr10km_90000_100000,90000,100000,-93.671912,49.936835,1840,2,0.49293478260869567
ofr10km_90000_110000,90000,110000,-93.668987,50.027053,1840,2,0.49293478260869567
ofr10km_90000_120000,90000,120000,-93.666049,50.117299,1840,2,0.49293478260869567
ofr10km_90000_130000,90000,130000,-93.663098,50.207573,1840,4,0.37282608695652175
ofr10km_90000_140000,90000,140000,-93.660134,50.297875,1840,2,0.37282608695652175
ofr10km_90000_150000,90000,150000,-93.657157,50.388205,1840,1,0.37282608695652175
ofr10km_90000_160000,90000,160000,-93.654167,50.478562,1840,0,0.37119565217391304
ofr10km_90000_170000,90000,170000,-93.651163,50.568947,1840,0,0.37119565217391304
ofr10km_90000_180000,90000,180000,-93.648146,50.659359,1840,2,0.37119565217391304
ofr10km_90000_190000,90000,190000,-93.645115,50.749798,1840,3,0.37119565217391304
ofr10km_90000_20000,90000,20000,-93.694857,49.216122,1840,1,0.49293478260869567
ofr10km_90000_200000,90000,200000,-93.642071,50.840264,1840,1,0.37119565217391304
ofr10km_90000_210000,90000,210000,-93.639013,50.930757,1840,1,0.37119565217391304
ofr10km_90000_220000,90000,220000,-93.635941,51.021276,1840,2,0.37119565217391304
ofr10km_90000_230000,90000,230000,-93.632855,51.111822,1840,5,0.37119565217391304
ofr10km_90000_240000,90000,240000,-93.629755,51.202395,1840,3,0.42282608695652174
ofr10km_90000_250000,90000,250000,-93.626642,51.292993,1840,1,0.42282608695652174
ofr10km_90000_260000,90000,260000,-93.623514,51.383617,1840,3,0.42282608695652174
ofr10km_90000_270000,90000,270000,-93.620371,51.474268,1840,4,0.42336956521739133
ofr10km_90000_280000,90000,280000,-93.617215,51.564944,1840,0,0.42336956521739133
ofr10km_90000_290000,90000,290000,-93.614044,51.655645,1840,1,0.42336956521739133
ofr10km_90000_30000,90000,30000,-93.692032,49.306109,1840,1,0.49293478260869567
ofr10km_90000_300000,90000,300000,-93.610858,51.746372,1840,2,0.42336956521739133
ofr10km_90000_310000,90000,310000,-93.607658,51.837125,1840,1,0.5744565217391304
ofr10km_90000_320000,90000,320000,-93.604442,51.927902,1840,1,0.933695652173913
ofr10km_90000_330000,90000,330000,-93.601212,52.018704,1840,0,0.933695652173913
ofr10km_90000_340000,90000,340000,-93.597967,52.109531,1840,0,0.933695652173913
ofr10km_90000_350000,90000,350000,-93.594707,52.200383,1840,1,0.9298913043478261
ofr10km_90000_360000,90000,360000,-93.591432,52.291259,1840,0,0.9298913043478261
ofr10km_90000_370000,90000,370000,-93.588141,52.382159,1840,0,0.9298913043478261
ofr10km_90000_380000,90000,380000,-93.584835,52.473083,1840,0,0.8434782608695652
ofr10km_90000_390000,90000,390000,-93.581514,52.564031,1840,3,0.6766304347826086
ofr10km_90000_40000,90000,40000,-93.689195,49.396126,1840,1,0.49293478260869567
ofr10km_90000_400000,90000,400000,-93.578177,52.655004,1840,1,0.6766304347826086
ofr10km_90000_410000,90000,410000,-93.574824,52.745999,1840,0,0.6766304347826086
ofr10km_90000_420000,90000,420000,-93.571455,52.837018,1840,2,0.6766304347826086
ofr10km_90000_430000,90000,430000,-93.56807,52.928061,1840,1,0.6766304347826086
ofr10km_90000_440000,90000,440000,-93.56467,53.019127,1840,1,0.6766304347826086
ofr10km_90000_450000,90000,450000,-93.561253,53.110215,1840,2,0.6766304347826086
ofr10km_90000_460000,90000,460000,-93.557819,53.201326,1840,1,0.6766304347826086
ofr10km_90000_470000,90000,470000,-93.55437,53.29246,1840,0,0.6766304347826086
ofr10km_90000_480000,90000,480000,-93.550903,53.383617,1840,0,0.6766304347826086
ofr10km_90000_490000,90000,490000,-93.547421,53.474796,1840,1,0.4141304347826087
ofr10km_90000_50000,90000,50000,-93.686346,49.486172,1840,1,0.49293478260869567
ofr10km_90000_500000,90000,500000,-93.543921,53.565997,1840,3,0.4141304347826087
ofr10km_90000_510000,90000,510000,-93.540404,53.657219,1840,0,0.4141304347826087
ofr10km_90000_520000,90000,520000,-93.536871,53.748464,1840,0,0.4141304347826087
ofr10km_90000_60000,90000,60000,-93.683485,49.576247,1840,1,0.49293478260869567
ofr10km_90000_70000,90000,70000,-93.68061,49.666351,1840,3,0.49293478260869567
ofr10km_90000_80000,90000,80000,-93.677724,49.756484,1840,2,0.49293478260869567
ofr10km_90000_90000,90000,90000,-93.674824,49.846645,1840,9,0.49293478260869567
ofr10km_910000_-10000,910000,-10000,-82.665573,48.15612,1840,0,0.3706521739130435
ofr10km_910000_-100000,910000,-100000,-82.893662,47.365503,1840,0,0.3695652173913043
ofr10km_910000_-110000,910000,-110000,-82.918491,47.277777,1840,0,0.3695652173913043
ofr10km_910000_-120000,910000,-120000,-82.943221,47.190077,1840,0,0.4597826086956522
ofr10km_910000_-130000,910000,-130000,-82.96785,47.102402,1840,0,0.9331521739130435
ofr10km_910000_-140000,910000,-140000,-82.992381,47.014751,1840,1,0.9331521739130435
ofr10km_910000_-150000,910000,-150000,-83.016813,46.927127,1840,0,0.9331521739130435
ofr10km_910000_-160000,910000,-160000,-83.041146,46.839527,1840,3,0.9331521739130435
ofr10km_910000_-170000,910000,-170000,-83.065383,46.751954,1840,0,0.7402173913043478
ofr10km_910000_-180000,910000,-180000,-83.089522,46.664406,1840,2,0.7402173913043478
ofr10km_910000_-190000,910000,-190000,-83.113565,46.576885,1840,0,0.7402173913043478
ofr10km_910000_-20000,910000,-20000,-82.691334,48.068178,1840,0,0.3706521739130435
ofr10km_910000_-200000,910000,-200000,-83.137512,46.48939,1840,2,0.7402173913043478
ofr10km_910000_-210000,910000,-210000,-83.161364,46.401921,1840,0,0.7402173913043478
ofr10km_910000_-220000,910000,-220000,-83.185122,46.314478,1840,2,0.33315217391304347
ofr10km_910000_-230000,910000,-230000,-83.208785,46.227063,1840,1,0.33315217391304347
ofr10km_910000_-240000,910000,-240000,-83.232355,46.139674,1840,0,0.33260869565217394
ofr10km_910000_-250000,910000,-250000,-83.255832,46.052312,1840,0,0.33260869565217394
ofr10km_910000_-260000,910000,-260000,-83.279216,45.964978,1840,0,0.33260869565217394
ofr10km_910000_-270000,910000,-270000,-83.302509,45.877671,1840,1,0.33260869565217394
ofr10km_910000_-280000,910000,-280000,-83.32571,45.790392,1840,0,0.33260869565217394
ofr10km_910000_-30000,910000,-30000,-82.716989,47.980261,1840,0,0.3706521739130435
ofr10km_910000_-40000,910000,-40000,-82.742539,47.892366,1840,0,0.3695652173913043
ofr10km_910000_-50000,910000,-50000,-82.767985,47.804496,1840,0,0.3695652173913043
ofr10km_910000_-60000,910000,-60000,-82.793326,47.716649,1840,2,0.3695652173913043
ofr10km_910000_-70000,910000,-70000,-82.818564,47.628826,1840,1,0.3695652173913043
ofr10km_910000_-80000,910000,-80000,-82.843698,47.541027,1840,0,0.3695652173913043
ofr10km_910000_-90000,910000,-90000,-82.868731,47.453253,1840,0,0.3695652173913043
ofr10km_910000_0,910000,0,-82.639704,48.244084,1840,0,0.3706521739130435
ofr10km_910000_10000,910000,10000,-82.613729,48.332071,1840,3,0.3706521739130435
ofr10km_910000_100000,910000,100000,-82.375007,49.124954,1840,1,0.37282608695652175
ofr10km_910000_110000,910000,110000,-82.347921,49.21316,1840,0,0.37282608695652175
ofr10km_910000_120000,910000,120000,-82.32072,49.301386,1840,0,0.37282608695652175
ofr10km_910000_130000,910000,130000,-82.293403,49.389634,1840,4,0.37282608695652175
ofr10km_910000_140000,910000,140000,-82.26597,49.477901,1840,1,0.37282608695652175
ofr10km_910000_150000,910000,150000,-82.238419,49.566189,1840,0,0.37282608695652175
ofr10km_910000_160000,910000,160000,-82.210751,49.654497,1840,1,0.37282608695652175
ofr10km_910000_170000,910000,170000,-82.182964,49.742825,1840,0,0.37282608695652175
ofr10km_910000_180000,910000,180000,-82.155058,49.831173,1840,0,0.37282608695652175
ofr10km_910000_190000,910000,190000,-82.127032,49.91954,1840,0,0.37282608695652175
ofr10km_910000_20000,910000,20000,-82.587645,48.42008,1840,2,0.4608695652173913
ofr10km_910000_200000,910000,200000,-82.098885,50.007926,1840,0,0.47445652173913044
ofr10km_910000_210000,910000,210000,-82.070616,50.096332,1840,0,0.47445652173913044
ofr10km_910000_220000,910000,220000,-82.042224,50.184756,1840,0,0.9347826086956522
ofr10km_910000_230000,910000,230000,-82.01371,50.273199,1840,0,0.9347826086956522
ofr10km_910000_240000,910000,240000,-81.985071,50.361661,1840,0,0.9347826086956522
ofr10km_910000_250000,910000,250000,-81.956308,50.45014,1840,0,0.9347826086956522
ofr10km_910000_260000,910000,260000,-81.927419,50.538638,1840,0,0.5994565217391304
ofr10km_910000_270000,910000,270000,-81.898404,50.627154,1840,2,0.5994565217391304
ofr10km_910000_280000,910000,280000,-81.869261,50.715687,1840,0,0.5994565217391304
ofr10km_910000_290000,910000,290000,-81.83999,50.804238,1840,0,0.3717391304347826
ofr10km_910000_30000,910000,30000,-82.561453,48.508113,1840,0,0.35543478260869565
ofr10km_910000_300000,910000,300000,-81.810591,50.892806,1840,0,0.3717391304347826
ofr10km_910000_310000,910000,310000,-81.781061,50.981391,1840,0,0.3717391304347826
ofr10km_910000_320000,910000,320000,-81.751401,51.069993,1840,0,0.3717391304347826
ofr10km_910000_330000,910000,330000,-81.72161,51.158611,1840,0,0.3717391304347826
ofr10km_910000_340000,910000,340000,-81.691686,51.247246,1840,0,0.3717391304347826
ofr10km_910000_350000,910000,350000,-81.661629,51.335898,1840,0,0.3717391304347826
ofr10km_910000_360000,910000,360000,-81.631438,51.424565,1840,0,0.3717391304347826
ofr10km_910000_370000,910000,370000,-81.601112,51.513248,1840,2,0.3717391304347826
ofr10km_910000_380000,910000,380000,-81.570651,51.601946,1840,0,0.3717391304347826
ofr10km_910000_390000,910000,390000,-81.540052,51.69066,1840,0,0.3717391304347826
ofr10km_910000_40000,910000,40000,-82.535152,48.596167,1840,1,0.5510869565217391
ofr10km_910000_400000,910000,400000,-81.509316,51.779389,1840,0,0.3717391304347826
ofr10km_910000_410000,910000,410000,-81.478441,51.868133,1840,0,0.3717391304347826
ofr10km_910000_420000,910000,420000,-81.447427,51.956891,1840,0,0.3717391304347826
ofr10km_910000_430000,910000,430000,-81.416272,52.045664,1840,0,0.3717391304347826
ofr10km_910000_50000,910000,50000,-82.50874,48.684244,1840,0,0.41032608695652173
ofr10km_910000_60000,910000,60000,-82.482218,48.772343,1840,0,0.41032608695652173
ofr10km_910000_70000,910000,70000,-82.455584,48.860463,1840,0,0.37282608695652175
ofr10km_910000_80000,910000,80000,-82.428838,48.948606,1840,0,0.37282608695652175
ofr10km_910000_90000,910000,90000,-82.40198,49.036769,1840,0,0.37282608695652175
ofr10km_920000_-10000,920000,-10000,-82.534178,48.138757,1840,0,0.3483695652173913
ofr10km_920000_-100000,920000,-100000,-82.764575,47.34851,1840,0,0.3695652173913043
ofr10km_920000_-110000,920000,-110000,-82.789656,47.260825,1840,2,0.3695652173913043
ofr10km_920000_-120000,920000,-120000,-82.814637,47.173165,1840,0,0.9331521739130435
ofr10km_920000_-130000,920000,-130000,-82.839516,47.08553,1840,1,0.9331521739130435
ofr10km_920000_-140000,920000,-140000,-82.864295,46.99792,1840,2,0.9331521739130435
ofr10km_920000_-150000,920000,-150000,-82.888975,46.910335,1840,1,0.9331521739130435
ofr10km_920000_-160000,920000,-160000,-82.913556,46.822776,1840,1,0.9331521739130435
ofr10km_920000_-170000,920000,-170000,-82.938038,46.735242,1840,0,0.7402173913043478
ofr10km_920000_-180000,920000,-180000,-82.962423,46.647734,1840,0,0.7402173913043478
ofr10km_920000_-190000,920000,-190000,-82.98671,46.560252,1840,1,0.7402173913043478
ofr10km_920000_-20000,920000,-20000,-82.5602,48.050857,1840,1,0.3483695652173913
ofr10km_920000_-200000,920000,-200000,-83.010901,46.472796,1840,1,0.7402173913043478
ofr10km_920000_-210000,920000,-210000,-83.034995,46.385366,1840,1,0.33315217391304347
ofr10km_920000_-220000,920000,-220000,-83.058994,46.297963,1840,0,0.33315217391304347
ofr10km_920000_-230000,920000,-230000,-83.082898,46.210586,1840,1,0.33315217391304347
ofr10km_920000_-240000,920000,-240000,-83.106708,46.123236,1840,0,0.33260869565217394
ofr10km_920000_-250000,920000,-250000,-83.130424,46.035913,1840,0,0.33260869565217394
ofr10km_920000_-260000,920000,-260000,-83.154047,45.948617,1840,2,0.33260869565217394
ofr10km_920000_-270000,920000,-270000,-83.177576,45.861349,1840,0,0.33260869565217394
ofr10km_920000_-280000,920000,-280000,-83.201014,45.774108,1840,0,0.33260869565217394
ofr10km_920000_-290000,920000,-290000,-83.22436,45.686894,1840,0,0.33260869565217394
ofr10km_920000_-30000,920000,-30000,-82.586114,47.962981,1840,2,0.3695652173913043
ofr10km_920000_-40000,920000,-40000,-82.611923,47.875128,1840,0,0.3695652173913043
ofr10km_920000_-50000,920000,-50000,-82.637625,47.787299,1840,3,0.3695652173913043
ofr10km_920000_-60000,920000,-60000,-82.663223,47.699493,1840,2,0.3695652173913043
ofr10km_920000_-70000,920000,-70000,-82.688716,47.611711,1840,1,0.3695652173913043
ofr10km_920000_-80000,920000,-80000,-82.714105,47.523953,1840,1,0.3695652173913043
ofr10km_920000_-90000,920000,-90000,-82.739391,47.436219,1840,1,0.3695652173913043
ofr10km_920000_0,920000,0,-82.508048,48.226679,1840,2,0.3706521739130435
ofr10km_920000_10000,920000,10000,-82.48181,48.314624,1840,1,0.3706521739130435
ofr10km_920000_100000,920000,100000,-82.240682,49.107122,1840,1,0.37282608695652175
ofr10km_920000_110000,920000,110000,-82.213323,49.195284,1840,0,0.37282608695652175
ofr10km_920000_120000,920000,120000,-82.185848,49.283467,1840,2,0.37282608695652175
ofr10km_920000_130000,920000,130000,-82.158257,49.371671,1840,1,0.37282608695652175
ofr10km_920000_140000,920000,140000,-82.130548,49.459895,1840,1,0.37282608695652175
ofr10km_920000_150000,920000,150000,-82.102721,49.548138,1840,0,0.37282608695652175
ofr10km_920000_160000,920000,160000,-82.074774,49.636402,1840,0,0.37282608695652175
ofr10km_920000_170000,920000,170000,-82.046708,49.724686,1840,0,0.37282608695652175
ofr10km_920000_180000,920000,180000,-82.018522,49.812989,1840,1,0.47445652173913044
ofr10km_920000_190000,920000,190000,-81.990215,49.901311,1840,0,0.47445652173913044
ofr10km_920000_20000,920000,20000,-82.455464,48.402591,1840,1,0.3521739130434783
ofr10km_920000_200000,920000,200000,-81.961785,49.989652,1840,1,0.47445652173913044
ofr10km_920000_210000,920000,210000,-81.933233,50.078013,1840,1,0.9347826086956522
ofr10km_920000_220000,920000,220000,-81.904557,50.166392,1840,0,0.9347826086956522
ofr10km_920000_230000,920000,230000,-81.875757,50.254789,1840,0,0.9347826086956522
ofr10km_920000_240000,920000,240000,-81.846832,50.343205,1840,1,0.9347826086956522
ofr10km_920000_250000,920000,250000,-81.81778,50.431639,1840,1,0.9347826086956522
ofr10km_920000_260000,920000,260000,-81.788602,50.520091,1840,0,0.5994565217391304
ofr10km_920000_270000,920000,270000,-81.759297,50.608561,1840,0,0.5994565217391304
ofr10km_920000_280000,920000,280000,-81.729863,50.697048,1840,0,0.5994565217391304
ofr10km_920000_290000,920000,290000,-81.700299,50.785552,1840,1,0.3717391304347826
ofr10km_920000_30000,920000,30000,-82.429007,48.490581,1840,0,0.3521739130434783
ofr10km_920000_300000,920000,300000,-81.670606,50.874074,1840,0,0.3717391304347826
ofr10km_920000_310000,920000,310000,-81.640782,50.962612,1840,0,0.3717391304347826
ofr10km_920000_320000,920000,320000,-81.610826,51.051167,1840,0,0.3717391304347826
ofr10km_920000_330000,920000,330000,-81.580737,51.139739,1840,0,0.3717391304347826
ofr10km_920000_340000,920000,340000,-81.550515,51.228326,1840,0,0.3717391304347826
ofr10km_920000_350000,920000,350000,-81.520158,51.31693,1840,0,0.3717391304347826
ofr10km_920000_360000,920000,360000,-81.489666,51.40555,1840,0,0.3717391304347826
ofr10km_920000_370000,920000,370000,-81.459038,51.494185,1840,0,0.3717391304347826
ofr10km_920000_380000,920000,380000,-81.428273,51.582835,1840,0,0.3717391304347826
ofr10km_920000_390000,920000,390000,-81.39737,51.671501,1840,0,0.3717391304347826
ofr10km_920000_40000,920000,40000,-82.40244,48.578594,1840,0,0.5510869565217391
ofr10km_920000_400000,920000,400000,-81.366328,51.760182,1840,0,0.3717391304347826
ofr10km_920000_410000,920000,410000,-81.335147,51.848877,1840,0,0.3717391304347826
ofr10km_920000_420000,920000,420000,-81.303824,51.937587,1840,0,0.3717391304347826
ofr10km_920000_430000,920000,430000,-81.27236,52.026311,1840,0,0.3717391304347826
ofr10km_920000_50000,920000,50000,-82.375762,48.666628,1840,1,0.5510869565217391
ofr10km_920000_60000,920000,60000,-82.348972,48.754684,1840,0,0.41032608695652173
ofr10km_920000_70000,920000,70000,-82.32207,48.842761,1840,0,0.37282608695652175
ofr10km_920000_80000,920000,80000,-82.295055,48.93086,1840,0,0.37282608695652175
ofr10km_920000_90000,920000,90000,-82.267926,49.018981,1840,0,0.37282608695652175
ofr10km_930000_-10000,930000,-10000,-82.402891,48.121213,1840,0,0.3483695652173913
ofr10km_930000_-100000,930000,-100000,-82.63559,47.331341,1840,0,0.3695652173913043
ofr10km_930000_-110000,930000,-110000,-82.660923,47.243697,1840,0,0.3695652173913043
ofr10km_930000_-120000,930000,-120000,-82.686153,47.156078,1840,0,0.9331521739130435
ofr10km_930000_-130000,930000,-130000,-82.711282,47.068483,1840,1,0.9331521739130435
ofr10km_930000_-140000,930000,-140000,-82.736309,46.980914,1840,1,0.9331521739130435
ofr10km_930000_-150000,930000,-150000,-82.761236,46.893369,1840,1,0.7402173913043478
ofr10km_930000_-160000,930000,-160000,-82.786063,46.80585,1840,2,0.7402173913043478
ofr10km_930000_-170000,930000,-170000,-82.810791,46.718356,1840,4,0.7402173913043478
ofr10km_930000_-180000,930000,-180000,-82.83542,46.630888,1840,3,0.7402173913043478
ofr10km_930000_-190000,930000,-190000,-82.859952,46.543446,1840,0,0.7402173913043478
ofr10km_930000_-20000,930000,-20000,-82.429172,48.033356,1840,0,0.3483695652173913
ofr10km_930000_-200000,930000,-200000,-82.884385,46.456029,1840,1,0.7402173913043478
ofr10km_930000_-210000,930000,-210000,-82.908722,46.368639,1840,4,0.33315217391304347
ofr10km_930000_-220000,930000,-220000,-82.932962,46.281275,1840,3,0.33315217391304347
ofr10km_930000_-230000,930000,-230000,-82.957106,46.193938,1840,0,0.33315217391304347
ofr10km_930000_-240000,930000,-240000,-82.981155,46.106627,1840,0,0.33260869565217394
ofr10km_930000_-250000,930000,-250000,-83.005109,46.019343,1840,0,0.33260869565217394
ofr10km_930000_-260000,930000,-260000,-83.02897,45.932086,1840,0,0.33260869565217394
ofr10km_930000_-270000,930000,-270000,-83.052736,45.844856,1840,1,0.33260869565217394
ofr10km_930000_-280000,930000,-280000,-83.07641,45.757654,1840,0,0.33260869565217394
ofr10km_930000_-290000,930000,-290000,-83.09999,45.670479,1840,0,0.33260869565217394
ofr10km_930000_-30000,930000,-30000,-82.455346,47.945522,1840,0,0.3483695652173913
ofr10km_930000_-40000,930000,-40000,-82.481412,47.857711,1840,0,0.3695652173913043
ofr10km_930000_-50000,930000,-50000,-82.507371,47.769923,1840,0,0.3695652173913043
ofr10km_930000_-60000,930000,-60000,-82.533225,47.682159,1840,1,0.3695652173913043
ofr10km_930000_-70000,930000,-70000,-82.558973,47.594418,1840,0,0.3695652173913043
ofr10km_930000_-80000,930000,-80000,-82.584616,47.506702,1840,0,0.3695652173913043
ofr10km_930000_-90000,930000,-90000,-82.610155,47.419009,1840,1,0.3695652173913043
ofr10km_930000_0,930000,0,-82.3765,48.209093,1840,7,0.35108695652173916
ofr10km_930000_10000,930000,10000,-82.350001,48.296996,1840,0,0.35108695652173916
ofr10km_930000_100000,930000,100000,-82.106472,49.089105,1840,0,0.37282608695652175
ofr10km_930000_110000,930000,110000,-82.078841,49.177224,1840,0,0.37282608695652175
ofr10km_930000_120000,930000,120000,-82.051094,49.265363,1840,0,0.37282608695652175
ofr10km_930000_130000,930000,130000,-82.023228,49.353522,1840,1,0.37282608695652175
ofr10km_930000_140000,930000,140000,-81.995244,49.441701,1840,0,0.37282608695652175
ofr10km_930000_150000,930000,150000,-81.967141,49.529901,1840,2,0.37282608695652175
ofr10km_930000_160000,930000,160000,-81.938917,49.61812,1840,0,0.37282608695652175
ofr10km_930000_170000,930000,170000,-81.910573,49.706358,1840,0,0.47445652173913044
ofr10km_930000_180000,930000,180000,-81.882107,49.794616,1840,0,0.47445652173913044
ofr10km_930000_190000,930000,190000,-81.853519,49.882893,1840,1,0.47445652173913044
ofr10km_930000_20000,930000,20000,-82.323391,48.384921,1840,1,0.3521739130434783
ofr10km_930000_200000,930000,200000,-81.824808,49.971189,1840,0,0.9347826086956522
ofr10km_930000_210000,930000,210000,-81.795973,50.059504,1840,0,0.9347826086956522
ofr10km_930000_220000,930000,220000,-81.767014,50.147838,1840,0,0.9347826086956522
ofr10km_930000_230000,930000,230000,-81.737929,50.236189,1840,2,0.9347826086956522
ofr10km_930000_240000,930000,240000,-81.708717,50.324559,1840,0,0.9347826086956522
ofr10km_930000_250000,930000,250000,-81.679379,50.412947,1840,0,0.5994565217391304
ofr10km_930000_260000,930000,260000,-81.649913,50.501353,1840,0,0.5994565217391304
ofr10km_930000_270000,930000,270000,-81.620318,50.589776,1840,0,0.5994565217391304
ofr10km_930000_280000,930000,280000,-81.590593,50.678216,1840,0,0.5994565217391304
ofr10km_930000_290000,930000,290000,-81.560738,50.766674,1840,0,0.3717391304347826
ofr10km_930000_30000,930000,30000,-82.296671,48.472868,1840,0,0.3521739130434783
ofr10km_930000_300000,930000,300000,-81.530752,50.855148,1840,0,0.3717391304347826
ofr10km_930000_310000,930000,310000,-81.500634,50.943639,1840,0,0.3717391304347826
ofr10km_930000_320000,930000,320000,-81.470383,51.032147,1840,0,0.3717391304347826
ofr10km_930000_330000,930000,330000,-81.439998,51.120671,1840,0,0.3717391304347826
ofr10km_930000_340000,930000,340000,-81.409478,51.209211,1840,0,0.3717391304347826
ofr10km_930000_350000,930000,350000,-81.378822,51.297767,1840,0,0.3717391304347826
ofr10km_930000_360000,930000,360000,-81.348031,51.386338,1840,0,0.3717391304347826
ofr10km_930000_370000,930000,370000,-81.317101,51.474925,1840,0,0.3717391304347826
ofr10km_930000_380000,930000,380000,-81.286034,51.563527,1840,2,0.3717391304347826
ofr10km_930000_390000,930000,390000,-81.254827,51.652144,1840,0,0.3717391304347826
ofr10km_930000_40000,930000,40000,-82.26984,48.560837,1840,0,0.39891304347826084
ofr10km_930000_400000,930000,400000,-81.223481,51.740776,1840,0,0.3717391304347826
ofr10km_930000_410000,930000,410000,-81.191993,51.829423,1840,0,0.3717391304347826
ofr10km_930000_420000,930000,420000,-81.160363,51.918083,1840,0,0.3717391304347826
ofr10km_930000_430000,930000,430000,-81.12859,52.006758,1840,0,0.3717391304347826
ofr10km_930000_50000,930000,50000,-82.242896,48.648828,1840,0,0.35108695652173916
ofr10km_930000_60000,930000,60000,-82.215839,48.736841,1840,0,0.35108695652173916
ofr10km_930000_70000,930000,70000,-82.18867,48.824876,1840,0,0.39891304347826084
ofr10km_930000_80000,930000,80000,-82.161386,48.912931,1840,0,0.37282608695652175
ofr10km_930000_90000,930000,90000,-82.133987,49.001008,1840,0,0.37282608695652175
ofr10km_940000_-10000,940000,-10000,-82.271712,48.10349,1840,1,0.35108695652173916
ofr10km_940000_-100000,940000,-100000,-82.506708,47.313995,1840,1,0.3695652173913043
ofr10km_940000_-110000,940000,-110000,-82.532291,47.226393,1840,1,0.4597826086956522
ofr10km_940000_-120000,940000,-120000,-82.557771,47.138815,1840,1,0.9331521739130435
ofr10km_940000_-130000,940000,-130000,-82.583148,47.051261,1840,4,0.7402173913043478
ofr10km_940000_-140000,940000,-140000,-82.608424,46.963732,1840,3,0.7402173913043478
ofr10km_940000_-150000,940000,-150000,-82.633597,46.876229,1840,0,0.7402173913043478
ofr10km_940000_-160000,940000,-160000,-82.65867,46.78875,1840,1,0.7402173913043478
ofr10km_940000_-170000,940000,-170000,-82.683643,46.701297,1840,2,0.7402173913043478
ofr10km_940000_-180000,940000,-180000,-82.708517,46.613869,1840,0,0.7402173913043478
ofr10km_940000_-190000,940000,-190000,-82.733291,46.526467,1840,2,0.7402173913043478
ofr10km_940000_-20000,940000,-20000,-82.298253,48.015675,1840,2,0.3483695652173913
ofr10km_940000_-200000,940000,-200000,-82.757967,46.43909,1840,0,0.7402173913043478
ofr10km_940000_-210000,940000,-210000,-82.782544,46.35174,1840,1,0.33315217391304347
ofr10km_940000_-220000,940000,-220000,-82.807025,46.264416,1840,0,0.33315217391304347
ofr10km_940000_-230000,940000,-230000,-82.831409,46.177118,1840,0,0.33260869565217394
ofr10km_940000_-240000,940000,-240000,-82.855697,46.089847,1840,0,0.33260869565217394
ofr10km_940000_-250000,940000,-250000,-82.879889,46.002602,1840,0,0.33260869565217394
ofr10km_940000_-260000,940000,-260000,-82.903986,45.915385,1840,0,0.33260869565217394
ofr10km_940000_-270000,940000,-270000,-82.927989,45.828194,1840,0,0.33260869565217394
ofr10km_940000_-280000,940000,-280000,-82.951898,45.74103,1840,0,0.33260869565217394
ofr10km_940000_-290000,940000,-290000,-82.975713,45.653894,1840,0,0.33260869565217394
ofr10km_940000_-30000,940000,-30000,-82.324684,47.927883,1840,0,0.3483695652173913
ofr10km_940000_-300000,940000,-300000,-82.999435,45.566786,1840,0,0.33260869565217394
ofr10km_940000_-40000,940000,-40000,-82.351007,47.840115,1840,1,0.3695652173913043
ofr10km_940000_-50000,940000,-50000,-82.377223,47.752369,1840,0,0.3695652173913043
ofr10km_940000_-60000,940000,-60000,-82.403332,47.664647,1840,3,0.3695652173913043
ofr10km_940000_-70000,940000,-70000,-82.429334,47.576948,1840,2,0.3695652173913043
ofr10km_940000_-80000,940000,-80000,-82.45523,47.489273,1840,1,0.3695652173913043
ofr10km_940000_-90000,940000,-90000,-82.481022,47.401622,1840,3,0.3695652173913043
ofr10km_940000_0,940000,0,-82.245062,48.191327,1840,1,0.35108695652173916
ofr10km_940000_10000,940000,10000,-82.218301,48.279187,1840,1,0.35108695652173916
ofr10km_940000_100000,940000,100000,-81.972378,49.070904,1840,0,0.37282608695652175
ofr10km_940000_110000,940000,110000,-81.944477,49.158978,1840,0,0.37282608695652175
ofr10km_940000_120000,940000,120000,-81.916457,49.247073,1840,0,0.37282608695652175
ofr10km_940000_130000,940000,130000,-81.888318,49.335187,1840,0,0.37282608695652175
ofr10km_940000_140000,940000,140000,-81.860059,49.423322,1840,0,0.37282608695652175
ofr10km_940000_150000,940000,150000,-81.831681,49.511476,1840,0,0.37282608695652175
ofr10km_940000_160000,940000,160000,-81.803181,49.59965,1840,0,0.37282608695652175
ofr10km_940000_170000,940000,170000,-81.774559,49.687843,1840,0,0.41032608695652173
ofr10km_940000_180000,940000,180000,-81.745815,49.776056,1840,0,0.47445652173913044
ofr10km_940000_190000,940000,190000,-81.716947,49.864287,1840,0,0.9347826086956522
ofr10km_940000_20000,940000,20000,-82.19143,48.367069,1840,0,0.35108695652173916
ofr10km_940000_200000,940000,200000,-81.687956,49.952538,1840,0,0.9347826086956522
ofr10km_940000_210000,940000,210000,-81.658839,50.040806,1840,0,0.9347826086956522
ofr10km_940000_220000,940000,220000,-81.629596,50.129094,1840,1,0.9347826086956522
ofr10km_940000_230000,940000,230000,-81.600227,50.217399,1840,2,0.9347826086956522
ofr10km_940000_240000,940000,240000,-81.570731,50.305723,1840,1,0.9347826086956522
ofr10km_940000_250000,940000,250000,-81.541106,50.394064,1840,0,0.9347826086956522
ofr10km_940000_260000,940000,260000,-81.511352,50.482423,1840,0,0.5994565217391304
ofr10km_940000_270000,940000,270000,-81.481469,50.570799,1840,0,0.5994565217391304
ofr10km_940000_280000,940000,280000,-81.451454,50.659192,1840,0,0.5994565217391304
ofr10km_940000_290000,940000,290000,-81.421309,50.747602,1840,0,0.3717391304347826
ofr10km_940000_30000,940000,30000,-82.164447,48.454973,1840,0,0.35108695652173916
ofr10km_940000_300000,940000,300000,-81.39103,50.836029,1840,0,0.3717391304347826
ofr10km_940000_310000,940000,310000,-81.360619,50.924473,1840,0,0.3717391304347826
ofr10km_940000_320000,940000,320000,-81.330073,51.012933,1840,0,0.3717391304347826
ofr10km_940000_330000,940000,330000,-81.299393,51.101409,1840,0,0.3717391304347826
ofr10km_940000_340000,940000,340000,-81.268576,51.1899,1840,1,0.3717391304347826
ofr10km_940000_350000,940000,350000,-81.237623,51.278408,1840,0,0.3717391304347826
ofr10km_940000_360000,940000,360000,-81.206532,51.366931,1840,0,0.3717391304347826
ofr10km_940000_370000,940000,370000,-81.175303,51.455469,1840,0,0.3717391304347826
ofr10km_940000_380000,940000,380000,-81.143934,51.544022,1840,0,0.3695652173913043
ofr10km_940000_390000,940000,390000,-81.112425,51.63259,1840,0,0.3695652173913043
ofr10km_940000_40000,940000,40000,-82.137351,48.542899,1840,1,0.35108695652173916
ofr10km_940000_400000,940000,400000,-81.080774,51.721173,1840,0,0.3717391304347826
ofr10km_940000_410000,940000,410000,-81.048981,51.80977,1840,0,0.3717391304347826
ofr10km_940000_420000,940000,420000,-81.017045,51.898381,1840,0,0.3717391304347826
ofr10km_940000_430000,940000,430000,-80.984964,51.987006,1840,0,0.3717391304347826
ofr10km_940000_50000,940000,50000,-82.110142,48.630847,1840,1,0.35108695652173916
ofr10km_940000_60000,940000,60000,-82.08282,48.718816,1840,0,0.35108695652173916
ofr10km_940000_70000,940000,70000,-82.055383,48.806806,1840,0,0.35108695652173916
ofr10km_940000_80000,940000,80000,-82.027831,48.894818,1840,0,0.35108695652173916
ofr10km_940000_90000,940000,90000,-82.000163,48.982851,1840,1,0.37282608695652175
ofr10km_950000_-10000,950000,-10000,-82.140643,48.085587,1840,3,0.35108695652173916
ofr10km_950000_-100000,950000,-100000,-82.37793,47.296474,1840,3,0.9331521739130435
ofr10km_950000_-110000,950000,-110000,-82.403763,47.208913,1840,0,0.9331521739130435
ofr10km_950000_-120000,950000,-120000,-82.429492,47.121376,1840,0,0.9331521739130435
ofr10km_950000_-130000,950000,-130000,-82.455117,47.033864,1840,2,0.7402173913043478
ofr10km_950000_-140000,950000,-140000,-82.480639,46.946376,1840,1,0.7402173913043478
ofr10km_950000_-150000,950000,-150000,-82.506059,46.858914,1840,1,0.7402173913043478
ofr10km_950000_-160000,950000,-160000,-82.531378,46.771476,1840,0,0.7402173913043478
ofr10km_950000_-170000,950000,-170000,-82.556595,46.684064,1840,5,0.7402173913043478
ofr10km_950000_-180000,950000,-180000,-82.581712,46.596676,1840,3,0.7402173913043478
ofr10km_950000_-190000,950000,-190000,-82.606728,46.509315,1840,2,0.7402173913043478
ofr10km_950000_-20000,950000,-20000,-82.167442,47.997815,1840,0,0.35108695652173916
ofr10km_950000_-200000,950000,-200000,-82.631646,46.421979,1840,1,0.7402173913043478
ofr10km_950000_-210000,950000,-210000,-82.656465,46.334669,1840,5,0.7407608695652174
ofr10km_950000_-220000,950000,-220000,-82.681185,46.247385,1840,2,0.33315217391304347
ofr10km_950000_-230000,950000,-230000,-82.705808,46.160127,1840,0,0.33260869565217394
ofr10km_950000_-240000,950000,-240000,-82.730334,46.072896,1840,0,0.33260869565217394
ofr10km_950000_-250000,950000,-250000,-82.754764,45.985691,1840,0,0.33260869565217394
ofr10km_950000_-260000,950000,-260000,-82.779097,45.898513,1840,0,0.33260869565217394
ofr10km_950000_-270000,950000,-270000,-82.803335,45.811362,1840,0,0.33260869565217394
ofr10km_950000_-280000,950000,-280000,-82.827479,45.724238,1840,0,0.33260869565217394
ofr10km_950000_-290000,950000,-290000,-82.851528,45.637141,1840,0,0.33260869565217394
ofr10km_950000_-30000,950000,-30000,-82.194131,47.910066,1840,0,0.3483695652173913
ofr10km_950000_-300000,950000,-300000,-82.875484,45.550071,1840,0,0.33260869565217394
ofr10km_950000_-40000,950000,-40000,-82.220711,47.82234,1840,0,0.3695652173913043
ofr10km_950000_-50000,950000,-50000,-82.247182,47.734637,1840,2,0.3695652173913043
ofr10km_950000_-60000,950000,-60000,-82.273545,47.646957,1840,1,0.3695652173913043
ofr10km_950000_-70000,950000,-70000,-82.299801,47.559301,1840,2,0.3695652173913043
ofr10km_950000_-80000,950000,-80000,-82.32595,47.471668,1840,1,0.3695652173913043
ofr10km_950000_-90000,950000,-90000,-82.351993,47.384059,1840,2,0.3695652173913043
ofr10km_950000_0,950000,0,-82.113734,48.173381,1840,2,0.35108695652173916
ofr10km_950000_10000,950000,10000,-82.086713,48.261197,1840,1,0.35108695652173916
ofr10km_950000_100000,950000,100000,-81.838402,49.052519,1840,1,0.37282608695652175
ofr10km_950000_110000,950000,110000,-81.81023,49.140548,1840,1,0.37282608695652175
ofr10km_950000_120000,950000,120000,-81.781938,49.228597,1840,0,0.41032608695652173
ofr10km_950000_130000,950000,130000,-81.753527,49.316667,1840,1,0.41032608695652173
ofr10km_950000_140000,950000,140000,-81.724995,49.404756,1840,0,0.41032608695652173
ofr10km_950000_150000,950000,150000,-81.696342,49.492865,1840,0,0.37282608695652175
ofr10km_950000_160000,950000,160000,-81.667566,49.580993,1840,0,0.37282608695652175
ofr10km_950000_170000,950000,170000,-81.638668,49.669141,1840,0,0.41032608695652173
ofr10km_950000_180000,950000,180000,-81.609646,49.757308,1840,0,0.9347826086956522
ofr10km_950000_190000,950000,190000,-81.580499,49.845493,1840,0,0.9347826086956522
ofr10km_950000_20000,950000,20000,-82.05958,48.349036,1840,0,0.35108695652173916
ofr10km_950000_200000,950000,200000,-81.551228,49.933697,1840,1,0.9347826086956522
ofr10km_950000_210000,950000,210000,-81.52183,50.02192,1840,0,0.9347826086956522
ofr10km_950000_220000,950000,220000,-81.492305,50.11016,1840,0,0.9347826086956522
ofr10km_950000_230000,950000,230000,-81.462653,50.198419,1840,0,0.9347826086956522
ofr10km_950000_240000,950000,240000,-81.432872,50.286696,1840,1,0.9347826086956522
ofr10km_950000_250000,950000,250000,-81.402962,50.37499,1840,0,0.9347826086956522
ofr10km_950000_260000,950000,260000,-81.372921,50.463301,1840,0,0.5994565217391304
ofr10km_950000_270000,950000,270000,-81.34275,50.55163,1840,1,0.5994565217391304
ofr10km_950000_280000,950000,280000,-81.312447,50.639976,1840,1,0.3717391304347826
ofr10km_950000_290000,950000,290000,-81.282011,50.728338,1840,0,0.3717391304347826
ofr10km_950000_30000,950000,30000,-82.032335,48.436896,1840,0,0.35108695652173916
ofr10km_950000_300000,950000,300000,-81.251442,50.816717,1840,2,0.3717391304347826
ofr10km_950000_310000,950000,310000,-81.220738,50.905113,1840,0,0.3717391304347826
ofr10km_950000_320000,950000,320000,-81.189899,50.993524,1840,0,0.3717391304347826
ofr10km_950000_330000,950000,330000,-81.158924,51.081952,1840,0,0.3717391304347826
ofr10km_950000_340000,950000,340000,-81.127812,51.170395,1840,0,0.3717391304347826
ofr10km_950000_350000,950000,350000,-81.096561,51.258854,1840,0,0.3717391304347826
ofr10km_950000_360000,950000,360000,-81.065172,51.347328,1840,0,0.3717391304347826
ofr10km_950000_370000,950000,370000,-81.033644,51.435817,1840,0,0.3717391304347826
ofr10km_950000_380000,950000,380000,-81.001974,51.524321,1840,0,0.3695652173913043
ofr10km_950000_390000,950000,390000,-80.970163,51.612839,1840,0,0.3695652173913043
ofr10km_950000_40000,950000,40000,-82.004976,48.524779,1840,0,0.35108695652173916
ofr10km_950000_400000,950000,400000,-80.938209,51.701372,1840,0,0.3695652173913043
ofr10km_950000_410000,950000,410000,-80.906112,51.789919,1840,0,0.3695652173913043
ofr10km_950000_420000,950000,420000,-80.873871,51.87848,1840,0,0.3695652173913043
ofr10km_950000_50000,950000,50000,-81.977503,48.612683,1840,0,0.35108695652173916
ofr10km_950000_60000,950000,60000,-81.949915,48.700608,1840,0,0.35108695652173916
ofr10km_950000_70000,950000,70000,-81.922212,48.788554,1840,0,0.35108695652173916
ofr10km_950000_80000,950000,80000,-81.894392,48.876522,1840,0,0.35108695652173916
ofr10km_950000_90000,950000,90000,-81.866456,48.96451,1840,0,0.35108695652173916
ofr10km_960000_-10000,960000,-10000,-82.009685,48.067504,1840,6,0.35108695652173916
ofr10km_960000_-100000,960000,-100000,-82.249257,47.278776,1840,3,0.9331521739130435
ofr10km_960000_-110000,960000,-110000,-82.275339,47.191257,1840,1,0.9331521739130435
ofr10km_960000_-120000,960000,-120000,-82.301316,47.103762,1840,1,0.9331521739130435
ofr10km_960000_-130000,960000,-130000,-82.327189,47.016292,1840,2,0.9331521739130435
ofr10km_960000_-140000,960000,-140000,-82.352958,46.928846,1840,0,0.9331521739130435
ofr10km_960000_-150000,960000,-150000,-82.378623,46.841425,1840,1,0.7402173913043478
ofr10km_960000_-160000,960000,-160000,-82.404186,46.754028,1840,2,0.7402173913043478
ofr10km_960000_-170000,960000,-170000,-82.429647,46.666657,1840,4,0.7402173913043478
ofr10km_960000_-180000,960000,-180000,-82.455007,46.579311,1840,0,0.7402173913043478
ofr10km_960000_-190000,960000,-190000,-82.480265,46.491991,1840,1,0.7402173913043478
ofr10km_960000_-20000,960000,-20000,-82.036742,47.979776,1840,1,0.35108695652173916
ofr10km_960000_-200000,960000,-200000,-82.505424,46.404696,1840,1,0.7402173913043478
ofr10km_960000_-210000,960000,-210000,-82.530483,46.317426,1840,5,0.7407608695652174
ofr10km_960000_-220000,960000,-220000,-82.555443,46.230183,1840,2,0.7407608695652174
ofr10km_960000_-230000,960000,-230000,-82.580304,46.142966,1840,1,0.33260869565217394
ofr10km_960000_-240000,960000,-240000,-82.605068,46.055775,1840,0,0.33260869565217394
ofr10km_960000_-250000,960000,-250000,-82.629734,45.96861,1840,0,0.33260869565217394
ofr10km_960000_-260000,960000,-260000,-82.654304,45.881472,1840,0,0.33260869565217394
ofr10km_960000_-270000,960000,-270000,-82.678777,45.794361,1840,0,0.33260869565217394
ofr10km_960000_-280000,960000,-280000,-82.703155,45.707276,1840,0,0.33260869565217394
ofr10km_960000_-290000,960000,-290000,-82.727437,45.620219,1840,0,0.33260869565217394
ofr10km_960000_-30000,960000,-30000,-82.063687,47.89207,1840,3,0.35108695652173916
ofr10km_960000_-300000,960000,-300000,-82.751625,45.533189,1840,0,0.33260869565217394
ofr10km_960000_-40000,960000,-40000,-82.090523,47.804387,1840,2,0.3483695652173913
ofr10km_960000_-50000,960000,-50000,-82.117249,47.716727,1840,2,0.3695652173913043
ofr10km_960000_-60000,960000,-60000,-82.143866,47.62909,1840,3,0.3695652173913043
ofr10km_960000_-70000,960000,-70000,-82.170374,47.541476,1840,1,0.3695652173913043
ofr10km_960000_-80000,960000,-80000,-82.196775,47.453885,1840,1,0.3695652173913043
ofr10km_960000_-90000,960000,-90000,-82.223069,47.366319,1840,3,0.4597826086956522
ofr10km_960000_0,960000,0,-81.982517,48.155254,1840,1,0.35108695652173916
ofr10km_960000_10000,960000,10000,-81.955236,48.243027,1840,5,0.35108695652173916
ofr10km_960000_100000,960000,100000,-81.704544,49.033949,1840,1,0.35108695652173916
ofr10km_960000_110000,960000,110000,-81.676102,49.121933,1840,0,0.3793478260869565
ofr10km_960000_120000,960000,120000,-81.64754,49.209937,1840,1,0.41032608695652173
ofr10km_960000_130000,960000,130000,-81.618857,49.297961,1840,0,0.41032608695652173
ofr10km_960000_140000,960000,140000,-81.590052,49.386005,1840,0,0.41032608695652173
ofr10km_960000_150000,960000,150000,-81.561125,49.474068,1840,0,0.41032608695652173
ofr10km_960000_160000,960000,160000,-81.532075,49.56215,1840,0,0.37282608695652175
ofr10km_960000_170000,960000,170000,-81.5029,49.650252,1840,1,0.41032608695652173
ofr10km_960000_180000,960000,180000,-81.473601,49.738372,1840,0,0.41032608695652173
ofr10km_960000_190000,960000,190000,-81.444177,49.826511,1840,0,0.9347826086956522
ofr10km_960000_20000,960000,20000,-81.927843,48.330822,1840,1,0.35108695652173916
ofr10km_960000_200000,960000,200000,-81.414626,49.914668,1840,0,0.9347826086956522
ofr10km_960000_210000,960000,210000,-81.384948,50.002844,1840,0,0.9347826086956522
ofr10km_960000_220000,960000,220000,-81.355142,50.091038,1840,0,0.9347826086956522
ofr10km_960000_230000,960000,230000,-81.325207,50.179249,1840,0,0.9347826086956522
ofr10km_960000_240000,960000,240000,-81.295142,50.267479,1840,0,0.9347826086956522
ofr10km_960000_250000,960000,250000,-81.264948,50.355725,1840,0,0.9347826086956522
ofr10km_960000_260000,960000,260000,-81.234622,50.443989,1840,1,0.9347826086956522
ofr10km_960000_270000,960000,270000,-81.204163,50.53227,1840,1,0.5994565217391304
ofr10km_960000_280000,960000,280000,-81.173572,50.620568,1840,0,0.3717391304347826
ofr10km_960000_290000,960000,290000,-81.142847,50.708882,1840,0,0.3717391304347826
ofr10km_960000_30000,960000,30000,-81.900336,48.418639,1840,0,0.35108695652173916
ofr10km_960000_300000,960000,300000,-81.111988,50.797213,1840,0,0.3717391304347826
ofr10km_960000_310000,960000,310000,-81.080992,50.88556,1840,0,0.3717391304347826
ofr10km_960000_320000,960000,320000,-81.049861,50.973923,1840,1,0.3717391304347826
ofr10km_960000_330000,960000,330000,-81.018592,51.062301,1840,1,0.3717391304347826
ofr10km_960000_340000,960000,340000,-80.987185,51.150695,1840,0,0.3717391304347826
ofr10km_960000_350000,960000,350000,-80.955639,51.239105,1840,0,0.3717391304347826
ofr10km_960000_360000,960000,360000,-80.923952,51.32753,1840,0,0.3717391304347826
ofr10km_960000_370000,960000,370000,-80.892125,51.415969,1840,0,0.3695652173913043
ofr10km_960000_380000,960000,380000,-80.860156,51.504423,1840,0,0.3695652173913043
ofr10km_960000_390000,960000,390000,-80.828044,51.592892,1840,0,0.3695652173913043
ofr10km_960000_40000,960000,40000,-81.872714,48.506477,1840,0,0.35108695652173916
ofr10km_960000_400000,960000,400000,-80.795788,51.681374,1840,0,0.3695652173913043
ofr10km_960000_410000,960000,410000,-80.763388,51.769871,1840,1,0.3695652173913043
ofr10km_960000_50000,960000,50000,-81.844978,48.594337,1840,1,0.35108695652173916
ofr10km_960000_60000,960000,60000,-81.817125,48.682217,1840,0,0.35108695652173916
ofr10km_960000_70000,960000,70000,-81.789157,48.770119,1840,0,0.35108695652173916
ofr10km_960000_80000,960000,80000,-81.761071,48.858042,1840,0,0.35108695652173916
ofr10km_960000_90000,960000,90000,-81.732867,48.945985,1840,0,0.35108695652173916
ofr10km_970000_-10000,970000,-10000,-81.878838,48.049242,1840,1,0.35108695652173916
ofr10km_970000_-100000,970000,-100000,-82.12069,47.260902,1840,2,0.9331521739130435
ofr10km_970000_-110000,970000,-110000,-82.14702,47.173426,1840,2,0.9331521739130435
ofr10km_970000_-120000,970000,-120000,-82.173245,47.085973,1840,1,0.9331521739130435
ofr10km_970000_-130000,970000,-130000,-82.199364,46.998545,1840,4,0.9331521739130435
ofr10km_970000_-140000,970000,-140000,-82.225379,46.911141,1840,2,0.9331521739130435
ofr10km_970000_-150000,970000,-150000,-82.251289,46.823762,1840,5,0.9331521739130435
ofr10km_970000_-160000,970000,-160000,-82.277096,46.736408,1840,1,0.7402173913043478
ofr10km_970000_-170000,970000,-170000,-82.3028,46.649078,1840,2,0.7402173913043478
ofr10km_970000_-180000,970000,-180000,-82.328402,46.561773,1840,0,0.7402173913043478
ofr10km_970000_-190000,970000,-190000,-82.353902,46.474494,1840,2,0.7402173913043478
ofr10km_970000_-20000,970000,-20000,-81.906152,47.961557,1840,2,0.35108695652173916
ofr10km_970000_-200000,970000,-200000,-82.379302,46.38724,1840,0,0.7402173913043478
ofr10km_970000_-210000,970000,-210000,-82.4046,46.300012,1840,2,0.7407608695652174
ofr10km_970000_-220000,970000,-220000,-82.429799,46.21281,1840,3,0.7407608695652174
ofr10km_970000_-230000,970000,-230000,-82.454898,46.125633,1840,0,0.33260869565217394
ofr10km_970000_-240000,970000,-240000,-82.479899,46.038483,1840,0,0.33260869565217394
ofr10km_970000_-250000,970000,-250000,-82.504801,45.951359,1840,0,0.33260869565217394
ofr10km_970000_-260000,970000,-260000,-82.529606,45.864261,1840,0,0.33260869565217394
ofr10km_970000_-270000,970000,-270000,-82.554314,45.77719,1840,0,0.33260869565217394
ofr10km_970000_-280000,970000,-280000,-82.578925,45.690146,1840,0,0.33260869565217394
ofr10km_970000_-290000,970000,-290000,-82.603441,45.603128,1840,0,0.33260869565217394
ofr10km_970000_-30000,970000,-30000,-81.933354,47.873895,1840,1,0.35108695652173916
ofr10km_970000_-300000,970000,-300000,-82.627861,45.516138,1840,0,0.33260869565217394
ofr10km_970000_-310000,970000,-310000,-82.652186,45.429175,1840,0,0.33260869565217394
ofr10km_970000_-40000,970000,-40000,-81.960444,47.786255,1840,3,0.35108695652173916
ofr10km_970000_-50000,970000,-50000,-81.987424,47.698639,1840,1,0.4597826086956522
ofr10km_970000_-60000,970000,-60000,-82.014295,47.611045,1840,3,0.4597826086956522
ofr10km_970000_-70000,970000,-70000,-82.041056,47.523474,1840,2,0.4597826086956522
ofr10km_970000_-80000,970000,-80000,-82.067708,47.435927,1840,1,0.4597826086956522
ofr10km_970000_-90000,970000,-90000,-82.094253,47.348403,1840,4,0.9331521739130435
ofr10km_970000_0,970000,0,-81.851412,48.136949,1840,6,0.35108695652173916
ofr10km_970000_10000,970000,10000,-81.823873,48.224677,1840,3,0.35108695652173916
ofr10km_970000_100000,970000,100000,-81.570806,49.015196,1840,0,0.35108695652173916
ofr10km_970000_110000,970000,110000,-81.542095,49.103134,1840,0,0.39891304347826084
ofr10km_970000_120000,970000,120000,-81.513263,49.191092,1840,1,0.39891304347826084
ofr10km_970000_130000,970000,130000,-81.484308,49.27907,1840,0,0.41032608695652173
ofr10km_970000_140000,970000,140000,-81.455232,49.367068,1840,0,0.41032608695652173
ofr10km_970000_150000,970000,150000,-81.426032,49.455085,1840,0,0.41032608695652173
ofr10km_970000_160000,970000,160000,-81.396707,49.543121,1840,0,0.41032608695652173
ofr10km_970000_170000,970000,170000,-81.367258,49.631176,1840,0,0.41032608695652173
ofr10km_970000_180000,970000,180000,-81.337682,49.719249,1840,0,0.9347826086956522
ofr10km_970000_190000,970000,190000,-81.30798,49.807341,1840,0,0.9347826086956522
ofr10km_970000_20000,970000,20000,-81.796219,48.312428,1840,3,0.35108695652173916
ofr10km_970000_200000,970000,200000,-81.278151,49.895452,1840,0,0.9347826086956522
ofr10km_970000_210000,970000,210000,-81.248194,49.98358,1840,0,0.9347826086956522
ofr10km_970000_220000,970000,220000,-81.218107,50.071726,1840,1,0.9347826086956522
ofr10km_970000_230000,970000,230000,-81.187891,50.15989,1840,0,0.9347826086956522
ofr10km_970000_240000,970000,240000,-81.157543,50.248072,1840,0,0.9347826086956522
ofr10km_970000_250000,970000,250000,-81.127065,50.336271,1840,0,0.9347826086956522
ofr10km_970000_260000,970000,260000,-81.096454,50.424486,1840,0,0.9347826086956522
ofr10km_970000_270000,970000,270000,-81.06571,50.512719,1840,3,0.3717391304347826
ofr10km_970000_280000,970000,280000,-81.034831,50.600968,1840,0,0.3717391304347826
ofr10km_970000_290000,970000,290000,-81.003818,50.689234,1840,0,0.3717391304347826
ofr10km_970000_30000,970000,30000,-81.768451,48.4002,1840,3,0.35108695652173916
ofr10km_970000_300000,970000,300000,-80.972669,50.777516,1840,0,0.3717391304347826
ofr10km_970000_310000,970000,310000,-80.941383,50.865814,1840,0,0.3717391304347826
ofr10km_970000_320000,970000,320000,-80.90996,50.954128,1840,0,0.3717391304347826
ofr10km_970000_330000,970000,330000,-80.878398,51.042457,1840,0,0.3717391304347826
ofr10km_970000_340000,970000,340000,-80.846697,51.130802,1840,0,0.3717391304347826
ofr10km_970000_350000,970000,350000,-80.814856,51.219162,1840,0,0.3717391304347826
ofr10km_970000_360000,970000,360000,-80.782873,51.307536,1840,0,0.3717391304347826
ofr10km_970000_370000,970000,370000,-80.750748,51.395926,1840,0,0.3695652173913043
ofr10km_970000_380000,970000,380000,-80.718481,51.484329,1840,0,0.3695652173913043
ofr10km_970000_390000,970000,390000,-80.686069,51.572748,1840,0,0.3695652173913043
ofr10km_970000_40000,970000,40000,-81.740568,48.487994,1840,3,0.35108695652173916
ofr10km_970000_400000,970000,400000,-80.653512,51.66118,1840,0,0.3695652173913043
ofr10km_970000_410000,970000,410000,-80.62081,51.749626,1840,0,0.3695652173913043
ofr10km_970000_50000,970000,50000,-81.712569,48.575809,1840,4,0.35108695652173916
ofr10km_970000_60000,970000,60000,-81.684452,48.663645,1840,3,0.35108695652173916
ofr10km_970000_70000,970000,70000,-81.656219,48.751502,1840,2,0.35108695652173916
ofr10km_970000_80000,970000,80000,-81.627867,48.839379,1840,1,0.35108695652173916
ofr10km_970000_90000,970000,90000,-81.599396,48.927277,1840,0,0.35108695652173916
ofr10km_980000_-10000,980000,-10000,-81.748104,48.030801,1840,1,0.35108695652173916
ofr10km_980000_-100000,980000,-100000,-81.992229,47.242853,1840,2,0.9331521739130435
ofr10km_980000_-110000,980000,-110000,-82.018807,47.15542,1840,6,0.9331521739130435
ofr10km_980000_-120000,980000,-120000,-82.045279,47.06801,1840,1,0.9331521739130435
ofr10km_980000_-130000,980000,-130000,-82.071645,46.980624,1840,3,0.9331521739130435
ofr10km_980000_-140000,980000,-140000,-82.097904,46.893263,1840,8,0.9331521739130435
ofr10km_980000_-150000,980000,-150000,-82.124059,46.805926,1840,1,0.9331521739130435
ofr10km_980000_-160000,980000,-160000,-82.15011,46.718614,1840,1,0.7402173913043478
ofr10km_980000_-170000,980000,-170000,-82.176056,46.631326,1840,1,0.7402173913043478
ofr10km_980000_-180000,980000,-180000,-82.2019,46.544063,1840,1,0.7402173913043478
ofr10km_980000_-190000,980000,-190000,-82.227641,46.456826,1840,1,0.7402173913043478
ofr10km_980000_-20000,980000,-20000,-81.775674,47.94316,1840,2,0.35108695652173916
ofr10km_980000_-200000,980000,-200000,-82.25328,46.369613,1840,1,0.7402173913043478
ofr10km_980000_-210000,980000,-210000,-82.278817,46.282427,1840,2,0.7407608695652174
ofr10km_980000_-220000,980000,-220000,-82.304254,46.195265,1840,2,0.33315217391304347
ofr10km_980000_-230000,980000,-230000,-82.329591,46.10813,1840,0,0.33260869565217394
ofr10km_980000_-240000,980000,-240000,-82.354828,46.021021,1840,0,0.33260869565217394
ofr10km_980000_-250000,980000,-250000,-82.379966,45.933938,1840,0,0.33260869565217394
ofr10km_980000_-260000,980000,-260000,-82.405006,45.846881,1840,0,0.33260869565217394
ofr10km_980000_-270000,980000,-270000,-82.429948,45.75985,1840,0,0.33260869565217394
ofr10km_980000_-280000,980000,-280000,-82.454792,45.672847,1840,0,0.33260869565217394
ofr10km_980000_-290000,980000,-290000,-82.47954,45.58587,1840,0,0.33260869565217394
ofr10km_980000_-30000,980000,-30000,-81.803132,47.855542,1840,2,0.35108695652173916
ofr10km_980000_-300000,980000,-300000,-82.504191,45.49892,1840,0,0.33260869565217394
ofr10km_980000_-310000,980000,-310000,-82.528747,45.411997,1840,0,0.33260869565217394
ofr10km_980000_-40000,980000,-40000,-81.830477,47.767946,1840,2,0.35108695652173916
ofr10km_980000_-50000,980000,-50000,-81.85771,47.680373,1840,3,0.35434782608695653
ofr10km_980000_-60000,980000,-60000,-81.884833,47.592823,1840,3,0.9331521739130435
ofr10km_980000_-70000,980000,-70000,-81.911845,47.505296,1840,1,0.9331521739130435
ofr10km_980000_-80000,980000,-80000,-81.938748,47.417792,1840,0,0.9331521739130435
ofr10km_980000_-90000,980000,-90000,-81.965543,47.330311,1840,2,0.9331521739130435
ofr10km_980000_0,980000,0,-81.720421,48.118463,1840,2,0.35108695652173916
ofr10km_980000_10000,980000,10000,-81.692623,48.206147,1840,0,0.35108695652173916
ofr10km_980000_100000,980000,100000,-81.437187,48.996259,1840,0,0.35108695652173916
ofr10km_980000_110000,980000,110000,-81.408208,49.084151,1840,1,0.39891304347826084
ofr10km_980000_120000,980000,120000,-81.379107,49.172063,1840,0,0.39891304347826084
ofr10km_980000_130000,980000,130000,-81.349883,49.259995,1840,2,0.39891304347826084
ofr10km_980000_140000,980000,140000,-81.320535,49.347946,1840,0,0.41032608695652173
ofr10km_980000_150000,980000,150000,-81.291062,49.435916,1840,0,0.41032608695652173
ofr10km_980000_160000,980000,160000,-81.261464,49.523905,1840,0,0.9347826086956522
ofr10km_980000_170000,980000,170000,-81.231741,49.611913,1840,0,0.9347826086956522
ofr10km_980000_180000,980000,180000,-81.20189,49.699939,1840,0,0.9347826086956522
ofr10km_980000_190000,980000,190000,-81.171911,49.787984,1840,0,0.9347826086956522
ofr10km_980000_20000,980000,20000,-81.664711,48.293853,1840,2,0.35108695652173916
ofr10km_980000_200000,980000,200000,-81.141805,49.876047,1840,0,0.9347826086956522
ofr10km_980000_210000,980000,210000,-81.111568,49.964128,1840,0,0.9347826086956522
ofr10km_980000_220000,980000,220000,-81.081202,50.052226,1840,1,0.9347826086956522
ofr10km_980000_230000,980000,230000,-81.050705,50.140342,1840,0,0.9347826086956522
ofr10km_980000_240000,980000,240000,-81.020076,50.228476,1840,0,0.9347826086956522
ofr10km_980000_250000,980000,250000,-80.989314,50.316626,1840,0,0.9347826086956522
ofr10km_980000_260000,980000,260000,-80.958419,50.404793,1840,0,0.9347826086956522
ofr10km_980000_270000,980000,270000,-80.92739,50.492977,1840,0,0.5994565217391304
ofr10km_980000_280000,980000,280000,-80.896225,50.581178,1840,0,0.3717391304347826
ofr10km_980000_290000,980000,290000,-80.864925,50.669395,1840,0,0.3717391304347826
ofr10km_980000_30000,980000,30000,-81.636682,48.381581,1840,0,0.35108695652173916
ofr10km_980000_300000,980000,300000,-80.833487,50.757627,1840,0,0.3717391304347826
ofr10km_980000_310000,980000,310000,-80.801912,50.845876,1840,0,0.3717391304347826
ofr10km_980000_320000,980000,320000,-80.770198,50.93414,1840,0,0.3717391304347826
ofr10km_980000_330000,980000,330000,-80.738344,51.022419,1840,0,0.3717391304347826
ofr10km_980000_340000,980000,340000,-80.70635,51.110714,1840,0,0.3717391304347826
ofr10km_980000_350000,980000,350000,-80.674214,51.199024,1840,0,0.3717391304347826
ofr10km_980000_360000,980000,360000,-80.641936,51.287348,1840,2,0.3695652173913043
ofr10km_980000_370000,980000,370000,-80.609515,51.375687,1840,0,0.3695652173913043
ofr10km_980000_380000,980000,380000,-80.576949,51.46404,1840,0,0.3695652173913043
ofr10km_980000_390000,980000,390000,-80.544239,51.552408,1840,0,0.3695652173913043
ofr10km_980000_40000,980000,40000,-81.608538,48.46933,1840,6,0.35108695652173916
ofr10km_980000_50000,980000,50000,-81.580276,48.5571,1840,2,0.35108695652173916
ofr10km_980000_60000,980000,60000,-81.551897,48.64489,1840,1,0.35108695652173916
ofr10km_980000_70000,980000,70000,-81.523399,48.732702,1840,0,0.35108695652173916
ofr10km_980000_80000,980000,80000,-81.494782,48.820534,1840,0,0.35108695652173916
ofr10km_980000_90000,980000,90000,-81.466045,48.908386,1840,0,0.35108695652173916
ofr10km_990000_-10000,990000,-10000,-81.617484,48.012181,1840,0,0.35108695652173916
ofr10km_990000_-100000,990000,-100000,-81.863876,47.224629,1840,2,0.9331521739130435
ofr10km_990000_-110000,990000,-110000,-81.890701,47.137239,1840,3,0.9331521739130435
ofr10km_990000_-120000,990000,-120000,-81.917419,47.049872,1840,3,0.9331521739130435
ofr10km_990000_-130000,990000,-130000,-81.94403,46.962529,1840,2,0.9331521739130435
ofr10km_990000_-140000,990000,-140000,-81.970535,46.875211,1840,4,0.9331521739130435
ofr10km_990000_-150000,990000,-150000,-81.996933,46.787916,1840,2,0.9331521739130435
ofr10km_990000_-160000,990000,-160000,-82.023227,46.700647,1840,5,0.9331521739130435
ofr10km_990000_-170000,990000,-170000,-82.049415,46.613401,1840,0,0.9331521739130435
ofr10km_990000_-180000,990000,-180000,-82.0755,46.526181,1840,2,0.7402173913043478
ofr10km_990000_-190000,990000,-190000,-82.101481,46.438985,1840,1,0.7402173913043478
ofr10km_990000_-20000,990000,-20000,-81.645309,47.924585,1840,0,0.35108695652173916
ofr10km_990000_-200000,990000,-200000,-82.127359,46.351815,1840,1,0.7402173913043478
ofr10km_990000_-210000,990000,-210000,-82.153135,46.26467,1840,3,0.7407608695652174
ofr10km_990000_-220000,990000,-220000,-82.17881,46.177551,1840,3,0.33315217391304347
ofr10km_990000_-230000,990000,-230000,-82.204383,46.090457,1840,3,0.33260869565217394
ofr10km_990000_-240000,990000,-240000,-82.229856,46.003389,1840,1,0.33260869565217394
ofr10km_990000_-250000,990000,-250000,-82.255229,45.916347,1840,0,0.33260869565217394
ofr10km_990000_-260000,990000,-260000,-82.280503,45.829331,1840,0,0.33260869565217394
ofr10km_990000_-270000,990000,-270000,-82.305678,45.742342,1840,0,0.33260869565217394
ofr10km_990000_-280000,990000,-280000,-82.330755,45.655379,1840,0,0.33260869565217394
ofr10km_990000_-290000,990000,-290000,-82.355735,45.568443,1840,0,0.33260869565217394
ofr10km_990000_-30000,990000,-30000,-81.673021,47.837011,1840,0,0.35108695652173916
ofr10km_990000_-300000,990000,-300000,-82.380617,45.481534,1840,0,0.33260869565217394
ofr10km_990000_-310000,990000,-310000,-82.405403,45.394651,1840,0,0.33315217391304347
ofr10km_990000_-320000,990000,-320000,-82.430093,45.307796,1840,0,0.33315217391304347
ofr10km_990000_-330000,990000,-330000,-82.454688,45.220969,1840,0,0.33315217391304347
ofr10km_990000_-40000,990000,-40000,-81.70062,47.74946,1840,2,0.35108695652173916
ofr10km_990000_-50000,990000,-50000,-81.728106,47.661931,1840,7,0.35108695652173916
ofr10km_990000_-60000,990000,-60000,-81.755481,47.574425,1840,0,0.9331521739130435
ofr10km_990000_-70000,990000,-70000,-81.782745,47.486941,1840,1,0.9331521739130435
ofr10km_990000_-80000,990000,-80000,-81.809898,47.39948,1840,2,0.9331521739130435
ofr10km_990000_-90000,990000,-90000,-81.836941,47.312043,1840,1,0.9331521739130435
ofr10km_990000_0,990000,0,-81.589544,48.099799,1840,1,0.35108695652173916
ofr10km_990000_10000,990000,10000,-81.561488,48.187438,1840,2,0.35108695652173916
ofr10km_990000_100000,990000,100000,-81.303691,48.977139,1840,0,0.35108695652173916
ofr10km_990000_110000,990000,110000,-81.274444,49.064984,1840,3,0.39891304347826084
ofr10km_990000_120000,990000,120000,-81.245074,49.15285,1840,1,0.39891304347826084
ofr10km_990000_130000,990000,130000,-81.215581,49.240735,1840,2,0.39891304347826084
ofr10km_990000_140000,990000,140000,-81.185962,49.328639,1840,0,0.5510869565217391
ofr10km_990000_150000,990000,150000,-81.156218,49.416562,1840,0,0.9347826086956522
ofr10km_990000_160000,990000,160000,-81.126348,49.504504,1840,0,0.9347826086956522
ofr10km_990000_170000,990000,170000,-81.09635,49.592465,1840,0,0.9347826086956522
ofr10km_990000_180000,990000,180000,-81.066225,49.680443,1840,0,0.9347826086956522
ofr10km_990000_190000,990000,190000,-81.035971,49.76844,1840,0,0.9347826086956522
ofr10km_990000_20000,990000,20000,-81.533317,48.275099,1840,1,0.35108695652173916
ofr10km_990000_200000,990000,200000,-81.005587,49.856455,1840,0,0.9347826086956522
ofr10km_990000_210000,990000,210000,-80.975073,49.944488,1840,0,0.9347826086956522
ofr10km_990000_220000,990000,220000,-80.944428,50.032538,1840,0,0.9347826086956522
ofr10km_990000_230000,990000,230000,-80.913651,50.120606,1840,0,0.9347826086956522
ofr10km_990000_240000,990000,240000,-80.882741,50.208691,1840,0,0.9347826086956522
ofr10km_990000_250000,990000,250000,-80.851697,50.296792,1840,0,0.9347826086956522
ofr10km_990000_260000,990000,260000,-80.820519,50.384911,1840,0,0.5994565217391304
ofr10km_990000_270000,990000,270000,-80.789205,50.473045,1840,0,0.5994565217391304
ofr10km_990000_280000,990000,280000,-80.757755,50.561196,1840,0,0.3717391304347826
ofr10km_990000_290000,990000,290000,-80.726168,50.649364,1840,1,0.3717391304347826
ofr10km_990000_30000,990000,30000,-81.50503,48.362781,1840,1,0.35108695652173916
ofr10km_990000_300000,990000,300000,-80.694443,50.737547,1840,0,0.3717391304347826
ofr10km_990000_310000,990000,310000,-80.662579,50.825745,1840,0,0.3717391304347826
ofr10km_990000_320000,990000,320000,-80.630575,50.91396,1840,0,0.3717391304347826
ofr10km_990000_330000,990000,330000,-80.59843,51.002189,1840,0,0.3717391304347826
ofr10km_990000_340000,990000,340000,-80.566144,51.090433,1840,0,0.3717391304347826
ofr10km_990000_350000,990000,350000,-80.533715,51.178692,1840,0,0.3717391304347826
ofr10km_990000_360000,990000,360000,-80.501142,51.266966,1840,1,0.3695652173913043
ofr10km_990000_370000,990000,370000,-80.468425,51.355254,1840,1,0.3695652173913043
ofr10km_990000_380000,990000,380000,-80.435563,51.443556,1840,0,0.3695652173913043
ofr10km_990000_40000,990000,40000,-81.476625,48.450485,1840,3,0.35108695652173916
ofr10km_990000_50000,990000,50000,-81.448102,48.538209,1840,3,0.35108695652173916
ofr10km_990000_60000,990000,60000,-81.41946,48.625954,1840,0,0.35108695652173916
ofr10km_990000_70000,990000,70000,-81.390699,48.71372,1840,0,0.35108695652173916
ofr10km_990000_80000,990000,80000,-81.361817,48.801506,1840,0,0.35108695652173916
ofr10km_990000_90000,990000,90000,-81.332815,48.889312,1840,1,0.35108695652173916
