ignition_date,rows,positives,events,large,weather_available,year,month,ignition_rate,weather_missing_fraction
2010-05-01,9673,4.0,5.0,0.0,5749.0,2010,5,0.00041352217512664115,0.405665253799235
2010-05-02,9673,4.0,4.0,0.0,5810.0,2010,5,0.00041352217512664115,0.39935904062855365
2010-05-03,9673,4.0,8.0,0.0,5784.0,2010,5,0.00041352217512664115,0.4020469347668769
2010-05-04,9673,0.0,0.0,0.0,4997.0,2010,5,0.0,0.4834074227230435
2010-05-05,9673,1.0,1.0,0.0,5128.0,2010,5,0.00010338054378166029,0.46986457148764604
2010-05-06,9673,1.0,1.0,0.0,4931.0,2010,5,0.00010338054378166029,0.4902305386126331
2010-05-07,9673,1.0,1.0,0.0,4327.0,2010,5,0.00010338054378166029,0.5526723870567559
2010-05-08,9673,4.0,4.0,0.0,4128.0,2010,5,0.00041352217512664115,0.5732451152693063
2010-05-09,9673,2.0,3.0,0.0,3092.0,2010,5,0.00020676108756332058,0.6803473586271064
2010-05-10,9673,3.0,3.0,0.0,5222.0,2010,5,0.00031014163134498085,0.46014680037216993
2010-05-11,9673,8.0,9.0,0.0,6078.0,2010,5,0.0008270443502532823,0.3716530548950687
2010-05-12,9673,8.0,9.0,0.0,6670.0,2010,5,0.0008270443502532823,0.31045177297632587
2010-05-13,9673,4.0,5.0,0.0,7188.0,2010,5,0.00041352217512664115,0.2569006512974258
2010-05-14,9673,2.0,2.0,0.0,7234.0,2010,5,0.00020676108756332058,0.2521451462834694
2010-05-15,9673,5.0,9.0,0.0,7251.0,2010,5,0.0005169027189083015,0.2503876770391812
2010-05-16,9673,13.0,13.0,1.0,7251.0,2010,5,0.0013439470691615839,0.2503876770391812
2010-05-17,9673,8.0,8.0,0.0,7251.0,2010,5,0.0008270443502532823,0.2503876770391812
2010-05-18,9673,13.0,13.0,1.0,7303.0,2010,5,0.0013439470691615839,0.24501188876253488
2010-05-19,9673,18.0,20.0,1.0,7329.0,2010,5,0.0018608497880698853,0.24232399462421172
2010-05-20,9673,5.0,5.0,0.0,7329.0,2010,5,0.0005169027189083015,0.24232399462421172
2010-05-21,9673,11.0,11.0,0.0,7329.0,2010,5,0.0011371859815982632,0.24232399462421172
2010-05-22,9673,4.0,4.0,0.0,7329.0,2010,5,0.00041352217512664115,0.24232399462421172
2010-05-23,9673,7.0,7.0,0.0,7329.0,2010,5,0.0007236638064716221,0.24232399462421172
2010-05-24,9673,19.0,22.0,1.0,7343.0,2010,5,0.0019642303318515453,0.24087666701126853
2010-05-25,9673,20.0,21.0,1.0,7343.0,2010,5,0.002067610875633206,0.24087666701126853
2010-05-26,9673,43.0,48.0,0.0,7343.0,2010,5,0.004445363382611392,0.24087666701126853
2010-05-27,9673,44.0,50.0,1.0,7343.0,2010,5,0.004548743926393053,0.24087666701126853
2010-05-28,9673,15.0,16.0,0.0,7343.0,2010,5,0.0015507081567249044,0.24087666701126853
2010-05-29,9673,7.0,7.0,0.0,7343.0,2010,5,0.0007236638064716221,0.24087666701126853
2010-05-30,9673,5.0,5.0,0.0,7343.0,2010,5,0.0005169027189083015,0.24087666701126853
2010-05-31,9673,19.0,20.0,0.0,7343.0,2010,5,0.0019642303318515453,0.24087666701126853
2010-06-01,9673,5.0,5.0,0.0,7343.0,2010,6,0.0005169027189083015,0.24087666701126853
2010-06-02,9673,2.0,2.0,0.0,7343.0,2010,6,0.00020676108756332058,0.24087666701126853
2010-06-03,9673,5.0,5.0,0.0,7343.0,2010,6,0.0005169027189083015,0.24087666701126853
2010-06-04,9673,2.0,2.0,0.0,7343.0,2010,6,0.00020676108756332058,0.24087666701126853
2010-06-05,9673,0.0,0.0,0.0,7343.0,2010,6,0.0,0.24087666701126853
2010-06-06,9673,0.0,0.0,0.0,7305.0,2010,6,0.0,0.24480512767497153
2010-06-07,9673,3.0,3.0,0.0,7343.0,2010,6,0.00031014163134498085,0.24087666701126853
2010-06-08,9673,7.0,7.0,0.0,7305.0,2010,6,0.0007236638064716221,0.24480512767497153
2010-06-09,9673,0.0,0.0,0.0,7305.0,2010,6,0.0,0.24480512767497153
2010-06-10,9673,0.0,0.0,0.0,7343.0,2010,6,0.0,0.24087666701126853
2010-06-11,9673,1.0,1.0,0.0,7343.0,2010,6,0.00010338054378166029,0.24087666701126853
2010-06-12,9673,1.0,1.0,1.0,7343.0,2010,6,0.00010338054378166029,0.24087666701126853
2010-06-13,9673,1.0,1.0,0.0,7343.0,2010,6,0.00010338054378166029,0.24087666701126853
2010-06-14,9673,1.0,1.0,0.0,7343.0,2010,6,0.00010338054378166029,0.24087666701126853
2010-06-15,9673,2.0,2.0,0.0,7344.0,2010,6,0.00020676108756332058,0.24077328646748686
2010-06-16,9673,0.0,0.0,0.0,7344.0,2010,6,0.0,0.24077328646748686
2010-06-17,9673,1.0,1.0,0.0,7344.0,2010,6,0.00010338054378166029,0.24077328646748686
2010-06-18,9673,16.0,18.0,0.0,7344.0,2010,6,0.0016540887005065646,0.24077328646748686
2010-06-19,9673,1.0,1.0,1.0,7344.0,2010,6,0.00010338054378166029,0.24077328646748686
2010-06-20,9673,5.0,5.0,0.0,7344.0,2010,6,0.0005169027189083015,0.24077328646748686
2010-06-21,9673,2.0,2.0,0.0,7344.0,2010,6,0.00020676108756332058,0.24077328646748686
2010-06-22,9673,3.0,3.0,0.0,7344.0,2010,6,0.00031014163134498085,0.24077328646748686
2010-06-23,9673,4.0,4.0,0.0,7344.0,2010,6,0.00041352217512664115,0.24077328646748686
2010-06-24,9673,2.0,2.0,0.0,7344.0,2010,6,0.00020676108756332058,0.24077328646748686
2010-06-25,9673,3.0,3.0,1.0,7344.0,2010,6,0.00031014163134498085,0.24077328646748686
2010-06-26,9673,5.0,5.0,0.0,7344.0,2010,6,0.0005169027189083015,0.24077328646748686
2010-06-27,9673,1.0,1.0,0.0,7344.0,2010,6,0.00010338054378166029,0.24077328646748686
2010-06-28,9673,0.0,0.0,0.0,7344.0,2010,6,0.0,0.24077328646748686
2010-06-29,9673,2.0,2.0,0.0,7344.0,2010,6,0.00020676108756332058,0.24077328646748686
2010-06-30,9673,6.0,6.0,0.0,7344.0,2010,6,0.0006202832626899617,0.24077328646748686
2010-07-01,9673,7.0,7.0,0.0,7344.0,2010,7,0.0007236638064716221,0.24077328646748686
2010-07-02,9673,4.0,4.0,0.0,7344.0,2010,7,0.00041352217512664115,0.24077328646748686
2010-07-03,9673,8.0,8.0,0.0,7344.0,2010,7,0.0008270443502532823,0.24077328646748686
2010-07-04,9673,7.0,7.0,0.0,7344.0,2010,7,0.0007236638064716221,0.24077328646748686
2010-07-05,9673,2.0,2.0,0.0,7344.0,2010,7,0.00020676108756332058,0.24077328646748686
2010-07-06,9673,2.0,2.0,0.0,7344.0,2010,7,0.00020676108756332058,0.24077328646748686
2010-07-07,9673,4.0,4.0,0.0,7344.0,2010,7,0.00041352217512664115,0.24077328646748686
2010-07-08,9673,3.0,3.0,0.0,7344.0,2010,7,0.00031014163134498085,0.24077328646748686
2010-07-09,9673,5.0,5.0,0.0,7344.0,2010,7,0.0005169027189083015,0.24077328646748686
2010-07-10,9673,10.0,11.0,1.0,7344.0,2010,7,0.001033805437816603,0.24077328646748686
2010-07-11,9673,7.0,8.0,0.0,7344.0,2010,7,0.0007236638064716221,0.24077328646748686
2010-07-12,9673,9.0,9.0,0.0,7344.0,2010,7,0.0009304248940349427,0.24077328646748686
2010-07-13,9673,5.0,5.0,0.0,7344.0,2010,7,0.0005169027189083015,0.24077328646748686
2010-07-14,9673,6.0,6.0,0.0,7344.0,2010,7,0.0006202832626899617,0.24077328646748686
2010-07-15,9673,8.0,8.0,0.0,7344.0,2010,7,0.0008270443502532823,0.24077328646748686
2010-07-16,9673,5.0,5.0,0.0,7344.0,2010,7,0.0005169027189083015,0.24077328646748686
2010-07-17,9673,2.0,2.0,0.0,7344.0,2010,7,0.00020676108756332058,0.24077328646748686
2010-07-18,9673,7.0,7.0,1.0,7344.0,2010,7,0.0007236638064716221,0.24077328646748686
2010-07-19,9673,1.0,1.0,0.0,7344.0,2010,7,0.00010338054378166029,0.24077328646748686
2010-07-20,9673,12.0,13.0,0.0,7344.0,2010,7,0.0012405665253799234,0.24077328646748686
2010-07-21,9673,13.0,14.0,0.0,7344.0,2010,7,0.0013439470691615839,0.24077328646748686
2010-07-22,9673,7.0,7.0,0.0,7344.0,2010,7,0.0007236638064716221,0.24077328646748686
2010-07-23,9673,3.0,3.0,0.0,7344.0,2010,7,0.00031014163134498085,0.24077328646748686
2010-07-24,9673,2.0,2.0,1.0,7344.0,2010,7,0.00020676108756332058,0.24077328646748686
2010-07-25,9673,7.0,7.0,0.0,7344.0,2010,7,0.0007236638064716221,0.24077328646748686
2010-07-26,9673,2.0,2.0,0.0,7344.0,2010,7,0.00020676108756332058,0.24077328646748686
2010-07-27,9673,6.0,6.0,0.0,7344.0,2010,7,0.0006202832626899617,0.24077328646748686
2010-07-28,9673,3.0,3.0,0.0,7344.0,2010,7,0.00031014163134498085,0.24077328646748686
2010-07-29,9673,1.0,1.0,0.0,7344.0,2010,7,0.00010338054378166029,0.24077328646748686
2010-07-30,9673,1.0,1.0,0.0,7344.0,2010,7,0.00010338054378166029,0.24077328646748686
2010-07-31,9673,3.0,3.0,0.0,7344.0,2010,7,0.00031014163134498085,0.24077328646748686
2010-08-01,9673,3.0,3.0,0.0,7344.0,2010,8,0.00031014163134498085,0.24077328646748686
2010-08-02,9673,3.0,3.0,0.0,7344.0,2010,8,0.00031014163134498085,0.24077328646748686
2010-08-03,9673,2.0,2.0,0.0,7344.0,2010,8,0.00020676108756332058,0.24077328646748686
2010-08-04,9673,3.0,3.0,0.0,7344.0,2010,8,0.00031014163134498085,0.24077328646748686
2010-08-05,9673,7.0,7.0,0.0,7344.0,2010,8,0.0007236638064716221,0.24077328646748686
2010-08-06,9673,2.0,2.0,0.0,7344.0,2010,8,0.00020676108756332058,0.24077328646748686
2010-08-07,9673,2.0,2.0,0.0,7344.0,2010,8,0.00020676108756332058,0.24077328646748686
2010-08-08,9673,4.0,4.0,0.0,7344.0,2010,8,0.00041352217512664115,0.24077328646748686
2010-08-09,9673,1.0,1.0,0.0,7344.0,2010,8,0.00010338054378166029,0.24077328646748686
2010-08-10,9673,4.0,4.0,0.0,7344.0,2010,8,0.00041352217512664115,0.24077328646748686
2010-08-11,9673,2.0,2.0,0.0,7344.0,2010,8,0.00020676108756332058,0.24077328646748686
2010-08-12,9673,2.0,2.0,0.0,7344.0,2010,8,0.00020676108756332058,0.24077328646748686
2010-08-13,9673,2.0,2.0,0.0,7344.0,2010,8,0.00020676108756332058,0.24077328646748686
2010-08-14,9673,2.0,3.0,0.0,7344.0,2010,8,0.00020676108756332058,0.24077328646748686
2010-08-15,9673,5.0,5.0,0.0,7344.0,2010,8,0.0005169027189083015,0.24077328646748686
2010-08-16,9673,2.0,2.0,0.0,7344.0,2010,8,0.00020676108756332058,0.24077328646748686
2010-08-17,9673,4.0,4.0,0.0,7344.0,2010,8,0.00041352217512664115,0.24077328646748686
2010-08-18,9673,4.0,4.0,0.0,7344.0,2010,8,0.00041352217512664115,0.24077328646748686
2010-08-19,9673,1.0,1.0,0.0,7344.0,2010,8,0.00010338054378166029,0.24077328646748686
2010-08-20,9673,1.0,1.0,0.0,7344.0,2010,8,0.00010338054378166029,0.24077328646748686
2010-08-21,9673,2.0,2.0,0.0,7344.0,2010,8,0.00020676108756332058,0.24077328646748686
2010-08-22,9673,2.0,2.0,0.0,7344.0,2010,8,0.00020676108756332058,0.24077328646748686
2010-08-23,9673,1.0,1.0,0.0,7344.0,2010,8,0.00010338054378166029,0.24077328646748686
2010-08-24,9673,0.0,0.0,0.0,7344.0,2010,8,0.0,0.24077328646748686
2010-08-25,9673,0.0,0.0,0.0,7344.0,2010,8,0.0,0.24077328646748686
2010-08-26,9673,3.0,3.0,0.0,7344.0,2010,8,0.00031014163134498085,0.24077328646748686
2010-08-27,9673,4.0,4.0,0.0,7344.0,2010,8,0.00041352217512664115,0.24077328646748686
2010-08-28,9673,3.0,3.0,0.0,7344.0,2010,8,0.00031014163134498085,0.24077328646748686
2010-08-29,9673,2.0,2.0,0.0,7344.0,2010,8,0.00020676108756332058,0.24077328646748686
2010-08-30,9673,2.0,2.0,0.0,7344.0,2010,8,0.00020676108756332058,0.24077328646748686
2010-08-31,9673,4.0,4.0,0.0,7344.0,2010,8,0.00041352217512664115,0.24077328646748686
2010-09-01,9673,1.0,1.0,0.0,7344.0,2010,9,0.00010338054378166029,0.24077328646748686
2010-09-02,9673,1.0,1.0,0.0,7344.0,2010,9,0.00010338054378166029,0.24077328646748686
2010-09-03,9673,1.0,1.0,0.0,7344.0,2010,9,0.00010338054378166029,0.24077328646748686
2010-09-04,9673,0.0,0.0,0.0,7344.0,2010,9,0.0,0.24077328646748686
2010-09-05,9673,1.0,1.0,0.0,7344.0,2010,9,0.00010338054378166029,0.24077328646748686
2010-09-06,9673,1.0,1.0,0.0,7344.0,2010,9,0.00010338054378166029,0.24077328646748686
2010-09-07,9673,1.0,1.0,0.0,7344.0,2010,9,0.00010338054378166029,0.24077328646748686
2010-09-08,9673,0.0,0.0,0.0,7344.0,2010,9,0.0,0.24077328646748686
2010-09-09,9673,2.0,2.0,0.0,7344.0,2010,9,0.00020676108756332058,0.24077328646748686
2010-09-10,9673,0.0,0.0,0.0,7344.0,2010,9,0.0,0.24077328646748686
2010-09-11,9673,0.0,0.0,0.0,7344.0,2010,9,0.0,0.24077328646748686
2010-09-12,9673,0.0,0.0,0.0,7344.0,2010,9,0.0,0.24077328646748686
2010-09-13,9673,0.0,0.0,0.0,7344.0,2010,9,0.0,0.24077328646748686
2010-09-14,9673,0.0,0.0,0.0,7344.0,2010,9,0.0,0.24077328646748686
2010-09-15,9673,0.0,0.0,0.0,7344.0,2010,9,0.0,0.24077328646748686
2010-09-16,9673,0.0,0.0,0.0,7344.0,2010,9,0.0,0.24077328646748686
2010-09-17,9673,0.0,0.0,0.0,7344.0,2010,9,0.0,0.24077328646748686
2010-09-18,9673,1.0,1.0,0.0,7344.0,2010,9,0.00010338054378166029,0.24077328646748686
2010-09-19,9673,1.0,1.0,0.0,7344.0,2010,9,0.00010338054378166029,0.24077328646748686
2010-09-20,9673,0.0,0.0,0.0,7344.0,2010,9,0.0,0.24077328646748686
2010-09-21,9673,0.0,0.0,0.0,7344.0,2010,9,0.0,0.24077328646748686
2010-09-22,9673,0.0,0.0,0.0,7344.0,2010,9,0.0,0.24077328646748686
2010-09-23,9673,0.0,0.0,0.0,7344.0,2010,9,0.0,0.24077328646748686
2010-09-24,9673,0.0,0.0,0.0,7344.0,2010,9,0.0,0.24077328646748686
2010-09-25,9673,0.0,0.0,0.0,7344.0,2010,9,0.0,0.24077328646748686
2010-09-26,9673,1.0,1.0,0.0,7344.0,2010,9,0.00010338054378166029,0.24077328646748686
2010-09-27,9673,0.0,0.0,0.0,7344.0,2010,9,0.0,0.24077328646748686
2010-09-28,9673,0.0,0.0,0.0,7344.0,2010,9,0.0,0.24077328646748686
2010-09-29,9673,1.0,1.0,0.0,7344.0,2010,9,0.00010338054378166029,0.24077328646748686
2010-09-30,9673,0.0,0.0,0.0,7344.0,2010,9,0.0,0.24077328646748686
2010-10-01,9673,1.0,1.0,0.0,7344.0,2010,10,0.00010338054378166029,0.24077328646748686
2010-10-02,9673,0.0,0.0,0.0,7292.0,2010,10,0.0,0.24614907474413317
2010-10-03,9673,1.0,1.0,0.0,7254.0,2010,10,0.00010338054378166029,0.2500775354078363
2010-10-04,9673,2.0,2.0,0.0,7254.0,2010,10,0.00020676108756332058,0.2500775354078363
2010-10-05,9673,2.0,2.0,0.0,7254.0,2010,10,0.00020676108756332058,0.2500775354078363
2010-10-06,9673,4.0,4.0,0.0,7254.0,2010,10,0.00041352217512664115,0.2500775354078363
2010-10-07,9673,2.0,2.0,0.0,7306.0,2010,10,0.00020676108756332058,0.24470174713118986
2010-10-08,9673,1.0,1.0,0.0,7306.0,2010,10,0.00010338054378166029,0.24470174713118986
2010-10-09,9673,1.0,1.0,0.0,7344.0,2010,10,0.00010338054378166029,0.24077328646748686
2010-10-10,9673,0.0,0.0,0.0,7344.0,2010,10,0.0,0.24077328646748686
2010-10-11,9673,0.0,0.0,0.0,7344.0,2010,10,0.0,0.24077328646748686
2010-10-12,9673,0.0,0.0,0.0,7292.0,2010,10,0.0,0.24614907474413317
2010-10-13,9673,1.0,1.0,0.0,7344.0,2010,10,0.00010338054378166029,0.24077328646748686
2010-10-14,9673,2.0,2.0,0.0,7292.0,2010,10,0.00020676108756332058,0.24614907474413317
2010-10-15,9673,3.0,3.0,1.0,7292.0,2010,10,0.00031014163134498085,0.24614907474413317
2010-10-16,9673,3.0,3.0,0.0,7292.0,2010,10,0.00031014163134498085,0.24614907474413317
2010-10-17,9673,1.0,1.0,0.0,7292.0,2010,10,0.00010338054378166029,0.24614907474413317
2010-10-18,9673,0.0,0.0,0.0,7288.0,2010,10,0.0,0.24656259691925975
2010-10-19,9673,0.0,0.0,0.0,7288.0,2010,10,0.0,0.24656259691925975
2010-10-20,9673,0.0,0.0,0.0,5366.0,2010,10,0.0,0.44526000206761085
2010-10-21,9673,0.0,0.0,0.0,5006.0,2010,10,0.0,0.48247699782900855
2010-10-22,9673,1.0,1.0,0.0,3797.0,2010,10,0.00010338054378166029,0.6074640752610359
2010-10-23,9673,0.0,0.0,0.0,4150.0,2010,10,0.0,0.5709707433061098
2010-10-24,9673,0.0,0.0,0.0,5470.0,2010,10,0.0,0.43450842551431823
2010-10-25,9673,0.0,0.0,0.0,6068.0,2010,10,0.0,0.37268686033288534
2010-10-26,9673,0.0,0.0,0.0,6724.0,2010,10,0.0,0.3048692236121162
2010-10-27,9673,0.0,0.0,0.0,6724.0,2010,10,0.0,0.3048692236121162
2010-10-28,9673,0.0,0.0,0.0,6413.0,2010,10,0.0,0.3370205727282125
2010-10-29,9673,0.0,0.0,0.0,5570.0,2010,10,0.0,0.4241703711361522
2010-10-30,9673,0.0,0.0,0.0,4429.0,2010,10,0.0,0.5421275715910265
2010-10-31,9673,0.0,0.0,0.0,2299.0,2010,10,0.0,0.762328129845963
2011-05-01,9673,2.0,4.0,0.0,2501.0,2011,5,0.00020676108756332058,0.7414452600020676
2011-05-02,9673,1.0,1.0,0.0,2336.0,2011,5,0.00010338054378166029,0.7585030497260415
2011-05-03,9673,4.0,5.0,0.0,2486.0,2011,5,0.00041352217512664115,0.7429959681587925
2011-05-04,9673,6.0,8.0,0.0,2501.0,2011,5,0.0006202832626899617,0.7414452600020676
2011-05-05,9673,3.0,3.0,0.0,2610.0,2011,5,0.00031014163134498085,0.7301767807298667
2011-05-06,9673,2.0,3.0,0.0,3409.0,2011,5,0.00020676108756332058,0.64757572624832
2011-05-07,9673,4.0,4.0,0.0,3997.0,2011,5,0.00041352217512664115,0.5867879665047038
2011-05-08,9673,0.0,0.0,0.0,4180.0,2011,5,0.0,0.56786932699266
2011-05-09,9673,8.0,8.0,0.0,4180.0,2011,5,0.0008270443502532823,0.56786932699266
2011-05-10,9673,5.0,6.0,0.0,4349.0,2011,5,0.0005169027189083015,0.5503980150935595
2011-05-11,9673,10.0,13.0,0.0,4560.0,2011,5,0.001033805437816603,0.5285847203556291
2011-05-12,9673,2.0,2.0,0.0,4489.0,2011,5,0.00020676108756332058,0.535924738964127
2011-05-13,9673,1.0,1.0,0.0,5228.0,2011,5,0.00010338054378166029,0.45952651710948
2011-05-14,9673,5.0,7.0,0.0,4965.0,2011,5,0.0005169027189083015,0.4867156001240567
2011-05-15,9673,10.0,11.0,0.0,5470.0,2011,5,0.001033805437816603,0.43450842551431823
2011-05-16,9673,9.0,13.0,0.0,5470.0,2011,5,0.0009304248940349427,0.43450842551431823
2011-05-17,9673,9.0,9.0,0.0,5496.0,2011,5,0.0009304248940349427,0.4318205313759951
2011-05-18,9673,7.0,8.0,0.0,5496.0,2011,5,0.0007236638064716221,0.4318205313759951
2011-05-19,9673,5.0,5.0,1.0,7075.0,2011,5,0.0005169027189083015,0.26858265274475346
2011-05-20,9673,4.0,4.0,0.0,7125.0,2011,5,0.00041352217512664115,0.2634136255556704
2011-05-21,9673,1.0,1.0,0.0,7153.0,2011,5,0.00010338054378166029,0.2605189703297839
2011-05-22,9673,0.0,0.0,0.0,7153.0,2011,5,0.0,0.2605189703297839
2011-05-23,9673,1.0,1.0,0.0,7153.0,2011,5,0.00010338054378166029,0.2605189703297839
2011-05-24,9673,0.0,0.0,0.0,7127.0,2011,5,0.0,0.26320686446810715
2011-05-25,9673,1.0,1.0,0.0,6699.0,2011,5,0.00010338054378166029,0.3074537372066577
2011-05-26,9673,3.0,3.0,0.0,4943.0,2011,5,0.00031014163134498085,0.48898997208725314
2011-05-27,9673,6.0,8.0,0.0,6419.0,2011,5,0.0006202832626899617,0.3364002894655226
2011-05-28,9673,2.0,2.0,0.0,7153.0,2011,5,0.00020676108756332058,0.2605189703297839
2011-05-29,9673,3.0,3.0,0.0,7153.0,2011,5,0.00031014163134498085,0.2605189703297839
2011-05-30,9673,4.0,4.0,0.0,7153.0,2011,5,0.00041352217512664115,0.2605189703297839
2011-05-31,9673,7.0,7.0,0.0,7153.0,2011,5,0.0007236638064716221,0.2605189703297839
2011-06-01,9673,6.0,6.0,0.0,7153.0,2011,6,0.0006202832626899617,0.2605189703297839
2011-06-02,9673,3.0,3.0,0.0,7153.0,2011,6,0.00031014163134498085,0.2605189703297839
2011-06-03,9673,3.0,3.0,0.0,7153.0,2011,6,0.00031014163134498085,0.2605189703297839
2011-06-04,9673,5.0,5.0,0.0,7153.0,2011,6,0.0005169027189083015,0.2605189703297839
2011-06-05,9673,3.0,3.0,1.0,7153.0,2011,6,0.00031014163134498085,0.2605189703297839
2011-06-06,9673,3.0,3.0,1.0,7153.0,2011,6,0.00031014163134498085,0.2605189703297839
2011-06-07,9673,10.0,11.0,0.0,7153.0,2011,6,0.001033805437816603,0.2605189703297839
2011-06-08,9673,2.0,2.0,0.0,7153.0,2011,6,0.00020676108756332058,0.2605189703297839
2011-06-09,9673,1.0,1.0,0.0,7153.0,2011,6,0.00010338054378166029,0.2605189703297839
2011-06-10,9673,1.0,1.0,0.0,7153.0,2011,6,0.00010338054378166029,0.2605189703297839
2011-06-11,9673,5.0,5.0,0.0,7153.0,2011,6,0.0005169027189083015,0.2605189703297839
2011-06-12,9673,8.0,8.0,1.0,7153.0,2011,6,0.0008270443502532823,0.2605189703297839
2011-06-13,9673,5.0,5.0,1.0,7153.0,2011,6,0.0005169027189083015,0.2605189703297839
2011-06-14,9673,7.0,7.0,0.0,7153.0,2011,6,0.0007236638064716221,0.2605189703297839
2011-06-15,9673,1.0,1.0,1.0,7140.0,2011,6,0.00010338054378166029,0.2618629173989455
2011-06-16,9673,6.0,6.0,0.0,7170.0,2011,6,0.0006202832626899617,0.25876150108549567
2011-06-17,9673,8.0,8.0,0.0,7170.0,2011,6,0.0008270443502532823,0.25876150108549567
2011-06-18,9673,7.0,7.0,0.0,7170.0,2011,6,0.0007236638064716221,0.25876150108549567
2011-06-19,9673,4.0,4.0,0.0,7170.0,2011,6,0.00041352217512664115,0.25876150108549567
2011-06-20,9673,2.0,2.0,0.0,7170.0,2011,6,0.00020676108756332058,0.25876150108549567
2011-06-21,9673,4.0,4.0,0.0,7170.0,2011,6,0.00041352217512664115,0.25876150108549567
2011-06-22,9673,5.0,6.0,0.0,7170.0,2011,6,0.0005169027189083015,0.25876150108549567
2011-06-23,9673,3.0,3.0,0.0,7170.0,2011,6,0.00031014163134498085,0.25876150108549567
2011-06-24,9673,0.0,0.0,0.0,7170.0,2011,6,0.0,0.25876150108549567
2011-06-25,9673,4.0,6.0,0.0,7170.0,2011,6,0.00041352217512664115,0.25876150108549567
2011-06-26,9673,5.0,5.0,0.0,7170.0,2011,6,0.0005169027189083015,0.25876150108549567
2011-06-27,9673,3.0,3.0,0.0,7170.0,2011,6,0.00031014163134498085,0.25876150108549567
2011-06-28,9673,3.0,3.0,2.0,7170.0,2011,6,0.00031014163134498085,0.25876150108549567
2011-06-29,9673,1.0,1.0,1.0,7170.0,2011,6,0.00010338054378166029,0.25876150108549567
2011-06-30,9673,7.0,7.0,3.0,7170.0,2011,6,0.0007236638064716221,0.25876150108549567
2011-07-01,9673,13.0,13.0,4.0,7170.0,2011,7,0.0013439470691615839,0.25876150108549567
2011-07-02,9673,4.0,4.0,1.0,7170.0,2011,7,0.00041352217512664115,0.25876150108549567
2011-07-03,9673,14.0,14.0,3.0,7170.0,2011,7,0.0014473276129432441,0.25876150108549567
2011-07-04,9673,48.0,52.0,14.0,7170.0,2011,7,0.004962266101519694,0.25876150108549567
2011-07-05,9673,21.0,23.0,2.0,7170.0,2011,7,0.0021709914194148663,0.25876150108549567
2011-07-06,9673,11.0,11.0,1.0,7170.0,2011,7,0.0011371859815982632,0.25876150108549567
2011-07-07,9673,18.0,19.0,2.0,7170.0,2011,7,0.0018608497880698853,0.25876150108549567
2011-07-08,9673,7.0,7.0,2.0,7170.0,2011,7,0.0007236638064716221,0.25876150108549567
2011-07-09,9673,6.0,6.0,4.0,7170.0,2011,7,0.0006202832626899617,0.25876150108549567
2011-07-10,9673,14.0,14.0,4.0,7141.0,2011,7,0.0014473276129432441,0.26175953685516384
2011-07-11,9673,3.0,3.0,0.0,7170.0,2011,7,0.00031014163134498085,0.25876150108549567
2011-07-12,9673,7.0,7.0,0.0,7232.0,2011,7,0.0007236638064716221,0.25235190737103275
2011-07-13,9673,4.0,4.0,2.0,7232.0,2011,7,0.00041352217512664115,0.25235190737103275
2011-07-14,9673,7.0,8.0,2.0,7232.0,2011,7,0.0007236638064716221,0.25235190737103275
2011-07-15,9673,8.0,8.0,1.0,7232.0,2011,7,0.0008270443502532823,0.25235190737103275
2011-07-16,9673,19.0,22.0,0.0,7232.0,2011,7,0.0019642303318515453,0.25235190737103275
2011-07-17,9673,31.0,32.0,0.0,7232.0,2011,7,0.003204796857231469,0.25235190737103275
2011-07-18,9673,13.0,13.0,4.0,7232.0,2011,7,0.0013439470691615839,0.25235190737103275
2011-07-19,9673,7.0,7.0,0.0,7232.0,2011,7,0.0007236638064716221,0.25235190737103275
2011-07-20,9673,19.0,19.0,5.0,7232.0,2011,7,0.0019642303318515453,0.25235190737103275
2011-07-21,9673,19.0,20.0,0.0,7232.0,2011,7,0.0019642303318515453,0.25235190737103275
2011-07-22,9673,7.0,7.0,2.0,7232.0,2011,7,0.0007236638064716221,0.25235190737103275
2011-07-23,9673,5.0,5.0,0.0,7232.0,2011,7,0.0005169027189083015,0.25235190737103275
2011-07-24,9673,0.0,0.0,0.0,7232.0,2011,7,0.0,0.25235190737103275
2011-07-25,9673,14.0,14.0,0.0,7232.0,2011,7,0.0014473276129432441,0.25235190737103275
2011-07-26,9673,9.0,9.0,0.0,7232.0,2011,7,0.0009304248940349427,0.25235190737103275
2011-07-27,9673,2.0,2.0,0.0,7232.0,2011,7,0.00020676108756332058,0.25235190737103275
2011-07-28,9673,12.0,12.0,0.0,7232.0,2011,7,0.0012405665253799234,0.25235190737103275
2011-07-29,9673,15.0,15.0,1.0,7232.0,2011,7,0.0015507081567249044,0.25235190737103275
2011-07-30,9673,14.0,14.0,1.0,7232.0,2011,7,0.0014473276129432441,0.25235190737103275
2011-07-31,9673,13.0,13.0,0.0,7232.0,2011,7,0.0013439470691615839,0.25235190737103275
2011-08-01,9673,14.0,14.0,0.0,7232.0,2011,8,0.0014473276129432441,0.25235190737103275
2011-08-02,9673,14.0,16.0,0.0,7232.0,2011,8,0.0014473276129432441,0.25235190737103275
2011-08-03,9673,20.0,23.0,0.0,7232.0,2011,8,0.002067610875633206,0.25235190737103275
2011-08-04,9673,28.0,28.0,0.0,7232.0,2011,8,0.0028946552258864882,0.25235190737103275
2011-08-05,9673,19.0,19.0,0.0,7232.0,2011,8,0.0019642303318515453,0.25235190737103275
2011-08-06,9673,9.0,9.0,0.0,7232.0,2011,8,0.0009304248940349427,0.25235190737103275
2011-08-07,9673,16.0,18.0,0.0,7232.0,2011,8,0.0016540887005065646,0.25235190737103275
2011-08-08,9673,10.0,10.0,1.0,7232.0,2011,8,0.001033805437816603,0.25235190737103275
2011-08-09,9673,6.0,6.0,0.0,7232.0,2011,8,0.0006202832626899617,0.25235190737103275
2011-08-10,9673,4.0,5.0,0.0,7232.0,2011,8,0.00041352217512664115,0.25235190737103275
2011-08-11,9673,38.0,42.0,0.0,7232.0,2011,8,0.003928460663703091,0.25235190737103275
2011-08-12,9673,17.0,17.0,1.0,7232.0,2011,8,0.0017574692442882249,0.25235190737103275
2011-08-13,9673,11.0,11.0,0.0,7232.0,2011,8,0.0011371859815982632,0.25235190737103275
2011-08-14,9673,9.0,9.0,0.0,7232.0,2011,8,0.0009304248940349427,0.25235190737103275
2011-08-15,9673,10.0,10.0,0.0,7232.0,2011,8,0.001033805437816603,0.25235190737103275
2011-08-16,9673,18.0,18.0,0.0,7232.0,2011,8,0.0018608497880698853,0.25235190737103275
2011-08-17,9673,11.0,12.0,0.0,7232.0,2011,8,0.0011371859815982632,0.25235190737103275
2011-08-18,9673,9.0,9.0,0.0,7232.0,2011,8,0.0009304248940349427,0.25235190737103275
2011-08-19,9673,15.0,15.0,0.0,7232.0,2011,8,0.0015507081567249044,0.25235190737103275
2011-08-20,9673,16.0,16.0,0.0,7232.0,2011,8,0.0016540887005065646,0.25235190737103275
2011-08-21,9673,11.0,11.0,0.0,7232.0,2011,8,0.0011371859815982632,0.25235190737103275
2011-08-22,9673,11.0,11.0,0.0,7232.0,2011,8,0.0011371859815982632,0.25235190737103275
2011-08-23,9673,7.0,7.0,0.0,7232.0,2011,8,0.0007236638064716221,0.25235190737103275
2011-08-24,9673,8.0,8.0,0.0,7232.0,2011,8,0.0008270443502532823,0.25235190737103275
2011-08-25,9673,10.0,11.0,0.0,7232.0,2011,8,0.001033805437816603,0.25235190737103275
2011-08-26,9673,20.0,21.0,0.0,7232.0,2011,8,0.002067610875633206,0.25235190737103275
2011-08-27,9673,5.0,5.0,0.0,7232.0,2011,8,0.0005169027189083015,0.25235190737103275
2011-08-28,9673,9.0,9.0,0.0,7232.0,2011,8,0.0009304248940349427,0.25235190737103275
2011-08-29,9673,5.0,5.0,0.0,7232.0,2011,8,0.0005169027189083015,0.25235190737103275
2011-08-30,9673,2.0,2.0,0.0,7232.0,2011,8,0.00020676108756332058,0.25235190737103275
2011-08-31,9673,2.0,2.0,0.0,7232.0,2011,8,0.00020676108756332058,0.25235190737103275
2011-09-01,9673,10.0,10.0,0.0,7232.0,2011,9,0.001033805437816603,0.25235190737103275
2011-09-02,9673,18.0,19.0,0.0,7232.0,2011,9,0.0018608497880698853,0.25235190737103275
2011-09-03,9673,4.0,4.0,0.0,7232.0,2011,9,0.00041352217512664115,0.25235190737103275
2011-09-04,9673,8.0,8.0,0.0,7232.0,2011,9,0.0008270443502532823,0.25235190737103275
2011-09-05,9673,10.0,10.0,1.0,7232.0,2011,9,0.001033805437816603,0.25235190737103275
2011-09-06,9673,9.0,9.0,0.0,7232.0,2011,9,0.0009304248940349427,0.25235190737103275
2011-09-07,9673,3.0,3.0,0.0,7232.0,2011,9,0.00031014163134498085,0.25235190737103275
2011-09-08,9673,11.0,11.0,0.0,7232.0,2011,9,0.0011371859815982632,0.25235190737103275
2011-09-09,9673,14.0,14.0,0.0,7232.0,2011,9,0.0014473276129432441,0.25235190737103275
2011-09-10,9673,13.0,13.0,0.0,7232.0,2011,9,0.0013439470691615839,0.25235190737103275
2011-09-11,9673,8.0,8.0,0.0,7232.0,2011,9,0.0008270443502532823,0.25235190737103275
2011-09-12,9673,15.0,15.0,0.0,7232.0,2011,9,0.0015507081567249044,0.25235190737103275
2011-09-13,9673,12.0,12.0,0.0,7232.0,2011,9,0.0012405665253799234,0.25235190737103275
2011-09-14,9673,3.0,3.0,0.0,7232.0,2011,9,0.00031014163134498085,0.25235190737103275
2011-09-15,9673,5.0,5.0,0.0,7232.0,2011,9,0.0005169027189083015,0.25235190737103275
2011-09-16,9673,8.0,8.0,0.0,7232.0,2011,9,0.0008270443502532823,0.25235190737103275
2011-09-17,9673,3.0,3.0,0.0,7232.0,2011,9,0.00031014163134498085,0.25235190737103275
2011-09-18,9673,1.0,1.0,0.0,7232.0,2011,9,0.00010338054378166029,0.25235190737103275
2011-09-19,9673,0.0,0.0,0.0,7232.0,2011,9,0.0,0.25235190737103275
2011-09-20,9673,0.0,0.0,0.0,7232.0,2011,9,0.0,0.25235190737103275
2011-09-21,9673,1.0,1.0,0.0,7232.0,2011,9,0.00010338054378166029,0.25235190737103275
2011-09-22,9673,1.0,1.0,0.0,7232.0,2011,9,0.00010338054378166029,0.25235190737103275
2011-09-23,9673,1.0,1.0,0.0,7232.0,2011,9,0.00010338054378166029,0.25235190737103275
2011-09-24,9673,0.0,0.0,0.0,7232.0,2011,9,0.0,0.25235190737103275
2011-09-25,9673,2.0,2.0,0.0,7232.0,2011,9,0.00020676108756332058,0.25235190737103275
2011-09-26,9673,0.0,0.0,0.0,7232.0,2011,9,0.0,0.25235190737103275
2011-09-27,9673,2.0,2.0,0.0,7232.0,2011,9,0.00020676108756332058,0.25235190737103275
2011-09-28,9673,3.0,3.0,0.0,7232.0,2011,9,0.00031014163134498085,0.25235190737103275
2011-09-29,9673,3.0,3.0,0.0,7232.0,2011,9,0.00031014163134498085,0.25235190737103275
2011-09-30,9673,1.0,1.0,0.0,7232.0,2011,9,0.00010338054378166029,0.25235190737103275
2011-10-01,9673,4.0,4.0,0.0,7232.0,2011,10,0.00041352217512664115,0.25235190737103275
2011-10-02,9673,5.0,5.0,0.0,2211.0,2011,10,0.0005169027189083015,0.7714256176987491
2011-10-03,9673,1.0,1.0,0.0,5880.0,2011,10,0.00010338054378166029,0.39212240256383746
2011-10-04,9673,3.0,3.0,0.0,7194.0,2011,10,0.00031014163134498085,0.25628036803473586
2011-10-05,9673,3.0,3.0,0.0,7232.0,2011,10,0.00031014163134498085,0.25235190737103275
2011-10-06,9673,6.0,6.0,0.0,7232.0,2011,10,0.0006202832626899617,0.25235190737103275
2011-10-07,9673,7.0,7.0,0.0,7232.0,2011,10,0.0007236638064716221,0.25235190737103275
2011-10-08,9673,14.0,14.0,0.0,7232.0,2011,10,0.0014473276129432441,0.25235190737103275
2011-10-09,9673,5.0,5.0,0.0,7232.0,2011,10,0.0005169027189083015,0.25235190737103275
2011-10-10,9673,3.0,3.0,0.0,7232.0,2011,10,0.00031014163134498085,0.25235190737103275
2011-10-11,9673,2.0,2.0,0.0,7194.0,2011,10,0.00020676108756332058,0.25628036803473586
2011-10-12,9673,1.0,1.0,0.0,7232.0,2011,10,0.00010338054378166029,0.25235190737103275
2011-10-13,9673,0.0,0.0,0.0,7232.0,2011,10,0.0,0.25235190737103275
2011-10-14,9673,0.0,0.0,0.0,7232.0,2011,10,0.0,0.25235190737103275
2011-10-15,9673,1.0,1.0,0.0,7232.0,2011,10,0.00010338054378166029,0.25235190737103275
2011-10-16,9673,1.0,1.0,0.0,7232.0,2011,10,0.00010338054378166029,0.25235190737103275
2011-10-17,9673,0.0,0.0,0.0,6453.0,2011,10,0.0,0.33288535097694616
2011-10-18,9673,0.0,0.0,0.0,5116.0,2011,10,0.0,0.471105138013026
2011-10-19,9673,0.0,0.0,0.0,4767.0,2011,10,0.0,0.5071849477928254
2011-10-20,9673,2.0,2.0,0.0,4355.0,2011,10,0.00020676108756332058,0.5497777318308694
2011-10-21,9673,0.0,0.0,0.0,3620.0,2011,10,0.0,0.6257624315103898
2011-10-22,9673,0.0,0.0,0.0,5409.0,2011,10,0.0,0.4408146386849995
2011-10-23,9673,0.0,0.0,0.0,6729.0,2011,10,0.0,0.30435232089320785
2011-10-24,9673,0.0,0.0,0.0,7124.0,2011,10,0.0,0.26351700609945206
2011-10-25,9673,0.0,0.0,0.0,6593.0,2011,10,0.0,0.31841207484751366
2011-10-26,9673,0.0,0.0,0.0,5603.0,2011,10,0.0,0.42075881319135744
2011-10-27,9673,0.0,0.0,0.0,4115.0,2011,10,0.0,0.574589062338468
2011-10-28,9673,0.0,0.0,0.0,3436.0,2011,10,0.0,0.6447844515662152
2011-10-29,9673,0.0,0.0,0.0,3035.0,2011,10,0.0,0.686240049622661
2011-10-30,9673,0.0,0.0,0.0,2551.0,2011,10,0.0,0.7362762328129846
2011-10-31,9673,0.0,0.0,0.0,3464.0,2011,10,0.0,0.6418897963403287
2012-05-01,9673,0.0,0.0,0.0,3737.0,2012,5,0.0,0.6136669078879355
2012-05-02,9673,2.0,2.0,0.0,6142.0,2012,5,0.00020676108756332058,0.36503670009304245
2012-05-03,9673,1.0,1.0,0.0,6142.0,2012,5,0.00010338054378166029,0.36503670009304245
2012-05-04,9673,0.0,0.0,0.0,5021.0,2012,5,0.0,0.4809262896722837
2012-05-05,9673,5.0,5.0,0.0,4914.0,2012,5,0.0005169027189083015,0.4919880078569213
2012-05-06,9673,5.0,5.0,0.0,5045.0,2012,5,0.0005169027189083015,0.47844515662152387
2012-05-07,9673,2.0,2.0,0.0,6238.0,2012,5,0.00020676108756332058,0.3551121678900031
2012-05-08,9673,1.0,1.0,1.0,6280.0,2012,5,0.00010338054378166029,0.3507701850511734
2012-05-09,9673,2.0,2.0,0.0,6284.0,2012,5,0.00020676108756332058,0.3503566628760467
2012-05-10,9673,5.0,5.0,0.0,6284.0,2012,5,0.0005169027189083015,0.3503566628760467
2012-05-11,9673,8.0,8.0,0.0,6284.0,2012,5,0.0008270443502532823,0.3503566628760467
2012-05-12,9673,10.0,10.0,0.0,6284.0,2012,5,0.001033805437816603,0.3503566628760467
2012-05-13,9673,17.0,18.0,0.0,6217.0,2012,5,0.0017574692442882249,0.357283159309418
2012-05-14,9673,18.0,19.0,1.0,6471.0,2012,5,0.0018608497880698853,0.3310245011888763
2012-05-15,9673,18.0,18.0,1.0,6551.0,2012,5,0.0018608497880698853,0.32275405768634347
2012-05-16,9673,5.0,6.0,0.0,6551.0,2012,5,0.0005169027189083015,0.32275405768634347
2012-05-17,9673,7.0,7.0,0.0,6551.0,2012,5,0.0007236638064716221,0.32275405768634347
2012-05-18,9673,14.0,14.0,0.0,6551.0,2012,5,0.0014473276129432441,0.32275405768634347
2012-05-19,9673,21.0,21.0,0.0,5816.0,2012,5,0.0021709914194148663,0.3987387573658637
2012-05-20,9673,17.0,17.0,2.0,5816.0,2012,5,0.0017574692442882249,0.3987387573658637
2012-05-21,9673,26.0,27.0,2.0,6423.0,2012,5,0.0026878941383231677,0.3359867672903959
2012-05-22,9673,9.0,9.0,0.0,6423.0,2012,5,0.0009304248940349427,0.3359867672903959
2012-05-23,9673,1.0,1.0,0.0,6423.0,2012,5,0.00010338054378166029,0.3359867672903959
2012-05-24,9673,11.0,11.0,0.0,6551.0,2012,5,0.0011371859815982632,0.32275405768634347
2012-05-25,9673,14.0,14.0,0.0,5817.0,2012,5,0.0014473276129432441,0.39863537682208205
2012-05-26,9673,3.0,3.0,0.0,5792.0,2012,5,0.00031014163134498085,0.40121989041662354
2012-05-27,9673,3.0,3.0,0.0,5409.0,2012,5,0.00031014163134498085,0.4408146386849995
2012-05-28,9673,24.0,26.0,0.0,6425.0,2012,5,0.002481133050759847,0.33578000620283266
2012-05-29,9673,10.0,11.0,0.0,6425.0,2012,5,0.001033805437816603,0.33578000620283266
2012-05-30,9673,5.0,5.0,0.0,6170.0,2012,5,0.0005169027189083015,0.36214204486715595
2012-05-31,9673,2.0,2.0,0.0,6025.0,2012,5,0.00020676108756332058,0.3771322237154967
2012-06-01,9673,1.0,1.0,0.0,6553.0,2012,6,0.00010338054378166029,0.3225472965987801
2012-06-02,9673,0.0,0.0,0.0,6553.0,2012,6,0.0,0.3225472965987801
2012-06-03,9673,3.0,3.0,0.0,6553.0,2012,6,0.00031014163134498085,0.3225472965987801
2012-06-04,9673,5.0,5.0,0.0,6553.0,2012,6,0.0005169027189083015,0.3225472965987801
2012-06-05,9673,8.0,10.0,0.0,6553.0,2012,6,0.0008270443502532823,0.3225472965987801
2012-06-06,9673,11.0,11.0,1.0,6553.0,2012,6,0.0011371859815982632,0.3225472965987801
2012-06-07,9673,7.0,7.0,0.0,6570.0,2012,6,0.0007236638064716221,0.3207898273544919
2012-06-08,9673,6.0,6.0,0.0,6570.0,2012,6,0.0006202832626899617,0.3207898273544919
2012-06-09,9673,3.0,3.0,1.0,6570.0,2012,6,0.00031014163134498085,0.3207898273544919
2012-06-10,9673,7.0,7.0,0.0,6570.0,2012,6,0.0007236638064716221,0.3207898273544919
2012-06-11,9673,7.0,8.0,1.0,6570.0,2012,6,0.0007236638064716221,0.3207898273544919
2012-06-12,9673,2.0,2.0,0.0,6570.0,2012,6,0.00020676108756332058,0.3207898273544919
2012-06-13,9673,0.0,0.0,0.0,6570.0,2012,6,0.0,0.3207898273544919
2012-06-14,9673,2.0,2.0,0.0,6570.0,2012,6,0.00020676108756332058,0.3207898273544919
2012-06-15,9673,1.0,1.0,0.0,6570.0,2012,6,0.00010338054378166029,0.3207898273544919
2012-06-16,9673,1.0,1.0,0.0,6570.0,2012,6,0.00010338054378166029,0.3207898273544919
2012-06-17,9673,0.0,0.0,0.0,6570.0,2012,6,0.0,0.3207898273544919
2012-06-18,9673,0.0,0.0,0.0,6570.0,2012,6,0.0,0.3207898273544919
2012-06-19,9673,1.0,1.0,0.0,6570.0,2012,6,0.00010338054378166029,0.3207898273544919
2012-06-20,9673,1.0,1.0,0.0,6570.0,2012,6,0.00010338054378166029,0.3207898273544919
2012-06-21,9673,5.0,5.0,0.0,6570.0,2012,6,0.0005169027189083015,0.3207898273544919
2012-06-22,9673,1.0,1.0,0.0,6570.0,2012,6,0.00010338054378166029,0.3207898273544919
2012-06-23,9673,7.0,7.0,0.0,6570.0,2012,6,0.0007236638064716221,0.3207898273544919
2012-06-24,9673,6.0,6.0,0.0,6570.0,2012,6,0.0006202832626899617,0.3207898273544919
2012-06-25,9673,3.0,3.0,0.0,6570.0,2012,6,0.00031014163134498085,0.3207898273544919
2012-06-26,9673,6.0,6.0,0.0,6570.0,2012,6,0.0006202832626899617,0.3207898273544919
2012-06-27,9673,3.0,3.0,0.0,6570.0,2012,6,0.00031014163134498085,0.3207898273544919
2012-06-28,9673,7.0,8.0,0.0,6570.0,2012,6,0.0007236638064716221,0.3207898273544919
2012-06-29,9673,8.0,8.0,1.0,6570.0,2012,6,0.0008270443502532823,0.3207898273544919
2012-06-30,9673,9.0,9.0,0.0,6570.0,2012,6,0.0009304248940349427,0.3207898273544919
2012-07-01,9673,14.0,15.0,0.0,6570.0,2012,7,0.0014473276129432441,0.3207898273544919
2012-07-02,9673,27.0,28.0,2.0,6570.0,2012,7,0.0027912746821048278,0.3207898273544919
2012-07-03,9673,10.0,10.0,0.0,6570.0,2012,7,0.001033805437816603,0.3207898273544919
2012-07-04,9673,9.0,9.0,0.0,6570.0,2012,7,0.0009304248940349427,0.3207898273544919
2012-07-05,9673,7.0,7.0,0.0,6570.0,2012,7,0.0007236638064716221,0.3207898273544919
2012-07-06,9673,8.0,8.0,1.0,6570.0,2012,7,0.0008270443502532823,0.3207898273544919
2012-07-07,9673,13.0,13.0,3.0,6570.0,2012,7,0.0013439470691615839,0.3207898273544919
2012-07-08,9673,9.0,10.0,1.0,6570.0,2012,7,0.0009304248940349427,0.3207898273544919
2012-07-09,9673,11.0,11.0,1.0,6570.0,2012,7,0.0011371859815982632,0.3207898273544919
2012-07-10,9673,11.0,11.0,0.0,6570.0,2012,7,0.0011371859815982632,0.3207898273544919
2012-07-11,9673,33.0,36.0,2.0,6570.0,2012,7,0.0034115579447947897,0.3207898273544919
2012-07-12,9673,30.0,32.0,0.0,6570.0,2012,7,0.0031014163134498087,0.3207898273544919
2012-07-13,9673,38.0,39.0,3.0,6570.0,2012,7,0.003928460663703091,0.3207898273544919
2012-07-14,9673,82.0,92.0,7.0,6570.0,2012,7,0.008477204590096144,0.3207898273544919
2012-07-15,9673,50.0,57.0,3.0,6570.0,2012,7,0.0051690271890830145,0.3207898273544919
2012-07-16,9673,22.0,22.0,1.0,6570.0,2012,7,0.0022743719631965263,0.3207898273544919
2012-07-17,9673,13.0,14.0,0.0,6570.0,2012,7,0.0013439470691615839,0.3207898273544919
2012-07-18,9673,30.0,30.0,1.0,6570.0,2012,7,0.0031014163134498087,0.3207898273544919
2012-07-19,9673,16.0,16.0,4.0,6570.0,2012,7,0.0016540887005065646,0.3207898273544919
2012-07-20,9673,24.0,25.0,0.0,6570.0,2012,7,0.002481133050759847,0.3207898273544919
2012-07-21,9673,28.0,30.0,0.0,6570.0,2012,7,0.0028946552258864882,0.3207898273544919
2012-07-22,9673,24.0,25.0,2.0,6570.0,2012,7,0.002481133050759847,0.3207898273544919
2012-07-23,9673,58.0,62.0,0.0,6399.0,2012,7,0.0059960715393362965,0.3384679003411558
2012-07-24,9673,18.0,18.0,2.0,6570.0,2012,7,0.0018608497880698853,0.3207898273544919
2012-07-25,9673,13.0,13.0,0.0,6570.0,2012,7,0.0013439470691615839,0.3207898273544919
2012-07-26,9673,8.0,8.0,0.0,6570.0,2012,7,0.0008270443502532823,0.3207898273544919
2012-07-27,9673,13.0,13.0,1.0,6570.0,2012,7,0.0013439470691615839,0.3207898273544919
2012-07-28,9673,10.0,10.0,0.0,6570.0,2012,7,0.001033805437816603,0.3207898273544919
2012-07-29,9673,18.0,18.0,1.0,6570.0,2012,7,0.0018608497880698853,0.3207898273544919
2012-07-30,9673,15.0,15.0,1.0,6570.0,2012,7,0.0015507081567249044,0.3207898273544919
2012-07-31,9673,10.0,11.0,0.0,6570.0,2012,7,0.001033805437816603,0.3207898273544919
2012-08-01,9673,11.0,11.0,0.0,6570.0,2012,8,0.0011371859815982632,0.3207898273544919
2012-08-02,9673,13.0,14.0,0.0,6570.0,2012,8,0.0013439470691615839,0.3207898273544919
2012-08-03,9673,5.0,5.0,0.0,6570.0,2012,8,0.0005169027189083015,0.3207898273544919
2012-08-04,9673,10.0,10.0,0.0,6570.0,2012,8,0.001033805437816603,0.3207898273544919
2012-08-05,9673,5.0,5.0,0.0,6570.0,2012,8,0.0005169027189083015,0.3207898273544919
2012-08-06,9673,6.0,10.0,0.0,6570.0,2012,8,0.0006202832626899617,0.3207898273544919
2012-08-07,9673,4.0,4.0,0.0,6570.0,2012,8,0.00041352217512664115,0.3207898273544919
2012-08-08,9673,2.0,3.0,0.0,6570.0,2012,8,0.00020676108756332058,0.3207898273544919
2012-08-09,9673,6.0,6.0,0.0,6570.0,2012,8,0.0006202832626899617,0.3207898273544919
2012-08-10,9673,4.0,4.0,0.0,6570.0,2012,8,0.00041352217512664115,0.3207898273544919
2012-08-11,9673,1.0,1.0,0.0,6570.0,2012,8,0.00010338054378166029,0.3207898273544919
2012-08-12,9673,6.0,6.0,0.0,6570.0,2012,8,0.0006202832626899617,0.3207898273544919
2012-08-13,9673,2.0,2.0,0.0,6570.0,2012,8,0.00020676108756332058,0.3207898273544919
2012-08-14,9673,2.0,2.0,0.0,6570.0,2012,8,0.00020676108756332058,0.3207898273544919
2012-08-15,9673,6.0,6.0,0.0,6570.0,2012,8,0.0006202832626899617,0.3207898273544919
2012-08-16,9673,2.0,2.0,0.0,6570.0,2012,8,0.00020676108756332058,0.3207898273544919
2012-08-17,9673,3.0,3.0,0.0,6570.0,2012,8,0.00031014163134498085,0.3207898273544919
2012-08-18,9673,2.0,2.0,0.0,6570.0,2012,8,0.00020676108756332058,0.3207898273544919
2012-08-19,9673,2.0,2.0,0.0,6570.0,2012,8,0.00020676108756332058,0.3207898273544919
2012-08-20,9673,3.0,3.0,0.0,6570.0,2012,8,0.00031014163134498085,0.3207898273544919
2012-08-21,9673,0.0,0.0,0.0,6570.0,2012,8,0.0,0.3207898273544919
2012-08-22,9673,4.0,4.0,0.0,6570.0,2012,8,0.00041352217512664115,0.3207898273544919
2012-08-23,9673,8.0,8.0,0.0,6570.0,2012,8,0.0008270443502532823,0.3207898273544919
2012-08-24,9673,14.0,14.0,0.0,6570.0,2012,8,0.0014473276129432441,0.3207898273544919
2012-08-25,9673,15.0,15.0,0.0,6570.0,2012,8,0.0015507081567249044,0.3207898273544919
2012-08-26,9673,6.0,6.0,0.0,6570.0,2012,8,0.0006202832626899617,0.3207898273544919
2012-08-27,9673,5.0,5.0,0.0,6570.0,2012,8,0.0005169027189083015,0.3207898273544919
2012-08-28,9673,9.0,10.0,0.0,6570.0,2012,8,0.0009304248940349427,0.3207898273544919
2012-08-29,9673,7.0,7.0,0.0,6570.0,2012,8,0.0007236638064716221,0.3207898273544919
2012-08-30,9673,7.0,7.0,0.0,6570.0,2012,8,0.0007236638064716221,0.3207898273544919
2012-08-31,9673,3.0,3.0,0.0,6570.0,2012,8,0.00031014163134498085,0.3207898273544919
2012-09-01,9673,16.0,16.0,1.0,6570.0,2012,9,0.0016540887005065646,0.3207898273544919
2012-09-02,9673,6.0,6.0,0.0,6570.0,2012,9,0.0006202832626899617,0.3207898273544919
2012-09-03,9673,27.0,29.0,0.0,6570.0,2012,9,0.0027912746821048278,0.3207898273544919
2012-09-04,9673,14.0,14.0,1.0,6570.0,2012,9,0.0014473276129432441,0.3207898273544919
2012-09-05,9673,25.0,25.0,0.0,6570.0,2012,9,0.0025845135945415073,0.3207898273544919
2012-09-06,9673,7.0,7.0,0.0,6570.0,2012,9,0.0007236638064716221,0.3207898273544919
2012-09-07,9673,4.0,4.0,0.0,6570.0,2012,9,0.00041352217512664115,0.3207898273544919
2012-09-08,9673,3.0,3.0,0.0,6570.0,2012,9,0.00031014163134498085,0.3207898273544919
2012-09-09,9673,7.0,7.0,0.0,6570.0,2012,9,0.0007236638064716221,0.3207898273544919
2012-09-10,9673,4.0,5.0,0.0,6570.0,2012,9,0.00041352217512664115,0.3207898273544919
2012-09-11,9673,2.0,2.0,0.0,6570.0,2012,9,0.00020676108756332058,0.3207898273544919
2012-09-12,9673,12.0,12.0,0.0,6570.0,2012,9,0.0012405665253799234,0.3207898273544919
2012-09-13,9673,5.0,5.0,0.0,6570.0,2012,9,0.0005169027189083015,0.3207898273544919
2012-09-14,9673,3.0,3.0,0.0,6570.0,2012,9,0.00031014163134498085,0.3207898273544919
2012-09-15,9673,5.0,5.0,0.0,6570.0,2012,9,0.0005169027189083015,0.3207898273544919
2012-09-16,9673,2.0,2.0,0.0,6570.0,2012,9,0.00020676108756332058,0.3207898273544919
2012-09-17,9673,4.0,4.0,1.0,6570.0,2012,9,0.00041352217512664115,0.3207898273544919
2012-09-18,9673,2.0,2.0,0.0,6570.0,2012,9,0.00020676108756332058,0.3207898273544919
2012-09-19,9673,0.0,0.0,0.0,6570.0,2012,9,0.0,0.3207898273544919
2012-09-20,9673,0.0,0.0,0.0,6570.0,2012,9,0.0,0.3207898273544919
2012-09-21,9673,0.0,0.0,0.0,6570.0,2012,9,0.0,0.3207898273544919
2012-09-22,9673,1.0,1.0,0.0,6570.0,2012,9,0.00010338054378166029,0.3207898273544919
2012-09-23,9673,0.0,0.0,0.0,6570.0,2012,9,0.0,0.3207898273544919
2012-09-24,9673,1.0,1.0,0.0,6570.0,2012,9,0.00010338054378166029,0.3207898273544919
2012-09-25,9673,0.0,0.0,0.0,6570.0,2012,9,0.0,0.3207898273544919
2012-09-26,9673,4.0,4.0,0.0,6570.0,2012,9,0.00041352217512664115,0.3207898273544919
2012-09-27,9673,1.0,1.0,0.0,6570.0,2012,9,0.00010338054378166029,0.3207898273544919
2012-09-28,9673,3.0,3.0,0.0,6570.0,2012,9,0.00031014163134498085,0.3207898273544919
2012-09-29,9673,5.0,5.0,0.0,6570.0,2012,9,0.0005169027189083015,0.3207898273544919
2012-09-30,9673,1.0,1.0,0.0,6570.0,2012,9,0.00010338054378166029,0.3207898273544919
2012-10-01,9673,2.0,2.0,0.0,6570.0,2012,10,0.00020676108756332058,0.3207898273544919
2012-10-02,9673,3.0,5.0,0.0,6570.0,2012,10,0.00031014163134498085,0.3207898273544919
2012-10-03,9673,2.0,2.0,0.0,6170.0,2012,10,0.00020676108756332058,0.36214204486715595
2012-10-04,9673,0.0,0.0,0.0,6532.0,2012,10,0.0,0.324718288018195
2012-10-05,9673,1.0,1.0,0.0,6439.0,2012,10,0.00010338054378166029,0.33433267858988935
2012-10-06,9673,0.0,0.0,0.0,6009.0,2012,10,0.0,0.37878631241600336
2012-10-07,9673,0.0,0.0,0.0,3334.0,2012,10,0.0,0.6553292670319446
2012-10-08,9673,1.0,1.0,0.0,4440.0,2012,10,0.00010338054378166029,0.5409903856094282
2012-10-09,9673,0.0,0.0,0.0,4975.0,2012,10,0.0,0.48568179468624006
2012-10-10,9673,1.0,1.0,0.0,4400.0,2012,10,0.00010338054378166029,0.5451256073606947
2012-10-11,9673,0.0,0.0,0.0,3677.0,2012,10,0.0,0.6198697405148351
2012-10-12,9673,0.0,0.0,0.0,3066.0,2012,10,0.0,0.6830352527654295
2012-10-13,9673,0.0,0.0,0.0,2377.0,2012,10,0.0,0.7542644474309935
2012-10-14,9673,0.0,0.0,0.0,3661.0,2012,10,0.0,0.6215238292153417
2012-10-15,9673,0.0,0.0,0.0,4085.0,2012,10,0.0,0.5776904786519177
2012-10-16,9673,0.0,0.0,0.0,4476.0,2012,10,0.0,0.5372686860332885
2012-10-17,9673,0.0,0.0,0.0,4599.0,2012,10,0.0,0.5245528791481443
2012-10-18,9673,0.0,0.0,0.0,4847.0,2012,10,0.0,0.4989145042902926
2012-10-19,9673,0.0,0.0,0.0,4847.0,2012,10,0.0,0.4989145042902926
2012-10-20,9673,0.0,0.0,0.0,4885.0,2012,10,0.0,0.4949860436265895
2012-10-21,9673,0.0,0.0,0.0,4282.0,2012,10,0.0,0.5573245115269306
2012-10-22,9673,1.0,1.0,0.0,4320.0,2012,10,0.00010338054378166029,0.5533960508632275
2012-10-23,9673,0.0,0.0,0.0,4885.0,2012,10,0.0,0.4949860436265895
2012-10-24,9673,0.0,0.0,0.0,4885.0,2012,10,0.0,0.4949860436265895
2012-10-25,9673,0.0,0.0,0.0,4859.0,2012,10,0.0,0.49767393776491264
2012-10-26,9673,0.0,0.0,0.0,4136.0,2012,10,0.0,0.5724180709190531
2012-10-27,9673,0.0,0.0,0.0,3919.0,2012,10,0.0,0.5948516489196733
2012-10-28,9673,0.0,0.0,0.0,3692.0,2012,10,0.0,0.6183190323581103
2012-10-29,9673,0.0,0.0,0.0,2734.0,2012,10,0.0,0.7173575933009408
2012-10-30,9673,0.0,0.0,0.0,2322.0,2012,10,0.0,0.7599503773389849
2012-10-31,9673,0.0,0.0,0.0,1721.0,2012,10,0.0,0.8220820841517626
2013-05-01,9673,3.0,3.0,0.0,1488.0,2013,5,0.00031014163134498085,0.8461697508528895
2013-05-02,9673,0.0,0.0,0.0,1783.0,2013,5,0.0,0.8156724904372997
2013-05-03,9673,3.0,3.0,0.0,1808.0,2013,5,0.00031014163134498085,0.8130879768427581
2013-05-04,9673,4.0,6.0,0.0,1523.0,2013,5,0.00041352217512664115,0.8425514318205314
2013-05-05,9673,9.0,11.0,0.0,1598.0,2013,5,0.0009304248940349427,0.8347978910369068
2013-05-06,9673,7.0,7.0,0.0,1764.0,2013,5,0.0007236638064716221,0.8176367207691513
2013-05-07,9673,9.0,9.0,0.0,2425.0,2013,5,0.0009304248940349427,0.7493021813294738
2013-05-08,9673,2.0,2.0,0.0,3267.0,2013,5,0.00020676108756332058,0.6622557634653159
2013-05-09,9673,3.0,11.0,0.0,3615.0,2013,5,0.00031014163134498085,0.626279334229298
2013-05-10,9673,2.0,2.0,0.0,3564.0,2013,5,0.00020676108756332058,0.6315517419621628
2013-05-11,9673,3.0,4.0,0.0,3231.0,2013,5,0.00031014163134498085,0.6659774630414557
2013-05-12,9673,4.0,5.0,0.0,3231.0,2013,5,0.00041352217512664115,0.6659774630414557
2013-05-13,9673,4.0,4.0,0.0,2798.0,2013,5,0.00041352217512664115,0.7107412384989145
2013-05-14,9673,0.0,0.0,0.0,3542.0,2013,5,0.0,0.6338261139253593
2013-05-15,9673,10.0,10.0,0.0,3363.0,2013,5,0.001033805437816603,0.6523312312622764
2013-05-16,9673,6.0,6.0,0.0,4040.0,2013,5,0.0006202832626899617,0.5823426031220924
2013-05-17,9673,9.0,9.0,0.0,4460.0,2013,5,0.0009304248940349427,0.538922774733795
2013-05-18,9673,4.0,4.0,0.0,4460.0,2013,5,0.00041352217512664115,0.538922774733795
2013-05-19,9673,2.0,2.0,0.0,4460.0,2013,5,0.00020676108756332058,0.538922774733795
2013-05-20,9673,1.0,1.0,0.0,4649.0,2013,5,0.00010338054378166029,0.5193838519590612
2013-05-21,9673,2.0,2.0,0.0,4649.0,2013,5,0.00020676108756332058,0.5193838519590612
2013-05-22,9673,3.0,3.0,0.0,4547.0,2013,5,0.00031014163134498085,0.5299286674247907
2013-05-23,9673,0.0,0.0,0.0,4675.0,2013,5,0.0,0.5166959578207382
2013-05-24,9673,3.0,3.0,0.0,4675.0,2013,5,0.00031014163134498085,0.5166959578207382
2013-05-25,9673,3.0,3.0,0.0,4675.0,2013,5,0.00031014163134498085,0.5166959578207382
2013-05-26,9673,7.0,7.0,0.0,4896.0,2013,5,0.0007236638064716221,0.4938488576449912
2013-05-27,9673,5.0,5.0,0.0,4896.0,2013,5,0.0005169027189083015,0.4938488576449912
2013-05-28,9673,10.0,11.0,1.0,5296.0,2013,5,0.001033805437816603,0.45249664013232704
2013-05-29,9673,4.0,4.0,0.0,5296.0,2013,5,0.00041352217512664115,0.45249664013232704
2013-05-30,9673,1.0,1.0,0.0,6031.0,2013,5,0.00010338054378166029,0.3765119404528068
2013-05-31,9673,0.0,0.0,0.0,6031.0,2013,5,0.0,0.3765119404528068
2013-06-01,9673,4.0,4.0,1.0,6031.0,2013,6,0.00041352217512664115,0.3765119404528068
2013-06-02,9673,0.0,0.0,0.0,6031.0,2013,6,0.0,0.3765119404528068
2013-06-03,9673,3.0,6.0,0.0,5296.0,2013,6,0.00031014163134498085,0.45249664013232704
2013-06-04,9673,2.0,2.0,1.0,5254.0,2013,6,0.00020676108756332058,0.45683862297115685
2013-06-05,9673,4.0,4.0,0.0,5254.0,2013,6,0.00041352217512664115,0.45683862297115685
2013-06-06,9673,5.0,5.0,0.0,6031.0,2013,6,0.0005169027189083015,0.3765119404528068
2013-06-07,9673,21.0,21.0,5.0,6031.0,2013,6,0.0021709914194148663,0.3765119404528068
2013-06-08,9673,20.0,20.0,4.0,6031.0,2013,6,0.002067610875633206,0.3765119404528068
2013-06-09,9673,7.0,7.0,0.0,6061.0,2013,6,0.0007236638064716221,0.37341052413935694
2013-06-10,9673,3.0,3.0,1.0,6061.0,2013,6,0.00031014163134498085,0.37341052413935694
2013-06-11,9673,1.0,1.0,0.0,6061.0,2013,6,0.00010338054378166029,0.37341052413935694
2013-06-12,9673,1.0,1.0,0.0,6062.0,2013,6,0.00010338054378166029,0.37330714359557526
2013-06-13,9673,2.0,2.0,0.0,6062.0,2013,6,0.00020676108756332058,0.37330714359557526
2013-06-14,9673,1.0,1.0,0.0,6062.0,2013,6,0.00010338054378166029,0.37330714359557526
2013-06-15,9673,2.0,2.0,0.0,6062.0,2013,6,0.00020676108756332058,0.37330714359557526
2013-06-16,9673,5.0,5.0,0.0,6062.0,2013,6,0.0005169027189083015,0.37330714359557526
2013-06-17,9673,2.0,2.0,0.0,6062.0,2013,6,0.00020676108756332058,0.37330714359557526
2013-06-18,9673,4.0,4.0,0.0,6062.0,2013,6,0.00041352217512664115,0.37330714359557526
2013-06-19,9673,5.0,5.0,1.0,6062.0,2013,6,0.0005169027189083015,0.37330714359557526
2013-06-20,9673,2.0,2.0,0.0,6062.0,2013,6,0.00020676108756332058,0.37330714359557526
2013-06-21,9673,1.0,1.0,0.0,6062.0,2013,6,0.00010338054378166029,0.37330714359557526
2013-06-22,9673,1.0,1.0,0.0,6062.0,2013,6,0.00010338054378166029,0.37330714359557526
2013-06-23,9673,1.0,1.0,0.0,6062.0,2013,6,0.00010338054378166029,0.37330714359557526
2013-06-24,9673,3.0,3.0,0.0,6062.0,2013,6,0.00031014163134498085,0.37330714359557526
2013-06-25,9673,2.0,3.0,0.0,6062.0,2013,6,0.00020676108756332058,0.37330714359557526
2013-06-26,9673,5.0,5.0,1.0,6062.0,2013,6,0.0005169027189083015,0.37330714359557526
2013-06-27,9673,6.0,6.0,0.0,6062.0,2013,6,0.0006202832626899617,0.37330714359557526
2013-06-28,9673,0.0,0.0,0.0,6186.0,2013,6,0.0,0.3604879561666494
2013-06-29,9673,1.0,1.0,0.0,6736.0,2013,6,0.00010338054378166029,0.30362865708673625
2013-06-30,9673,4.0,4.0,0.0,6785.0,2013,6,0.00041352217512664115,0.29856301044143496
2013-07-01,9673,11.0,12.0,2.0,6829.0,2013,7,0.0011371859815982632,0.2940142665150419
2013-07-02,9673,20.0,31.0,3.0,6829.0,2013,7,0.002067610875633206,0.2940142665150419
2013-07-03,9673,11.0,11.0,3.0,6856.0,2013,7,0.0011371859815982632,0.2912229918329371
2013-07-04,9673,14.0,14.0,3.0,6856.0,2013,7,0.0014473276129432441,0.2912229918329371
2013-07-05,9673,12.0,12.0,0.0,6856.0,2013,7,0.0012405665253799234,0.2912229918329371
2013-07-06,9673,7.0,7.0,0.0,6856.0,2013,7,0.0007236638064716221,0.2912229918329371
2013-07-07,9673,8.0,8.0,1.0,6856.0,2013,7,0.0008270443502532823,0.2912229918329371
2013-07-08,9673,3.0,3.0,0.0,6856.0,2013,7,0.00031014163134498085,0.2912229918329371
2013-07-09,9673,1.0,1.0,0.0,6856.0,2013,7,0.00010338054378166029,0.2912229918329371
2013-07-10,9673,0.0,0.0,0.0,7155.0,2013,7,0.0,0.26031220924222065
2013-07-11,9673,3.0,3.0,0.0,7193.0,2013,7,0.00031014163134498085,0.25638374857851753
2013-07-12,9673,1.0,1.0,0.0,7193.0,2013,7,0.00010338054378166029,0.25638374857851753
2013-07-13,9673,5.0,5.0,0.0,7193.0,2013,7,0.0005169027189083015,0.25638374857851753
2013-07-14,9673,5.0,5.0,0.0,7193.0,2013,7,0.0005169027189083015,0.25638374857851753
2013-07-15,9673,3.0,3.0,0.0,7193.0,2013,7,0.00031014163134498085,0.25638374857851753
2013-07-16,9673,11.0,11.0,0.0,7193.0,2013,7,0.0011371859815982632,0.25638374857851753
2013-07-17,9673,8.0,10.0,0.0,7230.0,2013,7,0.0008270443502532823,0.2525586684585961
2013-07-18,9673,3.0,3.0,0.0,7230.0,2013,7,0.00031014163134498085,0.2525586684585961
2013-07-19,9673,4.0,4.0,0.0,7230.0,2013,7,0.00041352217512664115,0.2525586684585961
2013-07-20,9673,4.0,4.0,0.0,7230.0,2013,7,0.00041352217512664115,0.2525586684585961
2013-07-21,9673,5.0,5.0,0.0,7230.0,2013,7,0.0005169027189083015,0.2525586684585961
2013-07-22,9673,3.0,3.0,0.0,7230.0,2013,7,0.00031014163134498085,0.2525586684585961
2013-07-23,9673,4.0,4.0,0.0,7230.0,2013,7,0.00041352217512664115,0.2525586684585961
2013-07-24,9673,2.0,2.0,0.0,7230.0,2013,7,0.00020676108756332058,0.2525586684585961
2013-07-25,9673,0.0,0.0,0.0,7230.0,2013,7,0.0,0.2525586684585961
2013-07-26,9673,1.0,1.0,0.0,7230.0,2013,7,0.00010338054378166029,0.2525586684585961
2013-07-27,9673,0.0,0.0,0.0,7230.0,2013,7,0.0,0.2525586684585961
2013-07-28,9673,1.0,1.0,0.0,7230.0,2013,7,0.00010338054378166029,0.2525586684585961
2013-07-29,9673,1.0,1.0,0.0,7230.0,2013,7,0.00010338054378166029,0.2525586684585961
2013-07-30,9673,0.0,0.0,0.0,7230.0,2013,7,0.0,0.2525586684585961
2013-07-31,9673,3.0,3.0,0.0,7213.0,2013,7,0.00031014163134498085,0.2543161377028843
2013-08-01,9673,1.0,1.0,0.0,7213.0,2013,8,0.00010338054378166029,0.2543161377028843
2013-08-02,9673,0.0,0.0,0.0,7213.0,2013,8,0.0,0.2543161377028843
2013-08-03,9673,3.0,3.0,0.0,7213.0,2013,8,0.00031014163134498085,0.2543161377028843
2013-08-04,9673,2.0,2.0,0.0,7213.0,2013,8,0.00020676108756332058,0.2543161377028843
2013-08-05,9673,1.0,1.0,0.0,7213.0,2013,8,0.00010338054378166029,0.2543161377028843
2013-08-06,9673,0.0,0.0,0.0,7213.0,2013,8,0.0,0.2543161377028843
2013-08-07,9673,1.0,1.0,0.0,7213.0,2013,8,0.00010338054378166029,0.2543161377028843
2013-08-08,9673,2.0,2.0,0.0,7213.0,2013,8,0.00020676108756332058,0.2543161377028843
2013-08-09,9673,1.0,1.0,0.0,7213.0,2013,8,0.00010338054378166029,0.2543161377028843
2013-08-10,9673,0.0,0.0,0.0,7213.0,2013,8,0.0,0.2543161377028843
2013-08-11,9673,0.0,0.0,0.0,7213.0,2013,8,0.0,0.2543161377028843
2013-08-12,9673,3.0,3.0,0.0,7213.0,2013,8,0.00031014163134498085,0.2543161377028843
2013-08-13,9673,1.0,1.0,0.0,7213.0,2013,8,0.00010338054378166029,0.2543161377028843
2013-08-14,9673,2.0,2.0,0.0,7213.0,2013,8,0.00020676108756332058,0.2543161377028843
2013-08-15,9673,4.0,4.0,0.0,7213.0,2013,8,0.00041352217512664115,0.2543161377028843
2013-08-16,9673,3.0,3.0,0.0,7213.0,2013,8,0.00031014163134498085,0.2543161377028843
2013-08-17,9673,5.0,5.0,0.0,7213.0,2013,8,0.0005169027189083015,0.2543161377028843
2013-08-18,9673,12.0,12.0,0.0,7213.0,2013,8,0.0012405665253799234,0.2543161377028843
2013-08-19,9673,8.0,8.0,0.0,7213.0,2013,8,0.0008270443502532823,0.2543161377028843
2013-08-20,9673,11.0,11.0,0.0,7213.0,2013,8,0.0011371859815982632,0.2543161377028843
2013-08-21,9673,13.0,13.0,0.0,7213.0,2013,8,0.0013439470691615839,0.2543161377028843
2013-08-22,9673,8.0,8.0,0.0,7230.0,2013,8,0.0008270443502532823,0.2525586684585961
2013-08-23,9673,6.0,6.0,0.0,7230.0,2013,8,0.0006202832626899617,0.2525586684585961
2013-08-24,9673,4.0,4.0,0.0,7230.0,2013,8,0.00041352217512664115,0.2525586684585961
2013-08-25,9673,5.0,6.0,0.0,7230.0,2013,8,0.0005169027189083015,0.2525586684585961
2013-08-26,9673,1.0,1.0,0.0,7230.0,2013,8,0.00010338054378166029,0.2525586684585961
2013-08-27,9673,3.0,3.0,0.0,7230.0,2013,8,0.00031014163134498085,0.2525586684585961
2013-08-28,9673,1.0,1.0,0.0,7230.0,2013,8,0.00010338054378166029,0.2525586684585961
2013-08-29,9673,1.0,1.0,0.0,7230.0,2013,8,0.00010338054378166029,0.2525586684585961
2013-08-30,9673,0.0,0.0,0.0,7230.0,2013,8,0.0,0.2525586684585961
2013-08-31,9673,2.0,2.0,0.0,7230.0,2013,8,0.00020676108756332058,0.2525586684585961
2013-09-01,9673,2.0,2.0,0.0,7230.0,2013,9,0.00020676108756332058,0.2525586684585961
2013-09-02,9673,0.0,0.0,0.0,7230.0,2013,9,0.0,0.2525586684585961
2013-09-03,9673,0.0,0.0,0.0,7230.0,2013,9,0.0,0.2525586684585961
2013-09-04,9673,0.0,0.0,0.0,7230.0,2013,9,0.0,0.2525586684585961
2013-09-05,9673,1.0,1.0,0.0,7230.0,2013,9,0.00010338054378166029,0.2525586684585961
2013-09-06,9673,3.0,3.0,0.0,7230.0,2013,9,0.00031014163134498085,0.2525586684585961
2013-09-07,9673,0.0,0.0,0.0,7230.0,2013,9,0.0,0.2525586684585961
2013-09-08,9673,2.0,2.0,0.0,7230.0,2013,9,0.00020676108756332058,0.2525586684585961
2013-09-09,9673,0.0,0.0,0.0,7230.0,2013,9,0.0,0.2525586684585961
2013-09-10,9673,1.0,1.0,0.0,7230.0,2013,9,0.00010338054378166029,0.2525586684585961
2013-09-11,9673,1.0,1.0,0.0,7230.0,2013,9,0.00010338054378166029,0.2525586684585961
2013-09-12,9673,0.0,0.0,0.0,7230.0,2013,9,0.0,0.2525586684585961
2013-09-13,9673,0.0,0.0,0.0,7230.0,2013,9,0.0,0.2525586684585961
2013-09-14,9673,0.0,0.0,0.0,7230.0,2013,9,0.0,0.2525586684585961
2013-09-15,9673,1.0,1.0,0.0,7230.0,2013,9,0.00010338054378166029,0.2525586684585961
2013-09-16,9673,1.0,1.0,0.0,7059.0,2013,9,0.00010338054378166029,0.27023674144526
2013-09-17,9673,0.0,0.0,0.0,7230.0,2013,9,0.0,0.2525586684585961
2013-09-18,9673,0.0,0.0,0.0,7230.0,2013,9,0.0,0.2525586684585961
2013-09-19,9673,1.0,1.0,0.0,7230.0,2013,9,0.00010338054378166029,0.2525586684585961
2013-09-20,9673,0.0,0.0,0.0,7230.0,2013,9,0.0,0.2525586684585961
2013-09-21,9673,0.0,0.0,0.0,7230.0,2013,9,0.0,0.2525586684585961
2013-09-22,9673,0.0,0.0,0.0,7230.0,2013,9,0.0,0.2525586684585961
2013-09-23,9673,1.0,1.0,0.0,7230.0,2013,9,0.00010338054378166029,0.2525586684585961
2013-09-24,9673,0.0,0.0,0.0,7230.0,2013,9,0.0,0.2525586684585961
2013-09-25,9673,1.0,1.0,0.0,7230.0,2013,9,0.00010338054378166029,0.2525586684585961
2013-09-26,9673,2.0,2.0,0.0,7230.0,2013,9,0.00020676108756332058,0.2525586684585961
2013-09-27,9673,0.0,0.0,0.0,7230.0,2013,9,0.0,0.2525586684585961
2013-09-28,9673,2.0,2.0,0.0,7230.0,2013,9,0.00020676108756332058,0.2525586684585961
2013-09-29,9673,1.0,1.0,0.0,7230.0,2013,9,0.00010338054378166029,0.2525586684585961
2013-09-30,9673,0.0,0.0,0.0,7230.0,2013,9,0.0,0.2525586684585961
2013-10-01,9673,5.0,5.0,0.0,7230.0,2013,10,0.0005169027189083015,0.2525586684585961
2013-10-02,9673,1.0,1.0,0.0,6836.0,2013,10,0.00010338054378166029,0.2932906027085702
2013-10-03,9673,0.0,0.0,0.0,6797.0,2013,10,0.0,0.297322443916055
2013-10-04,9673,0.0,0.0,0.0,6780.0,2013,10,0.0,0.2990799131603432
2013-10-05,9673,0.0,0.0,0.0,6091.0,2013,10,0.0,0.3703091078259072
2013-10-06,9673,0.0,0.0,0.0,5837.0,2013,10,0.0,0.3965677659464488
2013-10-07,9673,0.0,0.0,0.0,5260.0,2013,10,0.0,0.4562183397084668
2013-10-08,9673,0.0,0.0,0.0,6045.0,2013,10,0.0,0.3750646128398636
2013-10-09,9673,1.0,1.0,0.0,6797.0,2013,10,0.00010338054378166029,0.297322443916055
2013-10-10,9673,0.0,0.0,0.0,6869.0,2013,10,0.0,0.28987904476377546
2013-10-11,9673,0.0,0.0,0.0,6797.0,2013,10,0.0,0.297322443916055
2013-10-12,9673,0.0,0.0,0.0,6869.0,2013,10,0.0,0.28987904476377546
2013-10-13,9673,0.0,0.0,0.0,6908.0,2013,10,0.0,0.2858472035562907
2013-10-14,9673,1.0,1.0,0.0,6869.0,2013,10,0.00010338054378166029,0.28987904476377546
2013-10-15,9673,0.0,0.0,0.0,6797.0,2013,10,0.0,0.297322443916055
2013-10-16,9673,0.0,0.0,0.0,6452.0,2013,10,0.0,0.33298873152072783
2013-10-17,9673,0.0,0.0,0.0,6780.0,2013,10,0.0,0.2990799131603432
2013-10-18,9673,0.0,0.0,0.0,6797.0,2013,10,0.0,0.297322443916055
2013-10-19,9673,0.0,0.0,0.0,6797.0,2013,10,0.0,0.297322443916055
2013-10-20,9673,0.0,0.0,0.0,6551.0,2013,10,0.0,0.32275405768634347
2013-10-21,9673,0.0,0.0,0.0,5915.0,2013,10,0.0,0.38850408353147936
2013-10-22,9673,0.0,0.0,0.0,4359.0,2013,10,0.0,0.5493642096557427
2013-10-23,9673,0.0,0.0,0.0,2377.0,2013,10,0.0,0.7542644474309935
2013-10-24,9673,0.0,0.0,0.0,3101.0,2013,10,0.0,0.6794169337330714
2013-10-25,9673,0.0,0.0,0.0,4147.0,2013,10,0.0,0.5712808849374548
2013-10-26,9673,0.0,0.0,0.0,4760.0,2013,10,0.0,0.507908611599297
2013-10-27,9673,0.0,0.0,0.0,3824.0,2013,10,0.0,0.604672800578931
2013-10-28,9673,0.0,0.0,0.0,1589.0,2013,10,0.0,0.8357283159309418
2013-10-29,9673,0.0,0.0,0.0,1507.0,2013,10,0.0,0.8442055205210379
2013-10-30,9673,0.0,0.0,0.0,1165.0,2013,10,0.0,0.8795616664943657
2013-10-31,9673,0.0,0.0,0.0,1463.0,2013,10,0.0,0.848754264447431
2014-05-01,9673,0.0,0.0,0.0,1755.0,2014,5,0.0,0.8185671456631862
2014-05-02,9673,0.0,0.0,0.0,1825.0,2014,5,0.0,0.81133050759847
2014-05-03,9673,0.0,0.0,0.0,1825.0,2014,5,0.0,0.81133050759847
2014-05-04,9673,2.0,2.0,0.0,1825.0,2014,5,0.00020676108756332058,0.81133050759847
2014-05-05,9673,0.0,0.0,0.0,1825.0,2014,5,0.0,0.81133050759847
2014-05-06,9673,0.0,0.0,0.0,1895.0,2014,5,0.0,0.8040938695337537
2014-05-07,9673,3.0,3.0,0.0,1895.0,2014,5,0.00031014163134498085,0.8040938695337537
2014-05-08,9673,1.0,1.0,0.0,3289.0,2014,5,0.00010338054378166029,0.6599813915021193
2014-05-09,9673,0.0,0.0,0.0,3931.0,2014,5,0.0,0.5936110823942934
2014-05-10,9673,1.0,2.0,0.0,4646.0,2014,5,0.00010338054378166029,0.5196939935904064
2014-05-11,9673,2.0,2.0,0.0,4667.0,2014,5,0.00020676108756332058,0.5175230021709913
2014-05-12,9673,0.0,0.0,0.0,4667.0,2014,5,0.0,0.5175230021709913
2014-05-13,9673,0.0,0.0,0.0,5053.0,2014,5,0.0,0.4776181122712706
2014-05-14,9673,0.0,0.0,0.0,5052.0,2014,5,0.0,0.47772149281505216
2014-05-15,9673,0.0,0.0,0.0,5026.0,2014,5,0.0,0.48040938695337543
2014-05-16,9673,0.0,0.0,0.0,4852.0,2014,5,0.0,0.49839760157138424
2014-05-17,9673,2.0,2.0,0.0,4220.0,2014,5,0.00020676108756332058,0.5637341052413936
2014-05-18,9673,5.0,6.0,0.0,3880.0,2014,5,0.0005169027189083015,0.598883490127158
2014-05-19,9673,3.0,3.0,0.0,5273.0,2014,5,0.00031014163134498085,0.4548743926393053
2014-05-20,9673,0.0,0.0,0.0,5550.0,2014,5,0.0,0.4262379820117854
2014-05-21,9673,0.0,0.0,0.0,5554.0,2014,5,0.0,0.42582445983665873
2014-05-22,9673,0.0,0.0,0.0,5720.0,2014,5,0.0,0.4086632895689032
2014-05-23,9673,5.0,5.0,0.0,5720.0,2014,5,0.0005169027189083015,0.4086632895689032
2014-05-24,9673,3.0,4.0,0.0,5727.0,2014,5,0.00031014163134498085,0.4079396257624315
2014-05-25,9673,6.0,6.0,0.0,6499.0,2014,5,0.0006202832626899617,0.3281298459629898
2014-05-26,9673,1.0,1.0,0.0,7120.0,2014,5,0.00010338054378166029,0.26393052827457875
2014-05-27,9673,4.0,5.0,0.0,7291.0,2014,5,0.00041352217512664115,0.24625245528791484
2014-05-28,9673,2.0,2.0,0.0,7180.0,2014,5,0.00020676108756332058,0.25772769564767906
2014-05-29,9673,1.0,1.0,0.0,7236.0,2014,5,0.00010338054378166029,0.25193838519590617
2014-05-30,9673,3.0,3.0,0.0,7236.0,2014,5,0.00031014163134498085,0.25193838519590617
2014-05-31,9673,5.0,5.0,0.0,6836.0,2014,5,0.0005169027189083015,0.2932906027085702
2014-06-01,9673,4.0,5.0,0.0,6836.0,2014,6,0.00041352217512664115,0.2932906027085702
2014-06-02,9673,2.0,2.0,0.0,6836.0,2014,6,0.00020676108756332058,0.2932906027085702
2014-06-03,9673,2.0,2.0,0.0,7403.0,2014,6,0.00020676108756332058,0.23467383438436884
2014-06-04,9673,3.0,3.0,0.0,7403.0,2014,6,0.00031014163134498085,0.23467383438436884
2014-06-05,9673,3.0,3.0,0.0,7546.0,2014,6,0.00031014163134498085,0.21989041662359143
2014-06-06,9673,0.0,0.0,0.0,7550.0,2014,6,0.0,0.21947689444846485
2014-06-07,9673,3.0,3.0,0.0,7550.0,2014,6,0.00031014163134498085,0.21947689444846485
2014-06-08,9673,6.0,6.0,0.0,7550.0,2014,6,0.0006202832626899617,0.21947689444846485
2014-06-09,9673,2.0,2.0,0.0,7550.0,2014,6,0.00020676108756332058,0.21947689444846485
2014-06-10,9673,4.0,4.0,0.0,7550.0,2014,6,0.00041352217512664115,0.21947689444846485
2014-06-11,9673,1.0,1.0,0.0,7550.0,2014,6,0.00010338054378166029,0.21947689444846485
2014-06-12,9673,1.0,1.0,0.0,7550.0,2014,6,0.00010338054378166029,0.21947689444846485
2014-06-13,9673,0.0,0.0,0.0,7550.0,2014,6,0.0,0.21947689444846485
2014-06-14,9673,1.0,2.0,0.0,7550.0,2014,6,0.00010338054378166029,0.21947689444846485
2014-06-15,9673,0.0,0.0,0.0,7550.0,2014,6,0.0,0.21947689444846485
2014-06-16,9673,3.0,3.0,0.0,7550.0,2014,6,0.00031014163134498085,0.21947689444846485
2014-06-17,9673,0.0,0.0,0.0,7550.0,2014,6,0.0,0.21947689444846485
2014-06-18,9673,0.0,0.0,0.0,7550.0,2014,6,0.0,0.21947689444846485
2014-06-19,9673,2.0,2.0,0.0,7550.0,2014,6,0.00020676108756332058,0.21947689444846485
2014-06-20,9673,0.0,0.0,0.0,7550.0,2014,6,0.0,0.21947689444846485
2014-06-21,9673,1.0,1.0,0.0,7550.0,2014,6,0.00010338054378166029,0.21947689444846485
2014-06-22,9673,5.0,5.0,0.0,7550.0,2014,6,0.0005169027189083015,0.21947689444846485
2014-06-23,9673,2.0,2.0,0.0,7550.0,2014,6,0.00020676108756332058,0.21947689444846485
2014-06-24,9673,0.0,0.0,0.0,7550.0,2014,6,0.0,0.21947689444846485
2014-06-25,9673,5.0,5.0,0.0,7550.0,2014,6,0.0005169027189083015,0.21947689444846485
2014-06-26,9673,4.0,4.0,0.0,7550.0,2014,6,0.00041352217512664115,0.21947689444846485
2014-06-27,9673,4.0,4.0,0.0,7550.0,2014,6,0.00041352217512664115,0.21947689444846485
2014-06-28,9673,2.0,3.0,1.0,7550.0,2014,6,0.00020676108756332058,0.21947689444846485
2014-06-29,9673,5.0,5.0,0.0,7550.0,2014,6,0.0005169027189083015,0.21947689444846485
2014-06-30,9673,5.0,5.0,0.0,7591.0,2014,6,0.0005169027189083015,0.21523829215341672
2014-07-01,9673,3.0,3.0,0.0,7591.0,2014,7,0.00031014163134498085,0.21523829215341672
2014-07-02,9673,1.0,1.0,0.0,7591.0,2014,7,0.00010338054378166029,0.21523829215341672
2014-07-03,9673,2.0,2.0,0.0,7591.0,2014,7,0.00020676108756332058,0.21523829215341672
2014-07-04,9673,2.0,2.0,0.0,7591.0,2014,7,0.00020676108756332058,0.21523829215341672
2014-07-05,9673,5.0,5.0,0.0,7591.0,2014,7,0.0005169027189083015,0.21523829215341672
2014-07-06,9673,0.0,0.0,0.0,7591.0,2014,7,0.0,0.21523829215341672
2014-07-07,9673,2.0,2.0,0.0,7591.0,2014,7,0.00020676108756332058,0.21523829215341672
2014-07-08,9673,1.0,1.0,0.0,7591.0,2014,7,0.00010338054378166029,0.21523829215341672
2014-07-09,9673,1.0,1.0,0.0,7591.0,2014,7,0.00010338054378166029,0.21523829215341672
2014-07-10,9673,3.0,3.0,0.0,7591.0,2014,7,0.00031014163134498085,0.21523829215341672
2014-07-11,9673,3.0,3.0,0.0,7591.0,2014,7,0.00031014163134498085,0.21523829215341672
2014-07-12,9673,3.0,3.0,0.0,7591.0,2014,7,0.00031014163134498085,0.21523829215341672
2014-07-13,9673,2.0,2.0,0.0,7591.0,2014,7,0.00020676108756332058,0.21523829215341672
2014-07-14,9673,1.0,1.0,0.0,7591.0,2014,7,0.00010338054378166029,0.21523829215341672
2014-07-15,9673,2.0,2.0,0.0,7591.0,2014,7,0.00020676108756332058,0.21523829215341672
2014-07-16,9673,3.0,3.0,1.0,7591.0,2014,7,0.00031014163134498085,0.21523829215341672
2014-07-17,9673,0.0,0.0,0.0,7591.0,2014,7,0.0,0.21523829215341672
2014-07-18,9673,2.0,2.0,0.0,7591.0,2014,7,0.00020676108756332058,0.21523829215341672
2014-07-19,9673,1.0,1.0,0.0,7591.0,2014,7,0.00010338054378166029,0.21523829215341672
2014-07-20,9673,7.0,7.0,1.0,7591.0,2014,7,0.0007236638064716221,0.21523829215341672
2014-07-21,9673,7.0,7.0,0.0,7591.0,2014,7,0.0007236638064716221,0.21523829215341672
2014-07-22,9673,15.0,15.0,0.0,7591.0,2014,7,0.0015507081567249044,0.21523829215341672
2014-07-23,9673,3.0,3.0,0.0,7591.0,2014,7,0.00031014163134498085,0.21523829215341672
2014-07-24,9673,5.0,5.0,0.0,7591.0,2014,7,0.0005169027189083015,0.21523829215341672
2014-07-25,9673,5.0,5.0,0.0,7591.0,2014,7,0.0005169027189083015,0.21523829215341672
2014-07-26,9673,1.0,1.0,0.0,7591.0,2014,7,0.00010338054378166029,0.21523829215341672
2014-07-27,9673,0.0,0.0,0.0,7591.0,2014,7,0.0,0.21523829215341672
2014-07-28,9673,1.0,1.0,0.0,7591.0,2014,7,0.00010338054378166029,0.21523829215341672
2014-07-29,9673,2.0,2.0,0.0,7591.0,2014,7,0.00020676108756332058,0.21523829215341672
2014-07-30,9673,1.0,1.0,0.0,7591.0,2014,7,0.00010338054378166029,0.21523829215341672
2014-07-31,9673,2.0,2.0,0.0,7591.0,2014,7,0.00020676108756332058,0.21523829215341672
2014-08-01,9673,1.0,1.0,0.0,7591.0,2014,8,0.00010338054378166029,0.21523829215341672
2014-08-02,9673,5.0,5.0,0.0,7591.0,2014,8,0.0005169027189083015,0.21523829215341672
2014-08-03,9673,10.0,10.0,0.0,7591.0,2014,8,0.001033805437816603,0.21523829215341672
2014-08-04,9673,2.0,2.0,0.0,7591.0,2014,8,0.00020676108756332058,0.21523829215341672
2014-08-05,9673,6.0,6.0,0.0,7591.0,2014,8,0.0006202832626899617,0.21523829215341672
2014-08-06,9673,1.0,1.0,0.0,7591.0,2014,8,0.00010338054378166029,0.21523829215341672
2014-08-07,9673,4.0,4.0,0.0,7591.0,2014,8,0.00041352217512664115,0.21523829215341672
2014-08-08,9673,10.0,10.0,0.0,7591.0,2014,8,0.001033805437816603,0.21523829215341672
2014-08-09,9673,7.0,7.0,0.0,7591.0,2014,8,0.0007236638064716221,0.21523829215341672
2014-08-10,9673,6.0,6.0,0.0,7591.0,2014,8,0.0006202832626899617,0.21523829215341672
2014-08-11,9673,3.0,3.0,0.0,7591.0,2014,8,0.00031014163134498085,0.21523829215341672
2014-08-12,9673,0.0,0.0,0.0,7591.0,2014,8,0.0,0.21523829215341672
2014-08-13,9673,2.0,2.0,0.0,7591.0,2014,8,0.00020676108756332058,0.21523829215341672
2014-08-14,9673,3.0,3.0,0.0,7591.0,2014,8,0.00031014163134498085,0.21523829215341672
2014-08-15,9673,4.0,4.0,0.0,7591.0,2014,8,0.00041352217512664115,0.21523829215341672
2014-08-16,9673,2.0,2.0,0.0,7591.0,2014,8,0.00020676108756332058,0.21523829215341672
2014-08-17,9673,1.0,1.0,0.0,7591.0,2014,8,0.00010338054378166029,0.21523829215341672
2014-08-18,9673,0.0,0.0,0.0,7591.0,2014,8,0.0,0.21523829215341672
2014-08-19,9673,1.0,1.0,0.0,7591.0,2014,8,0.00010338054378166029,0.21523829215341672
2014-08-20,9673,0.0,0.0,0.0,7591.0,2014,8,0.0,0.21523829215341672
2014-08-21,9673,0.0,0.0,0.0,7591.0,2014,8,0.0,0.21523829215341672
2014-08-22,9673,1.0,1.0,0.0,7591.0,2014,8,0.00010338054378166029,0.21523829215341672
2014-08-23,9673,2.0,2.0,0.0,7591.0,2014,8,0.00020676108756332058,0.21523829215341672
2014-08-24,9673,1.0,1.0,0.0,7591.0,2014,8,0.00010338054378166029,0.21523829215341672
2014-08-25,9673,0.0,0.0,0.0,7591.0,2014,8,0.0,0.21523829215341672
2014-08-26,9673,2.0,2.0,0.0,7591.0,2014,8,0.00020676108756332058,0.21523829215341672
2014-08-27,9673,1.0,1.0,0.0,7591.0,2014,8,0.00010338054378166029,0.21523829215341672
2014-08-28,9673,0.0,0.0,0.0,7591.0,2014,8,0.0,0.21523829215341672
2014-08-29,9673,0.0,0.0,0.0,7591.0,2014,8,0.0,0.21523829215341672
2014-08-30,9673,0.0,0.0,0.0,7591.0,2014,8,0.0,0.21523829215341672
2014-08-31,9673,2.0,2.0,0.0,7591.0,2014,8,0.00020676108756332058,0.21523829215341672
2014-09-01,9673,1.0,1.0,0.0,7591.0,2014,9,0.00010338054378166029,0.21523829215341672
2014-09-02,9673,0.0,0.0,0.0,7591.0,2014,9,0.0,0.21523829215341672
2014-09-03,9673,0.0,0.0,0.0,7591.0,2014,9,0.0,0.21523829215341672
2014-09-04,9673,1.0,1.0,0.0,7591.0,2014,9,0.00010338054378166029,0.21523829215341672
2014-09-05,9673,0.0,0.0,0.0,7591.0,2014,9,0.0,0.21523829215341672
2014-09-06,9673,0.0,0.0,0.0,7591.0,2014,9,0.0,0.21523829215341672
2014-09-07,9673,0.0,0.0,0.0,7591.0,2014,9,0.0,0.21523829215341672
2014-09-08,9673,1.0,1.0,0.0,7591.0,2014,9,0.00010338054378166029,0.21523829215341672
2014-09-09,9673,0.0,0.0,0.0,7591.0,2014,9,0.0,0.21523829215341672
2014-09-10,9673,0.0,0.0,0.0,7591.0,2014,9,0.0,0.21523829215341672
2014-09-11,9673,0.0,0.0,0.0,7591.0,2014,9,0.0,0.21523829215341672
2014-09-12,9673,0.0,0.0,0.0,7591.0,2014,9,0.0,0.21523829215341672
2014-09-13,9673,0.0,0.0,0.0,7591.0,2014,9,0.0,0.21523829215341672
2014-09-14,9673,0.0,0.0,0.0,7591.0,2014,9,0.0,0.21523829215341672
2014-09-15,9673,0.0,0.0,0.0,7591.0,2014,9,0.0,0.21523829215341672
2014-09-16,9673,0.0,0.0,0.0,7591.0,2014,9,0.0,0.21523829215341672
2014-09-17,9673,0.0,0.0,0.0,7591.0,2014,9,0.0,0.21523829215341672
2014-09-18,9673,0.0,0.0,0.0,7420.0,2014,9,0.0,0.23291636514008063
2014-09-19,9673,0.0,0.0,0.0,6856.0,2014,9,0.0,0.2912229918329371
2014-09-20,9673,0.0,0.0,0.0,7591.0,2014,9,0.0,0.21523829215341672
2014-09-21,9673,0.0,0.0,0.0,7591.0,2014,9,0.0,0.21523829215341672
2014-09-22,9673,0.0,0.0,0.0,7591.0,2014,9,0.0,0.21523829215341672
2014-09-23,9673,1.0,1.0,0.0,7591.0,2014,9,0.00010338054378166029,0.21523829215341672
2014-09-24,9673,0.0,0.0,0.0,7591.0,2014,9,0.0,0.21523829215341672
2014-09-25,9673,0.0,0.0,0.0,7591.0,2014,9,0.0,0.21523829215341672
2014-09-26,9673,0.0,0.0,0.0,7591.0,2014,9,0.0,0.21523829215341672
2014-09-27,9673,2.0,2.0,1.0,7591.0,2014,9,0.00020676108756332058,0.21523829215341672
2014-09-28,9673,1.0,1.0,0.0,7591.0,2014,9,0.00010338054378166029,0.21523829215341672
2014-09-29,9673,0.0,0.0,0.0,7591.0,2014,9,0.0,0.21523829215341672
2014-09-30,9673,0.0,0.0,0.0,7378.0,2014,9,0.0,0.23725834797891032
2014-10-01,9673,0.0,0.0,0.0,7591.0,2014,10,0.0,0.21523829215341672
2014-10-02,9673,0.0,0.0,0.0,7591.0,2014,10,0.0,0.21523829215341672
2014-10-03,9673,0.0,0.0,0.0,7591.0,2014,10,0.0,0.21523829215341672
2014-10-04,9673,0.0,0.0,0.0,7591.0,2014,10,0.0,0.21523829215341672
2014-10-05,9673,0.0,0.0,0.0,7218.0,2014,10,0.0,0.25379923498397605
2014-10-06,9673,1.0,1.0,0.0,7105.0,2014,10,0.00010338054378166029,0.2654812364313036
2014-10-07,9673,0.0,0.0,0.0,5380.0,2014,10,0.0,0.44381267445466765
2014-10-08,9673,0.0,0.0,0.0,4645.0,2014,10,0.0,0.5197973741341879
2014-10-09,9673,0.0,0.0,0.0,4752.0,2014,10,0.0,0.5087356559495503
2014-10-10,9673,0.0,0.0,0.0,5871.0,2014,10,0.0,0.3930528274578724
2014-10-11,9673,0.0,0.0,0.0,5268.0,2014,10,0.0,0.45539129535821354
2014-10-12,9673,0.0,0.0,0.0,6779.0,2014,10,0.0,0.2991832937041249
2014-10-13,9673,0.0,0.0,0.0,7218.0,2014,10,0.0,0.25379923498397605
2014-10-14,9673,0.0,0.0,0.0,7218.0,2014,10,0.0,0.25379923498397605
2014-10-15,9673,0.0,0.0,0.0,7218.0,2014,10,0.0,0.25379923498397605
2014-10-16,9673,0.0,0.0,0.0,7218.0,2014,10,0.0,0.25379923498397605
2014-10-17,9673,0.0,0.0,0.0,6483.0,2014,10,0.0,0.3297839346634963
2014-10-18,9673,0.0,0.0,0.0,6483.0,2014,10,0.0,0.3297839346634963
2014-10-19,9673,2.0,2.0,0.0,6283.0,2014,10,0.00020676108756332058,0.3504600434198284
2014-10-20,9673,0.0,0.0,0.0,5548.0,2014,10,0.0,0.42644474309934866
2014-10-21,9673,0.0,0.0,0.0,5021.0,2014,10,0.0,0.4809262896722837
2014-10-22,9673,0.0,0.0,0.0,5147.0,2014,10,0.0,0.4679003411557945
2014-10-23,9673,0.0,0.0,0.0,7218.0,2014,10,0.0,0.25379923498397605
2014-10-24,9673,0.0,0.0,0.0,7218.0,2014,10,0.0,0.25379923498397605
2014-10-25,9673,1.0,1.0,0.0,7218.0,2014,10,0.00010338054378166029,0.25379923498397605
2014-10-26,9673,0.0,0.0,0.0,7218.0,2014,10,0.0,0.25379923498397605
2014-10-27,9673,0.0,0.0,0.0,7218.0,2014,10,0.0,0.25379923498397605
2014-10-28,9673,0.0,0.0,0.0,5724.0,2014,10,0.0,0.4082497673937765
2014-10-29,9673,0.0,0.0,0.0,4453.0,2014,10,0.0,0.5396464385402667
2014-10-30,9673,0.0,0.0,0.0,4106.0,2014,10,0.0,0.5755194872325029
2014-10-31,9673,0.0,0.0,0.0,2988.0,2014,10,0.0,0.6910989351803991
2015-05-01,9673,7.0,7.0,0.0,0.0,2015,5,0.0007236638064716221,1.0
2015-05-02,9673,10.0,10.0,0.0,0.0,2015,5,0.001033805437816603,1.0
2015-05-03,9673,7.0,7.0,0.0,0.0,2015,5,0.0007236638064716221,1.0
2015-05-04,9673,11.0,13.0,0.0,0.0,2015,5,0.0011371859815982632,1.0
2015-05-05,9673,6.0,6.0,0.0,0.0,2015,5,0.0006202832626899617,1.0
2015-05-06,9673,12.0,14.0,0.0,0.0,2015,5,0.0012405665253799234,1.0
2015-05-07,9673,7.0,7.0,0.0,0.0,2015,5,0.0007236638064716221,1.0
2015-05-08,9673,4.0,4.0,0.0,0.0,2015,5,0.00041352217512664115,1.0
2015-05-09,9673,2.0,2.0,0.0,0.0,2015,5,0.00020676108756332058,1.0
2015-05-10,9673,1.0,1.0,0.0,0.0,2015,5,0.00010338054378166029,1.0
2015-05-11,9673,2.0,2.0,0.0,0.0,2015,5,0.00020676108756332058,1.0
2015-05-12,9673,0.0,0.0,0.0,0.0,2015,5,0.0,1.0
2015-05-13,9673,3.0,3.0,0.0,0.0,2015,5,0.00031014163134498085,1.0
2015-05-14,9673,6.0,6.0,0.0,0.0,2015,5,0.0006202832626899617,1.0
2015-05-15,9673,0.0,0.0,0.0,0.0,2015,5,0.0,1.0
2015-05-16,9673,1.0,1.0,0.0,0.0,2015,5,0.00010338054378166029,1.0
2015-05-17,9673,0.0,0.0,0.0,0.0,2015,5,0.0,1.0
2015-05-18,9673,0.0,0.0,0.0,0.0,2015,5,0.0,1.0
2015-05-19,9673,0.0,0.0,0.0,0.0,2015,5,0.0,1.0
2015-05-20,9673,4.0,4.0,0.0,0.0,2015,5,0.00041352217512664115,1.0
2015-05-21,9673,2.0,2.0,0.0,0.0,2015,5,0.00020676108756332058,1.0
2015-05-22,9673,10.0,10.0,0.0,0.0,2015,5,0.001033805437816603,1.0
2015-05-23,9673,8.0,8.0,0.0,0.0,2015,5,0.0008270443502532823,1.0
2015-05-24,9673,3.0,3.0,0.0,0.0,2015,5,0.00031014163134498085,1.0
2015-05-25,9673,1.0,1.0,0.0,0.0,2015,5,0.00010338054378166029,1.0
2015-05-26,9673,11.0,11.0,2.0,0.0,2015,5,0.0011371859815982632,1.0
2015-05-27,9673,2.0,2.0,0.0,0.0,2015,5,0.00020676108756332058,1.0
2015-05-28,9673,1.0,1.0,0.0,0.0,2015,5,0.00010338054378166029,1.0
2015-05-29,9673,0.0,0.0,0.0,0.0,2015,5,0.0,1.0
2015-05-30,9673,0.0,0.0,0.0,0.0,2015,5,0.0,1.0
2015-05-31,9673,0.0,0.0,0.0,0.0,2015,5,0.0,1.0
2015-06-01,9673,0.0,0.0,0.0,0.0,2015,6,0.0,1.0
2015-06-02,9673,0.0,0.0,0.0,0.0,2015,6,0.0,1.0
2015-06-03,9673,0.0,0.0,0.0,0.0,2015,6,0.0,1.0
2015-06-04,9673,1.0,1.0,0.0,0.0,2015,6,0.00010338054378166029,1.0
2015-06-05,9673,0.0,0.0,0.0,0.0,2015,6,0.0,1.0
2015-06-06,9673,7.0,7.0,1.0,0.0,2015,6,0.0007236638064716221,1.0
2015-06-07,9673,1.0,1.0,1.0,0.0,2015,6,0.00010338054378166029,1.0
2015-06-08,9673,5.0,5.0,1.0,0.0,2015,6,0.0005169027189083015,1.0
2015-06-09,9673,0.0,0.0,0.0,0.0,2015,6,0.0,1.0
2015-06-10,9673,0.0,0.0,0.0,0.0,2015,6,0.0,1.0
2015-06-11,9673,0.0,0.0,0.0,0.0,2015,6,0.0,1.0
2015-06-12,9673,0.0,0.0,0.0,0.0,2015,6,0.0,1.0
2015-06-13,9673,3.0,3.0,1.0,0.0,2015,6,0.00031014163134498085,1.0
2015-06-14,9673,0.0,0.0,0.0,0.0,2015,6,0.0,1.0
2015-06-15,9673,2.0,2.0,1.0,0.0,2015,6,0.00020676108756332058,1.0
2015-06-16,9673,2.0,2.0,0.0,0.0,2015,6,0.00020676108756332058,1.0
2015-06-17,9673,6.0,6.0,1.0,0.0,2015,6,0.0006202832626899617,1.0
2015-06-18,9673,1.0,1.0,0.0,0.0,2015,6,0.00010338054378166029,1.0
2015-06-19,9673,0.0,0.0,0.0,0.0,2015,6,0.0,1.0
2015-06-20,9673,3.0,3.0,1.0,0.0,2015,6,0.00031014163134498085,1.0
2015-06-21,9673,4.0,4.0,0.0,0.0,2015,6,0.00041352217512664115,1.0
2015-06-22,9673,5.0,5.0,1.0,0.0,2015,6,0.0005169027189083015,1.0
2015-06-23,9673,2.0,2.0,0.0,0.0,2015,6,0.00020676108756332058,1.0
2015-06-24,9673,3.0,3.0,1.0,0.0,2015,6,0.00031014163134498085,1.0
2015-06-25,9673,6.0,7.0,2.0,0.0,2015,6,0.0006202832626899617,1.0
2015-06-26,9673,26.0,29.0,3.0,0.0,2015,6,0.0026878941383231677,1.0
2015-06-27,9673,19.0,21.0,0.0,0.0,2015,6,0.0019642303318515453,1.0
2015-06-28,9673,10.0,10.0,0.0,0.0,2015,6,0.001033805437816603,1.0
2015-06-29,9673,10.0,10.0,0.0,0.0,2015,6,0.001033805437816603,1.0
2015-06-30,9673,10.0,10.0,1.0,0.0,2015,6,0.001033805437816603,1.0
2015-07-01,9673,3.0,3.0,1.0,0.0,2015,7,0.00031014163134498085,1.0
2015-07-02,9673,2.0,2.0,0.0,0.0,2015,7,0.00020676108756332058,1.0
2015-07-03,9673,3.0,4.0,0.0,0.0,2015,7,0.00031014163134498085,1.0
2015-07-04,9673,3.0,3.0,0.0,0.0,2015,7,0.00031014163134498085,1.0
2015-07-05,9673,2.0,2.0,0.0,0.0,2015,7,0.00020676108756332058,1.0
2015-07-06,9673,0.0,0.0,0.0,0.0,2015,7,0.0,1.0
2015-07-07,9673,2.0,2.0,1.0,0.0,2015,7,0.00020676108756332058,1.0
2015-07-08,9673,1.0,1.0,0.0,0.0,2015,7,0.00010338054378166029,1.0
2015-07-09,9673,2.0,2.0,0.0,0.0,2015,7,0.00020676108756332058,1.0
2015-07-10,9673,9.0,9.0,1.0,0.0,2015,7,0.0009304248940349427,1.0
2015-07-11,9673,9.0,10.0,0.0,0.0,2015,7,0.0009304248940349427,1.0
2015-07-12,9673,13.0,14.0,0.0,0.0,2015,7,0.0013439470691615839,1.0
2015-07-13,9673,7.0,7.0,0.0,0.0,2015,7,0.0007236638064716221,1.0
2015-07-14,9673,10.0,10.0,0.0,0.0,2015,7,0.001033805437816603,1.0
2015-07-15,9673,5.0,5.0,0.0,0.0,2015,7,0.0005169027189083015,1.0
2015-07-16,9673,2.0,2.0,0.0,0.0,2015,7,0.00020676108756332058,1.0
2015-07-17,9673,2.0,2.0,0.0,0.0,2015,7,0.00020676108756332058,1.0
2015-07-18,9673,1.0,1.0,0.0,0.0,2015,7,0.00010338054378166029,1.0
2015-07-19,9673,0.0,0.0,0.0,0.0,2015,7,0.0,1.0
2015-07-20,9673,3.0,3.0,0.0,0.0,2015,7,0.00031014163134498085,1.0
2015-07-21,9673,4.0,4.0,0.0,0.0,2015,7,0.00041352217512664115,1.0
2015-07-22,9673,3.0,3.0,0.0,0.0,2015,7,0.00031014163134498085,1.0
2015-07-23,9673,4.0,4.0,1.0,0.0,2015,7,0.00041352217512664115,1.0
2015-07-24,9673,2.0,2.0,0.0,0.0,2015,7,0.00020676108756332058,1.0
2015-07-25,9673,12.0,13.0,0.0,0.0,2015,7,0.0012405665253799234,1.0
2015-07-26,9673,7.0,9.0,0.0,0.0,2015,7,0.0007236638064716221,1.0
2015-07-27,9673,7.0,7.0,0.0,0.0,2015,7,0.0007236638064716221,1.0
2015-07-28,9673,4.0,4.0,0.0,0.0,2015,7,0.00041352217512664115,1.0
2015-07-29,9673,3.0,3.0,0.0,0.0,2015,7,0.00031014163134498085,1.0
2015-07-30,9673,9.0,10.0,0.0,0.0,2015,7,0.0009304248940349427,1.0
2015-07-31,9673,24.0,24.0,0.0,0.0,2015,7,0.002481133050759847,1.0
2015-08-01,9673,16.0,17.0,0.0,0.0,2015,8,0.0016540887005065646,1.0
2015-08-02,9673,5.0,5.0,0.0,0.0,2015,8,0.0005169027189083015,1.0
2015-08-03,9673,3.0,3.0,0.0,0.0,2015,8,0.00031014163134498085,1.0
2015-08-04,9673,9.0,9.0,0.0,0.0,2015,8,0.0009304248940349427,1.0
2015-08-05,9673,2.0,2.0,0.0,0.0,2015,8,0.00020676108756332058,1.0
2015-08-06,9673,4.0,4.0,0.0,0.0,2015,8,0.00041352217512664115,1.0
2015-08-07,9673,4.0,4.0,0.0,0.0,2015,8,0.00041352217512664115,1.0
2015-08-08,9673,6.0,6.0,0.0,0.0,2015,8,0.0006202832626899617,1.0
2015-08-09,9673,7.0,7.0,0.0,0.0,2015,8,0.0007236638064716221,1.0
2015-08-10,9673,4.0,4.0,0.0,0.0,2015,8,0.00041352217512664115,1.0
2015-08-11,9673,5.0,5.0,0.0,0.0,2015,8,0.0005169027189083015,1.0
2015-08-12,9673,4.0,4.0,0.0,0.0,2015,8,0.00041352217512664115,1.0
2015-08-13,9673,7.0,7.0,0.0,0.0,2015,8,0.0007236638064716221,1.0
2015-08-14,9673,10.0,11.0,0.0,0.0,2015,8,0.001033805437816603,1.0
2015-08-15,9673,4.0,4.0,0.0,0.0,2015,8,0.00041352217512664115,1.0
2015-08-16,9673,5.0,5.0,0.0,0.0,2015,8,0.0005169027189083015,1.0
2015-08-17,9673,2.0,2.0,0.0,0.0,2015,8,0.00020676108756332058,1.0
2015-08-18,9673,3.0,3.0,0.0,0.0,2015,8,0.00031014163134498085,1.0
2015-08-19,9673,1.0,1.0,0.0,0.0,2015,8,0.00010338054378166029,1.0
2015-08-20,9673,2.0,2.0,0.0,0.0,2015,8,0.00020676108756332058,1.0
2015-08-21,9673,0.0,0.0,0.0,0.0,2015,8,0.0,1.0
2015-08-22,9673,1.0,1.0,0.0,0.0,2015,8,0.00010338054378166029,1.0
2015-08-23,9673,1.0,1.0,0.0,0.0,2015,8,0.00010338054378166029,1.0
2015-08-24,9673,1.0,1.0,0.0,0.0,2015,8,0.00010338054378166029,1.0
2015-08-25,9673,0.0,0.0,0.0,0.0,2015,8,0.0,1.0
2015-08-26,9673,1.0,1.0,0.0,0.0,2015,8,0.00010338054378166029,1.0
2015-08-27,9673,0.0,0.0,0.0,0.0,2015,8,0.0,1.0
2015-08-28,9673,1.0,1.0,0.0,0.0,2015,8,0.00010338054378166029,1.0
2015-08-29,9673,2.0,2.0,0.0,0.0,2015,8,0.00020676108756332058,1.0
2015-08-30,9673,0.0,0.0,0.0,0.0,2015,8,0.0,1.0
2015-08-31,9673,1.0,1.0,0.0,0.0,2015,8,0.00010338054378166029,1.0
2015-09-01,9673,1.0,1.0,0.0,0.0,2015,9,0.00010338054378166029,1.0
2015-09-02,9673,4.0,4.0,0.0,0.0,2015,9,0.00041352217512664115,1.0
2015-09-03,9673,1.0,1.0,0.0,0.0,2015,9,0.00010338054378166029,1.0
2015-09-04,9673,6.0,6.0,0.0,0.0,2015,9,0.0006202832626899617,1.0
2015-09-05,9673,4.0,4.0,0.0,0.0,2015,9,0.00041352217512664115,1.0
2015-09-06,9673,4.0,4.0,0.0,8.0,2015,9,0.00041352217512664115,0.9991729556497467
2015-09-07,9673,2.0,2.0,0.0,0.0,2015,9,0.00020676108756332058,1.0
2015-09-08,9673,2.0,2.0,0.0,0.0,2015,9,0.00020676108756332058,1.0
2015-09-09,9673,1.0,1.0,0.0,0.0,2015,9,0.00010338054378166029,1.0
2015-09-10,9673,0.0,0.0,0.0,0.0,2015,9,0.0,1.0
2015-09-11,9673,0.0,0.0,0.0,8.0,2015,9,0.0,0.9991729556497467
2015-09-12,9673,0.0,0.0,0.0,0.0,2015,9,0.0,1.0
2015-09-13,9673,0.0,0.0,0.0,0.0,2015,9,0.0,1.0
2015-09-14,9673,2.0,2.0,0.0,0.0,2015,9,0.00020676108756332058,1.0
2015-09-15,9673,2.0,3.0,0.0,0.0,2015,9,0.00020676108756332058,1.0
2015-09-16,9673,2.0,2.0,0.0,0.0,2015,9,0.00020676108756332058,1.0
2015-09-17,9673,2.0,2.0,0.0,0.0,2015,9,0.00020676108756332058,1.0
2015-09-18,9673,0.0,0.0,0.0,0.0,2015,9,0.0,1.0
2015-09-19,9673,0.0,0.0,0.0,0.0,2015,9,0.0,1.0
2015-09-20,9673,2.0,2.0,0.0,0.0,2015,9,0.00020676108756332058,1.0
2015-09-21,9673,1.0,1.0,0.0,0.0,2015,9,0.00010338054378166029,1.0
2015-09-22,9673,2.0,2.0,0.0,0.0,2015,9,0.00020676108756332058,1.0
2015-09-23,9673,2.0,2.0,0.0,0.0,2015,9,0.00020676108756332058,1.0
2015-09-24,9673,1.0,1.0,0.0,0.0,2015,9,0.00010338054378166029,1.0
2015-09-25,9673,4.0,4.0,0.0,0.0,2015,9,0.00041352217512664115,1.0
2015-09-26,9673,3.0,3.0,0.0,0.0,2015,9,0.00031014163134498085,1.0
2015-09-27,9673,1.0,1.0,0.0,0.0,2015,9,0.00010338054378166029,1.0
2015-09-28,9673,0.0,0.0,0.0,0.0,2015,9,0.0,1.0
2015-09-29,9673,1.0,1.0,0.0,0.0,2015,9,0.00010338054378166029,1.0
2015-09-30,9673,3.0,3.0,0.0,0.0,2015,9,0.00031014163134498085,1.0
2015-10-01,9673,1.0,1.0,0.0,0.0,2015,10,0.00010338054378166029,1.0
2015-10-02,9673,1.0,1.0,0.0,0.0,2015,10,0.00010338054378166029,1.0
2015-10-03,9673,3.0,3.0,0.0,0.0,2015,10,0.00031014163134498085,1.0
2015-10-04,9673,1.0,1.0,0.0,0.0,2015,10,0.00010338054378166029,1.0
2015-10-05,9673,1.0,1.0,1.0,0.0,2015,10,0.00010338054378166029,1.0
2015-10-06,9673,0.0,0.0,0.0,0.0,2015,10,0.0,1.0
2015-10-07,9673,0.0,0.0,0.0,0.0,2015,10,0.0,1.0
2015-10-08,9673,1.0,1.0,0.0,0.0,2015,10,0.00010338054378166029,1.0
2015-10-09,9673,1.0,1.0,0.0,0.0,2015,10,0.00010338054378166029,1.0
2015-10-10,9673,2.0,2.0,0.0,0.0,2015,10,0.00020676108756332058,1.0
2015-10-11,9673,0.0,0.0,0.0,0.0,2015,10,0.0,1.0
2015-10-12,9673,0.0,0.0,0.0,0.0,2015,10,0.0,1.0
2015-10-13,9673,0.0,0.0,0.0,0.0,2015,10,0.0,1.0
2015-10-14,9673,1.0,1.0,0.0,0.0,2015,10,0.00010338054378166029,1.0
2015-10-15,9673,0.0,0.0,0.0,0.0,2015,10,0.0,1.0
2015-10-16,9673,1.0,1.0,0.0,0.0,2015,10,0.00010338054378166029,1.0
2015-10-17,9673,0.0,0.0,0.0,0.0,2015,10,0.0,1.0
2015-10-18,9673,0.0,0.0,0.0,0.0,2015,10,0.0,1.0
2015-10-19,9673,0.0,0.0,0.0,0.0,2015,10,0.0,1.0
2015-10-20,9673,0.0,0.0,0.0,0.0,2015,10,0.0,1.0
2015-10-21,9673,0.0,0.0,0.0,0.0,2015,10,0.0,1.0
2015-10-22,9673,0.0,0.0,0.0,0.0,2015,10,0.0,1.0
2015-10-23,9673,0.0,0.0,0.0,0.0,2015,10,0.0,1.0
2015-10-24,9673,1.0,1.0,0.0,0.0,2015,10,0.00010338054378166029,1.0
2015-10-25,9673,0.0,0.0,0.0,0.0,2015,10,0.0,1.0
2015-10-26,9673,0.0,0.0,0.0,0.0,2015,10,0.0,1.0
2015-10-27,9673,0.0,0.0,0.0,0.0,2015,10,0.0,1.0
2015-10-28,9673,0.0,0.0,0.0,0.0,2015,10,0.0,1.0
2015-10-29,9673,0.0,0.0,0.0,0.0,2015,10,0.0,1.0
2015-10-30,9673,1.0,1.0,0.0,0.0,2015,10,0.00010338054378166029,1.0
2015-10-31,9673,0.0,0.0,0.0,0.0,2015,10,0.0,1.0
2016-05-01,9673,9.0,11.0,0.0,3225.0,2016,5,0.0009304248940349427,0.6665977463041455
2016-05-02,9673,10.0,12.0,0.0,0.0,2016,5,0.001033805437816603,1.0
2016-05-03,9673,2.0,3.0,0.0,0.0,2016,5,0.00020676108756332058,1.0
2016-05-04,9673,1.0,3.0,0.0,0.0,2016,5,0.00010338054378166029,1.0
2016-05-05,9673,8.0,8.0,2.0,4329.0,2016,5,0.0008270443502532823,0.5524656259691926
2016-05-06,9673,4.0,4.0,0.0,4398.0,2016,5,0.00041352217512664115,0.545332368448258
2016-05-07,9673,5.0,6.0,0.0,0.0,2016,5,0.0005169027189083015,1.0
2016-05-08,9673,5.0,7.0,0.0,0.0,2016,5,0.0005169027189083015,1.0
2016-05-09,9673,6.0,7.0,0.0,0.0,2016,5,0.0006202832626899617,1.0
2016-05-10,9673,8.0,8.0,0.0,0.0,2016,5,0.0008270443502532823,1.0
2016-05-11,9673,9.0,9.0,0.0,0.0,2016,5,0.0009304248940349427,1.0
2016-05-12,9673,2.0,2.0,0.0,6708.0,2016,5,0.00020676108756332058,0.30652331231262275
2016-05-13,9673,1.0,1.0,0.0,0.0,2016,5,0.00010338054378166029,1.0
2016-05-14,9673,2.0,3.0,0.0,0.0,2016,5,0.00020676108756332058,1.0
2016-05-15,9673,2.0,2.0,0.0,0.0,2016,5,0.00020676108756332058,1.0
2016-05-16,9673,4.0,4.0,0.0,0.0,2016,5,0.00041352217512664115,1.0
2016-05-17,9673,8.0,9.0,0.0,0.0,2016,5,0.0008270443502532823,1.0
2016-05-18,9673,6.0,6.0,0.0,0.0,2016,5,0.0006202832626899617,1.0
2016-05-19,9673,7.0,7.0,0.0,0.0,2016,5,0.0007236638064716221,1.0
2016-05-20,9673,2.0,2.0,0.0,0.0,2016,5,0.00020676108756332058,1.0
2016-05-21,9673,8.0,8.0,0.0,0.0,2016,5,0.0008270443502532823,1.0
2016-05-22,9673,17.0,19.0,1.0,0.0,2016,5,0.0017574692442882249,1.0
2016-05-23,9673,22.0,24.0,4.0,0.0,2016,5,0.0022743719631965263,1.0
2016-05-24,9673,5.0,5.0,0.0,0.0,2016,5,0.0005169027189083015,1.0
2016-05-25,9673,3.0,3.0,0.0,0.0,2016,5,0.00031014163134498085,1.0
2016-05-26,9673,0.0,0.0,0.0,0.0,2016,5,0.0,1.0
2016-05-27,9673,0.0,0.0,0.0,0.0,2016,5,0.0,1.0
2016-05-28,9673,0.0,0.0,0.0,0.0,2016,5,0.0,1.0
2016-05-29,9673,0.0,0.0,0.0,0.0,2016,5,0.0,1.0
2016-05-30,9673,0.0,0.0,0.0,0.0,2016,5,0.0,1.0
2016-05-31,9673,3.0,3.0,0.0,0.0,2016,5,0.00031014163134498085,1.0
2016-06-01,9673,0.0,0.0,0.0,7272.0,2016,6,0.0,0.2482166856197664
2016-06-02,9673,1.0,1.0,0.0,43.0,2016,6,0.00010338054378166029,0.9955546366173886
2016-06-03,9673,1.0,1.0,0.0,8.0,2016,6,0.00010338054378166029,0.9991729556497467
2016-06-04,9673,2.0,2.0,0.0,0.0,2016,6,0.00020676108756332058,1.0
2016-06-05,9673,0.0,0.0,0.0,0.0,2016,6,0.0,1.0
2016-06-06,9673,0.0,0.0,0.0,0.0,2016,6,0.0,1.0
2016-06-07,9673,0.0,0.0,0.0,0.0,2016,6,0.0,1.0
2016-06-08,9673,0.0,0.0,0.0,0.0,2016,6,0.0,1.0
2016-06-09,9673,4.0,5.0,0.0,0.0,2016,6,0.00041352217512664115,1.0
2016-06-10,9673,3.0,3.0,0.0,0.0,2016,6,0.00031014163134498085,1.0
2016-06-11,9673,1.0,1.0,0.0,0.0,2016,6,0.00010338054378166029,1.0
2016-06-12,9673,1.0,1.0,0.0,0.0,2016,6,0.00010338054378166029,1.0
2016-06-13,9673,1.0,1.0,0.0,0.0,2016,6,0.00010338054378166029,1.0
2016-06-14,9673,1.0,1.0,0.0,0.0,2016,6,0.00010338054378166029,1.0
2016-06-15,9673,4.0,4.0,0.0,0.0,2016,6,0.00041352217512664115,1.0
2016-06-16,9673,5.0,5.0,0.0,0.0,2016,6,0.0005169027189083015,1.0
2016-06-17,9673,9.0,9.0,0.0,0.0,2016,6,0.0009304248940349427,1.0
2016-06-18,9673,10.0,10.0,0.0,0.0,2016,6,0.001033805437816603,1.0
2016-06-19,9673,8.0,8.0,0.0,0.0,2016,6,0.0008270443502532823,1.0
2016-06-20,9673,25.0,26.0,0.0,0.0,2016,6,0.0025845135945415073,1.0
2016-06-21,9673,5.0,13.0,0.0,0.0,2016,6,0.0005169027189083015,1.0
2016-06-22,9673,4.0,4.0,0.0,0.0,2016,6,0.00041352217512664115,1.0
2016-06-23,9673,3.0,3.0,0.0,0.0,2016,6,0.00031014163134498085,1.0
2016-06-24,9673,7.0,7.0,0.0,0.0,2016,6,0.0007236638064716221,1.0
2016-06-25,9673,11.0,11.0,0.0,0.0,2016,6,0.0011371859815982632,1.0
2016-06-26,9673,5.0,5.0,0.0,0.0,2016,6,0.0005169027189083015,1.0
2016-06-27,9673,7.0,7.0,0.0,0.0,2016,6,0.0007236638064716221,1.0
2016-06-28,9673,2.0,2.0,0.0,0.0,2016,6,0.00020676108756332058,1.0
2016-06-29,9673,5.0,5.0,0.0,0.0,2016,6,0.0005169027189083015,1.0
2016-06-30,9673,2.0,2.0,0.0,0.0,2016,6,0.00020676108756332058,1.0
2016-07-01,9673,5.0,5.0,1.0,0.0,2016,7,0.0005169027189083015,1.0
2016-07-02,9673,1.0,1.0,0.0,0.0,2016,7,0.00010338054378166029,1.0
2016-07-03,9673,8.0,8.0,0.0,0.0,2016,7,0.0008270443502532823,1.0
2016-07-04,9673,6.0,6.0,0.0,0.0,2016,7,0.0006202832626899617,1.0
2016-07-05,9673,0.0,0.0,0.0,0.0,2016,7,0.0,1.0
2016-07-06,9673,1.0,1.0,0.0,0.0,2016,7,0.00010338054378166029,1.0
2016-07-07,9673,1.0,1.0,0.0,0.0,2016,7,0.00010338054378166029,1.0
2016-07-08,9673,4.0,4.0,0.0,0.0,2016,7,0.00041352217512664115,1.0
2016-07-09,9673,4.0,4.0,0.0,0.0,2016,7,0.00041352217512664115,1.0
2016-07-10,9673,1.0,1.0,0.0,0.0,2016,7,0.00010338054378166029,1.0
2016-07-11,9673,1.0,1.0,0.0,0.0,2016,7,0.00010338054378166029,1.0
2016-07-12,9673,5.0,5.0,0.0,0.0,2016,7,0.0005169027189083015,1.0
2016-07-13,9673,6.0,6.0,0.0,0.0,2016,7,0.0006202832626899617,1.0
2016-07-14,9673,3.0,3.0,0.0,0.0,2016,7,0.00031014163134498085,1.0
2016-07-15,9673,1.0,1.0,0.0,0.0,2016,7,0.00010338054378166029,1.0
2016-07-16,9673,0.0,0.0,0.0,0.0,2016,7,0.0,1.0
2016-07-17,9673,5.0,5.0,0.0,0.0,2016,7,0.0005169027189083015,1.0
2016-07-18,9673,0.0,0.0,0.0,0.0,2016,7,0.0,1.0
2016-07-19,9673,2.0,2.0,0.0,0.0,2016,7,0.00020676108756332058,1.0
2016-07-20,9673,9.0,9.0,0.0,0.0,2016,7,0.0009304248940349427,1.0
2016-07-21,9673,25.0,25.0,0.0,0.0,2016,7,0.0025845135945415073,1.0
2016-07-22,9673,9.0,9.0,0.0,0.0,2016,7,0.0009304248940349427,1.0
2016-07-23,9673,7.0,7.0,0.0,43.0,2016,7,0.0007236638064716221,0.9955546366173886
2016-07-24,9673,5.0,5.0,0.0,0.0,2016,7,0.0005169027189083015,1.0
2016-07-25,9673,8.0,8.0,0.0,0.0,2016,7,0.0008270443502532823,1.0
2016-07-26,9673,4.0,4.0,0.0,0.0,2016,7,0.00041352217512664115,1.0
2016-07-27,9673,3.0,3.0,0.0,0.0,2016,7,0.00031014163134498085,1.0
2016-07-28,9673,7.0,7.0,0.0,0.0,2016,7,0.0007236638064716221,1.0
2016-07-29,9673,3.0,3.0,0.0,0.0,2016,7,0.00031014163134498085,1.0
2016-07-30,9673,5.0,5.0,0.0,0.0,2016,7,0.0005169027189083015,1.0
2016-07-31,9673,5.0,5.0,0.0,0.0,2016,7,0.0005169027189083015,1.0
2016-08-01,9673,13.0,13.0,0.0,0.0,2016,8,0.0013439470691615839,1.0
2016-08-02,9673,8.0,8.0,0.0,0.0,2016,8,0.0008270443502532823,1.0
2016-08-03,9673,12.0,12.0,0.0,0.0,2016,8,0.0012405665253799234,1.0
2016-08-04,9673,8.0,8.0,0.0,0.0,2016,8,0.0008270443502532823,1.0
2016-08-05,9673,7.0,7.0,0.0,0.0,2016,8,0.0007236638064716221,1.0
2016-08-06,9673,3.0,4.0,0.0,0.0,2016,8,0.00031014163134498085,1.0
2016-08-07,9673,8.0,8.0,0.0,0.0,2016,8,0.0008270443502532823,1.0
2016-08-08,9673,10.0,10.0,0.0,0.0,2016,8,0.001033805437816603,1.0
2016-08-09,9673,14.0,14.0,0.0,0.0,2016,8,0.0014473276129432441,1.0
2016-08-10,9673,7.0,7.0,0.0,0.0,2016,8,0.0007236638064716221,1.0
2016-08-11,9673,2.0,2.0,0.0,0.0,2016,8,0.00020676108756332058,1.0
2016-08-12,9673,1.0,1.0,0.0,0.0,2016,8,0.00010338054378166029,1.0
2016-08-13,9673,1.0,1.0,0.0,0.0,2016,8,0.00010338054378166029,1.0
2016-08-14,9673,0.0,0.0,0.0,0.0,2016,8,0.0,1.0
2016-08-15,9673,2.0,2.0,0.0,0.0,2016,8,0.00020676108756332058,1.0
2016-08-16,9673,3.0,3.0,0.0,0.0,2016,8,0.00031014163134498085,1.0
2016-08-17,9673,1.0,1.0,0.0,0.0,2016,8,0.00010338054378166029,1.0
2016-08-18,9673,1.0,1.0,0.0,0.0,2016,8,0.00010338054378166029,1.0
2016-08-19,9673,0.0,0.0,0.0,0.0,2016,8,0.0,1.0
2016-08-20,9673,0.0,0.0,0.0,0.0,2016,8,0.0,1.0
2016-08-21,9673,4.0,4.0,0.0,0.0,2016,8,0.00041352217512664115,1.0
2016-08-22,9673,1.0,1.0,0.0,0.0,2016,8,0.00010338054378166029,1.0
2016-08-23,9673,0.0,0.0,0.0,0.0,2016,8,0.0,1.0
2016-08-24,9673,0.0,0.0,0.0,0.0,2016,8,0.0,1.0
2016-08-25,9673,1.0,1.0,0.0,0.0,2016,8,0.00010338054378166029,1.0
2016-08-26,9673,3.0,3.0,0.0,0.0,2016,8,0.00031014163134498085,1.0
2016-08-27,9673,0.0,0.0,0.0,0.0,2016,8,0.0,1.0
2016-08-28,9673,0.0,0.0,0.0,0.0,2016,8,0.0,1.0
2016-08-29,9673,0.0,0.0,0.0,0.0,2016,8,0.0,1.0
2016-08-30,9673,0.0,0.0,0.0,8.0,2016,8,0.0,0.9991729556497467
2016-08-31,9673,1.0,1.0,0.0,0.0,2016,8,0.00010338054378166029,1.0
2016-09-01,9673,3.0,3.0,0.0,0.0,2016,9,0.00031014163134498085,1.0
2016-09-02,9673,1.0,1.0,0.0,0.0,2016,9,0.00010338054378166029,1.0
2016-09-03,9673,0.0,0.0,0.0,0.0,2016,9,0.0,1.0
2016-09-04,9673,3.0,3.0,0.0,43.0,2016,9,0.00031014163134498085,0.9955546366173886
2016-09-05,9673,5.0,5.0,0.0,0.0,2016,9,0.0005169027189083015,1.0
2016-09-06,9673,1.0,1.0,0.0,0.0,2016,9,0.00010338054378166029,1.0
2016-09-07,9673,0.0,0.0,0.0,0.0,2016,9,0.0,1.0
2016-09-08,9673,0.0,0.0,0.0,0.0,2016,9,0.0,1.0
2016-09-09,9673,0.0,0.0,0.0,0.0,2016,9,0.0,1.0
2016-09-10,9673,0.0,0.0,0.0,0.0,2016,9,0.0,1.0
2016-09-11,9673,0.0,0.0,0.0,0.0,2016,9,0.0,1.0
2016-09-12,9673,1.0,1.0,0.0,0.0,2016,9,0.00010338054378166029,1.0
2016-09-13,9673,0.0,0.0,0.0,0.0,2016,9,0.0,1.0
2016-09-14,9673,0.0,0.0,0.0,43.0,2016,9,0.0,0.9955546366173886
2016-09-15,9673,1.0,1.0,0.0,0.0,2016,9,0.00010338054378166029,1.0
2016-09-16,9673,2.0,2.0,0.0,0.0,2016,9,0.00020676108756332058,1.0
2016-09-17,9673,0.0,0.0,0.0,0.0,2016,9,0.0,1.0
2016-09-18,9673,1.0,1.0,0.0,0.0,2016,9,0.00010338054378166029,1.0
2016-09-19,9673,0.0,0.0,0.0,0.0,2016,9,0.0,1.0
2016-09-20,9673,0.0,0.0,0.0,0.0,2016,9,0.0,1.0
2016-09-21,9673,0.0,0.0,0.0,0.0,2016,9,0.0,1.0
2016-09-22,9673,0.0,0.0,0.0,0.0,2016,9,0.0,1.0
2016-09-23,9673,1.0,1.0,0.0,0.0,2016,9,0.00010338054378166029,1.0
2016-09-24,9673,0.0,0.0,0.0,0.0,2016,9,0.0,1.0
2016-09-25,9673,1.0,1.0,0.0,0.0,2016,9,0.00010338054378166029,1.0
2016-09-26,9673,0.0,0.0,0.0,0.0,2016,9,0.0,1.0
2016-09-27,9673,0.0,0.0,0.0,0.0,2016,9,0.0,1.0
2016-09-28,9673,0.0,0.0,0.0,0.0,2016,9,0.0,1.0
2016-09-29,9673,0.0,0.0,0.0,0.0,2016,9,0.0,1.0
2016-09-30,9673,1.0,1.0,0.0,0.0,2016,9,0.00010338054378166029,1.0
2016-10-01,9673,1.0,1.0,0.0,0.0,2016,10,0.00010338054378166029,1.0
2016-10-02,9673,1.0,1.0,0.0,0.0,2016,10,0.00010338054378166029,1.0
2016-10-03,9673,1.0,1.0,1.0,0.0,2016,10,0.00010338054378166029,1.0
2016-10-04,9673,0.0,0.0,0.0,0.0,2016,10,0.0,1.0
2016-10-05,9673,0.0,0.0,0.0,0.0,2016,10,0.0,1.0
2016-10-06,9673,0.0,0.0,0.0,0.0,2016,10,0.0,1.0
2016-10-07,9673,1.0,1.0,0.0,0.0,2016,10,0.00010338054378166029,1.0
2016-10-08,9673,0.0,0.0,0.0,0.0,2016,10,0.0,1.0
2016-10-09,9673,0.0,0.0,0.0,0.0,2016,10,0.0,1.0
2016-10-10,9673,1.0,1.0,0.0,0.0,2016,10,0.00010338054378166029,1.0
2016-10-11,9673,0.0,0.0,0.0,0.0,2016,10,0.0,1.0
2016-10-12,9673,0.0,0.0,0.0,0.0,2016,10,0.0,1.0
2016-10-13,9673,1.0,1.0,0.0,0.0,2016,10,0.00010338054378166029,1.0
2016-10-14,9673,1.0,1.0,0.0,0.0,2016,10,0.00010338054378166029,1.0
2016-10-15,9673,1.0,1.0,0.0,0.0,2016,10,0.00010338054378166029,1.0
2016-10-16,9673,0.0,0.0,0.0,0.0,2016,10,0.0,1.0
2016-10-17,9673,1.0,1.0,0.0,0.0,2016,10,0.00010338054378166029,1.0
2016-10-18,9673,0.0,0.0,0.0,0.0,2016,10,0.0,1.0
2016-10-19,9673,0.0,0.0,0.0,0.0,2016,10,0.0,1.0
2016-10-20,9673,0.0,0.0,0.0,0.0,2016,10,0.0,1.0
2016-10-21,9673,0.0,0.0,0.0,0.0,2016,10,0.0,1.0
2016-10-22,9673,0.0,0.0,0.0,0.0,2016,10,0.0,1.0
2016-10-23,9673,0.0,0.0,0.0,0.0,2016,10,0.0,1.0
2016-10-24,9673,0.0,0.0,0.0,0.0,2016,10,0.0,1.0
2016-10-25,9673,0.0,0.0,0.0,0.0,2016,10,0.0,1.0
2016-10-26,9673,1.0,1.0,0.0,0.0,2016,10,0.00010338054378166029,1.0
2016-10-27,9673,0.0,0.0,0.0,0.0,2016,10,0.0,1.0
2016-10-28,9673,0.0,0.0,0.0,0.0,2016,10,0.0,1.0
2016-10-29,9673,1.0,1.0,0.0,0.0,2016,10,0.00010338054378166029,1.0
2016-10-30,9673,0.0,0.0,0.0,0.0,2016,10,0.0,1.0
2016-10-31,9673,0.0,0.0,0.0,0.0,2016,10,0.0,1.0
2017-05-01,9673,0.0,0.0,0.0,0.0,2017,5,0.0,1.0
2017-05-02,9673,0.0,0.0,0.0,0.0,2017,5,0.0,1.0
2017-05-03,9673,0.0,0.0,0.0,0.0,2017,5,0.0,1.0
2017-05-04,9673,1.0,1.0,0.0,0.0,2017,5,0.00010338054378166029,1.0
2017-05-05,9673,1.0,1.0,0.0,0.0,2017,5,0.00010338054378166029,1.0
2017-05-06,9673,2.0,2.0,0.0,0.0,2017,5,0.00020676108756332058,1.0
2017-05-07,9673,3.0,3.0,0.0,0.0,2017,5,0.00031014163134498085,1.0
2017-05-08,9673,6.0,6.0,0.0,0.0,2017,5,0.0006202832626899617,1.0
2017-05-09,9673,1.0,1.0,0.0,0.0,2017,5,0.00010338054378166029,1.0
2017-05-10,9673,4.0,4.0,0.0,0.0,2017,5,0.00041352217512664115,1.0
2017-05-11,9673,1.0,1.0,0.0,0.0,2017,5,0.00010338054378166029,1.0
2017-05-12,9673,1.0,1.0,0.0,0.0,2017,5,0.00010338054378166029,1.0
2017-05-13,9673,1.0,1.0,0.0,0.0,2017,5,0.00010338054378166029,1.0
2017-05-14,9673,6.0,6.0,0.0,0.0,2017,5,0.0006202832626899617,1.0
2017-05-15,9673,0.0,0.0,0.0,0.0,2017,5,0.0,1.0
2017-05-16,9673,1.0,1.0,0.0,0.0,2017,5,0.00010338054378166029,1.0
2017-05-17,9673,0.0,0.0,0.0,0.0,2017,5,0.0,1.0
2017-05-18,9673,4.0,4.0,0.0,0.0,2017,5,0.00041352217512664115,1.0
2017-05-19,9673,5.0,5.0,0.0,0.0,2017,5,0.0005169027189083015,1.0
2017-05-20,9673,2.0,2.0,0.0,0.0,2017,5,0.00020676108756332058,1.0
2017-05-21,9673,1.0,1.0,0.0,0.0,2017,5,0.00010338054378166029,1.0
2017-05-22,9673,0.0,0.0,0.0,0.0,2017,5,0.0,1.0
2017-05-23,9673,1.0,1.0,0.0,0.0,2017,5,0.00010338054378166029,1.0
2017-05-24,9673,2.0,2.0,0.0,0.0,2017,5,0.00020676108756332058,1.0
2017-05-25,9673,1.0,1.0,0.0,0.0,2017,5,0.00010338054378166029,1.0
2017-05-26,9673,1.0,1.0,0.0,0.0,2017,5,0.00010338054378166029,1.0
2017-05-27,9673,0.0,0.0,0.0,0.0,2017,5,0.0,1.0
2017-05-28,9673,0.0,0.0,0.0,0.0,2017,5,0.0,1.0
2017-05-29,9673,1.0,1.0,0.0,7445.0,2017,5,0.00010338054378166029,0.23033185154553915
2017-05-30,9673,0.0,0.0,0.0,7445.0,2017,5,0.0,0.23033185154553915
2017-05-31,9673,0.0,0.0,0.0,7445.0,2017,5,0.0,0.23033185154553915
2017-06-01,9673,2.0,2.0,0.0,0.0,2017,6,0.00020676108756332058,1.0
2017-06-02,9673,1.0,1.0,0.0,7445.0,2017,6,0.00010338054378166029,0.23033185154553915
2017-06-03,9673,3.0,3.0,0.0,6710.0,2017,6,0.00031014163134498085,0.3063165512250594
2017-06-04,9673,0.0,0.0,0.0,7445.0,2017,6,0.0,0.23033185154553915
2017-06-05,9673,1.0,1.0,0.0,7445.0,2017,6,0.00010338054378166029,0.23033185154553915
2017-06-06,9673,2.0,2.0,0.0,7445.0,2017,6,0.00020676108756332058,0.23033185154553915
2017-06-07,9673,1.0,1.0,0.0,7445.0,2017,6,0.00010338054378166029,0.23033185154553915
2017-06-08,9673,1.0,1.0,0.0,7445.0,2017,6,0.00010338054378166029,0.23033185154553915
2017-06-09,9673,2.0,2.0,0.0,7445.0,2017,6,0.00020676108756332058,0.23033185154553915
2017-06-10,9673,9.0,9.0,0.0,7445.0,2017,6,0.0009304248940349427,0.23033185154553915
2017-06-11,9673,1.0,1.0,1.0,7445.0,2017,6,0.00010338054378166029,0.23033185154553915
2017-06-12,9673,1.0,1.0,0.0,7445.0,2017,6,0.00010338054378166029,0.23033185154553915
2017-06-13,9673,3.0,3.0,0.0,0.0,2017,6,0.00031014163134498085,1.0
2017-06-14,9673,3.0,3.0,1.0,0.0,2017,6,0.00031014163134498085,1.0
2017-06-15,9673,0.0,0.0,0.0,0.0,2017,6,0.0,1.0
2017-06-16,9673,1.0,1.0,0.0,7445.0,2017,6,0.00010338054378166029,0.23033185154553915
2017-06-17,9673,0.0,0.0,0.0,0.0,2017,6,0.0,1.0
2017-06-18,9673,0.0,0.0,0.0,0.0,2017,6,0.0,1.0
2017-06-19,9673,0.0,0.0,0.0,0.0,2017,6,0.0,1.0
2017-06-20,9673,1.0,1.0,0.0,0.0,2017,6,0.00010338054378166029,1.0
2017-06-21,9673,1.0,1.0,0.0,0.0,2017,6,0.00010338054378166029,1.0
2017-06-22,9673,0.0,0.0,0.0,7445.0,2017,6,0.0,0.23033185154553915
2017-06-23,9673,1.0,1.0,0.0,0.0,2017,6,0.00010338054378166029,1.0
2017-06-24,9673,0.0,0.0,0.0,0.0,2017,6,0.0,1.0
2017-06-25,9673,0.0,0.0,0.0,0.0,2017,6,0.0,1.0
2017-06-26,9673,1.0,1.0,0.0,0.0,2017,6,0.00010338054378166029,1.0
2017-06-27,9673,1.0,1.0,0.0,0.0,2017,6,0.00010338054378166029,1.0
2017-06-28,9673,2.0,2.0,0.0,0.0,2017,6,0.00020676108756332058,1.0
2017-06-29,9673,1.0,1.0,0.0,7453.0,2017,6,0.00010338054378166029,0.22950480719528588
2017-06-30,9673,1.0,1.0,0.0,0.0,2017,6,0.00010338054378166029,1.0
2017-07-01,9673,2.0,2.0,1.0,7458.0,2017,7,0.00020676108756332058,0.2289879044763775
2017-07-02,9673,2.0,2.0,0.0,7123.0,2017,7,0.00020676108756332058,0.26362038664323373
2017-07-03,9673,2.0,2.0,0.0,7148.0,2017,7,0.00020676108756332058,0.26103587304869225
2017-07-04,9673,4.0,4.0,1.0,7123.0,2017,7,0.00041352217512664115,0.26362038664323373
2017-07-05,9673,7.0,7.0,1.0,7148.0,2017,7,0.0007236638064716221,0.26103587304869225
2017-07-06,9673,8.0,8.0,1.0,7178.0,2017,7,0.0008270443502532823,0.2579344567352424
2017-07-07,9673,5.0,5.0,0.0,7123.0,2017,7,0.0005169027189083015,0.26362038664323373
2017-07-08,9673,2.0,2.0,1.0,0.0,2017,7,0.00020676108756332058,1.0
2017-07-09,9673,1.0,1.0,0.0,0.0,2017,7,0.00010338054378166029,1.0
2017-07-10,9673,3.0,3.0,0.0,0.0,2017,7,0.00031014163134498085,1.0
2017-07-11,9673,1.0,1.0,0.0,7442.0,2017,7,0.00010338054378166029,0.23064199317688416
2017-07-12,9673,1.0,1.0,1.0,0.0,2017,7,0.00010338054378166029,1.0
2017-07-13,9673,3.0,3.0,0.0,0.0,2017,7,0.00031014163134498085,1.0
2017-07-14,9673,8.0,8.0,0.0,0.0,2017,7,0.0008270443502532823,1.0
2017-07-15,9673,3.0,3.0,0.0,0.0,2017,7,0.00031014163134498085,1.0
2017-07-16,9673,3.0,3.0,0.0,7442.0,2017,7,0.00031014163134498085,0.23064199317688416
2017-07-17,9673,4.0,4.0,0.0,7442.0,2017,7,0.00041352217512664115,0.23064199317688416
2017-07-18,9673,2.0,2.0,0.0,7442.0,2017,7,0.00020676108756332058,0.23064199317688416
2017-07-19,9673,1.0,1.0,1.0,0.0,2017,7,0.00010338054378166029,1.0
2017-07-20,9673,6.0,6.0,0.0,0.0,2017,7,0.0006202832626899617,1.0
2017-07-21,9673,2.0,2.0,0.0,7442.0,2017,7,0.00020676108756332058,0.23064199317688416
2017-07-22,9673,7.0,7.0,2.0,7442.0,2017,7,0.0007236638064716221,0.23064199317688416
2017-07-23,9673,2.0,2.0,0.0,7442.0,2017,7,0.00020676108756332058,0.23064199317688416
2017-07-24,9673,9.0,9.0,1.0,7442.0,2017,7,0.0009304248940349427,0.23064199317688416
2017-07-25,9673,22.0,22.0,1.0,0.0,2017,7,0.0022743719631965263,1.0
2017-07-26,9673,12.0,13.0,0.0,0.0,2017,7,0.0012405665253799234,1.0
2017-07-27,9673,9.0,9.0,1.0,7442.0,2017,7,0.0009304248940349427,0.23064199317688416
2017-07-28,9673,15.0,15.0,2.0,7442.0,2017,7,0.0015507081567249044,0.23064199317688416
2017-07-29,9673,44.0,46.0,7.0,7442.0,2017,7,0.004548743926393053,0.23064199317688416
2017-07-30,9673,20.0,20.0,1.0,0.0,2017,7,0.002067610875633206,1.0
2017-07-31,9673,16.0,17.0,1.0,7442.0,2017,7,0.0016540887005065646,0.23064199317688416
2017-08-01,9673,15.0,15.0,0.0,7442.0,2017,8,0.0015507081567249044,0.23064199317688416
2017-08-02,9673,12.0,12.0,0.0,0.0,2017,8,0.0012405665253799234,1.0
2017-08-03,9673,15.0,16.0,2.0,0.0,2017,8,0.0015507081567249044,1.0
2017-08-04,9673,7.0,7.0,0.0,7442.0,2017,8,0.0007236638064716221,0.23064199317688416
2017-08-05,9673,11.0,11.0,1.0,7442.0,2017,8,0.0011371859815982632,0.23064199317688416
2017-08-06,9673,21.0,22.0,0.0,7442.0,2017,8,0.0021709914194148663,0.23064199317688416
2017-08-07,9673,35.0,39.0,2.0,0.0,2017,8,0.00361831903235811,1.0
2017-08-08,9673,18.0,18.0,3.0,7350.0,2017,8,0.0018608497880698853,0.24015300320479682
2017-08-09,9673,16.0,17.0,0.0,0.0,2017,8,0.0016540887005065646,1.0
2017-08-10,9673,18.0,18.0,2.0,7203.0,2017,8,0.0018608497880698853,0.2553499431407009
2017-08-11,9673,25.0,25.0,1.0,0.0,2017,8,0.0025845135945415073,1.0
2017-08-12,9673,21.0,21.0,0.0,0.0,2017,8,0.0021709914194148663,1.0
2017-08-13,9673,34.0,36.0,0.0,0.0,2017,8,0.0035149384885764497,1.0
2017-08-14,9673,5.0,5.0,0.0,7442.0,2017,8,0.0005169027189083015,0.23064199317688416
2017-08-15,9673,14.0,14.0,1.0,7442.0,2017,8,0.0014473276129432441,0.23064199317688416
2017-08-16,9673,3.0,3.0,1.0,7442.0,2017,8,0.00031014163134498085,0.23064199317688416
2017-08-17,9673,7.0,7.0,0.0,7442.0,2017,8,0.0007236638064716221,0.23064199317688416
2017-08-18,9673,10.0,11.0,0.0,7442.0,2017,8,0.001033805437816603,0.23064199317688416
2017-08-19,9673,7.0,7.0,0.0,7442.0,2017,8,0.0007236638064716221,0.23064199317688416
2017-08-20,9673,17.0,18.0,0.0,7442.0,2017,8,0.0017574692442882249,0.23064199317688416
2017-08-21,9673,2.0,2.0,0.0,7442.0,2017,8,0.00020676108756332058,0.23064199317688416
2017-08-22,9673,1.0,1.0,0.0,0.0,2017,8,0.00010338054378166029,1.0
2017-08-23,9673,1.0,1.0,0.0,0.0,2017,8,0.00010338054378166029,1.0
2017-08-24,9673,7.0,7.0,0.0,0.0,2017,8,0.0007236638064716221,1.0
2017-08-25,9673,5.0,5.0,0.0,0.0,2017,8,0.0005169027189083015,1.0
2017-08-26,9673,2.0,2.0,0.0,0.0,2017,8,0.00020676108756332058,1.0
2017-08-27,9673,2.0,2.0,0.0,0.0,2017,8,0.00020676108756332058,1.0
2017-08-28,9673,5.0,5.0,0.0,0.0,2017,8,0.0005169027189083015,1.0
2017-08-29,9673,6.0,6.0,0.0,0.0,2017,8,0.0006202832626899617,1.0
2017-08-30,9673,11.0,11.0,0.0,0.0,2017,8,0.0011371859815982632,1.0
2017-08-31,9673,5.0,5.0,0.0,0.0,2017,8,0.0005169027189083015,1.0
2017-09-01,9673,6.0,6.0,0.0,0.0,2017,9,0.0006202832626899617,1.0
2017-09-02,9673,1.0,1.0,0.0,7347.0,2017,9,0.00010338054378166029,0.24046314483614184
2017-09-03,9673,2.0,2.0,0.0,0.0,2017,9,0.00020676108756332058,1.0
2017-09-04,9673,1.0,1.0,0.0,7442.0,2017,9,0.00010338054378166029,0.23064199317688416
2017-09-05,9673,0.0,0.0,0.0,7442.0,2017,9,0.0,0.23064199317688416
2017-09-06,9673,0.0,0.0,0.0,7442.0,2017,9,0.0,0.23064199317688416
2017-09-07,9673,1.0,1.0,0.0,7442.0,2017,9,0.00010338054378166029,0.23064199317688416
2017-09-08,9673,2.0,2.0,0.0,0.0,2017,9,0.00020676108756332058,1.0
2017-09-09,9673,3.0,3.0,0.0,7318.0,2017,9,0.00031014163134498085,0.24346118060581
2017-09-10,9673,3.0,3.0,0.0,0.0,2017,9,0.00031014163134498085,1.0
2017-09-11,9673,5.0,6.0,2.0,7442.0,2017,9,0.0005169027189083015,0.23064199317688416
2017-09-12,9673,1.0,1.0,0.0,7629.0,2017,9,0.00010338054378166029,0.2113098314897136
2017-09-13,9673,0.0,0.0,0.0,0.0,2017,9,0.0,1.0
2017-09-14,9673,1.0,1.0,0.0,7629.0,2017,9,0.00010338054378166029,0.2113098314897136
2017-09-15,9673,0.0,0.0,0.0,7629.0,2017,9,0.0,0.2113098314897136
2017-09-16,9673,1.0,1.0,0.0,7629.0,2017,9,0.00010338054378166029,0.2113098314897136
2017-09-17,9673,0.0,0.0,0.0,0.0,2017,9,0.0,1.0
2017-09-18,9673,1.0,1.0,0.0,0.0,2017,9,0.00010338054378166029,1.0
2017-09-19,9673,0.0,0.0,0.0,0.0,2017,9,0.0,1.0
2017-09-20,9673,0.0,0.0,0.0,0.0,2017,9,0.0,1.0
2017-09-21,9673,1.0,1.0,0.0,0.0,2017,9,0.00010338054378166029,1.0
2017-09-22,9673,2.0,2.0,0.0,0.0,2017,9,0.00020676108756332058,1.0
2017-09-23,9673,0.0,0.0,0.0,0.0,2017,9,0.0,1.0
2017-09-24,9673,3.0,3.0,0.0,0.0,2017,9,0.00031014163134498085,1.0
2017-09-25,9673,2.0,2.0,0.0,0.0,2017,9,0.00020676108756332058,1.0
2017-09-26,9673,0.0,0.0,0.0,0.0,2017,9,0.0,1.0
2017-09-27,9673,0.0,0.0,0.0,0.0,2017,9,0.0,1.0
2017-09-28,9673,0.0,0.0,0.0,0.0,2017,9,0.0,1.0
2017-09-29,9673,0.0,0.0,0.0,0.0,2017,9,0.0,1.0
2017-09-30,9673,1.0,1.0,0.0,0.0,2017,9,0.00010338054378166029,1.0
2017-10-01,9673,0.0,0.0,0.0,0.0,2017,10,0.0,1.0
2017-10-02,9673,0.0,0.0,0.0,0.0,2017,10,0.0,1.0
2017-10-03,9673,1.0,1.0,0.0,0.0,2017,10,0.00010338054378166029,1.0
2017-10-04,9673,0.0,0.0,0.0,0.0,2017,10,0.0,1.0
2017-10-05,9673,2.0,2.0,0.0,0.0,2017,10,0.00020676108756332058,1.0
2017-10-06,9673,0.0,0.0,0.0,0.0,2017,10,0.0,1.0
2017-10-07,9673,0.0,0.0,0.0,0.0,2017,10,0.0,1.0
2017-10-08,9673,0.0,0.0,0.0,0.0,2017,10,0.0,1.0
2017-10-09,9673,0.0,0.0,0.0,0.0,2017,10,0.0,1.0
2017-10-10,9673,0.0,0.0,0.0,6938.0,2017,10,0.0,0.28274578724284094
2017-10-11,9673,0.0,0.0,0.0,6938.0,2017,10,0.0,0.28274578724284094
2017-10-12,9673,2.0,2.0,0.0,0.0,2017,10,0.00020676108756332058,1.0
2017-10-13,9673,1.0,1.0,0.0,0.0,2017,10,0.00010338054378166029,1.0
2017-10-14,9673,0.0,0.0,0.0,0.0,2017,10,0.0,1.0
2017-10-15,9673,0.0,0.0,0.0,5929.0,2017,10,0.0,0.38705675591853617
2017-10-16,9673,1.0,1.0,0.0,4572.0,2017,10,0.00010338054378166029,0.5273441538302491
2017-10-17,9673,2.0,2.0,0.0,0.0,2017,10,0.00020676108756332058,1.0
2017-10-18,9673,15.0,16.0,0.0,0.0,2017,10,0.0015507081567249044,1.0
2017-10-19,9673,0.0,0.0,0.0,0.0,2017,10,0.0,1.0
2017-10-20,9673,1.0,1.0,0.0,3273.0,2017,10,0.00010338054378166029,0.6616354802026259
2017-10-21,9673,2.0,2.0,0.0,0.0,2017,10,0.00020676108756332058,1.0
2017-10-22,9673,1.0,1.0,0.0,0.0,2017,10,0.00010338054378166029,1.0
2017-10-23,9673,0.0,0.0,0.0,0.0,2017,10,0.0,1.0
2017-10-24,9673,1.0,1.0,0.0,0.0,2017,10,0.00010338054378166029,1.0
2017-10-25,9673,0.0,0.0,0.0,0.0,2017,10,0.0,1.0
2017-10-26,9673,0.0,0.0,0.0,0.0,2017,10,0.0,1.0
2017-10-27,9673,0.0,0.0,0.0,0.0,2017,10,0.0,1.0
2017-10-28,9673,0.0,0.0,0.0,0.0,2017,10,0.0,1.0
2017-10-29,9673,0.0,0.0,0.0,0.0,2017,10,0.0,1.0
2017-10-30,9673,0.0,0.0,0.0,1434.0,2017,10,0.0,0.8517523002170991
2017-10-31,9673,0.0,0.0,0.0,1469.0,2017,10,0.0,0.848133981184741
2018-05-01,9673,5.0,5.0,0.0,0.0,2018,5,0.0005169027189083015,1.0
2018-05-02,9673,0.0,0.0,0.0,0.0,2018,5,0.0,1.0
2018-05-03,9673,2.0,2.0,0.0,0.0,2018,5,0.00020676108756332058,1.0
2018-05-04,9673,5.0,5.0,0.0,0.0,2018,5,0.0005169027189083015,1.0
2018-05-05,9673,3.0,5.0,0.0,0.0,2018,5,0.00031014163134498085,1.0
2018-05-06,9673,4.0,5.0,0.0,0.0,2018,5,0.00041352217512664115,1.0
2018-05-07,9673,15.0,16.0,0.0,0.0,2018,5,0.0015507081567249044,1.0
2018-05-08,9673,8.0,10.0,0.0,0.0,2018,5,0.0008270443502532823,1.0
2018-05-09,9673,1.0,1.0,0.0,0.0,2018,5,0.00010338054378166029,1.0
2018-05-10,9673,3.0,3.0,0.0,0.0,2018,5,0.00031014163134498085,1.0
2018-05-11,9673,4.0,4.0,0.0,0.0,2018,5,0.00041352217512664115,1.0
2018-05-12,9673,18.0,20.0,0.0,0.0,2018,5,0.0018608497880698853,1.0
2018-05-13,9673,18.0,18.0,0.0,0.0,2018,5,0.0018608497880698853,1.0
2018-05-14,9673,10.0,10.0,0.0,0.0,2018,5,0.001033805437816603,1.0
2018-05-15,9673,12.0,13.0,0.0,0.0,2018,5,0.0012405665253799234,1.0
2018-05-16,9673,9.0,11.0,0.0,0.0,2018,5,0.0009304248940349427,1.0
2018-05-17,9673,7.0,8.0,0.0,0.0,2018,5,0.0007236638064716221,1.0
2018-05-18,9673,11.0,11.0,0.0,0.0,2018,5,0.0011371859815982632,1.0
2018-05-19,9673,1.0,3.0,0.0,0.0,2018,5,0.00010338054378166029,1.0
2018-05-20,9673,2.0,2.0,0.0,0.0,2018,5,0.00020676108756332058,1.0
2018-05-21,9673,8.0,8.0,0.0,0.0,2018,5,0.0008270443502532823,1.0
2018-05-22,9673,5.0,6.0,1.0,0.0,2018,5,0.0005169027189083015,1.0
2018-05-23,9673,4.0,4.0,0.0,0.0,2018,5,0.00041352217512664115,1.0
2018-05-24,9673,4.0,4.0,0.0,0.0,2018,5,0.00041352217512664115,1.0
2018-05-25,9673,9.0,9.0,0.0,0.0,2018,5,0.0009304248940349427,1.0
2018-05-26,9673,0.0,0.0,0.0,6789.0,2018,5,0.0,0.29814948826630827
2018-05-27,9673,1.0,1.0,0.0,6789.0,2018,5,0.00010338054378166029,0.29814948826630827
2018-05-28,9673,2.0,2.0,0.0,6789.0,2018,5,0.00020676108756332058,0.29814948826630827
2018-05-29,9673,2.0,2.0,0.0,0.0,2018,5,0.00020676108756332058,1.0
2018-05-30,9673,1.0,1.0,0.0,0.0,2018,5,0.00010338054378166029,1.0
2018-05-31,9673,1.0,1.0,0.0,7590.0,2018,5,0.00010338054378166029,0.2153416726971984
2018-06-01,9673,0.0,0.0,0.0,0.0,2018,6,0.0,1.0
2018-06-02,9673,0.0,0.0,0.0,0.0,2018,6,0.0,1.0
2018-06-03,9673,2.0,2.0,0.0,0.0,2018,6,0.00020676108756332058,1.0
2018-06-04,9673,0.0,0.0,0.0,0.0,2018,6,0.0,1.0
2018-06-05,9673,1.0,1.0,0.0,0.0,2018,6,0.00010338054378166029,1.0
2018-06-06,9673,0.0,0.0,0.0,0.0,2018,6,0.0,1.0
2018-06-07,9673,2.0,2.0,0.0,0.0,2018,6,0.00020676108756332058,1.0
2018-06-08,9673,0.0,0.0,0.0,0.0,2018,6,0.0,1.0
2018-06-09,9673,3.0,3.0,0.0,7636.0,2018,6,0.00031014163134498085,0.210586167683242
2018-06-10,9673,10.0,10.0,0.0,7609.0,2018,6,0.001033805437816603,0.21337744236534684
2018-06-11,9673,7.0,8.0,0.0,0.0,2018,6,0.0007236638064716221,1.0
2018-06-12,9673,4.0,4.0,1.0,7636.0,2018,6,0.00041352217512664115,0.210586167683242
2018-06-13,9673,11.0,11.0,0.0,7636.0,2018,6,0.0011371859815982632,0.210586167683242
2018-06-14,9673,8.0,8.0,0.0,7636.0,2018,6,0.0008270443502532823,0.210586167683242
2018-06-15,9673,8.0,8.0,1.0,7636.0,2018,6,0.0008270443502532823,0.210586167683242
2018-06-16,9673,7.0,7.0,4.0,0.0,2018,6,0.0007236638064716221,1.0
2018-06-17,9673,3.0,3.0,1.0,0.0,2018,6,0.00031014163134498085,1.0
2018-06-18,9673,5.0,5.0,0.0,7636.0,2018,6,0.0005169027189083015,0.210586167683242
2018-06-19,9673,3.0,3.0,1.0,7636.0,2018,6,0.00031014163134498085,0.210586167683242
2018-06-20,9673,6.0,6.0,2.0,0.0,2018,6,0.0006202832626899617,1.0
2018-06-21,9673,7.0,7.0,1.0,7566.0,2018,6,0.0007236638064716221,0.2178228057479582
2018-06-22,9673,14.0,15.0,1.0,0.0,2018,6,0.0014473276129432441,1.0
2018-06-23,9673,7.0,7.0,0.0,7636.0,2018,6,0.0007236638064716221,0.210586167683242
2018-06-24,9673,5.0,5.0,0.0,0.0,2018,6,0.0005169027189083015,1.0
2018-06-25,9673,11.0,11.0,0.0,0.0,2018,6,0.0011371859815982632,1.0
2018-06-26,9673,17.0,18.0,3.0,0.0,2018,6,0.0017574692442882249,1.0
2018-06-27,9673,16.0,16.0,0.0,0.0,2018,6,0.0016540887005065646,1.0
2018-06-28,9673,15.0,15.0,0.0,0.0,2018,6,0.0015507081567249044,1.0
2018-06-29,9673,11.0,11.0,0.0,7636.0,2018,6,0.0011371859815982632,0.210586167683242
2018-06-30,9673,50.0,59.0,4.0,7636.0,2018,6,0.0051690271890830145,0.210586167683242
2018-07-01,9673,20.0,21.0,3.0,7636.0,2018,7,0.002067610875633206,0.210586167683242
2018-07-02,9673,11.0,12.0,0.0,7636.0,2018,7,0.0011371859815982632,0.210586167683242
2018-07-03,9673,15.0,15.0,0.0,7609.0,2018,7,0.0015507081567249044,0.21337744236534684
2018-07-04,9673,11.0,11.0,0.0,0.0,2018,7,0.0011371859815982632,1.0
2018-07-05,9673,27.0,31.0,2.0,0.0,2018,7,0.0027912746821048278,1.0
2018-07-06,9673,7.0,7.0,1.0,7636.0,2018,7,0.0007236638064716221,0.210586167683242
2018-07-07,9673,27.0,30.0,5.0,0.0,2018,7,0.0027912746821048278,1.0
2018-07-08,9673,17.0,17.0,3.0,0.0,2018,7,0.0017574692442882249,1.0
2018-07-09,9673,16.0,17.0,0.0,0.0,2018,7,0.0016540887005065646,1.0
2018-07-10,9673,9.0,9.0,0.0,8.0,2018,7,0.0009304248940349427,0.9991729556497467
2018-07-11,9673,9.0,9.0,0.0,7636.0,2018,7,0.0009304248940349427,0.210586167683242
2018-07-12,9673,13.0,13.0,1.0,7636.0,2018,7,0.0013439470691615839,0.210586167683242
2018-07-13,9673,13.0,13.0,3.0,7636.0,2018,7,0.0013439470691615839,0.210586167683242
2018-07-14,9673,35.0,40.0,7.0,7636.0,2018,7,0.00361831903235811,0.210586167683242
2018-07-15,9673,31.0,32.0,2.0,0.0,2018,7,0.003204796857231469,1.0
2018-07-16,9673,31.0,32.0,2.0,7636.0,2018,7,0.003204796857231469,0.210586167683242
2018-07-17,9673,17.0,17.0,1.0,7636.0,2018,7,0.0017574692442882249,0.210586167683242
2018-07-18,9673,10.0,12.0,2.0,7636.0,2018,7,0.001033805437816603,0.210586167683242
2018-07-19,9673,17.0,18.0,1.0,0.0,2018,7,0.0017574692442882249,1.0
2018-07-20,9673,7.0,7.0,0.0,7636.0,2018,7,0.0007236638064716221,0.210586167683242
2018-07-21,9673,6.0,6.0,1.0,0.0,2018,7,0.0006202832626899617,1.0
2018-07-22,9673,6.0,6.0,1.0,7636.0,2018,7,0.0006202832626899617,0.210586167683242
2018-07-23,9673,12.0,12.0,0.0,7636.0,2018,7,0.0012405665253799234,0.210586167683242
2018-07-24,9673,7.0,7.0,0.0,0.0,2018,7,0.0007236638064716221,1.0
2018-07-25,9673,3.0,3.0,0.0,0.0,2018,7,0.00031014163134498085,1.0
2018-07-26,9673,4.0,4.0,0.0,0.0,2018,7,0.00041352217512664115,1.0
2018-07-27,9673,13.0,13.0,1.0,0.0,2018,7,0.0013439470691615839,1.0
2018-07-28,9673,41.0,46.0,1.0,0.0,2018,7,0.004238602295048072,1.0
2018-07-29,9673,29.0,29.0,2.0,0.0,2018,7,0.0029980357696681482,1.0
2018-07-30,9673,22.0,22.0,2.0,7636.0,2018,7,0.0022743719631965263,0.210586167683242
2018-07-31,9673,7.0,7.0,0.0,7636.0,2018,7,0.0007236638064716221,0.210586167683242
2018-08-01,9673,4.0,4.0,0.0,7636.0,2018,8,0.00041352217512664115,0.210586167683242
2018-08-02,9673,10.0,10.0,0.0,7636.0,2018,8,0.001033805437816603,0.210586167683242
2018-08-03,9673,5.0,5.0,0.0,7636.0,2018,8,0.0005169027189083015,0.210586167683242
2018-08-04,9673,20.0,22.0,1.0,0.0,2018,8,0.002067610875633206,1.0
2018-08-05,9673,22.0,23.0,0.0,7270.0,2018,8,0.0022743719631965263,0.24842344670732963
2018-08-06,9673,5.0,5.0,1.0,7460.0,2018,8,0.0005169027189083015,0.22878114338881428
2018-08-07,9673,9.0,9.0,0.0,6628.0,2018,8,0.0009304248940349427,0.31479375581515556
2018-08-08,9673,20.0,20.0,0.0,0.0,2018,8,0.002067610875633206,1.0
2018-08-09,9673,8.0,8.0,0.0,0.0,2018,8,0.0008270443502532823,1.0
2018-08-10,9673,15.0,15.0,0.0,7636.0,2018,8,0.0015507081567249044,0.210586167683242
2018-08-11,9673,4.0,4.0,0.0,7636.0,2018,8,0.00041352217512664115,0.210586167683242
2018-08-12,9673,8.0,8.0,0.0,7636.0,2018,8,0.0008270443502532823,0.210586167683242
2018-08-13,9673,0.0,0.0,0.0,7636.0,2018,8,0.0,0.210586167683242
2018-08-14,9673,5.0,5.0,0.0,0.0,2018,8,0.0005169027189083015,1.0
2018-08-15,9673,5.0,5.0,0.0,7636.0,2018,8,0.0005169027189083015,0.210586167683242
2018-08-16,9673,1.0,1.0,0.0,0.0,2018,8,0.00010338054378166029,1.0
2018-08-17,9673,6.0,6.0,0.0,7636.0,2018,8,0.0006202832626899617,0.210586167683242
2018-08-18,9673,18.0,18.0,0.0,7636.0,2018,8,0.0018608497880698853,0.210586167683242
2018-08-19,9673,23.0,23.0,0.0,0.0,2018,8,0.0023777525069781868,1.0
2018-08-20,9673,13.0,13.0,0.0,7636.0,2018,8,0.0013439470691615839,0.210586167683242
2018-08-21,9673,11.0,11.0,0.0,7636.0,2018,8,0.0011371859815982632,0.210586167683242
2018-08-22,9673,6.0,6.0,0.0,7636.0,2018,8,0.0006202832626899617,0.210586167683242
2018-08-23,9673,8.0,8.0,0.0,7636.0,2018,8,0.0008270443502532823,0.210586167683242
2018-08-24,9673,2.0,2.0,0.0,7636.0,2018,8,0.00020676108756332058,0.210586167683242
2018-08-25,9673,17.0,18.0,0.0,0.0,2018,8,0.0017574692442882249,1.0
2018-08-26,9673,6.0,6.0,0.0,0.0,2018,8,0.0006202832626899617,1.0
2018-08-27,9673,16.0,17.0,0.0,7636.0,2018,8,0.0016540887005065646,0.210586167683242
2018-08-28,9673,5.0,5.0,0.0,0.0,2018,8,0.0005169027189083015,1.0
2018-08-29,9673,6.0,6.0,0.0,0.0,2018,8,0.0006202832626899617,1.0
2018-08-30,9673,3.0,3.0,0.0,0.0,2018,8,0.00031014163134498085,1.0
2018-08-31,9673,13.0,13.0,0.0,7636.0,2018,8,0.0013439470691615839,0.210586167683242
2018-09-01,9673,5.0,5.0,0.0,7636.0,2018,9,0.0005169027189083015,0.210586167683242
2018-09-02,9673,6.0,6.0,0.0,7636.0,2018,9,0.0006202832626899617,0.210586167683242
2018-09-03,9673,3.0,3.0,0.0,7636.0,2018,9,0.00031014163134498085,0.210586167683242
2018-09-04,9673,10.0,10.0,0.0,7636.0,2018,9,0.001033805437816603,0.210586167683242
2018-09-05,9673,5.0,5.0,0.0,7636.0,2018,9,0.0005169027189083015,0.210586167683242
2018-09-06,9673,7.0,7.0,0.0,7636.0,2018,9,0.0007236638064716221,0.210586167683242
2018-09-07,9673,4.0,4.0,0.0,0.0,2018,9,0.00041352217512664115,1.0
2018-09-08,9673,1.0,1.0,0.0,7636.0,2018,9,0.00010338054378166029,0.210586167683242
2018-09-09,9673,2.0,2.0,0.0,7636.0,2018,9,0.00020676108756332058,0.210586167683242
2018-09-10,9673,0.0,0.0,0.0,0.0,2018,9,0.0,1.0
2018-09-11,9673,0.0,0.0,0.0,7636.0,2018,9,0.0,0.210586167683242
2018-09-12,9673,2.0,2.0,0.0,7636.0,2018,9,0.00020676108756332058,0.210586167683242
2018-09-13,9673,4.0,4.0,0.0,7636.0,2018,9,0.00041352217512664115,0.210586167683242
2018-09-14,9673,0.0,0.0,0.0,0.0,2018,9,0.0,1.0
2018-09-15,9673,0.0,0.0,0.0,7537.0,2018,9,0.0,0.22082084151762638
2018-09-16,9673,0.0,0.0,0.0,0.0,2018,9,0.0,1.0
2018-09-17,9673,0.0,0.0,0.0,0.0,2018,9,0.0,1.0
2018-09-18,9673,0.0,0.0,0.0,7560.0,2018,9,0.0,0.21844308901064824
2018-09-19,9673,1.0,1.0,0.0,0.0,2018,9,0.00010338054378166029,1.0
2018-09-20,9673,0.0,0.0,0.0,0.0,2018,9,0.0,1.0
2018-09-21,9673,3.0,3.0,0.0,0.0,2018,9,0.00031014163134498085,1.0
2018-09-22,9673,1.0,1.0,0.0,0.0,2018,9,0.00010338054378166029,1.0
2018-09-23,9673,0.0,0.0,0.0,0.0,2018,9,0.0,1.0
2018-09-24,9673,0.0,0.0,0.0,7630.0,2018,9,0.0,0.21120645094593193
2018-09-25,9673,0.0,0.0,0.0,5971.0,2018,9,0.0,0.38271477307970636
2018-09-26,9673,0.0,0.0,0.0,6718.0,2018,9,0.0,0.30548950687480614
2018-09-27,9673,0.0,0.0,0.0,7453.0,2018,9,0.0,0.22950480719528588
2018-09-28,9673,1.0,1.0,0.0,7636.0,2018,9,0.00010338054378166029,0.210586167683242
2018-09-29,9673,0.0,0.0,0.0,7630.0,2018,9,0.0,0.21120645094593193
2018-09-30,9673,0.0,0.0,0.0,0.0,2018,9,0.0,1.0
2018-10-01,9673,0.0,0.0,0.0,0.0,2018,10,0.0,1.0
2018-10-02,9673,0.0,0.0,0.0,0.0,2018,10,0.0,1.0
2018-10-03,9673,0.0,0.0,0.0,0.0,2018,10,0.0,1.0
2018-10-04,9673,0.0,0.0,0.0,4937.0,2018,10,0.0,0.4896102553499432
2018-10-05,9673,0.0,0.0,0.0,0.0,2018,10,0.0,1.0
2018-10-06,9673,0.0,0.0,0.0,3760.0,2018,10,0.0,0.6112891553809573
2018-10-07,9673,0.0,0.0,0.0,1966.0,2018,10,0.0,0.7967538509252559
2018-10-08,9673,0.0,0.0,0.0,2927.0,2018,10,0.0,0.6974051483510804
2018-10-09,9673,0.0,0.0,0.0,3975.0,2018,10,0.0,0.5890623384679003
2018-10-10,9673,0.0,0.0,0.0,4005.0,2018,10,0.0,0.5859609221544506
2018-10-11,9673,0.0,0.0,0.0,2937.0,2018,10,0.0,0.6963713429132637
2018-10-12,9673,0.0,0.0,0.0,2580.0,2018,10,0.0,0.7332781970433164
2018-10-13,9673,0.0,0.0,0.0,1727.0,2018,10,0.0,0.8214618008890726
2018-10-14,9673,0.0,0.0,0.0,0.0,2018,10,0.0,1.0
2018-10-15,9673,0.0,0.0,0.0,0.0,2018,10,0.0,1.0
2018-10-16,9673,0.0,0.0,0.0,2374.0,2018,10,0.0,0.7545745890623384
2018-10-17,9673,0.0,0.0,0.0,0.0,2018,10,0.0,1.0
2018-10-18,9673,0.0,0.0,0.0,1475.0,2018,10,0.0,0.847513697922051
2018-10-19,9673,0.0,0.0,0.0,1459.0,2018,10,0.0,0.8491677866225577
2018-10-20,9673,0.0,0.0,0.0,0.0,2018,10,0.0,1.0
2018-10-21,9673,0.0,0.0,0.0,2338.0,2018,10,0.0,0.7582962886384782
2018-10-22,9673,0.0,0.0,0.0,0.0,2018,10,0.0,1.0
2018-10-23,9673,0.0,0.0,0.0,1526.0,2018,10,0.0,0.8422412901891864
2018-10-24,9673,0.0,0.0,0.0,0.0,2018,10,0.0,1.0
2018-10-25,9673,0.0,0.0,0.0,1568.0,2018,10,0.0,0.8378993073503567
2018-10-26,9673,0.0,0.0,0.0,0.0,2018,10,0.0,1.0
2018-10-27,9673,0.0,0.0,0.0,1836.0,2018,10,0.0,0.8101933216168717
2018-10-28,9673,0.0,0.0,0.0,2032.0,2018,10,0.0,0.7899307350356664
2018-10-29,9673,0.0,0.0,0.0,0.0,2018,10,0.0,1.0
2018-10-30,9673,0.0,0.0,0.0,1013.0,2018,10,0.0,0.8952755091491781
2018-10-31,9673,0.0,0.0,0.0,1101.0,2018,10,0.0,0.886178021296392
2019-05-01,9673,2.0,2.0,0.0,1827.0,2019,5,0.00020676108756332058,0.8111237465109067
2019-05-02,9673,0.0,0.0,0.0,2159.0,2019,5,0.0,0.7768014059753954
2019-05-03,9673,1.0,1.0,0.0,1547.0,2019,5,0.00010338054378166029,0.8400702987697715
2019-05-04,9673,2.0,2.0,0.0,1984.0,2019,5,0.00020676108756332058,0.794893001137186
2019-05-05,9673,1.0,1.0,0.0,0.0,2019,5,0.00010338054378166029,1.0
2019-05-06,9673,1.0,1.0,0.0,0.0,2019,5,0.00010338054378166029,1.0
2019-05-07,9673,3.0,3.0,0.0,0.0,2019,5,0.00031014163134498085,1.0
2019-05-08,9673,1.0,1.0,0.0,0.0,2019,5,0.00010338054378166029,1.0
2019-05-09,9673,1.0,1.0,0.0,0.0,2019,5,0.00010338054378166029,1.0
2019-05-10,9673,2.0,2.0,0.0,0.0,2019,5,0.00020676108756332058,1.0
2019-05-11,9673,3.0,3.0,0.0,0.0,2019,5,0.00031014163134498085,1.0
2019-05-12,9673,1.0,1.0,0.0,0.0,2019,5,0.00010338054378166029,1.0
2019-05-13,9673,2.0,2.0,0.0,0.0,2019,5,0.00020676108756332058,1.0
2019-05-14,9673,3.0,4.0,0.0,0.0,2019,5,0.00031014163134498085,1.0
2019-05-15,9673,3.0,3.0,0.0,0.0,2019,5,0.00031014163134498085,1.0
2019-05-16,9673,0.0,0.0,0.0,0.0,2019,5,0.0,1.0
2019-05-17,9673,1.0,1.0,0.0,0.0,2019,5,0.00010338054378166029,1.0
2019-05-18,9673,2.0,2.0,0.0,5078.0,2019,5,0.00020676108756332058,0.475033598676729
2019-05-19,9673,4.0,4.0,0.0,5055.0,2019,5,0.00041352217512664115,0.47741135118370726
2019-05-20,9673,5.0,6.0,0.0,5419.0,2019,5,0.0005169027189083015,0.43978083324718287
2019-05-21,9673,2.0,2.0,0.0,0.0,2019,5,0.00020676108756332058,1.0
2019-05-22,9673,1.0,1.0,0.0,6254.0,2019,5,0.00010338054378166029,0.35345807918949657
2019-05-23,9673,0.0,0.0,0.0,6622.0,2019,5,0.0,0.3154140390778456
2019-05-24,9673,4.0,4.0,0.0,6622.0,2019,5,0.00041352217512664115,0.3154140390778456
2019-05-25,9673,0.0,0.0,0.0,6622.0,2019,5,0.0,0.3154140390778456
2019-05-26,9673,1.0,1.0,0.0,6622.0,2019,5,0.00010338054378166029,0.3154140390778456
2019-05-27,9673,2.0,2.0,0.0,6622.0,2019,5,0.00020676108756332058,0.3154140390778456
2019-05-28,9673,3.0,4.0,0.0,6622.0,2019,5,0.00031014163134498085,0.3154140390778456
2019-05-29,9673,4.0,4.0,1.0,6622.0,2019,5,0.00041352217512664115,0.3154140390778456
2019-05-30,9673,0.0,0.0,0.0,6636.0,2019,5,0.0,0.3139667114649023
2019-05-31,9673,0.0,0.0,0.0,6636.0,2019,5,0.0,0.3139667114649023
2019-06-01,9673,3.0,3.0,0.0,5902.0,2019,6,0.00031014163134498085,0.389848030600641
2019-06-02,9673,4.0,4.0,0.0,5902.0,2019,6,0.00041352217512664115,0.389848030600641
2019-06-03,9673,2.0,2.0,0.0,5902.0,2019,6,0.00020676108756332058,0.389848030600641
2019-06-04,9673,1.0,1.0,0.0,6674.0,2019,6,0.00010338054378166029,0.3100382508011992
2019-06-05,9673,3.0,3.0,0.0,6861.0,2019,6,0.00031014163134498085,0.29070608911402873
2019-06-06,9673,6.0,6.0,3.0,6676.0,2019,6,0.0006202832626899617,0.30983148971363594
2019-06-07,9673,4.0,4.0,0.0,7226.0,2019,6,0.00041352217512664115,0.2529721906337228
2019-06-08,9673,11.0,11.0,0.0,9140.0,2019,6,0.0011371859815982632,0.05510182983562495
2019-06-09,9673,2.0,2.0,0.0,9390.0,2019,6,0.00020676108756332058,0.029256693890209906
2019-06-10,9673,1.0,1.0,0.0,9390.0,2019,6,0.00010338054378166029,0.029256693890209906
2019-06-11,9673,2.0,2.0,0.0,9390.0,2019,6,0.00020676108756332058,0.029256693890209906
2019-06-12,9673,1.0,1.0,0.0,9390.0,2019,6,0.00010338054378166029,0.029256693890209906
2019-06-13,9673,2.0,2.0,1.0,9390.0,2019,6,0.00020676108756332058,0.029256693890209906
2019-06-14,9673,2.0,2.0,0.0,9390.0,2019,6,0.00020676108756332058,0.029256693890209906
2019-06-15,9673,4.0,4.0,2.0,9390.0,2019,6,0.00041352217512664115,0.029256693890209906
2019-06-16,9673,2.0,2.0,0.0,9390.0,2019,6,0.00020676108756332058,0.029256693890209906
2019-06-17,9673,1.0,1.0,0.0,7549.0,2019,6,0.00010338054378166029,0.21958027499224642
2019-06-18,9673,1.0,1.0,0.0,0.0,2019,6,0.00010338054378166029,1.0
2019-06-19,9673,4.0,4.0,0.0,9484.0,2019,6,0.00041352217512664115,0.01953892277473379
2019-06-20,9673,4.0,4.0,0.0,9655.0,2019,6,0.00041352217512664115,0.0018608497880698849
2019-06-21,9673,2.0,2.0,0.0,9655.0,2019,6,0.00020676108756332058,0.0018608497880698849
2019-06-22,9673,2.0,2.0,0.0,9672.0,2019,6,0.00020676108756332058,0.00010338054378167261
2019-06-23,9673,1.0,1.0,0.0,9672.0,2019,6,0.00010338054378166029,0.00010338054378167261
2019-06-24,9673,1.0,1.0,0.0,9672.0,2019,6,0.00010338054378166029,0.00010338054378167261
2019-06-25,9673,18.0,18.0,1.0,9672.0,2019,6,0.0018608497880698853,0.00010338054378167261
2019-06-26,9673,1.0,1.0,0.0,7705.0,2019,6,0.00010338054378166029,0.2034529101623075
2019-06-27,9673,4.0,4.0,0.0,0.0,2019,6,0.00041352217512664115,1.0
2019-06-28,9673,2.0,2.0,0.0,0.0,2019,6,0.00020676108756332058,1.0
2019-06-29,9673,0.0,0.0,0.0,9672.0,2019,6,0.0,0.00010338054378167261
2019-06-30,9673,12.0,12.0,4.0,9672.0,2019,6,0.0012405665253799234,0.00010338054378167261
2019-07-01,9673,4.0,4.0,1.0,9672.0,2019,7,0.00041352217512664115,0.00010338054378167261
2019-07-02,9673,12.0,13.0,0.0,9672.0,2019,7,0.0012405665253799234,0.00010338054378167261
2019-07-03,9673,5.0,5.0,1.0,9672.0,2019,7,0.0005169027189083015,0.00010338054378167261
2019-07-04,9673,1.0,1.0,0.0,9672.0,2019,7,0.00010338054378166029,0.00010338054378167261
2019-07-05,9673,4.0,4.0,0.0,9672.0,2019,7,0.00041352217512664115,0.00010338054378167261
2019-07-06,9673,4.0,4.0,0.0,9672.0,2019,7,0.00041352217512664115,0.00010338054378167261
2019-07-07,9673,4.0,4.0,0.0,9672.0,2019,7,0.00041352217512664115,0.00010338054378167261
2019-07-08,9673,4.0,4.0,0.0,9672.0,2019,7,0.00041352217512664115,0.00010338054378167261
2019-07-09,9673,2.0,2.0,0.0,9672.0,2019,7,0.00020676108756332058,0.00010338054378167261
2019-07-10,9673,3.0,3.0,0.0,9672.0,2019,7,0.00031014163134498085,0.00010338054378167261
2019-07-11,9673,8.0,8.0,0.0,9672.0,2019,7,0.0008270443502532823,0.00010338054378167261
2019-07-12,9673,2.0,2.0,0.0,9672.0,2019,7,0.00020676108756332058,0.00010338054378167261
2019-07-13,9673,4.0,4.0,0.0,9672.0,2019,7,0.00041352217512664115,0.00010338054378167261
2019-07-14,9673,6.0,6.0,0.0,9672.0,2019,7,0.0006202832626899617,0.00010338054378167261
2019-07-15,9673,4.0,4.0,0.0,9672.0,2019,7,0.00041352217512664115,0.00010338054378167261
2019-07-16,9673,1.0,1.0,0.0,8442.0,2019,7,0.00010338054378166029,0.12726144939522377
2019-07-17,9673,3.0,3.0,0.0,0.0,2019,7,0.00031014163134498085,1.0
2019-07-18,9673,8.0,8.0,0.0,9672.0,2019,7,0.0008270443502532823,0.00010338054378167261
2019-07-19,9673,1.0,1.0,0.0,9672.0,2019,7,0.00010338054378166029,0.00010338054378167261
2019-07-20,9673,2.0,2.0,0.0,9672.0,2019,7,0.00020676108756332058,0.00010338054378167261
2019-07-21,9673,1.0,1.0,0.0,9672.0,2019,7,0.00010338054378166029,0.00010338054378167261
2019-07-22,9673,4.0,4.0,0.0,9672.0,2019,7,0.00041352217512664115,0.00010338054378167261
2019-07-23,9673,6.0,6.0,0.0,9672.0,2019,7,0.0006202832626899617,0.00010338054378167261
2019-07-24,9673,14.0,15.0,1.0,9672.0,2019,7,0.0014473276129432441,0.00010338054378167261
2019-07-25,9673,13.0,14.0,1.0,9672.0,2019,7,0.0013439470691615839,0.00010338054378167261
2019-07-26,9673,5.0,5.0,0.0,9672.0,2019,7,0.0005169027189083015,0.00010338054378167261
2019-07-27,9673,7.0,7.0,2.0,9672.0,2019,7,0.0007236638064716221,0.00010338054378167261
2019-07-28,9673,6.0,6.0,1.0,9672.0,2019,7,0.0006202832626899617,0.00010338054378167261
2019-07-29,9673,4.0,4.0,0.0,9672.0,2019,7,0.00041352217512664115,0.00010338054378167261
2019-07-30,9673,3.0,3.0,1.0,9672.0,2019,7,0.00031014163134498085,0.00010338054378167261
2019-07-31,9673,4.0,4.0,0.0,9672.0,2019,7,0.00041352217512664115,0.00010338054378167261
2019-08-01,9673,15.0,18.0,0.0,9672.0,2019,8,0.0015507081567249044,0.00010338054378167261
2019-08-02,9673,15.0,15.0,0.0,9672.0,2019,8,0.0015507081567249044,0.00010338054378167261
2019-08-03,9673,9.0,9.0,0.0,9672.0,2019,8,0.0009304248940349427,0.00010338054378167261
2019-08-04,9673,15.0,15.0,0.0,9672.0,2019,8,0.0015507081567249044,0.00010338054378167261
2019-08-05,9673,15.0,15.0,0.0,9672.0,2019,8,0.0015507081567249044,0.00010338054378167261
2019-08-06,9673,3.0,3.0,0.0,9672.0,2019,8,0.00031014163134498085,0.00010338054378167261
2019-08-07,9673,8.0,8.0,0.0,9672.0,2019,8,0.0008270443502532823,0.00010338054378167261
2019-08-08,9673,4.0,4.0,0.0,9672.0,2019,8,0.00041352217512664115,0.00010338054378167261
2019-08-09,9673,6.0,7.0,0.0,9672.0,2019,8,0.0006202832626899617,0.00010338054378167261
2019-08-10,9673,4.0,4.0,0.0,8442.0,2019,8,0.00041352217512664115,0.12726144939522377
2019-08-11,9673,4.0,4.0,0.0,0.0,2019,8,0.00041352217512664115,1.0
2019-08-12,9673,11.0,11.0,0.0,9672.0,2019,8,0.0011371859815982632,0.00010338054378167261
2019-08-13,9673,3.0,3.0,0.0,9672.0,2019,8,0.00031014163134498085,0.00010338054378167261
2019-08-14,9673,10.0,10.0,0.0,9672.0,2019,8,0.001033805437816603,0.00010338054378167261
2019-08-15,9673,7.0,7.0,0.0,9672.0,2019,8,0.0007236638064716221,0.00010338054378167261
2019-08-16,9673,2.0,2.0,0.0,9672.0,2019,8,0.00020676108756332058,0.00010338054378167261
2019-08-17,9673,4.0,4.0,0.0,9672.0,2019,8,0.00041352217512664115,0.00010338054378167261
2019-08-18,9673,4.0,4.0,0.0,9672.0,2019,8,0.00041352217512664115,0.00010338054378167261
2019-08-19,9673,5.0,5.0,0.0,9672.0,2019,8,0.0005169027189083015,0.00010338054378167261
2019-08-20,9673,7.0,7.0,0.0,9672.0,2019,8,0.0007236638064716221,0.00010338054378167261
2019-08-21,9673,9.0,9.0,0.0,9672.0,2019,8,0.0009304248940349427,0.00010338054378167261
2019-08-22,9673,2.0,2.0,0.0,9672.0,2019,8,0.00020676108756332058,0.00010338054378167261
2019-08-23,9673,4.0,4.0,0.0,9672.0,2019,8,0.00041352217512664115,0.00010338054378167261
2019-08-24,9673,7.0,7.0,0.0,9666.0,2019,8,0.0007236638064716221,0.0007236638064715972
2019-08-25,9673,7.0,7.0,0.0,9672.0,2019,8,0.0007236638064716221,0.00010338054378167261
2019-08-26,9673,3.0,3.0,0.0,9672.0,2019,8,0.00031014163134498085,0.00010338054378167261
2019-08-27,9673,1.0,1.0,0.0,9672.0,2019,8,0.00010338054378166029,0.00010338054378167261
2019-08-28,9673,2.0,2.0,0.0,9672.0,2019,8,0.00020676108756332058,0.00010338054378167261
2019-08-29,9673,1.0,1.0,0.0,9672.0,2019,8,0.00010338054378166029,0.00010338054378167261
2019-08-30,9673,0.0,0.0,0.0,9672.0,2019,8,0.0,0.00010338054378167261
2019-08-31,9673,2.0,2.0,0.0,9672.0,2019,8,0.00020676108756332058,0.00010338054378167261
2019-09-01,9673,2.0,2.0,0.0,9672.0,2019,9,0.00020676108756332058,0.00010338054378167261
2019-09-02,9673,1.0,1.0,0.0,9672.0,2019,9,0.00010338054378166029,0.00010338054378167261
2019-09-03,9673,0.0,0.0,0.0,9672.0,2019,9,0.0,0.00010338054378167261
2019-09-04,9673,0.0,0.0,0.0,9672.0,2019,9,0.0,0.00010338054378167261
2019-09-05,9673,0.0,0.0,0.0,9672.0,2019,9,0.0,0.00010338054378167261
2019-09-06,9673,1.0,1.0,0.0,9672.0,2019,9,0.00010338054378166029,0.00010338054378167261
2019-09-07,9673,0.0,0.0,0.0,9672.0,2019,9,0.0,0.00010338054378167261
2019-09-08,9673,1.0,1.0,0.0,9672.0,2019,9,0.00010338054378166029,0.00010338054378167261
2019-09-09,9673,0.0,0.0,0.0,9672.0,2019,9,0.0,0.00010338054378167261
2019-09-10,9673,0.0,0.0,0.0,9672.0,2019,9,0.0,0.00010338054378167261
2019-09-11,9673,0.0,0.0,0.0,9672.0,2019,9,0.0,0.00010338054378167261
2019-09-12,9673,1.0,1.0,0.0,9672.0,2019,9,0.00010338054378166029,0.00010338054378167261
2019-09-13,9673,0.0,0.0,0.0,9672.0,2019,9,0.0,0.00010338054378167261
2019-09-14,9673,0.0,0.0,0.0,9672.0,2019,9,0.0,0.00010338054378167261
2019-09-15,9673,0.0,0.0,0.0,9672.0,2019,9,0.0,0.00010338054378167261
2019-09-16,9673,0.0,0.0,0.0,9672.0,2019,9,0.0,0.00010338054378167261
2019-09-17,9673,0.0,0.0,0.0,9672.0,2019,9,0.0,0.00010338054378167261
2019-09-18,9673,1.0,1.0,0.0,9672.0,2019,9,0.00010338054378166029,0.00010338054378167261
2019-09-19,9673,0.0,0.0,0.0,9672.0,2019,9,0.0,0.00010338054378167261
2019-09-20,9673,0.0,0.0,0.0,9672.0,2019,9,0.0,0.00010338054378167261
2019-09-21,9673,2.0,2.0,0.0,9672.0,2019,9,0.00020676108756332058,0.00010338054378167261
2019-09-22,9673,0.0,0.0,0.0,9672.0,2019,9,0.0,0.00010338054378167261
2019-09-23,9673,0.0,0.0,0.0,9672.0,2019,9,0.0,0.00010338054378167261
2019-09-24,9673,0.0,0.0,0.0,9672.0,2019,9,0.0,0.00010338054378167261
2019-09-25,9673,0.0,0.0,0.0,9672.0,2019,9,0.0,0.00010338054378167261
2019-09-26,9673,0.0,0.0,0.0,9672.0,2019,9,0.0,0.00010338054378167261
2019-09-27,9673,0.0,0.0,0.0,9672.0,2019,9,0.0,0.00010338054378167261
2019-09-28,9673,0.0,0.0,0.0,9672.0,2019,9,0.0,0.00010338054378167261
2019-09-29,9673,0.0,0.0,0.0,9672.0,2019,9,0.0,0.00010338054378167261
2019-09-30,9673,0.0,0.0,0.0,9672.0,2019,9,0.0,0.00010338054378167261
2019-10-01,9673,1.0,1.0,0.0,9672.0,2019,10,0.00010338054378166029,0.00010338054378167261
2019-10-02,9673,0.0,0.0,0.0,9477.0,2019,10,0.0,0.02026258658120539
2019-10-03,9673,0.0,0.0,0.0,8795.0,2019,10,0.0,0.09076811744029778
2019-10-04,9673,0.0,0.0,0.0,8289.0,2019,10,0.0,0.1430786725938178
2019-10-05,9673,0.0,0.0,0.0,9107.0,2019,10,0.0,0.0585133877804197
2019-10-06,9673,0.0,0.0,0.0,9172.0,2019,10,0.0,0.05179365243461176
2019-10-07,9673,0.0,0.0,0.0,9172.0,2019,10,0.0,0.05179365243461176
2019-10-08,9673,2.0,2.0,0.0,8831.0,2019,10,0.00020676108756332058,0.08704641786415801
2019-10-09,9673,0.0,0.0,0.0,9229.0,2019,10,0.0,0.0459009614390572
2019-10-10,9673,0.0,0.0,0.0,9172.0,2019,10,0.0,0.05179365243461176
2019-10-11,9673,0.0,0.0,0.0,0.0,2019,10,0.0,1.0
2019-10-12,9673,0.0,0.0,0.0,0.0,2019,10,0.0,1.0
2019-10-13,9673,0.0,0.0,0.0,0.0,2019,10,0.0,1.0
2019-10-14,9673,1.0,1.0,0.0,0.0,2019,10,0.00010338054378166029,1.0
2019-10-15,9673,0.0,0.0,0.0,0.0,2019,10,0.0,1.0
2019-10-16,9673,0.0,0.0,0.0,0.0,2019,10,0.0,1.0
2019-10-17,9673,0.0,0.0,0.0,0.0,2019,10,0.0,1.0
2019-10-18,9673,0.0,0.0,0.0,0.0,2019,10,0.0,1.0
2019-10-19,9673,0.0,0.0,0.0,0.0,2019,10,0.0,1.0
2019-10-20,9673,0.0,0.0,0.0,0.0,2019,10,0.0,1.0
2019-10-21,9673,0.0,0.0,0.0,0.0,2019,10,0.0,1.0
2019-10-22,9673,0.0,0.0,0.0,0.0,2019,10,0.0,1.0
2019-10-23,9673,0.0,0.0,0.0,0.0,2019,10,0.0,1.0
2019-10-24,9673,0.0,0.0,0.0,0.0,2019,10,0.0,1.0
2019-10-25,9673,0.0,0.0,0.0,8053.0,2019,10,0.0,0.16747648092628964
2019-10-26,9673,0.0,0.0,0.0,8149.0,2019,10,0.0,0.1575519487232503
2019-10-27,9673,0.0,0.0,0.0,8881.0,2019,10,0.0,0.08187739067507493
2019-10-28,9673,0.0,0.0,0.0,8647.0,2019,10,0.0,0.10606843791998344
2019-10-29,9673,0.0,0.0,0.0,8851.0,2019,10,0.0,0.08497880698852478
2019-10-30,9673,0.0,0.0,0.0,6426.0,2019,10,0.0,0.335676625659051
2019-10-31,9673,0.0,0.0,0.0,5972.0,2019,10,0.0,0.3826113925359247
