fire_id,dataset_version,split,fire_year,district_code,start_date,out_date,duration_days,reported_size_ha,perimeter_area_ha,size_class,cause,cause_group,response_code,ignition_longitude,ignition_latitude,ignition_inside_perimeter,ignition_distance_to_perimeter_m,centroid_longitude,centroid_latitude,utc_offset_hours,detections,observations,growth_steps,detected_share_of_perimeter,trackable,first_detection_utc,last_detection_utc,first_detection_days_after_start,fuel_map_year,fuel_window_file,fuel_inside_cells,fuel_inside_conifer_share,fuel_inside_mixedwood_share,fuel_inside_deciduous_share,fuel_inside_open_share,fuel_inside_non_fuel_share,fuel_inside_water_share,fuel_inside_unrecognised_code_share,fuel_inside_percent_conifer,fuel_inside_dominant_fuel_type,fuel_around_cells,fuel_around_conifer_share,fuel_around_mixedwood_share,fuel_around_deciduous_share,fuel_around_open_share,fuel_around_non_fuel_share,fuel_around_water_share,fuel_around_unrecognised_code_share,fuel_around_percent_conifer,fuel_around_dominant_fuel_type,terrain_window_file,terrain_valid_share,terrain_inside_elevation_mean_m,terrain_inside_elevation_range_m,terrain_inside_slope_mean_pct,terrain_inside_slope_p90_pct,terrain_inside_slope_mean_deg,terrain_inside_aspect_sin,terrain_inside_aspect_cos,terrain_window_elevation_mean_m,terrain_window_elevation_range_m,terrain_window_slope_mean_pct,terrain_window_slope_p90_pct,terrain_window_slope_mean_deg,terrain_window_aspect_sin,terrain_window_aspect_cos
2012_CHA8,fire-spread-v1.0.0,calibration,2012,CHA,2012-05-14,2012-06-29,47,195.0,193.81,40-200 ha,railway,human,FUL,-82.4905,48.3434,False,1336,-82.46714,48.33321,,0,0,0,,False,,,,,,,,,,,,,,,,,,,,,,,,,,,,,,,,,,,,,,,,,
2012_COC10,fire-spread-v1.0.0,calibration,2012,COC,2012-05-20,2012-06-02,14,159.0,165.35,40-200 ha,lightning,lightning,FUL,-80.1892,49.8777,False,129,-80.20056,49.86372,-5.0,1,1,0,0.085,False,2012-05-20 18:15,2012-05-20 18:15,0.0,2024.0,2012_COC10_fbp_fuel_90m.tif,203.0,0.2315,0.1478,0.6207,0.0,0.0,0.0,0.0,29.4,D-1/D-2,8197.0,0.7066,0.1218,0.0849,0.0082,0.0073,0.0712,0.0,83.6,C-2,2012_COC10_mrdem_dtm_90m.tif,1.0,302.0,18.4,2.01,4.23,1.15,-0.002,-0.114,299.8,38.8,1.75,3.51,1.0,-0.057,0.026
2012_COC25,fire-spread-v1.0.0,calibration,2012,COC,2012-06-11,2012-06-23,13,210.0,210.66,"200-1,000 ha",lightning,lightning,MOD,-81.3175,50.6499,True,0,-81.32166,50.64784,-5.0,13,1,0,0.868,False,2012-06-11 18:02,2012-06-11 18:02,0.0,2024.0,2012_COC25_fbp_fuel_90m.tif,260.0,0.6192,0.2077,0.1269,0.0462,0.0,0.0,0.0,73.1,C-2,7776.0,0.8129,0.0607,0.0291,0.0666,0.0001,0.0306,0.0,87.2,C-2,2012_COC25_mrdem_dtm_90m.tif,1.0,49.3,16.4,1.9,3.8,1.09,-0.086,0.065,48.0,28.6,1.26,2.88,0.72,-0.072,0.064
2012_COC26,fire-spread-v1.0.0,calibration,2012,COC,2012-06-11,2012-06-18,8,140.0,138.51,40-200 ha,lightning,lightning,FUL,-81.2964,50.6698,True,0,-81.2997,50.67247,,0,0,0,,False,,,,,,,,,,,,,,,,,,,,,,,,,,,,,,,,,,,,,,,,,
2012_COC32,fire-spread-v1.0.0,calibration,2012,COC,2012-06-29,2012-10-30,124,2000.0,1078.33,"1,000-10,000 ha",lightning,lightning,MON,-79.8557,50.8489,False,0,-79.82599,50.84785,-5.0,73,16,13,0.522,True,2012-06-29 17:24,2012-09-05 06:21,0.0,2024.0,2012_COC32_fbp_fuel_90m.tif,1318.0,0.3505,0.0516,0.4461,0.0744,0.0592,0.0182,0.0,41.5,D-1/D-2,12842.0,0.497,0.136,0.2442,0.0518,0.0639,0.007,0.0,63.8,C-2,2012_COC32_mrdem_dtm_90m.tif,1.0,36.4,22.4,1.34,2.92,0.77,-0.034,0.124,32.3,34.8,0.84,1.65,0.48,0.017,0.161
2012_COC36,fire-spread-v1.0.0,calibration,2012,COC,2012-07-19,2012-09-10,54,1700.0,1118.08,"1,000-10,000 ha",lightning,lightning,MON,-83.053,50.8715,True,0,-83.00738,50.892,-5.0,138,15,14,1.019,True,2012-07-20 07:43,2012-08-16 07:37,1.0,2024.0,2012_COC36_fbp_fuel_90m.tif,1359.0,0.1722,0.0029,0.7344,0.0611,0.0,0.0294,0.0,17.9,D-1/D-2,23633.0,0.4321,0.0072,0.4853,0.0412,0.0,0.0343,0.0,45.2,D-1/D-2,2012_COC36_mrdem_dtm_90m.tif,1.0,150.8,15.5,1.3,2.77,0.75,-0.121,0.281,146.9,30.8,0.8,1.54,0.46,-0.036,0.161
2012_COC38,fire-spread-v1.0.0,calibration,2012,COC,2012-07-19,2012-09-27,71,85.0,97.52,40-200 ha,lightning,lightning,MON,-81.7435,50.7523,False,136,-81.75058,50.75034,-5.0,3,3,2,0.433,False,2012-07-28 18:21,2012-08-16 07:37,9.0,2024.0,2012_COC38_fbp_fuel_90m.tif,119.0,0.6555,0.2437,0.0924,0.0084,0.0,0.0,0.0,77.7,C-2,7849.0,0.6335,0.0687,0.1522,0.1235,0.0,0.0222,0.0,69.2,C-2,2012_COC38_mrdem_dtm_90m.tif,1.0,62.4,14.9,2.5,4.14,1.43,0.448,-0.143,59.0,32.7,1.17,2.38,0.67,0.074,0.015
2012_COC43,fire-spread-v1.0.0,calibration,2012,COC,2012-07-27,2012-09-27,63,697.0,586.33,"200-1,000 ha",lightning,lightning,MON,-81.6651,50.2222,False,686,-81.64216,50.25783,-5.0,18,4,2,0.336,False,2012-07-28 18:21,2012-08-30 18:02,1.0,2024.0,2012_COC43_fbp_fuel_90m.tif,717.0,0.4379,0.1799,0.2441,0.1199,0.0126,0.0056,0.0,53.6,C-2,13248.0,0.7366,0.1073,0.0473,0.0688,0.004,0.036,0.0,82.8,C-2,2012_COC43_mrdem_dtm_90m.tif,1.0,101.0,32.4,1.66,4.02,0.95,-0.347,0.276,104.8,69.9,1.37,2.7,0.78,-0.119,0.178
2012_COC9,fire-spread-v1.0.0,calibration,2012,COC,2012-05-20,2012-05-30,11,47.0,47.28,40-200 ha,recreation,human,FUL,-81.6763,50.2176,True,0,-81.67156,50.22228,-5.0,3,1,0,0.595,False,2012-05-20 18:15,2012-05-20 18:15,0.0,2024.0,2012_COC9_fbp_fuel_90m.tif,56.0,0.4643,0.1607,0.3036,0.0536,0.0179,0.0,0.0,56.8,C-2,6632.0,0.6832,0.1215,0.0579,0.0775,0.0133,0.0466,0.0,79.5,C-2,2012_COC9_mrdem_dtm_90m.tif,1.0,103.7,27.4,5.63,15.31,3.21,0.852,-0.07,108.3,67.0,1.99,5.12,1.14,-0.106,0.112
2012_FOR59,fire-spread-v1.0.0,calibration,2012,FOR,2012-09-04,2012-10-17,44,291.0,293.06,"200-1,000 ha",lightning,lightning,MON,-91.2188,48.1233,True,0,-91.20251,48.12699,-6.0,11,7,5,0.432,True,2012-09-11 19:17,2012-10-03 19:04,7.0,2024.0,2012_FOR59_fbp_fuel_90m.tif,366.0,0.582,0.2404,0.123,0.0246,0.0137,0.0164,0.0,74.2,C-3,10674.0,0.2334,0.1957,0.0158,0.022,0.0001,0.1389,0.394,73.1,M-1/M-2 (50% conifer),2012_FOR59_mrdem_dtm_90m.tif,1.0,465.9,97.3,11.86,22.22,6.73,0.293,-0.449,449.7,127.5,7.48,15.97,4.26,0.023,-0.06
2012_HEA32,fire-spread-v1.0.0,calibration,2012,HEA,2012-09-02,2012-11-05,65,100.0,81.52,40-200 ha,lightning,lightning,MON,-84.3926,50.0778,True,0,-84.39184,50.08157,-5.0,5,1,0,0.863,False,2012-09-13 07:12,2012-09-13 07:12,11.0,2024.0,2012_HEA32_fbp_fuel_90m.tif,101.0,0.5545,0.3762,0.0495,0.0099,0.0,0.0099,0.0,75.2,C-2,8087.0,0.7194,0.168,0.0662,0.0199,0.0001,0.0263,0.0,82.9,C-2,2012_HEA32_mrdem_dtm_90m.tif,1.0,114.5,16.8,4.07,7.96,2.33,0.425,-0.367,120.0,33.2,1.25,2.83,0.71,0.012,0.108
2012_HEA9,fire-spread-v1.0.0,calibration,2012,HEA,2012-05-21,2012-08-13,85,654.0,661.47,"200-1,000 ha",lightning,lightning,MOD,-82.6636,48.7675,False,8,-82.63043,48.76446,-5.0,3,1,0,0.064,False,2012-05-25 06:54,2012-05-25 06:54,4.0,2024.0,2012_HEA9_fbp_fuel_90m.tif,820.0,0.2512,0.0878,0.6329,0.028,0.0,0.0,0.0,28.0,D-1,15092.0,0.6667,0.0814,0.2385,0.0037,0.0019,0.0078,0.0,70.7,C-2,2012_HEA9_mrdem_dtm_90m.tif,1.0,283.7,19.7,0.8,1.56,0.46,0.209,0.076,290.3,55.1,0.88,2.02,0.51,-0.063,0.098
2012_KEN103,fire-spread-v1.0.0,calibration,2012,KEN,2012-09-07,2012-10-24,48,66.0,62.63,40-200 ha,lightning,lightning,MON,-94.6216,49.5291,True,0,-94.62041,49.52802,-6.0,6,4,1,0.898,False,2012-09-12 09:11,2012-10-01 08:15,5.0,2024.0,2012_KEN103_fbp_fuel_90m.tif,73.0,0.3562,0.2192,0.2466,0.1096,0.0137,0.0548,0.0,47.8,D-1,6602.0,0.0379,0.1091,0.0698,0.0477,0.0,0.7355,0.0,34.0,M-1/M-2 (50% conifer),2012_KEN103_mrdem_dtm_90m.tif,1.0,334.4,20.2,6.34,9.77,3.62,0.046,-0.047,325.8,43.3,1.9,6.14,1.09,0.024,0.028
2012_KEN36,fire-spread-v1.0.0,calibration,2012,KEN,2012-05-15,2012-06-10,27,576.0,584.71,"200-1,000 ha",lightning,lightning,FUL,-94.7379,49.3781,True,0,-94.74984,49.39531,-6.0,33,6,5,0.529,True,2012-05-15 18:09,2012-05-18 18:53,0.0,2024.0,2012_KEN36_fbp_fuel_90m.tif,719.0,0.2003,0.363,0.2267,0.1975,0.0014,0.0111,0.0,35.7,D-1,10966.0,0.0709,0.3213,0.1073,0.0647,0.0001,0.4357,0.0,40.6,M-1/M-2 (50% conifer),2012_KEN36_mrdem_dtm_90m.tif,1.0,339.2,31.9,3.11,6.05,1.78,-0.115,0.014,329.6,37.9,2.62,6.31,1.5,-0.044,0.02
2012_KLK11,fire-spread-v1.0.0,calibration,2012,KLK,2012-05-21,2012-06-04,15,58.0,36.66,40-200 ha,lightning,lightning,FUL,-80.0416,47.9532,True,0,-80.0429,47.95224,-5.0,5,1,0,1.918,False,2012-05-24 18:40,2012-05-24 18:40,3.0,2024.0,2012_KLK11_fbp_fuel_90m.tif,45.0,0.1556,0.3778,0.4222,0.0444,0.0,0.0,0.0,28.7,D-1,5875.0,0.1823,0.3169,0.4245,0.0381,0.0231,0.015,0.0,33.6,D-1,2012_KLK11_mrdem_dtm_90m.tif,1.0,309.4,17.1,2.95,4.93,1.69,0.477,0.101,295.3,92.9,3.69,7.51,2.11,0.142,0.048
2012_KLK13,fire-spread-v1.0.0,calibration,2012,KLK,2012-05-21,2012-08-17,89,696.0,698.23,"200-1,000 ha",lightning,lightning,FUL,-80.5256,47.7583,True,0,-80.51457,47.76492,-5.0,21,4,3,0.363,True,2012-05-25 06:54,2012-05-26 18:02,4.0,2024.0,2012_KLK13_fbp_fuel_90m.tif,866.0,0.2044,0.4654,0.2633,0.0462,0.0023,0.0185,0.0,35.5,M-1/M-2 (25% conifer),12444.0,0.4885,0.26,0.1594,0.0367,0.0035,0.0518,0.0,64.8,C-2,2012_KLK13_mrdem_dtm_90m.tif,1.0,338.7,61.2,3.91,7.25,2.24,0.078,-0.024,340.6,194.3,4.65,9.67,2.66,0.049,0.039
2012_KLK8,fire-spread-v1.0.0,calibration,2012,KLK,2012-05-20,2012-08-17,90,2326.0,2578.61,"1,000-10,000 ha",recreation,human,FUL,-80.1043,48.1256,False,23,-80.06961,48.19073,-5.0,73,2,1,0.294,False,2012-05-21 06:29,2012-05-21 08:09,1.0,2024.0,2012_KLK8_fbp_fuel_90m.tif,3201.0,0.1821,0.2505,0.3802,0.0475,0.0041,0.1356,0.0,31.2,D-1,21622.0,0.3409,0.2434,0.2856,0.0226,0.0505,0.057,0.0,50.0,D-1,2012_KLK8_mrdem_dtm_90m.tif,1.0,324.2,47.9,4.42,8.6,2.53,-0.001,0.001,326.4,167.2,4.33,8.9,2.47,0.01,-0.021
2012_NIP103,fire-spread-v1.0.0,calibration,2012,NIP,2012-09-03,2012-10-12,40,193.0,192.78,40-200 ha,lightning,lightning,MON,-85.5777,50.1794,False,20,-85.55795,50.18837,-5.0,12,2,1,0.802,False,2012-09-12 18:58,2012-09-13 07:12,9.0,2024.0,2012_NIP103_fbp_fuel_90m.tif,231.0,0.4372,0.1905,0.3506,0.0,0.0216,0.0,0.0,52.4,C-2,10342.0,0.952,0.0172,0.0121,0.0042,0.0,0.0145,0.0,97.5,C-2,2012_NIP103_mrdem_dtm_90m.tif,1.0,200.5,11.9,0.92,2.2,0.53,0.115,0.115,201.0,34.2,0.69,1.28,0.4,0.254,0.11
2012_NIP104,fire-spread-v1.0.0,calibration,2012,NIP,2012-09-03,2012-10-12,40,135.0,135.25,40-200 ha,lightning,lightning,MON,-88.9671,51.1266,False,32,-88.9746,51.12162,-5.0,4,1,0,0.416,False,2012-09-16 07:56,2012-09-16 07:56,13.0,2024.0,2012_NIP104_fbp_fuel_90m.tif,165.0,0.5758,0.2364,0.0606,0.097,0.0303,0.0,0.0,66.7,C-2,6715.0,0.7528,0.0977,0.0393,0.006,0.0374,0.0669,0.0,89.1,C-2,2012_NIP104_mrdem_dtm_90m.tif,1.0,350.7,33.7,5.1,8.3,2.92,0.145,-0.141,338.9,46.9,2.07,4.18,1.18,0.03,0.027
2012_NIP24,fire-spread-v1.0.0,calibration,2012,NIP,2012-06-10,2012-06-28,19,126.0,126.56,40-200 ha,lightning,lightning,MON,-88.1625,51.6391,False,192,-88.16235,51.64835,-5.0,2,1,0,0.222,False,2012-06-11 18:03,2012-06-11 18:03,1.0,2024.0,2012_NIP24_fbp_fuel_90m.tif,158.0,0.5,0.4494,0.0443,0.0063,0.0,0.0,0.0,64.4,C-2,7570.0,0.8643,0.0588,0.0139,0.0081,0.0001,0.0548,0.0,94.6,C-2,2012_NIP24_mrdem_dtm_90m.tif,1.0,278.5,21.3,2.38,3.8,1.36,0.19,0.099,281.0,49.7,2.04,4.18,1.17,0.138,-0.008
2012_NIP32,fire-spread-v1.0.0,calibration,2012,NIP,2012-07-11,2012-07-30,20,49.0,48.82,40-200 ha,lightning,lightning,FUL,-87.6615,50.9677,False,1284,-87.68457,50.96041,-5.0,5,3,1,0.864,False,2012-07-12 08:33,2012-07-14 07:56,1.0,2024.0,2012_NIP32_fbp_fuel_90m.tif,58.0,0.4138,0.4655,0.069,0.0,0.0,0.0517,0.0,62.3,C-2,5948.0,0.6621,0.1585,0.0592,0.0106,0.002,0.1076,0.0,82.9,C-2,2012_NIP32_mrdem_dtm_90m.tif,1.0,322.2,20.0,4.7,11.33,2.69,-0.167,0.355,320.9,56.3,2.92,6.06,1.67,-0.059,-0.049
2012_NIP40,fire-spread-v1.0.0,calibration,2012,NIP,2012-07-13,2012-08-21,40,80.0,80.33,40-200 ha,lightning,lightning,MOD,-86.0418,51.7453,False,661,-86.03854,51.75449,-5.0,7,3,1,0.7,False,2012-07-13 18:03,2012-07-20 07:43,0.0,2024.0,2012_NIP40_fbp_fuel_90m.tif,96.0,0.5,0.3854,0.1146,0.0,0.0,0.0,0.0,62.2,C-2,6619.0,0.7507,0.1496,0.0672,0.0246,0.0,0.0079,0.0,84.7,C-2,2012_NIP40_mrdem_dtm_90m.tif,1.0,166.5,10.7,1.99,3.24,1.14,0.232,0.018,164.7,21.0,0.91,1.69,0.52,0.001,-0.133
2012_NIP49,fire-spread-v1.0.0,calibration,2012,NIP,2012-07-15,2012-08-22,39,1699.0,1714.37,"1,000-10,000 ha",lightning,lightning,MON,-88.9288,53.9937,True,0,-88.90154,53.99134,-5.0,9,4,3,0.074,False,2012-07-16 18:47,2012-08-02 18:28,1.0,2024.0,2012_NIP49_fbp_fuel_90m.tif,2043.0,0.4557,0.3069,0.0602,0.161,0.002,0.0142,0.0,57.4,C-2,15114.0,0.4132,0.3512,0.1114,0.0447,0.0034,0.0762,0.0,58.7,C-2,2012_NIP49_mrdem_dtm_90m.tif,1.0,171.3,20.4,1.73,3.36,0.99,0.06,0.075,169.8,32.1,1.43,2.75,0.82,0.041,0.078
2012_NIP59,fire-spread-v1.0.0,calibration,2012,NIP,2012-07-13,2012-08-14,33,59.0,59.44,40-200 ha,lightning,lightning,MON,-88.8777,52.0192,False,52,-88.87207,52.0232,-5.0,1,1,0,0.237,False,2012-07-19 17:50,2012-07-19 17:50,6.0,2024.0,2012_NIP59_fbp_fuel_90m.tif,74.0,0.7838,0.1622,0.0,0.0405,0.0135,0.0,0.0,85.3,C-2,6244.0,0.7535,0.1927,0.0074,0.0155,0.0035,0.0274,0.0,87.8,C-2,2012_NIP59_mrdem_dtm_90m.tif,1.0,306.5,6.7,1.38,2.21,0.79,-0.02,0.139,307.1,29.2,1.19,2.21,0.68,0.18,0.027
2012_NIP60,fire-spread-v1.0.0,calibration,2012,NIP,2012-07-14,2012-10-12,91,1824.0,1825.35,"1,000-10,000 ha",lightning,lightning,MON,-86.992,51.7438,True,0,-86.95463,51.74458,-5.0,23,9,6,0.146,False,2012-07-29 08:14,2012-09-16 07:55,15.0,2024.0,2012_NIP60_fbp_fuel_90m.tif,2213.0,0.7058,0.2707,0.0149,0.0036,0.0,0.005,0.0,81.9,C-2,14587.0,0.667,0.2126,0.038,0.0304,0.0,0.052,0.0,81.5,C-2,2012_NIP60_mrdem_dtm_90m.tif,1.0,241.2,22.4,1.48,2.94,0.85,0.113,0.025,240.9,33.1,1.23,2.66,0.71,0.101,-0.003
2012_NIP61,fire-spread-v1.0.0,calibration,2012,NIP,2012-07-19,2012-08-22,35,2831.0,2842.27,"1,000-10,000 ha",lightning,lightning,MON,-88.9199,51.8801,True,0,-88.84839,51.89746,-5.0,95,15,13,0.327,True,2012-07-22 07:05,2012-07-29 08:14,3.0,2024.0,2012_NIP61_fbp_fuel_90m.tif,3435.0,0.6396,0.3263,0.016,0.0073,0.0082,0.0026,0.0,75.3,C-2,20505.0,0.7952,0.1112,0.0315,0.01,0.0004,0.0518,0.0,89.7,C-2,2012_NIP61_mrdem_dtm_90m.tif,1.0,300.6,57.7,2.56,4.75,1.47,-0.204,0.234,304.0,85.1,2.19,4.33,1.26,-0.026,0.087
2012_NIP62,fire-spread-v1.0.0,calibration,2012,NIP,2012-07-18,2012-10-22,97,4955.0,4984.38,"1,000-10,000 ha",lightning,lightning,MON,-86.0515,50.8623,True,0,-85.98425,50.8583,-5.0,333,23,18,0.567,True,2012-07-21 18:53,2012-09-13 07:11,3.0,2024.0,2012_NIP62_fbp_fuel_90m.tif,6068.0,0.6294,0.1599,0.1997,0.004,0.0008,0.0063,0.0,70.9,C-2,27572.0,0.8137,0.0964,0.0612,0.0083,0.0,0.0203,0.0,88.5,C-2,2012_NIP62_mrdem_dtm_90m.tif,1.0,192.6,53.0,1.84,3.6,1.05,0.113,0.075,188.3,59.7,1.16,2.32,0.67,0.143,0.034
2012_NIP63,fire-spread-v1.0.0,calibration,2012,NIP,2012-07-12,2012-08-21,41,50.0,50.07,40-200 ha,lightning,lightning,MON,-86.7754,51.6015,True,0,-86.77771,51.60324,,0,0,0,,False,,,,,,,,,,,,,,,,,,,,,,,,,,,,,,,,,,,,,,,,,
2012_PEM25,fire-spread-v1.0.0,calibration,2012,PEM,2012-07-19,2012-08-15,28,210.0,206.98,"200-1,000 ha",unknown,unknown,FUL,-77.5671,45.9243,True,0,-77.56914,45.92263,-5.0,21,5,4,1.019,True,2012-07-20 06:03,2012-07-21 07:25,1.0,2024.0,2012_PEM25_fbp_fuel_90m.tif,259.0,0.0232,0.0386,0.861,0.0154,0.0618,0.0,0.0,4.3,D-1/D-2,7840.0,0.2999,0.3657,0.2088,0.0351,0.0102,0.0804,0.0,53.6,M-1/M-2 (50% conifer),2012_PEM25_mrdem_dtm_90m.tif,1.0,171.3,19.3,1.68,3.21,0.96,0.011,-0.23,194.5,133.7,7.19,15.53,4.1,0.011,0.066
2012_RED103,fire-spread-v1.0.0,calibration,2012,RED,2012-07-30,2012-08-21,23,294.0,293.85,"200-1,000 ha",lightning,lightning,MON,-93.9455,52.9367,True,0,-93.9439,52.92885,-6.0,63,3,2,1.914,False,2012-07-30 19:25,2012-07-31 09:17,0.0,2024.0,2012_RED103_fbp_fuel_90m.tif,352.0,0.7045,0.2216,0.0597,0.0114,0.0028,0.0,0.0,81.7,C-4,8378.0,0.6251,0.1103,0.0125,0.0147,0.0002,0.2372,0.0,88.7,C-3,2012_RED103_mrdem_dtm_90m.tif,1.0,306.6,36.0,3.61,6.29,2.06,0.058,-0.128,297.5,51.9,2.69,5.95,1.54,0.034,-0.019
2012_RED28,fire-spread-v1.0.0,calibration,2012,RED,2012-06-05,2012-06-18,14,88.0,87.76,40-200 ha,lightning,lightning,FUL,-93.0216,53.0564,False,79,-93.02517,53.06223,-6.0,3,1,0,0.481,False,2012-06-08 19:00,2012-06-08 19:00,3.0,2024.0,2012_RED28_fbp_fuel_90m.tif,106.0,0.8774,0.0377,0.0472,0.0,0.0377,0.0,0.0,93.4,C-4,7370.0,0.4412,0.1858,0.0299,0.0077,0.0008,0.3346,0.0,78.4,C-2,2012_RED28_mrdem_dtm_90m.tif,1.0,320.8,32.6,4.69,7.41,2.69,0.071,0.336,286.3,62.7,2.18,5.79,1.25,0.058,-0.037
2012_RED34,fire-spread-v1.0.0,calibration,2012,RED,2012-07-03,2012-09-11,71,97.0,97.47,40-200 ha,lightning,lightning,MON,-93.3549,53.6671,True,0,-93.35677,53.66535,-6.0,3,3,0,0.144,False,2012-07-05 07:24,2012-07-08 08:08,2.0,2024.0,2012_RED34_fbp_fuel_90m.tif,119.0,0.6555,0.084,0.2353,0.0168,0.0,0.0084,0.0,71.4,C-2,6675.0,0.6804,0.0797,0.0105,0.0291,0.0004,0.1999,0.0,90.7,C-2,2012_RED34_mrdem_dtm_90m.tif,1.0,261.9,29.1,5.11,8.51,2.92,-0.328,-0.288,262.6,46.0,3.53,7.72,2.02,-0.038,-0.016
2012_RED38,fire-spread-v1.0.0,calibration,2012,RED,2012-06-09,2012-08-22,75,782.0,782.61,"200-1,000 ha",lightning,lightning,MON,-94.895,50.903,False,167,-94.85794,50.92065,-6.0,52,1,0,0.934,False,2012-07-12 08:34,2012-07-12 08:34,33.0,2024.0,2012_RED38_fbp_fuel_90m.tif,950.0,0.0032,0.0,0.9863,0.0,0.0,0.0105,0.0,0.3,D-1/D-2,16132.0,0.2221,0.0366,0.4908,0.0464,0.0026,0.2015,0.0,30.5,D-1/D-2,2012_RED38_mrdem_dtm_90m.tif,1.0,370.0,27.0,3.93,7.14,2.25,-0.048,0.021,362.9,53.5,3.44,7.17,1.97,-0.022,0.041
2012_RED41,fire-spread-v1.0.0,calibration,2012,RED,2012-07-06,2012-08-05,31,302.0,302.04,"200-1,000 ha",lightning,lightning,FUL,-92.5146,53.0284,False,49,-92.52145,53.02597,-6.0,35,10,7,1.071,True,2012-07-14 19:25,2012-07-18 08:20,8.0,2024.0,2012_RED41_fbp_fuel_90m.tif,363.0,0.8788,0.0606,0.0579,0.0028,0.0,0.0,0.0,91.9,C-4,9045.0,0.4975,0.227,0.0349,0.0175,0.0001,0.223,0.0,74.9,C-2,2012_RED41_mrdem_dtm_90m.tif,1.0,290.2,33.4,3.78,6.84,2.16,-0.159,-0.162,282.2,46.0,1.34,3.31,0.77,-0.135,0.074
2012_RED49,fire-spread-v1.0.0,calibration,2012,RED,2012-07-07,2012-08-04,29,494.0,501.34,"200-1,000 ha",lightning,lightning,FUL,-93.9621,52.6084,False,87,-93.9512,52.62137,-6.0,3,3,2,0.084,False,2012-07-14 19:25,2012-07-15 19:06,7.0,2024.0,2012_RED49_fbp_fuel_90m.tif,599.0,0.6811,0.1235,0.0985,0.0234,0.0117,0.0618,0.0,80.4,C-3,10006.0,0.5958,0.0591,0.0101,0.0304,0.0023,0.3023,0.0,89.6,C-3,2012_RED49_mrdem_dtm_90m.tif,1.0,327.5,41.8,6.2,11.42,3.54,0.039,-0.082,324.3,61.5,4.47,9.74,2.55,-0.013,0.038
2012_RED50,fire-spread-v1.0.0,calibration,2012,RED,2012-07-14,2012-08-21,39,6956.0,7373.06,"1,000-10,000 ha",lightning,lightning,MON,-94.3077,52.4603,True,0,-94.2655,52.46674,-6.0,649,34,32,0.717,True,2012-07-14 17:45,2012-07-29 19:44,0.0,2024.0,2012_RED50_fbp_fuel_90m.tif,8868.0,0.5661,0.1932,0.0498,0.0911,0.0435,0.0563,0.0,70.7,C-3,35484.0,0.6218,0.0741,0.0278,0.0511,0.0666,0.1587,0.0,84.5,C-3,2012_RED50_mrdem_dtm_90m.tif,1.0,352.1,62.5,4.38,8.23,2.51,0.011,0.007,348.8,64.4,4.28,8.41,2.45,0.011,0.018
2012_RED51,fire-spread-v1.0.0,calibration,2012,RED,2012-07-14,2012-08-21,39,289.0,289.04,"200-1,000 ha",lightning,lightning,MON,-94.3743,52.4263,False,67,-94.36689,52.43331,-6.0,13,9,7,0.535,True,2012-07-21 18:53,2012-07-31 19:06,7.0,2024.0,2012_RED51_fbp_fuel_90m.tif,356.0,0.6742,0.1461,0.1208,0.0337,0.0056,0.0197,0.0,76.5,C-3,9247.0,0.5183,0.1169,0.0692,0.0686,0.0729,0.1541,0.0,72.7,C-3,2012_RED51_mrdem_dtm_90m.tif,1.0,356.3,27.8,3.24,5.67,1.85,0.043,0.018,354.4,48.5,3.71,7.32,2.12,0.001,0.006
2012_RED52,fire-spread-v1.0.0,calibration,2012,RED,2012-07-13,2012-08-21,40,232.0,231.8,"200-1,000 ha",lightning,lightning,MON,-94.1925,52.7717,False,872,-94.19452,52.78613,-6.0,28,11,7,0.667,True,2012-07-14 17:45,2012-07-18 19:50,1.0,2024.0,2012_RED52_fbp_fuel_90m.tif,279.0,0.362,0.3118,0.1398,0.1864,0.0,0.0,0.0,49.8,C-4,8073.0,0.7187,0.1515,0.0251,0.0248,0.0015,0.0784,0.0,86.3,C-4,2012_RED52_mrdem_dtm_90m.tif,1.0,317.2,45.0,5.13,9.68,2.94,-0.033,-0.006,319.9,69.0,4.37,9.41,2.5,0.048,0.011
2012_RED53,fire-spread-v1.0.0,calibration,2012,RED,2012-07-14,2012-09-11,60,18845.0,19817.36,"10,000 ha or more",lightning,lightning,MON,-94.5077,52.885,True,0,-94.39707,52.9103,-6.0,1245,41,40,0.537,True,2012-07-14 17:45,2012-07-31 19:06,0.0,2024.0,2012_RED53_fbp_fuel_90m.tif,23822.0,0.6476,0.1357,0.0798,0.0836,0.0078,0.0455,0.0,75.6,C-4,53138.0,0.6822,0.1364,0.0334,0.0377,0.03,0.0804,0.0,84.2,C-4,2012_RED53_mrdem_dtm_90m.tif,1.0,327.8,73.4,4.15,7.96,2.37,-0.029,0.033,320.1,84.7,3.98,7.98,2.28,0.006,0.017
2012_RED57,fire-spread-v1.0.0,calibration,2012,RED,2012-07-07,2012-08-21,46,2706.0,2708.25,"1,000-10,000 ha",lightning,lightning,MON,-93.5527,52.9383,True,0,-93.5095,52.9264,-6.0,170,15,11,0.55,True,2012-07-17 08:39,2012-07-31 09:17,10.0,2024.0,2012_RED57_fbp_fuel_90m.tif,3258.0,0.6946,0.1872,0.0967,0.0169,0.0,0.0046,0.0,79.3,C-4,19287.0,0.5942,0.115,0.0176,0.0125,0.0002,0.2604,0.0,88.0,C-3,2012_RED57_mrdem_dtm_90m.tif,1.0,292.6,55.9,4.61,8.45,2.64,-0.04,-0.008,290.8,69.2,3.98,8.77,2.27,0.003,0.01
2012_RED58,fire-spread-v1.0.0,calibration,2012,RED,2012-07-08,2012-08-21,45,1884.0,1943.48,"1,000-10,000 ha",lightning,lightning,MON,-93.7492,52.8563,True,0,-93.72561,52.85403,-6.0,162,19,15,0.702,True,2012-07-15 19:06,2012-07-31 09:17,7.0,2024.0,2012_RED58_fbp_fuel_90m.tif,2329.0,0.6844,0.158,0.088,0.0468,0.0176,0.0052,0.0,78.4,C-4,18351.0,0.6926,0.1171,0.0189,0.0192,0.0052,0.147,0.0,88.3,C-3,2012_RED58_mrdem_dtm_90m.tif,1.0,314.7,70.8,4.81,9.28,2.75,0.003,-0.085,307.6,95.3,4.06,8.37,2.32,-0.002,0.029
2012_RED59,fire-spread-v1.0.0,calibration,2012,RED,2012-07-08,2012-08-21,45,55.0,55.3,40-200 ha,lightning,lightning,MON,-93.7789,52.8561,False,437,-93.78951,52.85539,,0,0,0,,False,,,,,,,,,,,,,,,,,,,,,,,,,,,,,,,,,,,,,,,,,
2012_RED60,fire-spread-v1.0.0,calibration,2012,RED,2012-07-02,2012-08-21,51,2742.0,2746.62,"1,000-10,000 ha",lightning,lightning,MON,-93.1269,53.344,True,0,-93.15301,53.35471,-6.0,555,34,25,1.183,True,2012-07-15 19:06,2012-07-30 19:25,13.0,2024.0,2012_RED60_fbp_fuel_90m.tif,3299.0,0.8178,0.0627,0.1094,0.0067,0.0006,0.0027,0.0,85.9,C-4,19195.0,0.8455,0.0809,0.0303,0.0094,0.0009,0.033,0.0,91.8,C-2,2012_RED60_mrdem_dtm_90m.tif,1.0,327.9,94.2,3.88,8.52,2.22,-0.032,0.264,311.4,106.0,2.57,5.48,1.47,-0.023,0.028
2012_RED61,fire-spread-v1.0.0,calibration,2012,RED,2012-07-14,2012-09-11,60,956.0,969.58,"200-1,000 ha",lightning,lightning,MON,-93.5338,53.4507,True,0,-93.54408,53.46082,-6.0,166,29,18,1.015,True,2012-07-14 17:45,2012-07-31 07:36,0.0,2024.0,2012_RED61_fbp_fuel_90m.tif,1158.0,0.5674,0.1623,0.2202,0.0259,0.0009,0.0233,0.0,66.0,C-4,13993.0,0.6285,0.1388,0.0749,0.0307,0.0006,0.1264,0.0,79.5,C-4,2012_RED61_mrdem_dtm_90m.tif,1.0,280.1,52.3,3.84,7.7,2.2,-0.041,0.139,273.7,81.5,3.61,7.71,2.07,0.04,0.011
2012_RED62,fire-spread-v1.0.0,calibration,2012,RED,2012-07-13,2012-09-11,61,1016.0,1016.87,"1,000-10,000 ha",lightning,lightning,MON,-93.0824,53.6317,True,0,-93.08418,53.64517,-6.0,88,16,12,0.83,True,2012-07-14 19:25,2012-07-31 07:36,1.0,2024.0,2012_RED62_fbp_fuel_90m.tif,1222.0,0.0319,0.0188,0.0057,0.0049,0.9304,0.0082,0.0,67.0,C-2,13296.0,0.4094,0.0751,0.0267,0.0199,0.2893,0.1796,0.0,84.3,C-2,2012_RED62_mrdem_dtm_90m.tif,1.0,274.0,51.6,5.07,9.22,2.9,0.123,-0.047,268.0,59.6,3.94,8.32,2.26,0.012,0.027
2012_RED63,fire-spread-v1.0.0,calibration,2012,RED,2012-07-13,2012-09-11,61,3577.0,3767.0,"1,000-10,000 ha",lightning,lightning,MON,-93.173,53.6136,True,0,-93.2016,53.63341,-6.0,379,33,25,0.866,True,2012-07-14 17:45,2012-07-31 07:36,1.0,2024.0,2012_RED63_fbp_fuel_90m.tif,4498.0,0.5631,0.096,0.1779,0.0207,0.086,0.0562,0.0,72.1,C-4,23022.0,0.4998,0.0701,0.0225,0.0236,0.2112,0.1728,0.0,87.4,C-2,2012_RED63_mrdem_dtm_90m.tif,1.0,280.8,62.3,5.86,11.02,3.35,-0.006,0.042,272.5,79.4,4.38,9.27,2.51,-0.01,0.024
2012_RED64,fire-spread-v1.0.0,calibration,2012,RED,2012-07-15,2012-09-11,59,247.0,246.89,"200-1,000 ha",lightning,lightning,MON,-93.158,53.6406,True,0,-93.15117,53.63718,-6.0,10,4,3,0.513,True,2012-07-14 17:45,2012-07-28 08:33,-1.0,2024.0,2012_RED64_fbp_fuel_90m.tif,300.0,0.36,0.0633,0.0867,0.0167,0.4633,0.01,0.0,74.5,C-4,8442.0,0.3217,0.0745,0.0779,0.0214,0.3855,0.1189,0.0,73.0,C-4,2012_RED64_mrdem_dtm_90m.tif,1.0,274.9,41.3,6.99,12.94,3.99,0.077,0.058,276.1,61.2,5.05,9.93,2.89,0.011,0.063
2012_RED66,fire-spread-v1.0.0,calibration,2012,RED,2012-07-15,2012-08-21,38,2338.0,2341.21,"1,000-10,000 ha",lightning,lightning,MON,-93.7373,53.0271,True,0,-93.71467,53.03132,-6.0,208,24,20,0.733,True,2012-07-15 19:06,2012-07-28 08:33,0.0,2024.0,2012_RED66_fbp_fuel_90m.tif,2812.0,0.756,0.1234,0.0871,0.0324,0.0007,0.0004,0.0,82.2,C-4,19958.0,0.7568,0.1235,0.0267,0.0155,0.0004,0.077,0.0,88.8,C-2,2012_RED66_mrdem_dtm_90m.tif,1.0,299.7,64.8,4.25,7.94,2.43,0.06,-0.022,296.4,73.3,3.34,7.11,1.91,0.042,0.015
2012_RED69,fire-spread-v1.0.0,calibration,2012,RED,2012-07-14,2012-08-21,39,212.0,212.68,"200-1,000 ha",lightning,lightning,MON,-93.8406,52.9725,False,251,-93.83769,52.97995,-6.0,15,5,4,0.793,True,2012-07-18 08:20,2012-07-28 08:33,4.0,2024.0,2012_RED69_fbp_fuel_90m.tif,251.0,0.7928,0.0996,0.0837,0.0199,0.0,0.004,0.0,84.6,C-4,9337.0,0.7229,0.134,0.0199,0.0121,0.0003,0.1107,0.0,88.3,C-2,2012_RED69_mrdem_dtm_90m.tif,1.0,298.6,52.8,3.73,6.5,2.13,-0.194,0.026,300.5,68.0,3.19,7.12,1.82,-0.009,0.018
2012_RED70,fire-spread-v1.0.0,calibration,2012,RED,2012-07-13,2012-08-21,40,111.0,111.17,40-200 ha,lightning,lightning,MON,-94.0516,53.0787,True,0,-94.05375,53.08324,-6.0,4,4,3,0.506,True,2012-07-14 17:45,2012-07-27 20:22,1.0,2024.0,2012_RED70_fbp_fuel_90m.tif,135.0,0.9185,0.0741,0.0074,0.0,0.0,0.0,0.0,95.2,C-2,6831.0,0.6856,0.179,0.0246,0.0264,0.0001,0.0843,0.0,84.0,C-2,2012_RED70_mrdem_dtm_90m.tif,1.0,297.8,20.3,2.85,5.66,1.63,0.108,-0.179,299.6,60.6,2.8,6.21,1.6,0.057,0.022
2012_RED71,fire-spread-v1.0.0,calibration,2012,RED,2012-07-02,2012-08-22,52,6085.0,6494.39,"1,000-10,000 ha",lightning,lightning,MON,-94.858,52.0348,True,0,-94.80129,52.03975,-6.0,420,22,21,0.611,True,2012-07-14 07:56,2012-07-29 18:03,12.0,2024.0,2012_RED71_fbp_fuel_90m.tif,7846.0,0.1129,0.03,0.7852,0.0116,0.0001,0.0602,0.0,13.6,D-1/D-2,33374.0,0.3548,0.0518,0.3445,0.0297,0.001,0.2183,0.0,48.6,D-1/D-2,2012_RED71_mrdem_dtm_90m.tif,1.0,338.7,53.9,4.54,8.48,2.6,0.001,0.005,331.5,58.9,3.5,7.25,2.01,-0.017,0.023
2012_RED72,fire-spread-v1.0.0,calibration,2012,RED,2012-07-07,2012-10-11,97,13631.0,14462.52,"10,000 ha or more",lightning,lightning,MON,-95.0927,52.6873,True,0,-95.11478,52.64498,-6.0,961,39,35,0.603,True,2012-07-14 19:25,2012-07-29 19:44,7.0,2024.0,2012_RED72_fbp_fuel_90m.tif,17387.0,0.5321,0.1997,0.0934,0.0615,0.0365,0.0767,0.0,71.3,C-4,47197.0,0.6193,0.0993,0.022,0.0408,0.0017,0.2169,0.0,86.7,C-4,2012_RED72_mrdem_dtm_90m.tif,1.0,328.6,47.4,2.97,5.58,1.7,-0.028,0.009,326.0,55.3,2.42,4.98,1.39,-0.027,0.001
2012_RED94,fire-spread-v1.0.0,calibration,2012,RED,2012-07-22,2012-08-21,31,533.0,538.99,"200-1,000 ha",lightning,lightning,MON,-95.0869,52.8762,True,0,-95.06464,52.88264,-6.0,41,7,6,0.757,True,2012-07-26 19:00,2012-07-31 19:06,4.0,2024.0,2012_RED94_fbp_fuel_90m.tif,654.0,0.8853,0.078,0.0031,0.026,0.0,0.0076,0.0,93.3,C-4,11922.0,0.7749,0.112,0.0164,0.0268,0.0,0.07,0.0,89.0,C-3,2012_RED94_mrdem_dtm_90m.tif,1.0,323.3,26.2,2.78,5.05,1.59,-0.007,0.009,317.3,45.3,2.59,5.26,1.48,-0.03,0.001
2012_SLK101,fire-spread-v1.0.0,calibration,2012,SLK,2012-07-29,2012-08-29,32,230.0,229.72,"200-1,000 ha",lightning,lightning,MON,-91.303,52.361,False,57,-91.30075,52.3541,-6.0,3,2,1,0.184,False,2012-07-30 17:44,2012-07-31 07:37,1.0,2024.0,2012_SLK101_fbp_fuel_90m.tif,275.0,0.6582,0.1418,0.1564,0.0255,0.0182,0.0,0.0,72.7,C-2,7557.0,0.8456,0.0666,0.0414,0.0128,0.0083,0.0253,0.0,90.9,C-2,2012_SLK101_mrdem_dtm_90m.tif,1.0,391.6,24.9,2.37,4.29,1.36,-0.017,-0.216,392.1,56.8,2.16,4.55,1.24,-0.05,0.055
2012_SLK105,fire-spread-v1.0.0,calibration,2012,SLK,2012-08-06,2012-09-10,36,52.0,52.56,40-200 ha,lightning,lightning,MOD,-92.7619,50.3201,False,4,-92.7637,50.32552,-6.0,4,3,1,0.803,False,2012-08-11 07:31,2012-08-12 08:52,5.0,2024.0,2012_SLK105_fbp_fuel_90m.tif,63.0,0.4286,0.254,0.0635,0.0635,0.0635,0.127,0.0,71.1,C-4,6097.0,0.1258,0.0564,0.0318,0.0118,0.0013,0.7728,0.0,68.3,C-2,2012_SLK105_mrdem_dtm_90m.tif,1.0,361.8,12.4,3.63,5.64,2.08,0.082,-0.008,359.4,58.8,1.18,4.34,0.68,0.127,0.067
2012_SLK20,fire-spread-v1.0.0,calibration,2012,SLK,2012-06-05,2012-06-14,10,48.0,48.07,40-200 ha,lightning,lightning,MOD,-90.5746,52.2259,False,3817,-90.59004,52.1903,,0,0,0,,False,,,,,,,,,,,,,,,,,,,,,,,,,,,,,,,,,,,,,,,,,
2012_SLK26,fire-spread-v1.0.0,calibration,2012,SLK,2012-06-06,2012-07-05,30,223.0,223.41,"200-1,000 ha",lightning,lightning,MON,-91.4131,53.2589,True,0,-91.41087,53.26465,-6.0,9,3,2,0.567,False,2012-06-07 19:19,2012-06-09 18:41,1.0,2024.0,2012_SLK26_fbp_fuel_90m.tif,272.0,0.7831,0.1434,0.0294,0.0221,0.0184,0.0037,0.0,88.3,C-2,9298.0,0.7853,0.1259,0.0163,0.0257,0.0005,0.0461,0.0,89.3,C-2,2012_SLK26_mrdem_dtm_90m.tif,1.0,285.2,17.2,1.75,3.43,1.0,0.016,0.338,285.8,56.4,1.72,3.46,0.99,0.08,0.118
2012_SLK29,fire-spread-v1.0.0,calibration,2012,SLK,2012-06-07,2012-07-05,29,110.0,110.01,40-200 ha,lightning,lightning,MON,-92.2881,53.1981,False,778,-92.30698,53.19117,-6.0,3,1,0,0.383,False,2012-06-08 19:00,2012-06-08 19:00,1.0,2024.0,2012_SLK29_fbp_fuel_90m.tif,133.0,0.9474,0.0301,0.015,0.0,0.0075,0.0,0.0,96.2,C-2,6503.0,0.8562,0.0806,0.0168,0.0042,0.004,0.0383,0.0,93.2,C-2,2012_SLK29_mrdem_dtm_90m.tif,1.0,283.8,24.0,2.33,5.66,1.34,-0.205,-0.585,278.4,41.5,2.14,4.41,1.22,-0.006,0.016
2012_SLK32,fire-spread-v1.0.0,calibration,2012,SLK,2012-06-08,2012-06-29,22,133.0,133.16,40-200 ha,lightning,lightning,MON,-89.0139,52.0323,False,3,-89.02257,52.0371,-5.0,2,2,1,0.211,False,2012-06-09 17:01,2012-06-09 18:41,1.0,2024.0,2012_SLK32_fbp_fuel_90m.tif,160.0,0.6062,0.25,0.0375,0.0813,0.025,0.0,0.0,70.8,C-2,6968.0,0.5544,0.1191,0.0451,0.0502,0.0944,0.1368,0.0,80.6,C-2,2012_SLK32_mrdem_dtm_90m.tif,1.0,317.8,27.0,2.37,4.46,1.36,0.28,-0.214,311.1,36.8,1.96,4.12,1.12,-0.01,-0.004
2012_SLK47,fire-spread-v1.0.0,calibration,2012,SLK,2012-07-11,2012-08-07,28,458.0,457.6,"200-1,000 ha",lightning,lightning,MON,-90.2333,50.416,False,464,-90.20915,50.4344,-6.0,54,4,3,1.076,True,2012-07-12 20:02,2012-07-13 19:43,1.0,2024.0,2012_SLK47_fbp_fuel_90m.tif,557.0,0.5691,0.2262,0.1059,0.0162,0.0592,0.0233,0.0,75.8,C-2,10553.0,0.632,0.1067,0.0245,0.0244,0.0085,0.2037,0.0,87.1,C-2,2012_SLK47_mrdem_dtm_90m.tif,1.0,417.7,59.8,5.49,11.6,3.13,0.126,0.062,406.2,72.2,2.75,5.99,1.57,0.023,0.033
2012_SLK71,fire-spread-v1.0.0,calibration,2012,SLK,2012-07-05,2012-08-11,38,100.0,99.96,40-200 ha,lightning,lightning,MON,-91.7895,52.295,False,1038,-91.77538,52.307,,0,0,0,,False,,,,,,,,,,,,,,,,,,,,,,,,,,,,,,,,,,,,,,,,,
2012_SLK72,fire-spread-v1.0.0,calibration,2012,SLK,2012-07-11,2012-08-29,50,746.0,751.54,"200-1,000 ha",lightning,lightning,MON,-91.6992,52.375,True,0,-91.667,52.37469,-6.0,37,10,9,0.487,True,2012-07-18 19:50,2012-07-31 09:17,7.0,2024.0,2012_SLK72_fbp_fuel_90m.tif,906.0,0.7163,0.1391,0.0497,0.0486,0.0375,0.0088,0.0,82.2,C-2,11854.0,0.7961,0.0728,0.0496,0.0202,0.0048,0.0565,0.0,88.5,C-2,2012_SLK72_mrdem_dtm_90m.tif,1.0,394.0,74.4,4.99,10.11,2.86,-0.049,0.175,388.7,108.3,3.43,7.13,1.96,-0.013,0.112
2012_SLK73,fire-spread-v1.0.0,calibration,2012,SLK,2012-07-14,2012-07-22,9,803.0,805.38,"200-1,000 ha",lightning,lightning,MON,-91.5549,52.7419,False,2162,-91.61483,52.75263,-6.0,5,4,3,0.07,False,2012-07-18 19:50,2012-07-21 09:04,4.0,2024.0,2012_SLK73_fbp_fuel_90m.tif,966.0,0.7246,0.1791,0.059,0.0197,0.0166,0.001,0.0,83.0,C-2,10458.0,0.6963,0.1969,0.0367,0.043,0.0202,0.0069,0.0,81.1,C-2,2012_SLK73_mrdem_dtm_90m.tif,1.0,335.8,29.5,2.15,4.91,1.23,0.054,0.165,330.1,121.8,2.39,5.62,1.37,-0.113,0.135
2012_SLK74,fire-spread-v1.0.0,calibration,2012,SLK,2012-07-16,2012-10-09,86,11446.0,11098.88,"10,000 ha or more",lightning,lightning,MON,-91.5843,52.7513,False,100,-91.48887,52.71289,-6.0,537,27,26,0.457,True,2012-07-18 08:20,2012-07-31 09:17,2.0,2024.0,2012_SLK74_fbp_fuel_90m.tif,13375.0,0.6371,0.1516,0.1,0.0738,0.0302,0.0073,0.0,73.5,C-2,49871.0,0.7413,0.1314,0.0194,0.0124,0.0031,0.0924,0.0,89.1,C-2,2012_SLK74_mrdem_dtm_90m.tif,1.0,343.9,133.5,4.59,9.71,2.63,0.087,0.047,329.2,142.8,2.54,5.99,1.45,0.006,0.094
2012_SLK79,fire-spread-v1.0.0,calibration,2012,SLK,2012-07-15,2012-08-22,39,106.0,106.21,40-200 ha,lightning,lightning,MON,-91.9184,54.2021,False,281,-91.93041,54.20561,-6.0,3,1,0,0.397,False,2012-07-21 18:54,2012-07-21 18:54,6.0,2024.0,2012_SLK79_fbp_fuel_90m.tif,128.0,0.625,0.1406,0.1641,0.0469,0.0078,0.0156,0.0,69.2,C-2,6760.0,0.6118,0.1538,0.0635,0.0337,0.0007,0.1364,0.0,79.4,C-2,2012_SLK79_mrdem_dtm_90m.tif,1.0,241.6,15.6,2.04,4.91,1.17,-0.251,-0.239,239.2,25.5,1.36,2.9,0.78,-0.008,-0.012
2012_SLK81,fire-spread-v1.0.0,calibration,2012,SLK,2012-07-16,2012-08-19,35,59.0,59.12,40-200 ha,lightning,lightning,MON,-89.3192,52.4943,False,106,-89.31457,52.48962,,0,0,0,,False,,,,,,,,,,,,,,,,,,,,,,,,,,,,,,,,,,,,,,,,,
2012_SLK82,fire-spread-v1.0.0,calibration,2012,SLK,2012-07-19,2012-09-09,53,1069.0,1071.87,"1,000-10,000 ha",lightning,lightning,MON,-91.6874,52.7705,True,0,-91.66849,52.7675,-6.0,36,14,12,0.367,True,2012-07-21 18:53,2012-07-31 09:17,2.0,2024.0,2012_SLK82_fbp_fuel_90m.tif,1283.0,0.7264,0.1543,0.0475,0.0468,0.0242,0.0008,0.0,82.5,C-2,16537.0,0.7585,0.1705,0.0318,0.022,0.0072,0.0101,0.0,85.5,C-2,2012_SLK82_mrdem_dtm_90m.tif,1.0,320.7,70.3,2.98,6.58,1.7,-0.102,0.214,320.5,83.5,1.94,4.35,1.11,-0.041,0.116
2012_SLK85,fire-spread-v1.0.0,calibration,2012,SLK,2012-07-18,2012-07-29,12,95.0,95.1,40-200 ha,lightning,lightning,FUL,-89.4479,53.0312,True,0,-89.44984,53.03288,-5.0,6,3,2,0.591,False,2012-07-22 07:05,2012-07-24 19:37,4.0,2024.0,2012_SLK85_fbp_fuel_90m.tif,116.0,0.5,0.3793,0.0862,0.0259,0.0,0.0086,0.0,63.3,C-2,7520.0,0.6461,0.1374,0.0245,0.0265,0.0036,0.162,0.0,83.4,C-2,2012_SLK85_mrdem_dtm_90m.tif,1.0,252.6,18.1,1.96,3.87,1.12,0.366,0.071,253.5,44.3,1.75,3.44,1.0,0.122,-0.009
2012_SLK91,fire-spread-v1.0.0,calibration,2012,SLK,2012-07-24,2012-08-29,37,1074.0,1084.39,"1,000-10,000 ha",lightning,lightning,MON,-91.4442,51.854,True,0,-91.41103,51.85733,-6.0,70,9,7,0.661,True,2012-07-27 18:40,2012-07-31 09:17,3.0,2024.0,2012_SLK91_fbp_fuel_90m.tif,1320.0,0.7182,0.1402,0.0227,0.0773,0.0258,0.0159,0.0,80.1,C-2,16980.0,0.7663,0.0552,0.0094,0.0251,0.024,0.12,0.0,92.3,C-2,2012_SLK91_mrdem_dtm_90m.tif,1.0,413.4,42.0,4.24,7.87,2.42,0.036,0.032,411.4,72.6,2.83,5.89,1.62,0.028,0.02
2012_SLK93,fire-spread-v1.0.0,calibration,2012,SLK,2012-07-24,2012-08-22,30,772.0,771.87,"200-1,000 ha",lightning,lightning,MON,-89.1436,51.9095,False,17843,-89.14332,51.73326,,0,0,0,,False,,,,,,,,,,,,,,,,,,,,,,,,,,,,,,,,,,,,,,,,,
2012_SLK97,fire-spread-v1.0.0,calibration,2012,SLK,2012-07-22,2012-08-29,39,785.0,785.92,"200-1,000 ha",lightning,lightning,MON,-92.2641,52.4122,True,0,-92.23664,52.41582,-6.0,85,10,9,0.93,True,2012-07-28 08:33,2012-07-31 09:17,6.0,2024.0,2012_SLK97_fbp_fuel_90m.tif,946.0,0.7495,0.1459,0.0867,0.0053,0.0127,0.0,0.0,85.1,C-2,13354.0,0.7378,0.0562,0.0183,0.0189,0.0019,0.1668,0.0,91.9,C-2,2012_SLK97_mrdem_dtm_90m.tif,1.0,365.5,29.8,3.37,6.36,1.93,0.035,-0.116,359.9,63.2,2.99,6.21,1.71,-0.01,0.077
2012_THU35,fire-spread-v1.0.0,calibration,2012,THU,2012-07-09,2012-08-21,44,304.0,303.91,"200-1,000 ha",lightning,lightning,MON,-90.1788,50.4083,True,0,-90.16516,50.4176,-6.0,10,6,4,0.37,True,2012-07-13 08:15,2012-07-28 20:02,4.0,2024.0,2012_THU35_fbp_fuel_90m.tif,373.0,0.5737,0.1609,0.1153,0.0375,0.0885,0.0241,0.0,72.9,C-4,10113.0,0.6546,0.0906,0.0273,0.021,0.0053,0.2012,0.0,87.8,C-2,2012_THU35_mrdem_dtm_90m.tif,1.0,412.2,46.2,4.21,8.8,2.41,-0.135,-0.108,405.0,74.9,2.92,6.42,1.67,0.03,0.036
2012_THU65,fire-spread-v1.0.0,calibration,2012,THU,2012-09-01,2012-11-08,69,822.0,902.92,"200-1,000 ha",lightning,lightning,MON,-89.4165,50.8375,True,0,-89.39497,50.84522,-5.0,43,8,6,0.498,True,2012-09-10 08:08,2012-09-13 08:52,9.0,2024.0,2012_THU65_fbp_fuel_90m.tif,1097.0,0.4366,0.2853,0.1349,0.0447,0.0146,0.0839,0.0,57.4,C-2,13213.0,0.6288,0.0579,0.0359,0.0166,0.0033,0.2575,0.0,88.6,C-2,2012_THU65_mrdem_dtm_90m.tif,1.0,346.0,39.0,3.38,6.35,1.94,0.008,0.04,346.4,81.2,2.5,5.67,1.43,0.047,0.005
2012_TIM27,fire-spread-v1.0.0,calibration,2012,TIM,2012-06-26,2012-08-17,53,102.0,101.97,40-200 ha,lightning,lightning,FUL,-82.1235,48.0993,False,2,-82.11946,48.09207,-5.0,3,1,0,0.414,False,2012-06-27 06:34,2012-06-27 06:34,1.0,2024.0,2012_TIM27_fbp_fuel_90m.tif,126.0,0.4048,0.1429,0.3492,0.0,0.0873,0.0159,0.0,54.6,D-1/D-2,6762.0,0.5367,0.3332,0.0637,0.02,0.0084,0.038,0.0,75.2,M-1/M-2 (50% conifer),2012_TIM27_mrdem_dtm_90m.tif,1.0,367.6,34.8,5.52,10.8,3.16,-0.414,-0.181,371.8,115.7,3.94,8.2,2.26,-0.116,0.121
2012_TIM47,fire-spread-v1.0.0,calibration,2012,TIM,2012-07-23,2012-08-18,27,42.0,43.32,40-200 ha,lightning,lightning,FUL,-81.754,47.0747,True,0,-81.75238,47.07678,-5.0,8,4,1,0.974,False,2012-07-30 06:16,2012-08-03 18:07,7.0,2024.0,2012_TIM47_fbp_fuel_90m.tif,53.0,0.6415,0.1698,0.1321,0.0566,0.0,0.0,0.0,73.1,C-4,5876.0,0.5667,0.1996,0.131,0.0388,0.0024,0.0614,0.0,71.4,C-3,2012_TIM47_mrdem_dtm_90m.tif,1.0,456.9,37.1,8.63,14.33,4.92,0.251,0.417,456.3,115.0,6.58,12.86,3.75,-0.027,0.007
2012_TIM7,fire-spread-v1.0.0,calibration,2012,TIM,2012-05-14,2012-08-17,96,476.0,414.09,"200-1,000 ha",railway,human,FUL,-81.5949,47.4509,False,1,-81.57552,47.46348,-5.0,9,2,1,0.238,False,2012-05-15 06:42,2012-05-15 08:22,1.0,2024.0,2012_TIM7_fbp_fuel_90m.tif,520.0,0.2615,0.2231,0.1942,0.2808,0.0385,0.0019,0.0,34.8,O-1a,10040.0,0.6114,0.181,0.1246,0.0576,0.0163,0.0092,0.0,71.8,C-4,2012_TIM7_mrdem_dtm_90m.tif,1.0,396.9,18.7,1.18,2.79,0.68,0.291,-0.263,397.0,80.5,2.65,5.95,1.52,-0.033,0.102
2012_TIM9,fire-spread-v1.0.0,calibration,2012,TIM,2012-05-20,2012-10-31,165,39524.0,39553.01,"10,000 ha or more",railway,human,FUL,-81.8338,47.7922,False,707,-81.71198,48.05391,-5.0,1568,17,16,0.408,True,2012-05-20 18:14,2012-06-11 18:02,0.0,2024.0,2012_TIM9_fbp_fuel_90m.tif,49215.0,0.2496,0.432,0.2442,0.0448,0.0044,0.025,0.0,43.2,M-1/M-2 (25% conifer),143063.0,0.4827,0.2909,0.1278,0.0239,0.0064,0.0683,0.0,68.2,C-2,2012_TIM9_mrdem_dtm_90m.tif,1.0,361.6,199.1,3.86,8.36,2.21,0.006,0.022,363.5,213.4,3.87,8.71,2.21,0.011,0.022
2012_WAW17,fire-spread-v1.0.0,calibration,2012,WAW,2012-05-20,2012-06-07,19,80.0,76.25,40-200 ha,lightning,lightning,FUL,-84.9106,48.3989,False,987,-84.92773,48.39577,-5.0,2,1,0,0.369,False,2012-05-24 18:40,2012-05-24 18:40,4.0,2024.0,2012_WAW17_fbp_fuel_90m.tif,94.0,0.383,0.3723,0.1489,0.0213,0.0638,0.0106,0.0,58.9,M-1/M-2 (50% conifer),6714.0,0.4103,0.3709,0.0987,0.0487,0.0082,0.0632,0.0,67.8,C-3,2012_WAW17_mrdem_dtm_90m.tif,1.0,440.3,26.7,4.13,8.87,2.36,-0.279,0.139,440.9,98.9,3.92,9.09,2.24,-0.123,-0.029
2012_WAW4,fire-spread-v1.0.0,calibration,2012,WAW,2012-05-08,2012-08-23,108,3300.0,3328.74,"1,000-10,000 ha",lightning,lightning,FUL,-84.0068,47.4682,True,0,-83.92716,47.48873,-5.0,51,7,5,0.161,False,2012-05-12 17:25,2012-05-17 19:11,4.0,2024.0,2012_WAW4_fbp_fuel_90m.tif,4165.0,0.1964,0.5381,0.1541,0.0531,0.0012,0.0571,0.0,50.4,M-1/M-2 (50% conifer),31369.0,0.3941,0.356,0.1696,0.0251,0.0022,0.053,0.0,62.9,C-2,2012_WAW4_mrdem_dtm_90m.tif,1.0,435.3,130.1,4.68,10.0,2.67,-0.121,0.093,449.7,162.2,6.21,13.29,3.54,0.005,0.028
2012_WAW5,fire-spread-v1.0.0,calibration,2012,WAW,2012-05-13,2012-05-25,13,50.0,58.68,40-200 ha,railway,human,FUL,-85.3293,48.6081,True,0,-85.32537,48.61152,,0,0,0,,False,,,,,,,,,,,,,,,,,,,,,,,,,,,,,,,,,,,,,,,,,
2013_COC19,fire-spread-v1.0.0,calibration,2013,COC,2013-07-03,2013-09-12,72,513.0,513.94,"200-1,000 ha",lightning,lightning,MON,-84.6659,52.5785,False,123,-84.66951,52.59832,-5.0,50,7,5,0.876,True,2013-07-07 07:44,2013-07-09 07:06,4.0,2024.0,2013_COC19_fbp_fuel_90m.tif,612.0,0.2908,0.1618,0.4624,0.0621,0.0,0.0229,0.0,36.6,D-1/D-2,11928.0,0.3301,0.0707,0.3894,0.124,0.0,0.0858,0.0,40.1,D-1/D-2,2013_COC19_mrdem_dtm_90m.tif,1.0,155.8,29.5,2.95,5.27,1.69,-0.008,0.027,141.8,43.0,1.11,2.18,0.63,0.027,-0.041
2013_COC23,fire-spread-v1.0.0,calibration,2013,COC,2013-06-08,2013-09-12,97,6585.0,6578.44,"1,000-10,000 ha",lightning,lightning,MON,-84.6362,53.8331,False,2553,-84.70716,53.80243,-5.0,662,33,32,0.68,True,2013-07-05 18:11,2013-07-31 08:34,27.0,2024.0,2013_COC23_fbp_fuel_90m.tif,7862.0,0.2468,0.4176,0.1804,0.1399,0.0001,0.0153,0.0,43.1,M-1/M-2 (25% conifer),44663.0,0.3327,0.3046,0.2672,0.0689,0.0,0.0266,0.0,50.3,D-1/D-2,2013_COC23_mrdem_dtm_90m.tif,1.0,99.9,46.5,2.09,5.08,1.2,0.02,-0.007,100.6,51.1,1.38,2.96,0.79,-0.002,-0.03
2013_COC26,fire-spread-v1.0.0,calibration,2013,COC,2013-07-26,2013-09-12,49,98.0,97.61,40-200 ha,miscellaneous,human,MON,-82.4472,54.7492,False,1162,-82.42211,54.74637,-5.0,8,5,3,0.864,True,2013-07-27 17:59,2013-07-29 19:02,1.0,2024.0,2013_COC26_fbp_fuel_90m.tif,115.0,0.0,0.0,0.2087,0.7739,0.0,0.0174,0.0,0.0,O-1a,6685.0,0.0,0.0,0.0907,0.7942,0.0018,0.1134,0.0,0.0,O-1a,2013_COC26_mrdem_dtm_90m.tif,1.0,25.8,4.5,0.76,1.5,0.44,0.125,0.385,18.6,14.2,0.34,0.8,0.19,0.141,-0.038
2013_COC3,fire-spread-v1.0.0,calibration,2013,COC,2013-06-08,2013-09-12,97,656.0,656.57,"200-1,000 ha",lightning,lightning,MON,-84.9609,53.1207,False,1347,-84.94318,53.09979,-5.0,32,8,5,0.557,True,2013-06-09 06:28,2013-06-19 08:22,1.0,2024.0,2013_COC3_fbp_fuel_90m.tif,789.0,0.1496,0.2167,0.5184,0.1103,0.0,0.0051,0.0,22.1,D-1/D-2,14955.0,0.2238,0.0888,0.1411,0.4488,0.0,0.0975,0.0,30.4,O-1a,2013_COC3_mrdem_dtm_90m.tif,1.0,114.5,21.5,2.09,3.89,1.2,0.026,-0.111,107.3,30.6,1.01,2.25,0.58,0.028,-0.041
2013_COC4,fire-spread-v1.0.0,calibration,2013,COC,2013-06-01,2013-09-12,104,1318.0,1319.5,"1,000-10,000 ha",lightning,lightning,MON,-84.3745,52.933,False,21,-84.35973,52.94355,-5.0,139,17,13,0.821,True,2013-06-14 18:04,2013-07-18 19:07,13.0,2024.0,2013_COC4_fbp_fuel_90m.tif,1596.0,0.2939,0.2538,0.2112,0.2368,0.0,0.0044,0.0,38.2,C-2,15042.0,0.2299,0.1101,0.1735,0.475,0.0,0.0115,0.0,28.8,O-1a,2013_COC4_mrdem_dtm_90m.tif,1.0,93.8,16.6,1.54,3.22,0.88,0.046,0.065,95.7,31.4,1.19,2.4,0.68,0.016,-0.015
2013_NIP11,fire-spread-v1.0.0,calibration,2013,NIP,2013-05-28,2013-06-06,10,207.0,207.53,"200-1,000 ha",industrial other,human,MOD,-86.2995,52.7739,True,0,-86.29125,52.78793,-5.0,3,1,0,0.203,False,2013-05-29 08:15,2013-05-29 08:15,1.0,2024.0,2013_NIP11_fbp_fuel_90m.tif,251.0,0.2749,0.259,0.2869,0.1753,0.0,0.004,0.0,38.0,D-1/D-2,8607.0,0.4597,0.0753,0.0896,0.3562,0.0005,0.0187,0.0,51.4,C-2,2013_NIP11_mrdem_dtm_90m.tif,1.0,161.7,24.4,3.28,6.04,1.88,0.126,0.037,162.4,35.0,1.36,2.58,0.78,-0.019,0.087
2013_NIP19,fire-spread-v1.0.0,calibration,2013,NIP,2013-06-07,2013-09-05,91,2968.0,2911.99,"1,000-10,000 ha",lightning,lightning,MON,-87.9676,52.6569,True,0,-87.97289,52.64998,-5.0,134,17,15,0.377,True,2013-06-08 18:17,2013-07-11 17:58,1.0,2024.0,2013_NIP19_fbp_fuel_90m.tif,3516.0,0.378,0.3939,0.0978,0.0375,0.0082,0.0845,0.0,58.4,C-2,22976.0,0.4516,0.1308,0.0568,0.0325,0.0017,0.3267,0.0,76.1,C-2,2013_NIP19_mrdem_dtm_90m.tif,1.0,259.4,34.4,3.22,6.49,1.84,-0.022,-0.034,254.3,43.5,2.4,5.59,1.37,-0.002,-0.025
2013_NIP21,fire-spread-v1.0.0,calibration,2013,NIP,2013-06-01,2013-07-21,51,46.0,39.87,40-200 ha,lightning,lightning,MON,-88.86,52.7811,False,433,-88.87055,52.78258,,0,0,0,,False,,,,,,,,,,,,,,,,,,,,,,,,,,,,,,,,,,,,,,,,,
2013_NIP23,fire-spread-v1.0.0,calibration,2013,NIP,2013-06-07,2013-07-03,27,259.0,258.13,"200-1,000 ha",lightning,lightning,MON,-88.0511,51.8821,True,0,-88.04676,51.88487,-5.0,5,3,2,0.163,False,2013-06-09 08:10,2013-06-09 19:39,2.0,2024.0,2013_NIP23_fbp_fuel_90m.tif,311.0,0.7621,0.2154,0.0161,0.0064,0.0,0.0,0.0,83.9,C-2,8699.0,0.6484,0.1288,0.0134,0.017,0.001,0.1914,0.0,86.9,C-2,2013_NIP23_mrdem_dtm_90m.tif,1.0,296.7,27.1,2.27,4.42,1.3,-0.202,-0.226,293.3,36.0,1.84,3.99,1.05,-0.069,0.002
2013_NIP25,fire-spread-v1.0.0,calibration,2013,NIP,2013-06-07,2013-07-03,27,523.0,530.15,"200-1,000 ha",lightning,lightning,MON,-88.4439,51.8518,True,0,-88.44463,51.86153,-5.0,2,1,0,0.053,False,2013-06-09 17:58,2013-06-09 17:58,2.0,2024.0,2013_NIP25_fbp_fuel_90m.tif,643.0,0.423,0.4386,0.1135,0.0124,0.0047,0.0078,0.0,61.5,C-2,9659.0,0.7487,0.1522,0.0613,0.0093,0.0002,0.0283,0.0,85.1,C-2,2013_NIP25_mrdem_dtm_90m.tif,1.0,347.1,26.5,2.02,3.58,1.16,-0.204,-0.231,336.4,58.0,1.53,2.83,0.88,-0.088,0.107
2013_NIP40,fire-spread-v1.0.0,calibration,2013,NIP,2013-07-01,2013-07-19,19,62.0,61.36,40-200 ha,miscellaneous,human,FUL,-87.3719,52.8942,True,0,-87.36815,52.89867,-5.0,3,2,1,0.688,False,2013-07-02 07:38,2013-07-02 19:07,1.0,2024.0,2013_NIP40_fbp_fuel_90m.tif,74.0,0.3108,0.1622,0.4324,0.0946,0.0,0.0,0.0,39.9,D-1/D-2,6240.0,0.3295,0.0332,0.0093,0.0176,0.0111,0.5994,0.0,89.7,C-2,2013_NIP40_mrdem_dtm_90m.tif,1.0,208.1,19.9,3.66,5.89,2.09,0.672,-0.282,198.4,27.9,1.3,3.79,0.74,0.013,0.016
2013_NIP43,fire-spread-v1.0.0,calibration,2013,NIP,2013-07-01,2013-08-19,50,2490.0,2568.48,"1,000-10,000 ha",lightning,lightning,MON,-87.9465,51.9269,True,0,-87.97337,51.9232,-5.0,202,7,6,0.706,True,2013-07-02 19:07,2013-07-04 18:29,1.0,2024.0,2013_NIP43_fbp_fuel_90m.tif,3118.0,0.4038,0.4747,0.0635,0.026,0.0013,0.0308,0.0,61.6,C-2,26795.0,0.6478,0.1541,0.037,0.0159,0.0015,0.1437,0.0,84.5,C-2,2013_NIP43_mrdem_dtm_90m.tif,1.0,292.7,43.7,2.6,5.12,1.49,0.05,0.103,292.4,53.1,1.62,3.21,0.93,0.022,0.009
2013_NIP44,fire-spread-v1.0.0,calibration,2013,NIP,2013-07-03,2013-07-31,29,315.0,319.38,"200-1,000 ha",lightning,lightning,MON,-87.128,51.1674,False,1038,-87.09502,51.17209,-5.0,11,2,1,0.44,False,2013-07-05 06:41,2013-07-05 08:22,2.0,2024.0,2013_NIP44_fbp_fuel_90m.tif,388.0,0.3918,0.4639,0.1031,0.0206,0.0077,0.0129,0.0,59.5,C-2,8996.0,0.6284,0.294,0.0399,0.0124,0.0014,0.0238,0.0,79.1,C-2,2013_NIP44_mrdem_dtm_90m.tif,1.0,254.4,17.2,1.38,2.82,0.79,0.122,-0.321,254.2,29.3,1.38,2.7,0.79,0.094,0.054
2013_NIP45,fire-spread-v1.0.0,calibration,2013,NIP,2013-06-19,2013-07-21,33,800.0,800.93,"200-1,000 ha",lightning,lightning,MON,-86.963,51.7438,True,0,-86.9559,51.75328,,0,0,0,,False,,,,,,,,,,,,,,,,,,,,,,,,,,,,,,,,,,,,,,,,,
2013_NIP48,fire-spread-v1.0.0,calibration,2013,NIP,2013-07-04,2013-08-02,30,356.0,356.75,"200-1,000 ha",lightning,lightning,MON,-86.7582,52.9348,False,88,-86.74683,52.92894,-5.0,15,6,5,0.512,True,2013-07-05 06:41,2013-07-12 07:50,1.0,2024.0,2013_NIP48_fbp_fuel_90m.tif,429.0,0.2657,0.2634,0.1492,0.317,0.0047,0.0,0.0,36.7,O-1a,9490.0,0.3732,0.1293,0.1271,0.3117,0.0,0.0587,0.0,45.2,C-2,2013_NIP48_mrdem_dtm_90m.tif,1.0,188.0,17.8,2.38,4.46,1.36,0.178,0.013,183.5,22.9,1.08,2.03,0.62,0.006,0.01
2013_NIP50,fire-spread-v1.0.0,calibration,2013,NIP,2013-07-04,2013-09-05,64,145.0,148.75,40-200 ha,lightning,lightning,MON,-88.8433,53.4377,False,139,-88.83662,53.43153,-5.0,20,8,4,0.851,True,2013-07-06 08:03,2013-07-11 17:58,2.0,2024.0,2013_NIP50_fbp_fuel_90m.tif,177.0,0.1808,0.226,0.5424,0.0169,0.0,0.0339,0.0,28.7,D-1,7383.0,0.2469,0.2387,0.3803,0.023,0.0009,0.1101,0.0,38.3,D-1,2013_NIP50_mrdem_dtm_90m.tif,1.0,224.2,18.1,1.67,3.3,0.96,0.354,-0.041,224.5,42.5,2.05,4.16,1.17,0.108,0.045
2013_NIP51,fire-spread-v1.0.0,calibration,2013,NIP,2013-07-04,2013-09-05,64,680.0,681.1,"200-1,000 ha",lightning,lightning,MON,-87.7686,53.9438,True,0,-87.76522,53.94058,-5.0,51,8,6,0.723,True,2013-07-05 08:21,2013-07-07 19:14,1.0,2024.0,2013_NIP51_fbp_fuel_90m.tif,819.0,0.0757,0.1111,0.4029,0.3626,0.0012,0.0464,0.0,13.0,O-1a,10725.0,0.2186,0.0684,0.1884,0.5097,0.0,0.0147,0.0,25.7,O-1a,2013_NIP51_mrdem_dtm_90m.tif,1.0,128.6,11.5,1.42,3.39,0.82,-0.003,-0.008,129.4,20.7,1.05,2.5,0.6,0.023,0.045
2013_NIP52,fire-spread-v1.0.0,calibration,2013,NIP,2013-07-07,2013-08-02,27,150.0,151.98,40-200 ha,lightning,lightning,MON,-86.3847,54.0198,True,0,-86.40548,54.01871,-5.0,9,2,1,0.555,False,2013-07-07 17:33,2013-07-07 19:14,0.0,2024.0,2013_NIP52_fbp_fuel_90m.tif,185.0,0.0919,0.0649,0.0919,0.7081,0.0,0.0432,0.0,13.0,O-1a,8425.0,0.0906,0.0815,0.1797,0.4381,0.0,0.2101,0.0,17.1,O-1a,2013_NIP52_mrdem_dtm_90m.tif,1.0,126.4,4.2,0.74,1.39,0.43,-0.123,0.083,125.3,9.5,0.6,1.33,0.34,0.015,-0.041
2013_NIP53,fire-spread-v1.0.0,calibration,2013,NIP,2013-07-01,2013-08-02,33,98.0,97.63,40-200 ha,lightning,lightning,MON,-86.5903,52.7545,True,0,-86.58965,52.75305,-5.0,2,2,1,0.288,False,2013-07-11 19:39,2013-07-14 07:12,10.0,2024.0,2013_NIP53_fbp_fuel_90m.tif,113.0,0.4159,0.2389,0.2389,0.0973,0.0,0.0088,0.0,51.6,D-1/D-2,7108.0,0.5784,0.0715,0.0961,0.2444,0.0,0.0097,0.0,62.8,C-2,2013_NIP53_mrdem_dtm_90m.tif,1.0,177.7,12.5,2.03,3.11,1.16,0.137,0.085,177.0,21.7,1.03,1.95,0.59,0.109,0.097
2013_NIP57,fire-spread-v1.0.0,calibration,2013,NIP,2013-07-07,2013-09-05,61,1300.0,1355.37,"1,000-10,000 ha",lightning,lightning,MON,-85.6348,53.8738,True,0,-85.62176,53.8724,-5.0,61,11,8,0.446,True,2013-07-23 07:44,2013-07-29 07:31,16.0,2024.0,2013_NIP57_fbp_fuel_90m.tif,1626.0,0.2189,0.1968,0.4016,0.1581,0.0,0.0246,0.0,32.5,D-1/D-2,13718.0,0.2644,0.2213,0.2951,0.1032,0.0,0.116,0.0,44.2,D-1/D-2,2013_NIP57_mrdem_dtm_90m.tif,1.0,107.1,11.8,0.64,1.59,0.37,0.011,-0.037,107.5,24.8,0.75,1.74,0.43,-0.013,0.003
2013_RED24,fire-spread-v1.0.0,calibration,2013,RED,2013-07-02,2013-08-08,38,304.0,304.54,"200-1,000 ha",lightning,lightning,MOD,-94.0712,51.3819,True,0,-94.07759,51.38174,-6.0,37,12,6,0.739,True,2013-07-04 07:00,2013-07-11 19:38,2.0,2024.0,2013_RED24_fbp_fuel_90m.tif,364.0,0.3159,0.1374,0.3874,0.0769,0.0275,0.0549,0.0,41.7,D-1/D-2,8666.0,0.351,0.0724,0.3054,0.0368,0.0096,0.2248,0.0,50.7,D-1/D-2,2013_RED24_mrdem_dtm_90m.tif,1.0,407.0,39.5,5.85,10.41,3.34,0.079,-0.03,401.7,41.4,3.38,6.68,1.94,-0.019,-0.0
2013_RED31,fire-spread-v1.0.0,calibration,2013,RED,2013-07-02,2013-09-08,69,16302.0,18293.41,"10,000 ha or more",lightning,lightning,FUL,-94.2727,51.4977,True,0,-94.32479,51.49928,-6.0,415,21,20,0.268,True,2013-07-03 18:48,2013-07-16 08:16,1.0,2024.0,2013_RED31_fbp_fuel_90m.tif,22192.0,0.2318,0.097,0.5356,0.0306,0.0068,0.0981,0.0,31.2,D-1/D-2,64349.0,0.2747,0.0317,0.4558,0.0394,0.0006,0.198,0.0,36.2,D-1/D-2,2013_RED31_mrdem_dtm_90m.tif,1.0,395.8,70.0,4.64,8.75,2.65,-0.028,0.013,386.4,85.7,3.86,7.67,2.21,-0.021,0.013
2013_RED32,fire-spread-v1.0.0,calibration,2013,RED,2013-07-02,2013-09-08,69,2308.0,2694.41,"1,000-10,000 ha",lightning,lightning,MON,-94.4718,51.4621,True,0,-94.39579,51.47214,-6.0,78,8,7,0.344,True,2013-07-03 18:48,2013-07-11 19:38,1.0,2024.0,2013_RED32_fbp_fuel_90m.tif,3263.0,0.1278,0.0542,0.6773,0.0169,0.0,0.1238,0.0,17.5,D-1/D-2,21657.0,0.0982,0.0462,0.7254,0.0175,0.0003,0.1123,0.0,13.6,D-1/D-2,2013_RED32_mrdem_dtm_90m.tif,1.0,396.1,40.9,4.15,7.69,2.37,-0.048,-0.008,390.2,71.6,3.96,7.64,2.27,-0.045,-0.004
2013_RED41,fire-spread-v1.0.0,calibration,2013,RED,2013-06-26,2013-08-10,46,566.0,566.19,"200-1,000 ha",lightning,lightning,MON,-94.0805,52.9805,False,41,-94.07562,52.99026,-6.0,88,15,11,1.043,True,2013-07-06 08:03,2013-07-18 09:18,10.0,2024.0,2013_RED41_fbp_fuel_90m.tif,681.0,0.4229,0.116,0.1013,0.3598,0.0,0.0,0.0,47.9,O-1a,11499.0,0.7771,0.1387,0.0362,0.0203,0.0001,0.0276,0.0,86.0,C-2,2013_RED41_mrdem_dtm_90m.tif,1.0,308.3,32.9,4.55,8.43,2.6,0.019,0.005,301.5,62.0,3.33,6.82,1.91,-0.039,-0.009
2013_RED56,fire-spread-v1.0.0,calibration,2013,RED,2013-07-17,2013-08-10,25,65.0,64.64,40-200 ha,lightning,lightning,MON,-93.5662,52.6029,False,529,-93.53586,52.60155,-6.0,10,3,2,1.74,False,2013-07-18 07:38,2013-07-18 17:27,1.0,2024.0,2013_RED56_fbp_fuel_90m.tif,78.0,0.0,0.0,0.9744,0.0,0.0,0.0256,0.0,0.0,D-1/D-2,7598.0,0.3822,0.0867,0.3656,0.0208,0.003,0.1416,0.0,50.8,D-1/D-2,2013_RED56_mrdem_dtm_90m.tif,1.0,332.8,28.8,6.49,10.0,3.71,-0.04,-0.266,337.7,65.2,4.45,8.85,2.55,-0.005,0.014
2013_SLK16,fire-spread-v1.0.0,calibration,2013,SLK,2013-06-07,2013-07-11,35,474.0,473.51,"200-1,000 ha",lightning,lightning,MON,-90.3508,52.8821,False,497,-90.34636,52.89841,-6.0,8,4,3,0.178,False,2013-06-09 08:09,2013-06-14 19:45,2.0,2024.0,2013_SLK16_fbp_fuel_90m.tif,570.0,0.6175,0.1789,0.1175,0.0667,0.0158,0.0035,0.0,70.7,C-2,9126.0,0.7484,0.1274,0.0335,0.0241,0.0003,0.0662,0.0,85.6,C-2,2013_SLK16_mrdem_dtm_90m.tif,1.0,303.9,29.0,3.11,6.68,1.78,0.05,0.062,303.5,39.3,1.81,3.68,1.04,0.074,-0.058
2013_SLK18,fire-spread-v1.0.0,calibration,2013,SLK,2013-06-08,2013-08-08,62,125.0,124.81,40-200 ha,lightning,lightning,MOD,-89.8684,53.7897,True,0,-89.86877,53.792,-5.0,10,3,2,0.901,False,2013-06-09 08:09,2013-06-09 19:39,1.0,2024.0,2013_SLK18_fbp_fuel_90m.tif,152.0,0.1382,0.0921,0.6184,0.0263,0.0658,0.0592,0.0,22.0,D-1/D-2,7240.0,0.2152,0.0298,0.0091,0.0106,0.0169,0.7184,0.0,86.2,C-2,2013_SLK18_mrdem_dtm_90m.tif,1.0,215.2,16.3,3.11,6.17,1.78,0.047,-0.051,209.9,21.6,0.61,2.14,0.35,-0.065,-0.154
2013_SLK19,fire-spread-v1.0.0,calibration,2013,SLK,2013-06-07,2013-07-11,35,109.0,108.85,40-200 ha,lightning,lightning,MON,-89.5036,51.9509,False,223,-89.48991,51.95796,-5.0,2,1,0,0.258,False,2013-06-09 17:58,2013-06-09 17:58,2.0,2024.0,2013_SLK19_fbp_fuel_90m.tif,131.0,0.6718,0.2595,0.0229,0.0458,0.0,0.0,0.0,76.5,C-2,7968.0,0.7988,0.1785,0.0173,0.0054,0.0,0.0,0.0,87.7,C-2,2013_SLK19_mrdem_dtm_90m.tif,1.0,318.8,19.8,2.07,4.12,1.18,0.303,-0.44,327.5,42.0,1.43,2.61,0.82,0.072,0.023
2013_SLK21,fire-spread-v1.0.0,calibration,2013,SLK,2013-06-07,2013-07-11,35,1649.0,1650.11,"1,000-10,000 ha",lightning,lightning,MON,-91.5252,53.139,True,0,-91.53201,53.16007,-6.0,5,3,2,0.043,False,2013-06-08 18:17,2013-06-09 19:39,1.0,2024.0,2013_SLK21_fbp_fuel_90m.tif,1979.0,0.5998,0.1976,0.1602,0.0222,0.0005,0.0197,0.0,71.5,C-2,17040.0,0.7297,0.1549,0.0555,0.0251,0.0005,0.0344,0.0,83.6,C-2,2013_SLK21_mrdem_dtm_90m.tif,1.0,313.6,52.0,2.14,4.1,1.22,-0.033,0.166,309.1,60.8,2.08,4.2,1.19,-0.008,0.053
2013_SLK22,fire-spread-v1.0.0,calibration,2013,SLK,2013-06-08,2013-07-05,28,88.0,88.53,40-200 ha,lightning,lightning,MON,-90.2126,53.4823,False,630,-90.20182,53.48367,,0,0,0,,False,,,,,,,,,,,,,,,,,,,,,,,,,,,,,,,,,,,,,,,,,
2013_SLK23,fire-spread-v1.0.0,calibration,2013,SLK,2013-06-08,2013-07-11,34,666.0,664.27,"200-1,000 ha",lightning,lightning,MON,-89.9105,54.0233,False,1179,-89.92397,54.0456,-5.0,21,5,4,0.423,True,2013-06-09 08:09,2013-06-18 18:30,1.0,2024.0,2013_SLK23_fbp_fuel_90m.tif,792.0,0.3939,0.2121,0.1338,0.2551,0.0,0.0051,0.0,46.5,C-2,11808.0,0.6622,0.1786,0.0141,0.0282,0.0002,0.1168,0.0,83.0,C-2,2013_SLK23_mrdem_dtm_90m.tif,1.0,205.8,24.0,2.25,4.0,1.29,-0.014,0.157,202.7,32.7,1.54,2.85,0.88,0.037,0.096
2013_SLK24,fire-spread-v1.0.0,calibration,2013,SLK,2013-06-04,2013-07-04,31,490.0,500.74,"200-1,000 ha",lightning,lightning,MOD,-89.6868,53.989,False,6972,-89.68746,53.91139,-5.0,20,3,2,0.393,False,2013-06-09 17:59,2013-06-10 07:50,5.0,2024.0,2013_SLK24_fbp_fuel_90m.tif,603.0,0.2985,0.3167,0.2056,0.1493,0.0017,0.0282,0.0,43.8,C-2,10311.0,0.5941,0.3126,0.0166,0.0202,0.0003,0.0563,0.0,78.2,C-2,2013_SLK24_mrdem_dtm_90m.tif,1.0,219.0,13.9,1.32,2.5,0.76,-0.026,0.04,216.2,31.6,1.27,2.43,0.73,0.083,0.012
2013_SLK25,fire-spread-v1.0.0,calibration,2013,SLK,2013-06-08,2013-07-12,35,1182.0,1183.58,"1,000-10,000 ha",lightning,lightning,MOD,-89.1151,53.3918,True,0,-89.13348,53.39048,-5.0,14,3,2,0.131,False,2013-06-09 08:09,2013-06-10 07:50,1.0,2024.0,2013_SLK25_fbp_fuel_90m.tif,1427.0,0.2719,0.3476,0.1969,0.1381,0.0147,0.0308,0.0,40.0,M-1/M-2 (25% conifer),14921.0,0.535,0.2159,0.0703,0.0273,0.0015,0.1501,0.0,70.9,C-2,2013_SLK25_mrdem_dtm_90m.tif,1.0,216.1,26.4,2.69,4.9,1.54,-0.051,-0.034,216.4,42.9,1.93,3.75,1.1,-0.043,0.056
2013_SLK27,fire-spread-v1.0.0,calibration,2013,SLK,2013-06-08,2013-07-11,34,86.0,85.95,40-200 ha,lightning,lightning,MON,-91.3377,53.7721,True,0,-91.33976,53.76484,-6.0,1,1,0,0.164,False,2013-06-09 17:59,2013-06-09 17:59,1.0,2024.0,2013_SLK27_fbp_fuel_90m.tif,101.0,0.3267,0.2277,0.3465,0.0396,0.0099,0.0495,0.0,47.4,C-2,7033.0,0.6204,0.0705,0.0101,0.0169,0.0018,0.2803,0.0,91.0,C-2,2013_SLK27_mrdem_dtm_90m.tif,1.0,248.0,16.5,3.34,5.79,1.91,-0.151,0.091,250.1,59.3,2.05,4.75,1.17,0.012,0.159
2013_SLK31,fire-spread-v1.0.0,calibration,2013,SLK,2013-06-10,2013-09-05,88,4842.0,5286.59,"1,000-10,000 ha",lightning,lightning,MON,-90.644,53.8836,True,0,-90.57697,53.93196,-6.0,325,44,39,0.572,True,2013-06-22 18:55,2013-07-18 07:37,12.0,2024.0,2013_SLK31_fbp_fuel_90m.tif,6325.0,0.253,0.1638,0.3807,0.0545,0.0123,0.1357,0.0,36.6,C-2,35700.0,0.4843,0.1463,0.0588,0.0267,0.0684,0.2155,0.0,75.7,C-2,2013_SLK31_mrdem_dtm_90m.tif,1.0,228.1,28.0,1.82,3.94,1.04,0.061,-0.024,226.1,40.9,1.48,3.17,0.85,0.017,-0.029
2013_SLK35,fire-spread-v1.0.0,calibration,2013,SLK,2013-07-03,2013-08-11,40,314.0,313.89,"200-1,000 ha",lightning,lightning,MON,-90.0644,52.4122,True,0,-90.05472,52.42236,-6.0,10,3,2,0.314,False,2013-07-10 18:17,2013-07-11 17:58,7.0,2024.0,2013_SLK35_fbp_fuel_90m.tif,379.0,0.7731,0.1609,0.0079,0.029,0.029,0.0,0.0,84.3,C-2,8549.0,0.6977,0.0893,0.009,0.0132,0.0011,0.1897,0.0,90.9,C-2,2013_SLK35_mrdem_dtm_90m.tif,1.0,326.1,21.5,2.16,3.88,1.24,-0.189,0.173,322.0,53.8,2.07,4.31,1.19,0.016,0.115
2013_SLK37,fire-spread-v1.0.0,calibration,2013,SLK,2013-07-04,2013-08-15,43,201.0,200.88,"200-1,000 ha",lightning,lightning,MON,-90.9492,52.9596,True,0,-90.94923,52.96262,-6.0,22,8,5,0.91,True,2013-07-06 17:52,2013-07-15 18:23,2.0,2024.0,2013_SLK37_fbp_fuel_90m.tif,236.0,0.6186,0.1992,0.0763,0.0636,0.0212,0.0212,0.0,73.5,C-2,7676.0,0.62,0.1042,0.0106,0.0216,0.0005,0.2431,0.0,87.3,C-2,2013_SLK37_mrdem_dtm_90m.tif,1.0,302.3,17.3,2.7,5.23,1.55,-0.006,-0.057,301.8,33.1,1.63,3.47,0.93,0.0,0.1
2013_SLK41,fire-spread-v1.0.0,calibration,2013,SLK,2013-07-01,2013-08-20,51,401.0,412.36,"200-1,000 ha",lightning,lightning,MON,-89.8038,54.0951,True,0,-89.7861,54.10681,-5.0,14,2,1,0.409,False,2013-07-29 19:02,2013-07-30 07:12,28.0,2024.0,2013_SLK41_fbp_fuel_90m.tif,488.0,0.3811,0.25,0.2295,0.1045,0.0041,0.0307,0.0,49.6,C-2,11502.0,0.5996,0.2035,0.0274,0.0298,0.0001,0.1395,0.0,79.0,C-2,2013_SLK41_mrdem_dtm_90m.tif,1.0,192.0,21.2,2.27,4.03,1.3,0.186,-0.039,190.9,28.1,1.39,2.67,0.8,0.041,0.056
2013_SLK43,fire-spread-v1.0.0,calibration,2013,SLK,2013-06-21,2013-08-15,56,160.0,160.01,40-200 ha,lightning,lightning,MON,-89.9815,54.3956,False,689,-90.00473,54.39961,-6.0,7,4,2,0.439,False,2013-07-07 17:34,2013-07-29 19:02,16.0,2024.0,2013_SLK43_fbp_fuel_90m.tif,188.0,0.3298,0.1383,0.1809,0.3245,0.0106,0.016,0.0,39.2,C-2,7345.0,0.7359,0.1415,0.0293,0.0312,0.0012,0.061,0.0,85.1,C-2,2013_SLK43_mrdem_dtm_90m.tif,1.0,169.1,29.3,3.13,5.78,1.79,-0.002,0.521,167.3,38.5,1.84,3.77,1.05,0.041,0.091
2013_SLK45,fire-spread-v1.0.0,calibration,2013,SLK,2013-07-12,2013-08-15,35,115.0,115.24,40-200 ha,lightning,lightning,MON,-89.5931,53.5838,True,0,-89.5734,53.58826,-5.0,10,2,1,1.098,False,2013-07-12 07:50,2013-07-18 19:07,0.0,2024.0,2013_SLK45_fbp_fuel_90m.tif,135.0,0.4667,0.1852,0.1704,0.163,0.0074,0.0074,0.0,54.1,C-2,7770.0,0.6829,0.1363,0.0157,0.0167,0.0102,0.1382,0.0,86.1,C-2,2013_SLK45_mrdem_dtm_90m.tif,1.0,246.8,15.8,3.08,4.74,1.76,0.152,-0.015,239.9,30.6,1.57,3.13,0.9,0.015,0.011
2013_THU16,fire-spread-v1.0.0,calibration,2013,THU,2013-06-07,2013-06-20,14,80.0,76.25,40-200 ha,railway,human,FUL,-88.8636,50.2822,True,0,-88.86701,50.28948,,0,0,0,,False,,,,,,,,,,,,,,,,,,,,,,,,,,,,,,,,,,,,,,,,,
2014_COC12,fire-spread-v1.0.0,calibration,2014,COC,2014-08-06,2014-09-07,33,70.0,69.94,40-200 ha,lightning,lightning,MON,-87.9905,55.7666,True,0,-87.99097,55.76667,-5.0,2,2,1,0.402,False,2014-08-06 19:16,2014-08-07 07:26,0.0,2024.0,2014_COC12_fbp_fuel_90m.tif,82.0,0.2195,0.0488,0.7195,0.0122,0.0,0.0,0.0,24.7,D-1/D-2,6540.0,0.2706,0.1266,0.4333,0.0541,0.0,0.1153,0.0,36.9,D-1/D-2,2014_COC12_mrdem_dtm_90m.tif,1.0,44.6,5.0,1.05,1.84,0.6,0.131,0.406,38.6,45.4,1.57,3.39,0.9,-0.131,0.165
2014_COC4,fire-spread-v1.0.0,calibration,2014,COC,2014-06-05,2014-08-11,68,100.0,22.76,40-200 ha,lightning,lightning,MON,-88.3376,54.1096,False,43,-88.32569,54.11272,-5.0,5,2,1,3.089,False,2014-06-07 19:40,2014-06-15 18:49,2.0,2024.0,2014_COC4_fbp_fuel_90m.tif,28.0,0.1786,0.0357,0.4643,0.3214,0.0,0.0,0.0,20.5,D-1/D-2,6776.0,0.1868,0.022,0.3459,0.4007,0.0012,0.0434,0.0,21.0,O-1a,2014_COC4_mrdem_dtm_90m.tif,1.0,137.1,4.4,1.11,1.9,0.64,-0.424,0.564,138.0,16.7,0.85,1.88,0.49,-0.018,0.085
2014_COC8,fire-spread-v1.0.0,calibration,2014,COC,2014-06-28,2014-07-17,20,2800.0,2257.76,"1,000-10,000 ha",lightning,lightning,MON,-81.5396,51.5034,True,0,-81.54575,51.51519,-5.0,79,10,8,0.361,True,2014-06-29 07:58,2014-07-11 19:02,1.0,2024.0,2014_COC8_fbp_fuel_90m.tif,2738.0,0.3495,0.1457,0.2966,0.176,0.0,0.0321,0.0,41.9,C-2,31534.0,0.2393,0.2262,0.2082,0.2519,0.0,0.0744,0.0,35.7,O-1a,2014_COC8_mrdem_dtm_90m.tif,1.0,73.9,26.2,1.98,4.41,1.14,0.027,0.005,66.5,34.0,0.94,1.76,0.54,0.074,0.01
2014_COC9,fire-spread-v1.0.0,calibration,2014,COC,2014-07-16,2014-07-17,2,1000.0,779.38,"1,000-10,000 ha",lightning,lightning,MON,-82.902,52.6582,True,0,-82.91461,52.67777,,0,0,0,,False,,,,,,,,,,,,,,,,,,,,,,,,,,,,,,,,,,,,,,,,,
2014_RED17,fire-spread-v1.0.0,calibration,2014,RED,2014-07-12,2014-09-09,60,186.0,195.19,40-200 ha,lightning,lightning,MON,-95.0005,51.3383,True,0,-95.00479,51.34066,-6.0,7,5,2,0.36,False,2014-07-22 09:08,2014-07-25 08:12,10.0,2024.0,2014_RED17_fbp_fuel_90m.tif,240.0,0.0125,0.0,0.975,0.0042,0.0,0.0083,0.0,1.3,D-1/D-2,8328.0,0.0476,0.0183,0.7184,0.0181,0.0002,0.1974,0.0,7.0,D-1/D-2,2014_RED17_mrdem_dtm_90m.tif,1.0,343.6,33.7,7.44,11.99,4.25,0.026,-0.069,336.0,44.6,3.93,7.95,2.25,-0.005,-0.033
2014_RED29,fire-spread-v1.0.0,calibration,2014,RED,2014-07-20,2014-09-09,52,697.0,600.99,"200-1,000 ha",lightning,lightning,MON,-92.5702,51.9228,True,0,-92.57045,51.93334,-6.0,71,11,8,0.819,True,2014-08-16 19:28,2014-08-22 07:46,27.0,2024.0,2014_RED29_fbp_fuel_90m.tif,719.0,0.694,0.1363,0.0793,0.0904,0.0,0.0,0.0,76.1,C-3,11380.0,0.8378,0.1047,0.0135,0.0149,0.0003,0.0287,0.0,91.1,C-2,2014_RED29_mrdem_dtm_90m.tif,1.0,396.8,43.7,4.76,9.34,2.72,-0.0,-0.043,389.0,49.3,3.02,5.96,1.73,-0.02,-0.025
2014_RED4,fire-spread-v1.0.0,calibration,2014,RED,2014-06-04,2014-06-30,27,95.0,93.38,40-200 ha,recreation,human,FUL,-94.0616,50.9018,True,0,-94.06137,50.90869,,0,0,0,,False,,,,,,,,,,,,,,,,,,,,,,,,,,,,,,,,,,,,,,,,,
2014_RED8,fire-spread-v1.0.0,calibration,2014,RED,2014-06-05,2014-07-12,38,50.0,144.49,40-200 ha,lightning,lightning,MON,-92.692,52.4096,True,0,-92.69641,52.41053,-6.0,5,2,1,0.389,False,2014-06-13 17:47,2014-06-13 19:27,8.0,2024.0,2014_RED8_fbp_fuel_90m.tif,176.0,0.6364,0.0909,0.1307,0.142,0.0,0.0,0.0,68.2,C-3,6958.0,0.7705,0.0767,0.0237,0.0418,0.0171,0.0701,0.0,88.7,C-3,2014_RED8_mrdem_dtm_90m.tif,1.0,365.4,52.4,5.89,9.32,3.37,0.396,-0.16,362.0,78.5,3.89,7.46,2.23,-0.036,0.067
2014_SLK13,fire-spread-v1.0.0,calibration,2014,SLK,2014-08-08,2014-09-06,30,52.0,52.51,40-200 ha,lightning,lightning,MON,-89.0441,53.5423,True,0,-89.04752,53.54008,-5.0,4,4,2,0.803,False,2014-08-11 17:41,2014-08-14 18:25,3.0,2024.0,2014_SLK13_fbp_fuel_90m.tif,63.0,0.3333,0.3651,0.3016,0.0,0.0,0.0,0.0,46.0,C-2,6977.0,0.5735,0.1418,0.0208,0.0171,0.0009,0.2461,0.0,82.9,C-2,2014_SLK13_mrdem_dtm_90m.tif,1.0,212.5,8.3,1.49,2.45,0.85,0.554,-0.452,211.3,33.4,1.66,3.55,0.95,0.031,-0.059
2015_COC10,fire-spread-v1.0.0,calibration,2015,COC,2015-06-20,2015-08-28,70,500.0,501.32,"200-1,000 ha",lightning,lightning,MON,-85.3509,52.8085,True,0,-85.33048,52.80344,-5.0,26,2,1,0.701,False,2015-06-25 18:15,2015-06-28 19:00,5.0,2024.0,2015_COC10_fbp_fuel_90m.tif,607.0,0.1351,0.0774,0.6722,0.1038,0.0,0.0115,0.0,16.8,D-1/D-2,12703.0,0.246,0.0793,0.4326,0.2307,0.0,0.0114,0.0,28.9,D-1/D-2,2015_COC10_mrdem_dtm_90m.tif,1.0,144.8,16.4,1.7,3.2,0.97,0.039,0.064,141.7,28.2,1.0,1.99,0.57,0.036,0.153
2015_COC12,fire-spread-v1.0.0,calibration,2015,COC,2015-06-28,2015-07-08,11,176.0,175.76,40-200 ha,lightning,lightning,FUL,-80.2031,49.1968,True,0,-80.20194,49.20322,-5.0,11,2,1,0.72,False,2015-06-28 18:58,2015-06-29 16:59,0.0,2024.0,2015_COC12_fbp_fuel_90m.tif,217.0,0.47,0.2765,0.1935,0.0553,0.0046,0.0,0.0,57.6,C-4,8099.0,0.5349,0.1925,0.2319,0.0211,0.0009,0.0188,0.0,63.9,C-2,2015_COC12_mrdem_dtm_90m.tif,1.0,334.6,26.5,3.09,5.48,1.77,-0.372,-0.083,339.6,94.5,3.78,7.7,2.16,0.039,-0.011
2015_COC13,fire-spread-v1.0.0,calibration,2015,COC,2015-06-22,2015-08-28,68,1120.0,1122.26,"1,000-10,000 ha",lightning,lightning,MON,-79.9005,50.6353,True,0,-79.90648,50.64079,-5.0,1,1,0,0.013,False,2015-06-29 18:40,2015-06-29 18:40,7.0,2024.0,2015_COC13_fbp_fuel_90m.tif,1371.0,0.3807,0.1765,0.4333,0.0022,0.0,0.0073,0.0,48.4,D-1/D-2,13085.0,0.4614,0.1376,0.3228,0.0042,0.0715,0.0026,0.0,59.4,D-1/D-2,2015_COC13_mrdem_dtm_90m.tif,1.0,157.8,54.9,1.7,2.97,0.97,-0.024,0.442,153.7,103.1,1.49,2.62,0.86,-0.03,0.451
2015_COC15,fire-spread-v1.0.0,calibration,2015,COC,2015-07-01,2015-09-08,70,580.0,579.36,"200-1,000 ha",lightning,lightning,MON,-89.1071,55.8397,True,0,-89.09898,55.83016,,0,0,0,,False,,,,,,,,,,,,,,,,,,,,,,,,,,,,,,,,,,,,,,,,,
2015_COC6,fire-spread-v1.0.0,calibration,2015,COC,2015-06-06,2015-09-08,95,2500.0,3237.27,"1,000-10,000 ha",lightning,lightning,MON,-84.2118,53.815,True,0,-84.23705,53.79919,-5.0,51,8,7,0.204,True,2015-06-11 07:49,2015-06-20 18:09,5.0,2024.0,2015_COC6_fbp_fuel_90m.tif,3872.0,0.157,0.2451,0.4194,0.1113,0.0,0.0671,0.0,29.4,D-1/D-2,27269.0,0.2757,0.2972,0.2827,0.0609,0.0001,0.0834,0.0,48.6,D-1/D-2,2015_COC6_mrdem_dtm_90m.tif,1.0,111.5,33.8,1.22,2.56,0.7,0.003,-0.102,104.8,47.0,0.91,1.88,0.52,0.028,-0.121
2015_KEN28,fire-spread-v1.0.0,calibration,2015,KEN,2015-05-23,2015-06-10,19,187.0,177.67,40-200 ha,incendiary,human,FUL,-95.084,49.6773,True,0,-95.07334,49.68358,-6.0,10,1,0,0.791,False,2015-05-23 20:15,2015-05-23 20:15,0.0,2024.0,2015_KEN28_fbp_fuel_90m.tif,218.0,0.344,0.2523,0.2018,0.1606,0.0367,0.0046,0.0,47.4,C-3,8245.0,0.3944,0.3345,0.1191,0.0469,0.0057,0.0993,0.0,63.1,M-1/M-2 (50% conifer),2015_KEN28_mrdem_dtm_90m.tif,1.0,344.8,23.4,3.08,5.54,1.76,-0.193,-0.007,346.4,74.2,3.36,7.09,1.92,-0.044,-0.125
2015_KEN5,fire-spread-v1.0.0,calibration,2015,KEN,2015-04-15,2015-05-13,29,260.0,262.47,"200-1,000 ha",incendiary,human,FUL,-94.9613,50.2417,False,19,-94.95181,50.24827,-6.0,13,4,3,0.482,True,2015-04-15 07:19,2015-04-17 19:50,0.0,2024.0,2015_KEN5_fbp_fuel_90m.tif,320.0,0.4562,0.1469,0.1594,0.1844,0.05,0.0031,0.0,54.7,C-3,10544.0,0.3919,0.2112,0.1461,0.0375,0.0062,0.2072,0.0,62.4,C-3,2015_KEN5_mrdem_dtm_90m.tif,1.0,329.5,59.6,5.6,9.89,3.2,-0.373,-0.136,331.8,87.6,5.06,10.36,2.89,-0.077,0.01
2015_NIP17,fire-spread-v1.0.0,calibration,2015,NIP,2015-06-08,2015-08-16,70,15827.0,16609.15,"10,000 ha or more",lightning,lightning,MON,-87.8276,53.5056,True,0,-87.69901,53.50715,-5.0,287,20,19,0.198,False,2015-06-17 17:26,2015-07-18 07:55,9.0,2024.0,2015_NIP17_fbp_fuel_90m.tif,19892.0,0.1634,0.4196,0.2168,0.1441,0.0069,0.0491,0.0,29.8,M-1/M-2 (25% conifer),47446.0,0.4693,0.2349,0.0573,0.0604,0.0065,0.1716,0.0,65.6,C-2,2015_NIP17_mrdem_dtm_90m.tif,1.0,174.7,62.7,2.7,5.11,1.54,0.017,0.043,175.4,79.5,1.9,3.97,1.09,0.027,0.05
2015_NIP19,fire-spread-v1.0.0,calibration,2015,NIP,2015-06-07,2015-07-16,40,200.0,103.57,"200-1,000 ha",lightning,lightning,MON,-88.59,53.4354,True,0,-88.58474,53.43578,,0,0,0,,False,,,,,,,,,,,,,,,,,,,,,,,,,,,,,,,,,,,,,,,,,
2015_NIP20,fire-spread-v1.0.0,calibration,2015,NIP,2015-06-08,2015-07-23,46,50.0,37.54,40-200 ha,lightning,lightning,MON,-86.9827,53.1778,True,0,-86.98266,53.17901,,0,0,0,,False,,,,,,,,,,,,,,,,,,,,,,,,,,,,,,,,,,,,,,,,,
2015_NIP23,fire-spread-v1.0.0,calibration,2015,NIP,2015-06-17,2015-08-16,61,4067.0,3679.41,"1,000-10,000 ha",lightning,lightning,MON,-88.2599,53.2052,True,0,-88.23696,53.18373,-5.0,97,13,12,0.302,True,2015-06-17 07:36,2015-07-02 19:25,0.0,2024.0,2015_NIP23_fbp_fuel_90m.tif,4406.0,0.067,0.1634,0.1979,0.074,0.4079,0.0899,0.0,24.7,D-1/D-2,25870.0,0.21,0.1254,0.0942,0.0609,0.2935,0.2161,0.0,52.8,C-2,2015_NIP23_mrdem_dtm_90m.tif,1.0,237.0,34.8,3.21,6.56,1.84,-0.055,-0.05,235.6,36.5,1.91,4.07,1.09,-0.002,-0.031
2015_NIP24,fire-spread-v1.0.0,calibration,2015,NIP,2015-06-25,2015-07-22,28,529.0,531.07,"200-1,000 ha",lightning,lightning,MON,-88.2266,52.1924,True,0,-88.21442,52.19014,-5.0,25,7,6,0.583,True,2015-07-01 18:03,2015-07-05 18:28,6.0,2024.0,2015_NIP24_fbp_fuel_90m.tif,643.0,0.4899,0.3359,0.0778,0.0886,0.0047,0.0031,0.0,62.3,C-2,10467.0,0.6141,0.091,0.0224,0.0101,0.0049,0.2575,0.0,88.9,C-2,2015_NIP24_mrdem_dtm_90m.tif,1.0,256.3,28.6,4.16,7.73,2.38,-0.029,-0.018,251.4,50.2,2.41,5.37,1.38,-0.008,0.037
2015_NIP30,fire-spread-v1.0.0,calibration,2015,NIP,2015-06-28,2015-08-16,50,107.0,106.94,40-200 ha,lightning,lightning,MON,-89.0009,52.6215,True,0,-89.00178,52.61872,-5.0,1,1,0,0.131,False,2015-06-30 18:22,2015-06-30 18:22,2.0,2024.0,2015_NIP30_fbp_fuel_90m.tif,128.0,0.5078,0.3438,0.0469,0.0859,0.0156,0.0,0.0,62.9,C-2,6666.0,0.7726,0.1854,0.023,0.0122,0.0015,0.0054,0.0,85.1,C-2,2015_NIP30_mrdem_dtm_90m.tif,1.0,300.2,19.2,2.51,4.54,1.44,-0.46,0.197,293.1,62.3,1.78,3.45,1.02,-0.005,0.207
2015_NIP31,fire-spread-v1.0.0,calibration,2015,NIP,2015-06-30,2015-07-22,23,340.0,268.32,"200-1,000 ha",lightning,lightning,MON,-87.9608,52.5482,True,0,-87.9604,52.5505,-5.0,16,7,4,0.629,True,2015-06-30 18:22,2015-07-04 07:17,0.0,2024.0,2015_NIP31_fbp_fuel_90m.tif,322.0,0.3602,0.4658,0.0932,0.0776,0.0031,0.0,0.0,50.5,M-1/M-2 (25% conifer),8378.0,0.4735,0.0868,0.0665,0.0238,0.0033,0.3461,0.0,79.2,C-2,2015_NIP31_mrdem_dtm_90m.tif,1.0,257.9,23.0,3.61,6.25,2.07,0.027,0.051,249.9,30.2,2.32,5.39,1.33,0.024,0.022
2015_NIP32,fire-spread-v1.0.0,calibration,2015,NIP,2015-06-30,2015-08-16,48,78.0,75.57,40-200 ha,lightning,lightning,MON,-88.5629,52.3925,False,12,-88.56088,52.39952,,0,0,0,,False,,,,,,,,,,,,,,,,,,,,,,,,,,,,,,,,,,,,,,,,,
2015_NIP38,fire-spread-v1.0.0,calibration,2015,NIP,2015-06-25,2015-07-22,28,203.0,203.49,"200-1,000 ha",lightning,lightning,MDP,-88.0988,52.2889,True,0,-88.09008,52.29192,-5.0,8,2,1,0.415,False,2015-07-02 07:55,2015-07-02 17:44,7.0,2024.0,2015_NIP38_fbp_fuel_90m.tif,246.0,0.5041,0.2195,0.1057,0.1545,0.0041,0.0122,0.0,59.9,C-2,8394.0,0.7412,0.0664,0.0323,0.0091,0.001,0.1501,0.0,91.0,C-2,2015_NIP38_mrdem_dtm_90m.tif,1.0,261.7,24.0,5.1,8.72,2.92,-0.045,0.024,256.3,38.9,2.62,5.47,1.5,0.059,-0.019
2015_RED10,fire-spread-v1.0.0,calibration,2015,RED,2015-05-26,2015-06-29,35,650.0,680.78,"200-1,000 ha",lightning,lightning,FUL,-94.2196,51.6116,True,0,-94.23437,51.61691,-6.0,18,4,3,0.269,True,2015-05-27 07:31,2015-05-28 08:53,1.0,2024.0,2015_RED10_fbp_fuel_90m.tif,827.0,0.8476,0.0762,0.0314,0.0339,0.0036,0.0073,0.0,89.4,C-3,10723.0,0.7899,0.0302,0.0082,0.0535,0.0012,0.1169,0.0,91.2,C-3,2015_RED10_mrdem_dtm_90m.tif,1.0,369.2,55.1,6.22,10.47,3.56,0.105,-0.063,372.5,63.9,5.04,9.39,2.88,0.007,0.033
2015_RED11,fire-spread-v1.0.0,calibration,2015,RED,2015-05-26,2015-07-23,59,147.0,147.05,40-200 ha,lightning,lightning,MON,-94.4464,51.5236,True,0,-94.45431,51.52588,-6.0,11,4,2,0.669,False,2015-05-27 07:31,2015-05-28 08:53,1.0,2024.0,2015_RED11_fbp_fuel_90m.tif,175.0,0.0171,0.0,0.9371,0.0171,0.0,0.0286,0.0,1.8,D-1/D-2,7916.0,0.0206,0.0087,0.7022,0.0147,0.0,0.2538,0.0,3.3,D-1/D-2,2015_RED11_mrdem_dtm_90m.tif,1.0,380.5,35.7,5.82,10.48,3.33,-0.108,-0.112,376.9,55.9,3.58,7.42,2.05,-0.062,0.098
2015_RED16,fire-spread-v1.0.0,calibration,2015,RED,2015-06-15,2015-08-14,61,2629.0,2670.98,"1,000-10,000 ha",lightning,lightning,MON,-93.8517,52.7036,True,0,-93.79835,52.71744,-6.0,142,12,11,0.574,True,2015-06-16 19:25,2015-06-28 19:00,1.0,2024.0,2015_RED16_fbp_fuel_90m.tif,3208.0,0.678,0.1185,0.1197,0.0627,0.0087,0.0125,0.0,76.2,C-3,27040.0,0.7213,0.1038,0.033,0.0213,0.0029,0.1177,0.0,88.6,C-4,2015_RED16_mrdem_dtm_90m.tif,1.0,339.4,68.9,5.28,10.03,3.02,-0.006,-0.042,331.2,80.6,4.23,8.54,2.42,-0.02,0.007
2015_RED17,fire-spread-v1.0.0,calibration,2015,RED,2015-06-13,2015-07-23,41,410.0,409.16,"200-1,000 ha",lightning,lightning,MON,-94.1488,52.5213,True,0,-94.1293,52.52387,-6.0,15,2,1,0.447,False,2015-06-17 07:37,2015-06-17 09:17,4.0,2024.0,2015_RED17_fbp_fuel_90m.tif,493.0,0.8215,0.1095,0.0406,0.0142,0.0,0.0142,0.0,87.8,C-3,11191.0,0.6693,0.0787,0.024,0.0368,0.0042,0.1869,0.0,87.2,C-3,2015_RED17_mrdem_dtm_90m.tif,1.0,351.5,49.6,6.95,12.24,3.97,0.077,-0.252,342.3,72.7,5.21,10.34,2.98,0.003,0.026
2015_RED24,fire-spread-v1.0.0,calibration,2015,RED,2015-06-24,2015-08-14,52,94.0,91.25,40-200 ha,lightning,lightning,MON,-94.9056,51.2661,False,24,-94.90511,51.26184,-6.0,24,6,3,1.541,True,2015-06-25 18:16,2015-06-27 07:50,1.0,2024.0,2015_RED24_fbp_fuel_90m.tif,110.0,0.4273,0.3636,0.0545,0.1273,0.0273,0.0,0.0,63.3,M-1/M-2 (50% conifer),6770.0,0.5835,0.1024,0.1267,0.0343,0.0019,0.1513,0.0,75.0,C-3,2015_RED24_mrdem_dtm_90m.tif,1.0,347.7,22.6,4.86,8.46,2.78,0.018,0.025,341.1,44.9,4.35,8.64,2.49,0.009,0.037
2015_RED25,fire-spread-v1.0.0,calibration,2015,RED,2015-06-24,2015-08-14,52,2189.0,2108.44,"1,000-10,000 ha",lightning,lightning,MON,-94.7504,50.8764,True,0,-94.72132,50.87193,-6.0,114,15,14,0.54,True,2015-06-24 20:15,2015-07-12 08:08,0.0,2024.0,2015_RED25_fbp_fuel_90m.tif,2562.0,0.0301,0.0059,0.8946,0.0141,0.002,0.0535,0.0,3.5,D-1/D-2,22504.0,0.1825,0.0369,0.536,0.0295,0.0018,0.2132,0.0,26.1,D-1/D-2,2015_RED25_mrdem_dtm_90m.tif,1.0,384.5,57.9,5.58,10.26,3.19,-0.059,0.054,375.4,69.5,3.83,8.09,2.19,-0.016,0.047
2015_RED44,fire-spread-v1.0.0,calibration,2015,RED,2015-06-26,2015-08-14,50,1024.0,1064.42,"1,000-10,000 ha",lightning,lightning,MON,-94.6458,51.2952,True,0,-94.64262,51.30951,-6.0,99,18,17,0.806,True,2015-07-01 08:15,2015-07-14 18:59,5.0,2024.0,2015_RED44_fbp_fuel_90m.tif,1288.0,0.5955,0.125,0.1366,0.0877,0.0124,0.0427,0.0,69.6,C-3,16262.0,0.2029,0.0625,0.4373,0.0237,0.012,0.2615,0.0,32.5,D-1/D-2,2015_RED44_mrdem_dtm_90m.tif,1.0,356.2,61.2,7.22,12.73,4.12,-0.167,-0.135,346.7,72.8,4.7,10.02,2.68,-0.042,-0.018
2015_RED46,fire-spread-v1.0.0,calibration,2015,RED,2015-06-26,2015-08-14,50,333.0,333.39,"200-1,000 ha",lightning,lightning,MON,-94.9358,51.3007,True,0,-94.93437,51.29869,-6.0,37,11,9,0.886,True,2015-06-30 18:22,2015-07-12 17:57,4.0,2024.0,2015_RED46_fbp_fuel_90m.tif,406.0,0.202,0.0985,0.67,0.0148,0.0,0.0148,0.0,24.7,D-1/D-2,9094.0,0.2883,0.0634,0.4495,0.0354,0.0012,0.1621,0.0,37.9,D-1/D-2,2015_RED46_mrdem_dtm_90m.tif,1.0,343.1,36.6,6.17,10.87,3.53,0.01,0.028,335.3,45.8,4.29,8.58,2.46,-0.021,0.014
2015_RED50,fire-spread-v1.0.0,calibration,2015,RED,2015-07-10,2015-07-31,22,119.0,119.4,40-200 ha,lightning,lightning,FUL,-94.3794,50.6368,True,0,-94.36529,50.64115,-6.0,22,5,4,1.649,True,2015-07-10 20:15,2015-07-14 18:59,0.0,2024.0,2015_RED50_fbp_fuel_90m.tif,147.0,0.5918,0.1156,0.068,0.2041,0.0204,0.0,0.0,66.0,C-3,7665.0,0.5519,0.2277,0.024,0.0188,0.0004,0.1773,0.0,83.6,C-2,2015_RED50_mrdem_dtm_90m.tif,1.0,410.3,65.2,5.64,9.79,3.22,-0.308,-0.251,382.4,79.7,4.78,9.85,2.73,-0.093,-0.003
2015_RED58,fire-spread-v1.0.0,calibration,2015,RED,2015-07-14,2015-08-14,32,125.0,76.96,40-200 ha,lightning,lightning,MON,-93.0043,53.5622,True,0,-92.99702,53.56619,-6.0,5,2,1,0.548,False,2015-07-14 19:00,2015-07-15 08:52,0.0,2024.0,2015_RED58_fbp_fuel_90m.tif,95.0,0.5263,0.2211,0.1368,0.1053,0.0105,0.0,0.0,63.6,C-2,6305.0,0.7093,0.1256,0.0181,0.0184,0.0005,0.1282,0.0,88.9,C-2,2015_RED58_mrdem_dtm_90m.tif,1.0,274.8,28.5,5.86,10.47,3.35,0.134,-0.119,273.4,52.2,3.34,7.0,1.91,-0.012,0.079
2015_RED59,fire-spread-v1.0.0,calibration,2015,RED,2015-07-07,2015-08-23,48,223.0,223.2,"200-1,000 ha",lightning,lightning,MON,-92.6567,54.095,True,0,-92.66252,54.09469,-6.0,10,3,2,0.63,False,2015-07-23 19:31,2015-07-28 08:07,16.0,2024.0,2015_RED59_fbp_fuel_90m.tif,269.0,0.2305,0.4387,0.1747,0.0967,0.052,0.0074,0.0,37.4,M-1/M-2 (25% conifer),7557.0,0.6914,0.1247,0.0339,0.0307,0.0003,0.1191,0.0,85.6,C-2,2015_RED59_mrdem_dtm_90m.tif,1.0,237.0,20.0,2.77,5.45,1.59,-0.058,-0.023,237.2,29.1,1.3,2.58,0.74,-0.057,0.043
2015_RED7,fire-spread-v1.0.0,calibration,2015,RED,2015-05-26,2015-06-09,15,1256.0,1275.52,"1,000-10,000 ha",lightning,lightning,MOD,-94.2985,51.341,True,0,-94.32215,51.35812,-6.0,88,5,4,0.639,True,2015-05-27 07:31,2015-05-28 08:53,1.0,2024.0,2015_RED7_fbp_fuel_90m.tif,1555.0,0.5711,0.1659,0.135,0.0772,0.018,0.0328,0.0,69.3,C-4,15085.0,0.1818,0.067,0.5638,0.027,0.0012,0.1592,0.0,26.0,D-1/D-2,2015_RED7_mrdem_dtm_90m.tif,1.0,397.4,51.1,4.7,8.24,2.69,-0.142,-0.02,390.4,78.0,3.42,6.98,1.96,-0.102,0.019
2015_SLK19,fire-spread-v1.0.0,calibration,2015,SLK,2015-06-08,2015-08-14,68,100.0,168.17,40-200 ha,lightning,lightning,MON,-90.1871,53.3207,False,16,-90.19232,53.32284,-6.0,2,1,0,0.167,False,2015-06-16 19:25,2015-06-16 19:25,8.0,2024.0,2015_SLK19_fbp_fuel_90m.tif,204.0,0.5392,0.3039,0.0196,0.0098,0.1078,0.0196,0.0,72.5,C-2,8420.0,0.74,0.0565,0.0112,0.0322,0.0025,0.1576,0.0,91.0,C-2,2015_SLK19_mrdem_dtm_90m.tif,1.0,283.6,24.7,3.83,6.74,2.19,-0.055,-0.05,277.8,43.3,1.83,3.58,1.05,0.01,-0.075
2015_SLK21,fire-spread-v1.0.0,calibration,2015,SLK,2015-06-26,2015-07-11,16,429.0,436.14,"200-1,000 ha",lightning,lightning,MON,-91.2974,52.583,True,0,-91.28127,52.58432,-6.0,10,5,4,0.258,True,2015-06-27 17:38,2015-07-02 07:55,1.0,2024.0,2015_SLK21_fbp_fuel_90m.tif,521.0,0.3493,0.1977,0.3474,0.0768,0.0058,0.023,0.0,44.8,D-1/D-2,11279.0,0.7551,0.0531,0.0108,0.0173,0.0017,0.162,0.0,93.1,C-2,2015_SLK21_mrdem_dtm_90m.tif,1.0,350.6,34.0,4.11,7.05,2.36,-0.153,0.004,345.7,74.4,2.67,5.86,1.53,-0.007,-0.008
2015_SLK23,fire-spread-v1.0.0,calibration,2015,SLK,2015-06-26,2015-07-24,29,50.0,25.22,40-200 ha,lightning,lightning,MON,-89.673,52.021,True,0,-89.66992,52.02137,,0,0,0,,False,,,,,,,,,,,,,,,,,,,,,,,,,,,,,,,,,,,,,,,,,
2015_SLK28,fire-spread-v1.0.0,calibration,2015,SLK,2015-06-26,2015-07-24,29,45.0,40.46,40-200 ha,lightning,lightning,MON,-91.3455,52.3105,True,0,-91.34177,52.31445,,0,0,0,,False,,,,,,,,,,,,,,,,,,,,,,,,,,,,,,,,,,,,,,,,,
2015_SLK30,fire-spread-v1.0.0,calibration,2015,SLK,2015-06-27,2015-07-24,28,185.0,162.6,40-200 ha,lightning,lightning,MON,-89.8279,52.5452,True,0,-89.83118,52.55212,-5.0,8,5,4,0.692,True,2015-06-28 19:00,2015-07-02 17:44,1.0,2024.0,2015_SLK30_fbp_fuel_90m.tif,197.0,0.5076,0.3046,0.1117,0.0406,0.0102,0.0254,0.0,64.6,C-2,7902.0,0.7426,0.1297,0.0144,0.024,0.0011,0.0881,0.0,87.5,C-2,2015_SLK30_mrdem_dtm_90m.tif,1.0,327.2,24.2,2.87,5.23,1.64,-0.147,-0.116,323.6,45.0,1.78,3.43,1.02,-0.018,-0.024
2015_SLK32,fire-spread-v1.0.0,calibration,2015,SLK,2015-06-26,2015-07-08,13,85.0,85.76,40-200 ha,lightning,lightning,MOD,-91.9536,53.3502,True,0,-91.95047,53.34602,-6.0,1,1,0,0.164,False,2015-06-28 19:00,2015-06-28 19:00,2.0,2024.0,2015_SLK32_fbp_fuel_90m.tif,104.0,0.5288,0.1538,0.1731,0.125,0.0192,0.0,0.0,58.1,C-3,6532.0,0.701,0.107,0.0649,0.0289,0.0018,0.0963,0.0,82.7,C-2,2015_SLK32_mrdem_dtm_90m.tif,1.0,297.3,41.0,5.62,10.6,3.21,0.177,-0.262,283.1,50.7,2.39,5.44,1.37,0.116,-0.139
2015_SLK36,fire-spread-v1.0.0,calibration,2015,SLK,2015-06-28,2015-07-11,14,110.0,87.17,40-200 ha,lightning,lightning,MON,-89.4891,52.6929,True,0,-89.48033,52.69957,,0,0,0,,False,,,,,,,,,,,,,,,,,,,,,,,,,,,,,,,,,,,,,,,,,
2015_SLK41,fire-spread-v1.0.0,calibration,2015,SLK,2015-06-29,2015-07-26,28,125.0,125.25,40-200 ha,lightning,lightning,MON,-90.686,52.8843,True,0,-90.67822,52.89099,-6.0,7,2,1,0.449,False,2015-07-01 18:03,2015-07-01 19:44,2.0,2024.0,2015_SLK41_fbp_fuel_90m.tif,152.0,0.7171,0.0921,0.0,0.0395,0.1118,0.0395,0.0,87.6,C-2,7156.0,0.6305,0.1029,0.0155,0.018,0.0013,0.2318,0.0,87.2,C-2,2015_SLK41_mrdem_dtm_90m.tif,1.0,307.4,19.2,2.69,4.86,1.54,-0.034,-0.132,303.8,28.7,1.58,3.44,0.91,0.024,-0.077
2015_SLK53,fire-spread-v1.0.0,calibration,2015,SLK,2015-07-08,2015-08-14,38,88.0,87.7,40-200 ha,lightning,lightning,MON,-91.9359,52.6705,False,70,-91.93913,52.6678,-6.0,23,8,5,2.085,True,2015-07-12 19:37,2015-07-16 08:33,4.0,2024.0,2015_SLK53_fbp_fuel_90m.tif,101.0,0.6832,0.0792,0.099,0.0396,0.0594,0.0396,0.0,78.3,C-3,7909.0,0.8192,0.1168,0.0348,0.0072,0.0005,0.0215,0.0,89.1,C-2,2015_SLK53_mrdem_dtm_90m.tif,1.0,342.5,19.5,2.25,4.55,1.29,-0.14,-0.277,333.4,63.8,1.98,3.89,1.13,-0.097,0.113
2015_SLK55,fire-spread-v1.0.0,calibration,2015,SLK,2015-07-10,2015-08-14,36,383.0,383.83,"200-1,000 ha",lightning,lightning,MON,-91.6357,54.406,True,0,-91.64444,54.38914,-6.0,26,9,7,0.769,True,2015-07-13 19:19,2015-07-22 19:50,3.0,2024.0,2015_SLK55_fbp_fuel_90m.tif,456.0,0.2346,0.2807,0.2939,0.0724,0.0943,0.0241,0.0,39.1,M-1/M-2 (25% conifer),10944.0,0.5782,0.094,0.0565,0.0398,0.0149,0.2166,0.0,80.9,C-2,2015_SLK55_mrdem_dtm_90m.tif,1.0,223.2,21.3,3.33,5.98,1.91,-0.026,0.029,218.4,28.8,1.47,3.11,0.84,0.045,0.004
2015_SLK57,fire-spread-v1.0.0,calibration,2015,SLK,2015-07-10,2015-08-14,36,104.0,103.85,40-200 ha,lightning,lightning,MON,-91.9086,53.1334,True,0,-91.90029,53.13486,-6.0,2,2,1,0.271,False,2015-07-14 19:00,2015-07-17 18:03,4.0,2024.0,2015_SLK57_fbp_fuel_90m.tif,125.0,0.84,0.096,0.048,0.0,0.016,0.0,0.0,90.9,C-2,8065.0,0.7177,0.1639,0.05,0.0449,0.0006,0.0229,0.0,80.5,C-2,2015_SLK57_mrdem_dtm_90m.tif,1.0,293.3,16.4,1.84,3.22,1.05,0.501,-0.407,290.7,48.6,1.59,3.22,0.91,0.02,0.016
2015_SLK62,fire-spread-v1.0.0,calibration,2015,SLK,2015-07-14,2015-07-26,13,45.0,57.64,40-200 ha,lightning,lightning,MON,-89.2643,53.7091,True,0,-89.26185,53.71422,,0,0,0,,False,,,,,,,,,,,,,,,,,,,,,,,,,,,,,,,,,,,,,,,,,
2015_SLK67,fire-spread-v1.0.0,calibration,2015,SLK,2015-07-14,2015-08-14,32,112.0,111.54,40-200 ha,lightning,lightning,MON,-91.2188,54.4275,True,0,-91.22492,54.42196,,0,0,0,,False,,,,,,,,,,,,,,,,,,,,,,,,,,,,,,,,,,,,,,,,,
2015_SUD38,fire-spread-v1.0.0,calibration,2015,SUD,2015-07-23,2015-09-14,54,438.0,438.59,"200-1,000 ha",industrial forestry,human,FUL,-81.4032,47.0063,True,0,-81.39866,47.02304,-5.0,44,8,6,1.218,True,2015-07-23 17:48,2015-08-01 18:20,0.0,2024.0,2015_SUD38_fbp_fuel_90m.tif,545.0,0.2899,0.3468,0.178,0.1266,0.0,0.0587,0.0,52.4,M-1/M-2 (50% conifer),10243.0,0.5732,0.1933,0.1013,0.0336,0.0009,0.0977,0.0,75.0,C-2,2015_SUD38_mrdem_dtm_90m.tif,1.0,454.1,65.9,6.93,13.21,3.96,-0.249,-0.046,437.5,98.7,6.35,12.39,3.62,-0.026,0.018
2016_APK20,fire-spread-v1.0.0,calibration,2016,APK,2016-08-09,2016-09-01,24,48.0,45.53,40-200 ha,recreation,human,FUL,-77.687,45.8693,True,0,-77.68792,45.86802,-5.0,5,2,1,1.544,False,2016-08-10 06:19,2016-08-10 17:44,1.0,2024.0,2016_APK20_fbp_fuel_90m.tif,57.0,0.4561,0.3333,0.1579,0.0526,0.0,0.0,0.0,64.5,C-2,6103.0,0.4445,0.3172,0.1257,0.0338,0.0043,0.0746,0.0,65.8,M-1/M-2 (50% conifer),2016_APK20_mrdem_dtm_90m.tif,1.0,224.2,86.7,11.93,25.5,6.75,0.642,0.298,238.8,159.3,8.21,16.58,4.67,-0.003,0.041
2016_HEA4,fire-spread-v1.0.0,calibration,2016,HEA,2016-05-23,2016-07-13,52,475.0,478.35,"200-1,000 ha",miscellaneous,human,FUL,-84.5672,49.7758,True,0,-84.5538,49.791,,0,0,0,,False,,,,,,,,,,,,,,,,,,,,,,,,,,,,,,,,,,,,,,,,,
2016_HEA5,fire-spread-v1.0.0,calibration,2016,HEA,2016-05-23,2016-07-13,52,2574.0,2571.3,"1,000-10,000 ha",miscellaneous,human,FUL,-84.9291,49.7585,False,7,-84.87129,49.79867,-5.0,6,1,0,0.033,False,2016-05-25 18:30,2016-05-25 18:30,2.0,2024.0,2016_HEA5_fbp_fuel_90m.tif,3159.0,0.4913,0.0833,0.2387,0.0089,0.1751,0.0028,0.0,63.3,C-2,30441.0,0.8456,0.0766,0.0602,0.0058,0.0065,0.0053,0.0,88.8,C-2,2016_HEA5_mrdem_dtm_90m.tif,1.0,247.0,36.9,0.92,1.71,0.53,-0.057,0.265,246.5,71.5,1.01,2.07,0.58,-0.004,0.254
2016_KEN18,fire-spread-v1.0.0,calibration,2016,KEN,2016-05-05,2016-06-14,41,1885.0,5941.1,"1,000-10,000 ha",railway,human,FUL,-95.1486,49.8533,True,0,-95.18111,49.84959,-6.0,323,11,10,0.412,True,2016-05-06 07:59,2016-05-10 08:24,1.0,2024.0,2016_KEN18_fbp_fuel_90m.tif,7291.0,0.4511,0.1573,0.1033,0.2577,0.0067,0.0239,0.0,54.1,C-3,33884.0,0.5158,0.211,0.0835,0.0502,0.0127,0.1268,0.0,72.8,C-3,2016_KEN18_mrdem_dtm_90m.tif,1.0,360.3,73.0,3.96,7.83,2.27,-0.092,-0.035,351.6,87.8,4.38,9.03,2.51,-0.025,-0.002
2016_NIP12,fire-spread-v1.0.0,calibration,2016,NIP,2016-05-23,2016-06-05,14,286.0,286.88,"200-1,000 ha",miscellaneous,human,FUL,-86.9646,49.7501,True,0,-86.95489,49.76475,-5.0,3,1,0,0.147,False,2016-05-25 18:30,2016-05-25 18:30,2.0,2024.0,2016_NIP12_fbp_fuel_90m.tif,350.0,0.1286,0.1,0.2229,0.1257,0.4114,0.0114,0.0,28.1,D-1/D-2,9170.0,0.5005,0.1663,0.1292,0.0232,0.0906,0.0901,0.0,71.4,C-2,2016_NIP12_mrdem_dtm_90m.tif,1.0,344.7,11.8,0.96,2.01,0.55,0.1,0.088,343.1,54.0,1.41,3.18,0.81,0.054,-0.069
2016_NIP15,fire-spread-v1.0.0,calibration,2016,NIP,2016-05-23,2016-06-03,12,147.0,148.34,40-200 ha,lightning,lightning,MOD,-87.8666,52.1491,True,0,-87.86293,52.158,-5.0,2,1,0,0.19,False,2016-05-23 19:08,2016-05-23 19:09,0.0,2024.0,2016_NIP15_fbp_fuel_90m.tif,181.0,0.453,0.2928,0.0387,0.1492,0.0331,0.0331,0.0,58.9,C-2,7979.0,0.6883,0.1144,0.0645,0.0162,0.0005,0.1161,0.0,84.2,C-2,2016_NIP15_mrdem_dtm_90m.tif,1.0,259.3,17.5,1.87,3.2,1.07,-0.26,0.255,254.2,36.6,2.03,4.35,1.16,-0.031,0.069
2016_NIP23,fire-spread-v1.0.0,calibration,2016,NIP,2016-07-01,2016-08-11,42,932.0,937.91,"200-1,000 ha",lightning,lightning,MON,-88.5394,52.1622,True,0,-88.56166,52.15428,-5.0,26,6,5,0.33,True,2016-07-09 07:58,2016-07-11 09:01,8.0,2024.0,2016_NIP23_fbp_fuel_90m.tif,1136.0,0.2676,0.353,0.0898,0.162,0.1074,0.0202,0.0,43.9,M-1/M-2 (25% conifer),16092.0,0.6631,0.1601,0.0178,0.0075,0.0008,0.1506,0.0,87.0,C-2,2016_NIP23_mrdem_dtm_90m.tif,1.0,253.8,29.1,3.27,6.17,1.87,0.004,-0.066,256.0,50.7,2.23,4.78,1.28,0.04,-0.01
2016_NOR32,fire-spread-v1.0.0,calibration,2016,NOR,2016-08-01,2016-08-21,21,61.0,58.57,40-200 ha,lightning,lightning,FUL,-79.9744,47.3281,True,0,-79.97739,47.332,-5.0,8,4,2,1.2,False,2016-08-02 07:09,2016-08-03 06:50,1.0,2024.0,2016_NOR32_fbp_fuel_90m.tif,74.0,0.3108,0.2297,0.2162,0.1351,0.0811,0.027,0.0,47.0,M-1/M-2 (50% conifer),6240.0,0.3388,0.2391,0.3191,0.0311,0.003,0.0689,0.0,48.7,D-1,2016_NOR32_mrdem_dtm_90m.tif,1.0,314.8,35.6,5.63,9.37,3.22,-0.035,0.377,338.0,113.4,5.0,10.58,2.86,-0.008,-0.007
2016_RED3,fire-spread-v1.0.0,calibration,2016,RED,2016-05-05,2016-08-09,97,74334.0,101187.19,"10,000 ha or more",lightning,lightning,FUL,-94.927,50.9186,True,0,-94.94558,50.88046,-6.0,2500,27,25,0.257,True,2016-05-05 19:46,2016-05-24 09:02,0.0,2024.0,2016_RED3_fbp_fuel_90m.tif,123179.0,0.4254,0.0508,0.3519,0.0517,0.0041,0.1161,0.0,51.2,C-3,427855.0,0.3941,0.0712,0.3301,0.031,0.0021,0.1715,0.0,52.3,D-1/D-2,2016_RED3_mrdem_dtm_90m.tif,1.0,361.5,109.5,3.19,6.51,1.83,-0.059,0.002,356.4,145.3,3.35,7.18,1.91,-0.029,0.009
2016_SLK23,fire-spread-v1.0.0,calibration,2016,SLK,2016-07-20,2016-08-10,22,46.0,45.71,40-200 ha,lightning,lightning,MON,-90.4985,52.9437,True,0,-90.48895,52.94682,-6.0,3,2,1,0.615,False,2016-07-21 07:33,2016-07-21 09:13,1.0,2024.0,2016_SLK23_fbp_fuel_90m.tif,52.0,0.6154,0.1731,0.0962,0.0385,0.0769,0.0,0.0,72.4,C-2,6748.0,0.7743,0.11,0.0166,0.0413,0.0006,0.0572,0.0,86.7,C-2,2016_SLK23_mrdem_dtm_90m.tif,1.0,324.5,8.1,1.72,2.65,0.98,-0.251,0.238,317.9,38.0,1.59,2.93,0.91,0.04,-0.065
2016_SLK29,fire-spread-v1.0.0,calibration,2016,SLK,2016-07-17,2016-08-26,41,157.0,157.19,40-200 ha,lightning,lightning,MON,-91.7721,52.1206,True,0,-91.74985,52.11896,-6.0,1,1,0,0.089,False,2016-07-21 19:02,2016-07-21 19:02,4.0,2024.0,2016_SLK29_fbp_fuel_90m.tif,189.0,0.5503,0.0635,0.3228,0.0476,0.0159,0.0,0.0,58.7,C-3,9491.0,0.4826,0.1182,0.3344,0.0182,0.0,0.0466,0.0,55.3,C-2,2016_SLK29_mrdem_dtm_90m.tif,1.0,407.0,30.7,3.37,5.88,1.93,-0.019,-0.211,402.9,54.9,2.6,5.43,1.49,-0.018,0.085
2016_SLK30,fire-spread-v1.0.0,calibration,2016,SLK,2016-07-17,2016-08-26,41,55.0,55.36,40-200 ha,lightning,lightning,MON,-91.5654,51.9688,True,0,-91.56711,51.96949,,0,0,0,,False,,,,,,,,,,,,,,,,,,,,,,,,,,,,,,,,,,,,,,,,,
2016_SLK6,fire-spread-v1.0.0,calibration,2016,SLK,2016-05-22,2016-05-31,10,56.0,56.09,40-200 ha,recreation,human,FUL,-89.8468,53.0568,True,0,-89.83932,53.05991,-5.0,1,1,0,0.251,False,2016-05-22 19:28,2016-05-22 19:28,0.0,2024.0,2016_SLK6_fbp_fuel_90m.tif,67.0,0.3284,0.3284,0.2537,0.0448,0.0299,0.0149,0.0,51.2,C-2,6657.0,0.551,0.0553,0.009,0.0237,0.0104,0.3506,0.0,89.9,C-2,2016_SLK6_mrdem_dtm_90m.tif,1.0,258.9,22.2,4.16,7.22,2.38,0.1,-0.042,254.4,31.9,1.87,4.11,1.07,0.021,0.064
2016_SUD35,fire-spread-v1.0.0,calibration,2016,SUD,2016-06-20,2016-07-08,19,85.0,87.16,40-200 ha,miscellaneous,human,FUL,-80.3556,46.5343,True,0,-80.34635,46.53323,-5.0,6,2,1,0.645,False,2016-06-21 06:57,2016-06-21 08:37,1.0,2024.0,2016_SUD35_fbp_fuel_90m.tif,105.0,0.019,0.2857,0.5143,0.1619,0.0,0.019,0.0,12.5,D-1,6795.0,0.0656,0.3227,0.4737,0.1185,0.0124,0.0071,0.0,21.0,D-1,2016_SUD35_mrdem_dtm_90m.tif,1.0,244.0,23.5,3.45,5.83,1.98,0.258,-0.174,247.9,57.6,3.41,6.86,1.95,0.024,-0.047
2016_THU19,fire-spread-v1.0.0,calibration,2016,THU,2016-05-22,2016-06-21,31,868.0,868.14,"200-1,000 ha",lightning,lightning,FUL,-89.9147,49.1708,True,0,-89.89751,49.19821,-5.0,2,1,0,0.016,False,2016-05-23 07:40,2016-05-23 07:40,1.0,2024.0,2016_THU19_fbp_fuel_90m.tif,1065.0,0.2836,0.1192,0.23,0.0028,0.3624,0.0019,0.0,54.4,D-1/D-2,21503.0,0.5736,0.236,0.1184,0.0154,0.0107,0.0458,0.0,73.7,C-2,2016_THU19_mrdem_dtm_90m.tif,1.0,486.6,56.2,2.5,4.55,1.43,-0.11,-0.126,478.3,78.7,2.7,5.71,1.55,-0.044,-0.041
2016_WAW7,fire-spread-v1.0.0,calibration,2016,WAW,2016-05-23,2016-07-09,48,294.0,272.74,"200-1,000 ha",railway,human,FUL,-85.997,48.6797,True,0,-85.98218,48.70145,,0,0,0,,False,,,,,,,,,,,,,,,,,,,,,,,,,,,,,,,,,,,,,,,,,
2017_COC10,fire-spread-v1.0.0,calibration,2017,COC,2017-07-08,2017-10-06,91,17272.0,17204.06,"10,000 ha or more",lightning,lightning,MON,-84.9509,54.6668,True,0,-84.82253,54.72947,-5.0,876,43,41,0.483,True,2017-07-07 17:40,2017-08-17 18:12,-1.0,2024.0,2017_COC10_fbp_fuel_90m.tif,20454.0,0.3232,0.1115,0.3357,0.0939,0.0,0.1356,0.0,42.5,D-1/D-2,98431.0,0.4836,0.096,0.2793,0.0361,0.0031,0.1018,0.0,59.5,C-2,2017_COC10_mrdem_dtm_90m.tif,1.0,118.9,62.8,0.93,1.81,0.54,0.005,0.302,109.8,78.8,0.96,1.88,0.55,-0.014,0.207
2017_COC11,fire-spread-v1.0.0,calibration,2017,COC,2017-07-10,2017-08-26,48,60.0,180.35,40-200 ha,lightning,lightning,MON,-83.385,53.6479,True,0,-83.38412,53.64636,-5.0,36,9,6,1.637,True,2017-07-07 07:50,2017-07-14 18:49,-3.0,2024.0,2017_COC11_fbp_fuel_90m.tif,217.0,0.4009,0.3272,0.2535,0.0184,0.0,0.0,0.0,57.0,C-2,8147.0,0.3615,0.2632,0.315,0.0312,0.0,0.0292,0.0,54.0,D-1/D-2,2017_COC11_mrdem_dtm_90m.tif,1.0,67.4,7.9,1.09,2.32,0.62,0.149,0.095,69.3,19.7,0.85,1.7,0.49,0.098,-0.045
2017_COC12,fire-spread-v1.0.0,calibration,2017,COC,2017-07-05,2017-09-28,86,1574.0,1575.26,"1,000-10,000 ha",lightning,lightning,MON,-82.6002,53.6156,True,0,-82.60164,53.63297,-5.0,142,16,14,0.875,True,2017-07-07 19:20,2017-07-24 19:01,2.0,2024.0,2017_COC12_fbp_fuel_90m.tif,1889.0,0.4071,0.172,0.3229,0.0302,0.0249,0.0429,0.0,54.3,D-1/D-2,19639.0,0.309,0.2236,0.4327,0.0099,0.0038,0.0209,0.0,45.3,D-1/D-2,2017_COC12_mrdem_dtm_90m.tif,1.0,31.0,10.4,0.95,1.84,0.55,0.151,-0.012,30.7,21.7,0.78,1.61,0.45,0.193,0.013
2017_COC13,fire-spread-v1.0.0,calibration,2017,COC,2017-07-12,2017-08-26,46,20540.0,12620.46,"10,000 ha or more",lightning,lightning,MON,-84.2232,54.7863,False,2156,-84.24703,54.72225,-5.0,1110,34,33,0.757,True,2017-07-12 17:46,2017-08-07 17:59,0.0,2024.0,2017_COC13_fbp_fuel_90m.tif,15022.0,0.2004,0.1064,0.3496,0.2895,0.0,0.0541,0.0,25.9,D-1/D-2,68690.0,0.3927,0.088,0.3907,0.0719,0.0,0.0568,0.0,47.0,D-1/D-2,2017_COC13_mrdem_dtm_90m.tif,1.0,87.7,82.6,1.43,2.92,0.82,0.107,0.15,81.2,88.8,0.94,1.74,0.54,0.081,0.208
2017_COC14,fire-spread-v1.0.0,calibration,2017,COC,2017-06-14,2017-09-28,107,7000.0,6998.91,"1,000-10,000 ha",lightning,lightning,MON,-83.4667,54.5458,True,0,-83.42305,54.54666,-5.0,732,34,31,0.846,True,2017-07-06 06:28,2017-07-25 08:52,22.0,2024.0,2017_COC14_fbp_fuel_90m.tif,8331.0,0.1886,0.0826,0.6073,0.0473,0.0001,0.0742,0.0,24.9,D-1/D-2,39509.0,0.2136,0.0746,0.52,0.0729,0.0,0.1189,0.0,28.8,D-1/D-2,2017_COC14_mrdem_dtm_90m.tif,1.0,63.7,28.0,0.99,1.95,0.57,0.034,0.125,60.3,36.9,0.73,1.56,0.42,0.093,0.129
2017_COC15,fire-spread-v1.0.0,calibration,2017,COC,2017-07-10,2017-08-26,48,40.0,66.91,40-200 ha,lightning,lightning,MON,-84.3269,53.7978,False,57,-84.32698,53.802,-5.0,23,4,2,2.522,False,2017-07-14 07:19,2017-07-17 17:52,4.0,2024.0,2017_COC15_fbp_fuel_90m.tif,78.0,0.141,0.3718,0.3333,0.1538,0.0,0.0,0.0,29.5,D-1/D-2,6321.0,0.4029,0.2727,0.2421,0.034,0.0002,0.0481,0.0,58.6,D-1/D-2,2017_COC15_mrdem_dtm_90m.tif,1.0,109.8,5.2,0.72,1.16,0.41,0.262,-0.414,110.3,29.2,0.86,1.64,0.49,0.045,-0.169
2017_COC21,fire-spread-v1.0.0,calibration,2017,COC,2017-07-25,2017-08-26,33,105.0,58.95,40-200 ha,lightning,lightning,MON,-84.0027,52.5842,True,0,-84.00364,52.58596,-5.0,9,3,2,1.431,False,2017-07-29 19:07,2017-07-30 08:59,4.0,2024.0,2017_COC21_fbp_fuel_90m.tif,72.0,0.0556,0.0556,0.5556,0.2222,0.0,0.1111,0.0,9.0,D-1/D-2,6078.0,0.1984,0.09,0.3508,0.3241,0.0,0.0367,0.0,24.2,D-1/D-2,2017_COC21_mrdem_dtm_90m.tif,1.0,110.0,6.0,1.03,1.94,0.59,0.276,-0.076,108.7,18.6,0.92,1.76,0.53,0.193,0.009
2017_COC23,fire-spread-v1.0.0,calibration,2017,COC,2017-08-02,2017-09-28,58,189.0,181.79,40-200 ha,lightning,lightning,MON,-83.9666,52.3701,True,0,-83.95579,52.3719,-5.0,5,3,2,0.309,False,2017-08-07 19:39,2017-08-11 18:23,5.0,2024.0,2017_COC23_fbp_fuel_90m.tif,219.0,0.4155,0.1187,0.2694,0.1644,0.0,0.032,0.0,46.9,C-2,8335.0,0.3113,0.2214,0.2824,0.1334,0.0,0.0515,0.0,40.6,C-2,2017_COC23_mrdem_dtm_90m.tif,1.0,99.8,10.5,1.37,2.44,0.79,0.017,-0.046,99.5,23.8,0.94,1.8,0.54,0.187,-0.009
2017_COC25,fire-spread-v1.0.0,calibration,2017,COC,2017-08-15,2017-09-28,45,200.0,89.35,"200-1,000 ha",lightning,lightning,MON,-85.0543,54.4824,True,0,-85.05475,54.48341,,0,0,0,,False,,,,,,,,,,,,,,,,,,,,,,,,,,,,,,,,,,,,,,,,,
2017_COC26,fire-spread-v1.0.0,calibration,2017,COC,2017-07-29,2017-10-06,70,1210.0,1211.83,"1,000-10,000 ha",lightning,lightning,MON,-86.0448,54.7065,True,0,-86.0075,54.71608,-5.0,90,19,16,0.603,True,2017-08-16 07:00,2017-09-11 07:13,18.0,2024.0,2017_COC26_fbp_fuel_90m.tif,1435.0,0.1735,0.0634,0.4955,0.1784,0.0,0.0892,0.0,21.7,D-1/D-2,19355.0,0.2706,0.0504,0.4767,0.1064,0.0,0.0959,0.0,32.6,D-1/D-2,2017_COC26_mrdem_dtm_90m.tif,1.0,79.2,24.5,3.19,7.32,1.83,-0.002,0.146,86.1,38.6,1.42,3.03,0.81,0.004,0.072
2017_COC5,fire-spread-v1.0.0,calibration,2017,COC,2017-06-20,2017-08-26,68,56.0,56.9,40-200 ha,lightning,lightning,MON,-88.3697,55.7629,False,170,-88.38314,55.76317,-5.0,1,1,0,0.247,False,2017-06-25 18:05,2017-06-25 18:05,5.0,2024.0,2017_COC5_fbp_fuel_90m.tif,70.0,0.2286,0.1429,0.6143,0.0143,0.0,0.0,0.0,28.9,D-1/D-2,6961.0,0.1863,0.1185,0.6348,0.0496,0.0,0.0108,0.0,24.3,D-1/D-2,2017_COC5_mrdem_dtm_90m.tif,1.0,68.5,5.3,1.39,2.25,0.79,0.184,0.196,67.2,26.0,1.01,1.87,0.58,0.08,0.136
2017_COC8,fire-spread-v1.0.0,calibration,2017,COC,2017-07-01,2017-08-26,57,438.0,441.78,"200-1,000 ha",lightning,lightning,MON,-85.3906,54.7624,False,755,-85.40236,54.7858,-5.0,18,7,5,0.35,True,2017-07-04 16:56,2017-07-17 17:52,3.0,2024.0,2017_COC8_fbp_fuel_90m.tif,526.0,0.3384,0.1065,0.3156,0.2224,0.0,0.0171,0.0,41.4,D-1/D-2,10589.0,0.3918,0.1092,0.4574,0.0309,0.0,0.0108,0.0,46.0,D-1/D-2,2017_COC8_mrdem_dtm_90m.tif,1.0,68.8,16.4,1.39,3.39,0.79,-0.576,-0.095,70.3,28.1,0.99,2.07,0.57,-0.103,0.063
2017_COC9,fire-spread-v1.0.0,calibration,2017,COC,2017-07-04,2017-08-26,54,100.0,62.53,40-200 ha,lightning,lightning,MON,-83.6297,53.1505,True,0,-83.62697,53.15109,-5.0,7,5,3,1.349,True,2017-07-07 17:39,2017-07-17 17:52,3.0,2024.0,2017_COC9_fbp_fuel_90m.tif,74.0,0.1216,0.0811,0.527,0.2703,0.0,0.0,0.0,17.9,D-1/D-2,6601.0,0.1463,0.1821,0.4399,0.2131,0.0,0.0185,0.0,26.9,D-1/D-2,2017_COC9_mrdem_dtm_90m.tif,1.0,74.0,5.7,1.0,1.82,0.57,0.172,0.366,73.9,12.6,0.9,1.71,0.52,0.083,0.034
2017_NIP105,fire-spread-v1.0.0,calibration,2017,NIP,2017-08-11,2017-09-06,27,129.0,128.83,40-200 ha,lightning,lightning,MON,-86.2016,53.8268,True,0,-86.20592,53.82784,-5.0,15,7,5,1.31,True,2017-08-08 07:50,2017-09-01 18:30,-3.0,2024.0,2017_NIP105_fbp_fuel_90m.tif,156.0,0.0769,0.0833,0.3526,0.4487,0.0,0.0385,0.0,10.3,O-1a,7306.0,0.3312,0.1918,0.1959,0.1532,0.0,0.128,0.0,50.0,D-1/D-2,2017_NIP105_mrdem_dtm_90m.tif,1.0,120.4,5.0,0.88,1.53,0.51,-0.028,-0.225,122.8,15.4,0.77,1.63,0.44,0.047,-0.024
2017_NIP11,fire-spread-v1.0.0,calibration,2017,NIP,2017-07-05,2017-09-05,63,68.0,67.92,40-200 ha,lightning,lightning,MON,-86.9776,52.3111,True,0,-86.97672,52.30794,,0,0,0,,False,,,,,,,,,,,,,,,,,,,,,,,,,,,,,,,,,,,,,,,,,
2017_NIP12,fire-spread-v1.0.0,calibration,2017,NIP,2017-07-06,2017-09-06,63,1455.0,1456.07,"1,000-10,000 ha",lightning,lightning,MON,-86.0753,51.3778,True,0,-86.03752,51.37879,-5.0,19,7,4,0.145,False,2017-07-07 07:51,2017-08-14 07:39,1.0,2024.0,2017_NIP12_fbp_fuel_90m.tif,1767.0,0.4612,0.1024,0.3735,0.0249,0.0266,0.0113,0.0,54.1,C-2,18673.0,0.4469,0.1197,0.3423,0.0767,0.0002,0.0142,0.0,52.3,C-2,2017_NIP12_mrdem_dtm_90m.tif,1.0,169.8,22.6,1.19,2.22,0.68,0.269,-0.055,171.6,26.0,0.87,1.9,0.5,0.064,0.052
2017_NIP18,fire-spread-v1.0.0,calibration,2017,NIP,2017-07-22,2017-09-06,47,1086.0,1086.62,"1,000-10,000 ha",lightning,lightning,MON,-85.6893,50.7023,True,0,-85.66775,50.71541,-5.0,53,5,3,0.466,True,2017-07-25 07:13,2017-07-26 08:35,3.0,2024.0,2017_NIP18_fbp_fuel_90m.tif,1323.0,0.489,0.0552,0.4558,0.0,0.0,0.0,0.0,52.0,C-2,13797.0,0.7671,0.1032,0.0971,0.0312,0.0,0.0014,0.0,83.3,C-2,2017_NIP18_mrdem_dtm_90m.tif,1.0,177.7,15.0,0.81,1.61,0.46,0.113,0.099,178.2,27.7,0.7,1.4,0.4,0.19,0.144
2017_NIP29,fire-spread-v1.0.0,calibration,2017,NIP,2017-07-27,2017-09-27,63,6999.0,7174.28,"1,000-10,000 ha",lightning,lightning,MON,-88.5728,52.9174,False,46,-88.64544,52.86155,-5.0,835,52,38,0.81,True,2017-07-30 07:19,2017-08-29 07:57,3.0,2024.0,2017_NIP29_fbp_fuel_90m.tif,8616.0,0.1186,0.1255,0.0464,0.2282,0.4349,0.0464,0.0,30.3,O-1a,37679.0,0.4764,0.1171,0.0443,0.0481,0.0056,0.3084,0.0,76.3,C-2,2017_NIP29_mrdem_dtm_90m.tif,1.0,234.9,41.7,3.01,6.19,1.72,0.036,-0.085,234.4,43.6,2.12,4.7,1.21,0.016,-0.018
2017_NIP32,fire-spread-v1.0.0,calibration,2017,NIP,2017-07-29,2017-09-19,53,168.0,166.98,40-200 ha,lightning,lightning,MON,-87.4352,51.1405,True,0,-87.43807,51.14396,-5.0,13,9,6,0.758,True,2017-08-01 18:10,2017-08-12 08:16,3.0,2024.0,2017_NIP32_fbp_fuel_90m.tif,201.0,0.2239,0.1542,0.592,0.0199,0.01,0.0,0.0,27.1,D-1/D-2,8541.0,0.6074,0.1384,0.0108,0.0062,0.1553,0.082,0.0,88.3,C-2,2017_NIP32_mrdem_dtm_90m.tif,1.0,283.1,16.0,1.48,2.49,0.85,0.312,-0.775,279.9,34.4,1.09,2.2,0.63,0.06,0.188
2017_NIP37,fire-spread-v1.0.0,calibration,2017,NIP,2017-07-29,2017-09-10,44,3915.0,4050.97,"1,000-10,000 ha",lightning,lightning,MON,-87.8042,52.3758,True,0,-87.80329,52.35957,-5.0,262,24,21,0.576,True,2017-07-29 07:38,2017-08-27 08:35,0.0,2024.0,2017_NIP37_fbp_fuel_90m.tif,4880.0,0.452,0.1373,0.259,0.0777,0.0295,0.0445,0.0,54.6,C-2,33620.0,0.6074,0.1142,0.0548,0.0157,0.0011,0.2068,0.0,83.8,C-2,2017_NIP37_mrdem_dtm_90m.tif,1.0,262.0,46.8,3.07,5.96,1.76,-0.08,-0.008,257.6,51.8,2.55,5.36,1.46,-0.014,-0.018
2017_NIP38,fire-spread-v1.0.0,calibration,2017,NIP,2017-07-29,2017-09-12,46,205.0,205.51,"200-1,000 ha",lightning,lightning,MON,-87.9531,52.3439,True,0,-87.96043,52.3487,-5.0,16,8,7,0.89,True,2017-08-03 19:14,2017-08-28 18:05,5.0,2024.0,2017_NIP38_fbp_fuel_90m.tif,250.0,0.352,0.24,0.208,0.164,0.028,0.008,0.0,45.1,C-2,8286.0,0.5963,0.1173,0.0517,0.0163,0.0019,0.2165,0.0,83.3,C-2,2017_NIP38_mrdem_dtm_90m.tif,1.0,258.0,29.2,3.16,5.96,1.81,0.054,-0.279,254.1,43.2,2.46,5.3,1.41,0.023,-0.07
2017_NIP39,fire-spread-v1.0.0,calibration,2017,NIP,2017-07-19,2017-09-19,63,265.0,265.31,"200-1,000 ha",lightning,lightning,MON,-88.3227,52.1769,True,0,-88.30561,52.17894,-5.0,30,7,6,1.166,True,2017-07-30 18:48,2017-08-04 09:06,11.0,2024.0,2017_NIP39_fbp_fuel_90m.tif,319.0,0.2038,0.3166,0.1505,0.2414,0.0846,0.0031,0.0,31.4,M-1/M-2 (25% conifer),8381.0,0.5233,0.0957,0.0193,0.0078,0.0068,0.3471,0.0,88.3,C-2,2017_NIP39_mrdem_dtm_90m.tif,1.0,256.0,20.1,3.16,5.35,1.81,0.068,0.061,252.2,50.8,2.12,5.09,1.22,-0.01,0.131
2017_NIP40,fire-spread-v1.0.0,calibration,2017,NIP,2017-07-29,2017-09-05,39,99.0,98.7,40-200 ha,lightning,lightning,MON,-88.4482,51.9867,True,0,-88.43811,51.98603,-5.0,6,3,2,0.712,False,2017-07-31 08:41,2017-08-12 08:16,2.0,2024.0,2017_NIP40_fbp_fuel_90m.tif,116.0,0.5948,0.0431,0.0172,0.0776,0.2672,0.0,0.0,83.2,C-2,6678.0,0.6481,0.1062,0.0076,0.0054,0.0007,0.232,0.0,91.3,C-2,2017_NIP40_mrdem_dtm_90m.tif,1.0,282.8,15.4,1.65,2.84,0.95,-0.475,0.234,280.8,29.6,1.23,2.68,0.7,-0.096,0.13
2017_NIP46,fire-spread-v1.0.0,calibration,2017,NIP,2017-07-31,2017-09-10,42,208.0,207.75,"200-1,000 ha",lightning,lightning,MON,-88.624,52.3764,True,0,-88.62946,52.37323,-5.0,84,19,16,2.572,True,2017-08-05 07:07,2017-08-29 07:57,5.0,2024.0,2017_NIP46_fbp_fuel_90m.tif,244.0,0.1885,0.2295,0.3525,0.1066,0.1107,0.0123,0.0,31.7,D-1/D-2,9326.0,0.7572,0.1591,0.0485,0.0187,0.0095,0.007,0.0,85.0,C-2,2017_NIP46_mrdem_dtm_90m.tif,1.0,276.5,25.8,2.77,5.06,1.58,0.133,-0.38,271.7,57.7,2.37,5.13,1.36,0.012,-0.085
2017_NIP54,fire-spread-v1.0.0,calibration,2017,NIP,2017-08-07,2017-09-12,37,75.0,75.15,40-200 ha,lightning,lightning,MON,-88.2867,52.4471,True,0,-88.28884,52.44881,-5.0,6,3,2,0.936,False,2017-08-13 19:27,2017-08-28 08:16,6.0,2024.0,2017_NIP54_fbp_fuel_90m.tif,97.0,0.433,0.1649,0.0412,0.268,0.0928,0.0,0.0,54.0,C-2,6709.0,0.7866,0.0833,0.0256,0.0107,0.0007,0.093,0.0,91.3,C-2,2017_NIP54_mrdem_dtm_90m.tif,1.0,269.6,10.1,1.88,3.95,1.08,-0.056,-0.204,273.8,30.7,2.51,5.46,1.44,0.022,-0.05
2017_NIP64,fire-spread-v1.0.0,calibration,2017,NIP,2017-08-08,2017-09-19,43,530.0,535.08,"200-1,000 ha",lightning,lightning,MON,-87.4917,52.5439,True,0,-87.49206,52.5392,-5.0,47,15,10,0.683,True,2017-08-11 06:54,2017-09-01 18:30,3.0,2024.0,2017_NIP64_fbp_fuel_90m.tif,645.0,0.4512,0.2837,0.2047,0.0093,0.0217,0.0295,0.0,60.1,C-2,11532.0,0.615,0.0772,0.0426,0.0186,0.0025,0.2441,0.0,86.2,C-2,2017_NIP64_mrdem_dtm_90m.tif,1.0,249.7,17.6,2.13,3.73,1.22,0.032,-0.035,244.3,42.3,2.12,4.58,1.21,0.026,0.01
2017_NIP65,fire-spread-v1.0.0,calibration,2017,NIP,2017-08-08,2017-09-10,34,3486.0,3514.74,"1,000-10,000 ha",lightning,lightning,MON,-87.5669,52.5426,True,0,-87.5856,52.55368,-5.0,349,23,21,0.644,True,2017-08-10 18:42,2017-08-29 07:57,2.0,2024.0,2017_NIP65_fbp_fuel_90m.tif,4237.0,0.3852,0.2639,0.2202,0.0234,0.0281,0.0793,0.0,53.6,C-2,23579.0,0.5109,0.1452,0.0746,0.0291,0.0126,0.2276,0.0,74.8,C-2,2017_NIP65_mrdem_dtm_90m.tif,1.0,251.8,37.9,2.74,5.58,1.57,-0.05,0.046,248.8,49.1,2.39,5.17,1.37,0.017,-0.01
2017_NIP67,fire-spread-v1.0.0,calibration,2017,NIP,2017-07-29,2017-09-12,46,48.0,47.65,40-200 ha,lightning,lightning,MON,-88.084,51.9816,True,0,-88.08483,51.98175,-5.0,2,2,0,0.295,False,2017-08-11 18:23,2017-08-12 18:05,13.0,2024.0,2017_NIP67_fbp_fuel_90m.tif,59.0,0.9831,0.0169,0.0,0.0,0.0,0.0,0.0,99.2,C-2,5870.0,0.7939,0.0983,0.0169,0.0107,0.0024,0.0779,0.0,91.6,C-2,2017_NIP67_mrdem_dtm_90m.tif,1.0,308.0,14.9,2.19,3.55,1.25,-0.511,0.722,297.8,38.5,1.66,3.21,0.95,-0.04,0.113
2017_NIP68,fire-spread-v1.0.0,calibration,2017,NIP,2017-08-07,2017-09-12,37,644.0,914.3,"200-1,000 ha",lightning,lightning,MON,-88.0356,51.7752,True,0,-88.04017,51.75669,-5.0,82,11,9,0.754,True,2017-08-08 07:51,2017-08-13 07:57,1.0,2024.0,2017_NIP68_fbp_fuel_90m.tif,1098.0,0.4663,0.2286,0.1485,0.0747,0.0537,0.0282,0.0,59.0,C-2,12078.0,0.7281,0.0733,0.0314,0.0171,0.0025,0.1477,0.0,90.0,C-2,2017_NIP68_mrdem_dtm_90m.tif,1.0,281.8,15.6,1.34,2.44,0.77,0.064,0.021,284.5,57.1,1.6,3.23,0.92,0.029,-0.028
2017_NIP73,fire-spread-v1.0.0,calibration,2017,NIP,2017-07-29,2017-09-12,46,50.0,49.93,40-200 ha,lightning,lightning,MON,-88.4345,51.5552,True,0,-88.43317,51.55446,-5.0,10,6,2,0.845,False,2017-08-09 09:12,2017-08-11 08:35,11.0,2024.0,2017_NIP73_fbp_fuel_90m.tif,61.0,0.2295,0.0164,0.7049,0.0492,0.0,0.0,0.0,23.4,D-1/D-2,6259.0,0.7613,0.0797,0.0585,0.0257,0.0062,0.0685,0.0,86.4,C-2,2017_NIP73_mrdem_dtm_90m.tif,1.0,292.4,14.2,1.77,3.12,1.02,-0.386,-0.276,287.6,43.6,1.65,3.1,0.94,-0.01,-0.041
2017_NIP75,fire-spread-v1.0.0,calibration,2017,NIP,2017-08-08,2017-09-19,43,674.0,674.8,"200-1,000 ha",lightning,lightning,MON,-87.2637,51.1411,True,0,-87.2576,51.14326,-5.0,104,27,23,1.125,True,2017-08-10 07:13,2017-09-13 08:17,2.0,2024.0,2017_NIP75_fbp_fuel_90m.tif,819.0,0.3162,0.1441,0.4762,0.0354,0.0232,0.0049,0.0,37.5,D-1/D-2,11709.0,0.7287,0.1889,0.0156,0.008,0.001,0.0577,0.0,87.0,C-2,2017_NIP75_mrdem_dtm_90m.tif,1.0,271.3,24.8,2.21,4.62,1.27,0.028,-0.074,273.4,49.0,1.38,2.76,0.79,0.045,0.076
2017_NIP77,fire-spread-v1.0.0,calibration,2017,NIP,2017-07-29,2017-09-12,46,574.0,590.75,"200-1,000 ha",lightning,lightning,MON,-88.8182,51.7378,True,0,-88.80744,51.73723,-5.0,46,11,8,0.571,True,2017-08-10 07:13,2017-08-27 08:35,12.0,2024.0,2017_NIP77_fbp_fuel_90m.tif,712.0,0.2879,0.0534,0.3596,0.0744,0.132,0.0927,0.0,39.9,D-1/D-2,10118.0,0.676,0.0549,0.0437,0.0089,0.0026,0.214,0.0,89.6,C-2,2017_NIP77_mrdem_dtm_90m.tif,1.0,345.7,41.3,4.67,9.58,2.67,-0.03,-0.24,339.2,71.1,2.39,5.83,1.37,0.015,-0.021
2017_NIP78,fire-spread-v1.0.0,calibration,2017,NIP,2017-08-07,2017-09-05,30,43.0,43.0,40-200 ha,lightning,lightning,MON,-88.8203,51.8259,True,0,-88.82068,51.8237,-5.0,6,4,2,1.308,False,2017-08-10 18:42,2017-08-12 08:16,3.0,2024.0,2017_NIP78_fbp_fuel_90m.tif,52.0,0.1154,0.1154,0.5769,0.0192,0.1346,0.0385,0.0,18.6,D-1/D-2,6173.0,0.8735,0.0716,0.0029,0.0078,0.0002,0.0441,0.0,95.4,C-2,2017_NIP78_mrdem_dtm_90m.tif,1.0,327.0,5.7,1.33,2.3,0.76,-0.286,0.165,334.0,50.9,1.5,2.93,0.86,-0.195,0.157
2017_NIP9,fire-spread-v1.0.0,calibration,2017,NIP,2017-06-11,2017-09-19,101,13553.0,13731.16,"10,000 ha or more",lightning,lightning,MON,-88.375,51.7843,True,0,-88.27553,51.79233,-5.0,562,44,35,0.368,True,2017-07-03 17:14,2017-08-13 07:57,22.0,2024.0,2017_NIP9_fbp_fuel_90m.tif,16609.0,0.2546,0.0906,0.5419,0.0516,0.0137,0.0476,0.0,31.2,D-1/D-2,47354.0,0.6333,0.0979,0.0571,0.0179,0.0023,0.1915,0.0,84.6,C-2,2017_NIP9_mrdem_dtm_90m.tif,1.0,314.6,80.6,2.05,4.24,1.17,0.134,-0.054,306.6,96.1,1.5,3.06,0.86,0.096,0.01
2017_NIP95,fire-spread-v1.0.0,calibration,2017,NIP,2017-08-11,2017-08-13,3,214.0,214.46,"200-1,000 ha",lightning,lightning,MON,-88.7771,52.821,False,5547,-88.6776,52.82127,-5.0,27,8,4,0.852,True,2017-08-12 06:35,2017-08-13 19:27,1.0,2024.0,2017_NIP95_fbp_fuel_90m.tif,252.0,0.1071,0.1508,0.0357,0.0714,0.5913,0.0437,0.0,41.6,M-1/M-2 (25% conifer),9352.0,0.1883,0.1176,0.0558,0.1218,0.1723,0.3442,0.0,47.1,C-2,2017_NIP95_mrdem_dtm_90m.tif,1.0,230.8,20.3,3.45,5.82,1.97,0.063,-0.115,230.4,34.2,2.25,5.24,1.29,-0.008,0.004
2017_NIP98,fire-spread-v1.0.0,calibration,2017,NIP,2017-07-29,2017-09-12,46,4736.0,5015.75,"1,000-10,000 ha",lightning,lightning,MON,-87.6275,52.6591,True,0,-87.64228,52.62011,-5.0,830,26,19,1.088,True,2017-08-11 06:54,2017-08-29 09:37,13.0,2024.0,2017_NIP98_fbp_fuel_90m.tif,6047.0,0.1824,0.3357,0.2978,0.0688,0.0397,0.0756,0.0,32.1,D-1/D-2,26970.0,0.4599,0.1862,0.0796,0.0349,0.0079,0.2316,0.0,70.6,C-2,2017_NIP98_mrdem_dtm_90m.tif,1.0,253.8,39.7,3.37,6.49,1.93,0.003,-0.023,249.8,48.7,2.67,5.64,1.53,0.01,0.016
2017_NIP99,fire-spread-v1.0.0,calibration,2017,NIP,2017-08-07,2017-09-19,44,531.0,543.56,"200-1,000 ha",lightning,lightning,FUL,-87.965,49.0957,True,0,-87.95254,49.09322,-5.0,29,6,4,0.569,True,2017-08-13 07:58,2017-08-15 07:20,6.0,2024.0,2017_NIP99_fbp_fuel_90m.tif,673.0,0.0669,0.0847,0.416,0.1233,0.2868,0.0223,0.0,15.0,D-1/D-2,9427.0,0.5578,0.2633,0.1083,0.0402,0.0103,0.0202,0.0,72.0,C-2,2017_NIP99_mrdem_dtm_90m.tif,1.0,415.6,89.7,4.46,8.48,2.55,-0.237,-0.26,400.4,320.1,7.63,15.74,4.32,-0.127,-0.039
2017_RED103,fire-spread-v1.0.0,calibration,2017,RED,2017-08-14,2017-09-21,39,110.0,109.9,40-200 ha,lightning,lightning,MON,-92.5188,52.4097,True,0,-92.50831,52.40728,-6.0,20,7,4,1.919,True,2017-08-26 08:54,2017-09-13 08:17,12.0,2024.0,2017_RED103_fbp_fuel_90m.tif,132.0,0.8182,0.0227,0.0455,0.0379,0.053,0.0227,0.0,89.8,C-3,7068.0,0.8084,0.0407,0.0071,0.0296,0.0215,0.0927,0.0,93.7,C-3,2017_RED103_mrdem_dtm_90m.tif,1.0,352.4,28.3,4.07,6.62,2.33,0.007,0.007,357.7,70.1,4.13,7.8,2.36,-0.048,0.115
2017_RED23,fire-spread-v1.0.0,calibration,2017,RED,2017-07-22,2017-09-23,64,1927.0,2131.16,"1,000-10,000 ha",lightning,lightning,MON,-95.0387,51.1955,True,0,-94.99147,51.21266,-6.0,161,12,11,0.798,True,2017-07-27 19:45,2017-07-31 08:42,5.0,2024.0,2017_RED23_fbp_fuel_90m.tif,2587.0,0.6776,0.034,0.1743,0.0255,0.0004,0.0881,0.0,76.3,C-3,18241.0,0.4488,0.0589,0.3606,0.027,0.0011,0.1036,0.0,54.0,D-1/D-2,2017_RED23_mrdem_dtm_90m.tif,1.0,347.4,35.8,3.42,6.68,1.96,-0.051,0.053,345.5,53.7,3.13,6.19,1.79,-0.029,0.037
2017_RED34,fire-spread-v1.0.0,calibration,2017,RED,2017-07-25,2017-10-03,71,746.0,746.77,"200-1,000 ha",lightning,lightning,MON,-92.607,52.7052,True,0,-92.59704,52.69858,-6.0,55,8,7,0.753,True,2017-07-30 18:49,2017-08-28 19:46,5.0,2024.0,2017_RED34_fbp_fuel_90m.tif,898.0,0.8541,0.0367,0.01,0.0089,0.0902,0.0,0.0,95.6,C-3,10750.0,0.7633,0.0675,0.0102,0.025,0.0793,0.0546,0.0,91.9,C-3,2017_RED34_mrdem_dtm_90m.tif,1.0,301.3,37.0,3.0,5.86,1.72,0.014,0.09,303.5,64.6,2.94,5.83,1.68,0.042,0.011
2017_RED54,fire-spread-v1.0.0,calibration,2017,RED,2017-08-03,2017-10-03,62,4049.0,4522.33,"1,000-10,000 ha",lightning,lightning,MON,-95.0433,51.6865,True,0,-95.00957,51.70445,-6.0,363,19,17,0.622,True,2017-08-12 08:16,2017-09-14 07:58,9.0,2024.0,2017_RED54_fbp_fuel_90m.tif,5469.0,0.5568,0.0715,0.2053,0.0494,0.0263,0.0907,0.0,67.3,C-4,23142.0,0.5817,0.0696,0.1569,0.0503,0.0053,0.1362,0.0,72.0,C-4,2017_RED54_mrdem_dtm_90m.tif,1.0,345.4,38.6,3.44,6.35,1.97,-0.065,0.013,341.4,59.7,3.4,6.62,1.95,-0.03,-0.001
2017_RED56,fire-spread-v1.0.0,calibration,2017,RED,2017-07-29,2017-10-03,67,146.0,147.53,40-200 ha,lightning,lightning,MON,-93.7645,52.8813,True,0,-93.74763,52.87852,-6.0,13,4,3,0.953,True,2017-08-10 08:54,2017-08-12 08:16,12.0,2024.0,2017_RED56_fbp_fuel_90m.tif,174.0,0.7299,0.1207,0.0287,0.0632,0.0575,0.0,0.0,83.8,C-3,7626.0,0.5633,0.1124,0.0337,0.027,0.003,0.2606,0.0,84.2,C-2,2017_RED56_mrdem_dtm_90m.tif,1.0,301.4,31.8,3.67,6.29,2.1,-0.223,-0.341,303.8,79.3,3.9,8.44,2.23,-0.029,0.042
2017_RED69,fire-spread-v1.0.0,calibration,2017,RED,2017-08-10,2017-09-21,43,1144.0,1144.49,"1,000-10,000 ha",lightning,lightning,MON,-92.6203,52.5371,True,0,-92.59169,52.54653,-6.0,95,9,7,0.651,True,2017-08-25 19:02,2017-08-29 07:58,15.0,2024.0,2017_RED69_fbp_fuel_90m.tif,1374.0,0.9039,0.0626,0.0102,0.0109,0.0124,0.0,0.0,94.9,C-3,12536.0,0.8318,0.0945,0.011,0.0164,0.0014,0.0448,0.0,92.3,C-2,2017_RED69_mrdem_dtm_90m.tif,1.0,325.1,64.0,3.66,7.1,2.09,0.109,-0.043,330.0,85.3,3.19,6.65,1.82,0.055,0.02
2017_RED87,fire-spread-v1.0.0,calibration,2017,RED,2017-08-06,2017-09-08,34,180.0,189.0,40-200 ha,lightning,lightning,MON,-93.7467,53.5736,True,0,-93.73662,53.57064,-6.0,7,4,1,0.372,False,2017-08-12 08:16,2017-08-31 18:49,6.0,2024.0,2017_RED87_fbp_fuel_90m.tif,228.0,0.8026,0.0088,0.0175,0.1096,0.0263,0.0351,0.0,86.1,C-3,7164.0,0.7303,0.0429,0.0642,0.0483,0.0219,0.0924,0.0,85.0,C-4,2017_RED87_mrdem_dtm_90m.tif,1.0,292.1,27.8,3.59,6.84,2.05,-0.016,-0.113,283.3,74.4,3.94,7.69,2.26,0.02,0.02
2017_SLK102,fire-spread-v1.0.0,calibration,2017,SLK,2017-08-10,2017-09-05,27,397.0,397.3,"200-1,000 ha",lightning,lightning,MON,-91.042,52.6177,True,0,-91.04818,52.61267,-6.0,47,8,7,0.991,True,2017-08-11 08:35,2017-08-18 08:04,1.0,2024.0,2017_SLK102_fbp_fuel_90m.tif,474.0,0.3903,0.0443,0.0105,0.0359,0.4789,0.0401,0.0,84.2,C-2,9620.0,0.774,0.0768,0.003,0.0195,0.0038,0.1228,0.0,92.7,C-2,2017_SLK102_mrdem_dtm_90m.tif,1.0,342.7,39.4,4.25,8.75,2.43,0.082,0.12,341.0,68.7,2.4,5.49,1.37,0.062,0.083
2017_SLK103,fire-spread-v1.0.0,calibration,2017,SLK,2017-08-11,2017-09-18,39,198.0,197.97,40-200 ha,lightning,lightning,MON,-91.0553,52.8362,True,0,-91.04241,52.83442,-6.0,4,2,1,0.284,False,2017-08-12 08:16,2017-08-19 19:14,1.0,2024.0,2017_SLK103_fbp_fuel_90m.tif,243.0,0.7572,0.0123,0.0329,0.0247,0.1523,0.0206,0.0,92.2,C-3,8271.0,0.7417,0.1103,0.008,0.0154,0.0019,0.1227,0.0,90.6,C-2,2017_SLK103_mrdem_dtm_90m.tif,1.0,304.5,17.6,1.8,3.88,1.03,0.201,0.04,304.8,37.7,1.57,3.16,0.9,0.058,0.076
2017_SLK115,fire-spread-v1.0.0,calibration,2017,SLK,2017-08-11,2017-09-18,39,85.0,85.05,40-200 ha,lightning,lightning,MON,-89.7566,52.8895,True,0,-89.75269,52.88731,-5.0,10,3,2,1.323,False,2017-08-27 08:35,2017-08-29 07:57,16.0,2024.0,2017_SLK115_fbp_fuel_90m.tif,105.0,0.1714,0.0381,0.0,0.019,0.7714,0.0,0.0,83.3,C-2,6291.0,0.4853,0.1912,0.048,0.0464,0.0043,0.2248,0.0,72.3,C-2,2017_SLK115_mrdem_dtm_90m.tif,1.0,261.5,23.7,3.36,5.85,1.93,-0.172,0.148,257.6,36.4,1.99,4.72,1.14,0.037,0.058
2017_SLK122,fire-spread-v1.0.0,calibration,2017,SLK,2017-08-12,2017-09-05,25,47.0,47.46,40-200 ha,lightning,lightning,MON,-89.3992,53.5839,True,0,-89.4053,53.57833,-5.0,5,3,1,0.593,False,2017-08-12 18:05,2017-08-14 07:38,0.0,2024.0,2017_SLK122_fbp_fuel_90m.tif,56.0,0.2679,0.0179,0.0357,0.0714,0.6071,0.0,0.0,69.3,C-2,6580.0,0.6916,0.2017,0.0187,0.0188,0.004,0.0652,0.0,81.7,C-2,2017_SLK122_mrdem_dtm_90m.tif,1.0,241.2,10.8,2.79,4.82,1.6,0.587,-0.259,238.0,39.9,1.74,3.27,1.0,-0.021,-0.139
2017_SLK129,fire-spread-v1.0.0,calibration,2017,SLK,2017-08-10,2017-09-05,27,120.0,120.61,40-200 ha,lightning,lightning,MON,-91.6354,54.3638,True,0,-91.63456,54.36817,-6.0,8,5,3,0.583,True,2017-08-12 18:05,2017-08-25 19:02,2.0,2024.0,2017_SLK129_fbp_fuel_90m.tif,143.0,0.1608,0.1119,0.0,0.035,0.6713,0.021,0.0,64.8,C-2,7155.0,0.557,0.0907,0.073,0.0356,0.0131,0.2306,0.0,79.2,C-2,2017_SLK129_mrdem_dtm_90m.tif,1.0,217.1,14.7,2.49,4.8,1.43,0.017,-0.098,217.9,27.2,1.51,3.22,0.87,0.026,-0.006
2017_SLK157,fire-spread-v1.0.0,calibration,2017,SLK,2017-08-13,2017-09-18,37,56.0,56.02,40-200 ha,lightning,lightning,MON,-90.4774,53.2375,True,0,-90.47449,53.23882,,0,0,0,,False,,,,,,,,,,,,,,,,,,,,,,,,,,,,,,,,,,,,,,,,,
2017_SLK162,fire-spread-v1.0.0,calibration,2017,SLK,2017-08-15,2017-09-05,22,51.0,51.24,40-200 ha,lightning,lightning,MON,-91.1739,52.5024,True,0,-91.17162,52.50401,-6.0,13,4,3,3.568,True,2017-08-18 08:04,2017-08-29 07:57,3.0,2024.0,2017_SLK162_fbp_fuel_90m.tif,62.0,0.3226,0.0,0.0,0.0323,0.629,0.0161,0.0,90.9,C-3,5942.0,0.7938,0.0377,0.0015,0.0199,0.0231,0.124,0.0,94.9,C-2,2017_SLK162_mrdem_dtm_90m.tif,1.0,381.4,20.8,3.66,6.32,2.09,0.118,-0.471,371.7,68.3,2.84,5.6,1.62,-0.019,0.093
2017_SLK17,fire-spread-v1.0.0,calibration,2017,SLK,2017-07-24,2017-09-18,57,3690.0,4036.85,"1,000-10,000 ha",lightning,lightning,MON,-91.4414,51.8926,True,0,-91.39045,51.89563,-6.0,238,13,11,0.529,True,2017-07-28 07:57,2017-08-29 07:58,4.0,2024.0,2017_SLK17_fbp_fuel_90m.tif,4878.0,0.7169,0.0422,0.0129,0.0402,0.108,0.0797,0.0,90.5,C-3,28008.0,0.7831,0.0578,0.0092,0.0248,0.0035,0.1217,0.0,92.3,C-2,2017_SLK17_mrdem_dtm_90m.tif,1.0,409.0,39.6,2.59,5.27,1.48,0.061,0.017,409.1,65.2,2.62,5.45,1.5,0.044,0.012
2017_SLK175,fire-spread-v1.0.0,calibration,2017,SLK,2017-08-16,2017-09-18,34,730.0,781.52,"200-1,000 ha",lightning,lightning,MON,-90.1962,53.365,True,0,-90.1659,53.37903,-6.0,49,7,5,0.666,True,2017-08-28 08:16,2017-09-03 08:04,12.0,2024.0,2017_SLK175_fbp_fuel_90m.tif,935.0,0.3636,0.1027,0.093,0.0299,0.354,0.0567,0.0,68.6,C-2,11947.0,0.7344,0.0832,0.017,0.0381,0.0102,0.1171,0.0,88.3,C-2,2017_SLK175_mrdem_dtm_90m.tif,1.0,279.2,22.4,1.58,2.79,0.91,-0.108,0.193,276.7,42.4,1.53,2.86,0.87,-0.061,0.086
2017_SLK187,fire-spread-v1.0.0,calibration,2017,SLK,2017-08-17,2017-09-18,33,55.0,54.89,40-200 ha,lightning,lightning,MON,-90.9538,53.0962,True,0,-90.95664,53.1032,-6.0,8,3,2,1.793,False,2017-09-01 08:41,2017-09-03 08:04,15.0,2024.0,2017_SLK187_fbp_fuel_90m.tif,64.0,0.6875,0.1875,0.0,0.0,0.125,0.0,0.0,92.0,C-2,7020.0,0.7363,0.1091,0.0155,0.0254,0.0057,0.108,0.0,88.0,C-2,2017_SLK187_mrdem_dtm_90m.tif,1.0,284.5,11.3,1.59,2.68,0.91,-0.178,0.068,286.3,36.7,1.96,3.96,1.13,0.041,0.09
2017_SLK200,fire-spread-v1.0.0,calibration,2017,SLK,2017-08-24,2017-09-18,26,96.0,97.18,40-200 ha,lightning,lightning,MON,-89.0174,52.0142,True,0,-89.01787,52.01273,-5.0,18,4,2,1.881,False,2017-08-27 08:35,2017-08-29 09:37,3.0,2024.0,2017_SLK200_fbp_fuel_90m.tif,119.0,0.1176,0.1008,0.2101,0.1261,0.3193,0.1261,0.0,27.3,D-1/D-2,8051.0,0.6015,0.1994,0.0297,0.0369,0.0353,0.0973,0.0,80.3,C-2,2017_SLK200_mrdem_dtm_90m.tif,1.0,311.9,20.9,3.69,6.45,2.11,-0.587,0.267,311.2,36.7,1.75,3.45,1.0,-0.037,-0.035
2017_SLK23,fire-spread-v1.0.0,calibration,2017,SLK,2017-07-28,2017-09-05,40,156.0,156.13,40-200 ha,lightning,lightning,MON,-91.2284,51.6009,True,0,-91.22842,51.60195,-6.0,8,4,3,0.721,True,2017-07-29 07:38,2017-08-12 08:16,1.0,2024.0,2017_SLK23_fbp_fuel_90m.tif,186.0,0.6828,0.0054,0.0,0.0376,0.2527,0.0215,0.0,94.3,C-3,8481.0,0.8332,0.0805,0.0105,0.0133,0.0007,0.0618,0.0,92.1,C-2,2017_SLK23_mrdem_dtm_90m.tif,1.0,379.0,19.6,2.21,4.29,1.27,0.056,-0.626,380.0,34.0,1.62,2.99,0.93,0.032,-0.058
2017_SLK237,fire-spread-v1.0.0,calibration,2017,SLK,2017-10-18,2017-11-02,16,128.0,129.08,40-200 ha,lightning,lightning,MON,-89.7461,51.0551,False,17946,-89.97797,51.13977,,0,0,0,,False,,,,,,,,,,,,,,,,,,,,,,,,,,,,,,,,,,,,,,,,,
2017_SLK26,fire-spread-v1.0.0,calibration,2017,SLK,2017-07-26,2017-08-18,24,119.0,118.99,40-200 ha,lightning,lightning,FUL,-90.9136,51.2666,True,0,-90.92946,51.26376,-6.0,5,3,2,0.591,False,2017-07-29 07:39,2017-07-31 07:01,3.0,2024.0,2017_SLK26_fbp_fuel_90m.tif,143.0,0.2727,0.028,0.6503,0.035,0.0,0.014,0.0,28.5,D-1/D-2,7825.0,0.8046,0.0328,0.0187,0.0138,0.0029,0.1272,0.0,94.1,C-2,2017_SLK26_mrdem_dtm_90m.tif,1.0,379.7,19.9,2.65,5.18,1.52,0.15,-0.231,382.4,43.2,2.32,4.74,1.33,0.028,-0.006
2017_SLK32,fire-spread-v1.0.0,calibration,2017,SLK,2017-07-28,2017-09-05,40,230.0,230.59,"200-1,000 ha",lightning,lightning,MON,-92.1632,52.6939,True,0,-92.15537,52.69865,-6.0,26,12,9,1.159,True,2017-07-30 07:19,2017-08-28 19:46,2.0,2024.0,2017_SLK32_fbp_fuel_90m.tif,281.0,0.2278,0.0178,0.7189,0.0178,0.0,0.0178,0.0,24.3,D-1/D-2,8455.0,0.7249,0.1308,0.1166,0.0118,0.0007,0.0151,0.0,80.1,C-2,2017_SLK32_mrdem_dtm_90m.tif,1.0,314.5,20.3,2.73,5.87,1.56,-0.316,-0.065,312.4,58.7,2.58,5.16,1.48,0.013,0.07
2017_SLK33,fire-spread-v1.0.0,calibration,2017,SLK,2017-07-27,2017-08-19,24,79.0,78.8,40-200 ha,lightning,lightning,MON,-90.7343,51.7336,True,0,-90.73233,51.73087,-6.0,14,3,2,1.606,False,2017-07-30 18:48,2017-07-31 08:41,3.0,2024.0,2017_SLK33_fbp_fuel_90m.tif,97.0,0.567,0.0619,0.2784,0.0515,0.0103,0.0309,0.0,61.3,C-3,6873.0,0.7931,0.1133,0.0049,0.0134,0.0003,0.0749,0.0,92.9,C-2,2017_SLK33_mrdem_dtm_90m.tif,1.0,396.4,25.3,4.64,7.77,2.65,0.051,-0.19,385.2,61.5,3.08,5.79,1.76,0.048,-0.019
2017_SLK36,fire-spread-v1.0.0,calibration,2017,SLK,2017-07-29,2017-09-18,52,2230.0,2244.06,"1,000-10,000 ha",lightning,lightning,MON,-89.3204,51.3881,True,0,-89.29089,51.39001,-5.0,132,19,16,0.57,True,2017-08-01 08:22,2017-09-11 18:43,3.0,2024.0,2017_SLK36_fbp_fuel_90m.tif,2720.0,0.3007,0.0393,0.5515,0.0713,0.0272,0.0099,0.0,32.6,D-1/D-2,18340.0,0.832,0.0571,0.0255,0.0106,0.0006,0.0742,0.0,92.5,C-2,2017_SLK36_mrdem_dtm_90m.tif,1.0,342.9,54.6,2.34,4.57,1.34,-0.045,0.038,339.7,70.1,1.93,3.97,1.11,0.098,0.039
2017_SLK38,fire-spread-v1.0.0,calibration,2017,SLK,2017-07-29,2017-09-18,52,652.0,653.79,"200-1,000 ha",lightning,lightning,MON,-89.267,51.608,True,0,-89.23578,51.60647,-5.0,61,18,14,0.796,True,2017-08-02 19:32,2017-08-27 08:35,4.0,2024.0,2017_SLK38_fbp_fuel_90m.tif,795.0,0.1799,0.0314,0.6025,0.0616,0.1145,0.0101,0.0,21.5,D-1/D-2,12015.0,0.7704,0.0524,0.0181,0.0213,0.0022,0.1356,0.0,92.2,C-2,2017_SLK38_mrdem_dtm_90m.tif,1.0,345.4,36.8,2.36,4.63,1.35,0.087,-0.165,345.7,56.9,1.55,3.26,0.89,0.061,-0.063
2017_SLK42,fire-spread-v1.0.0,calibration,2017,SLK,2017-07-28,2017-09-05,40,665.0,702.86,"200-1,000 ha",lightning,lightning,MON,-89.148,51.6972,True,0,-89.16591,51.69449,-5.0,7,6,5,0.14,False,2017-07-29 07:38,2017-08-12 18:05,1.0,2024.0,2017_SLK42_fbp_fuel_90m.tif,848.0,0.2948,0.0389,0.4752,0.0861,0.0896,0.0153,0.0,34.6,D-1/D-2,11905.0,0.8133,0.0706,0.0555,0.0128,0.001,0.0469,0.0,89.0,C-2,2017_SLK42_mrdem_dtm_90m.tif,1.0,342.7,58.4,3.82,7.05,2.19,-0.133,0.298,340.6,75.8,2.48,5.36,1.42,-0.018,0.077
2017_SLK43,fire-spread-v1.0.0,calibration,2017,SLK,2017-07-30,2017-09-18,51,247.0,247.4,"200-1,000 ha",lightning,lightning,MON,-89.2417,51.8942,True,0,-89.23252,51.9027,-5.0,41,15,9,1.307,True,2017-08-03 07:45,2017-08-29 07:58,4.0,2024.0,2017_SLK43_fbp_fuel_90m.tif,296.0,0.2196,0.125,0.4865,0.0473,0.1014,0.0203,0.0,30.7,D-1/D-2,9350.0,0.7978,0.1132,0.0197,0.0158,0.0009,0.0527,0.0,90.0,C-2,2017_SLK43_mrdem_dtm_90m.tif,1.0,312.0,27.3,2.54,4.96,1.45,-0.079,0.257,310.9,41.2,1.62,3.13,0.93,0.035,-0.032
2017_SLK44,fire-spread-v1.0.0,calibration,2017,SLK,2017-07-29,2017-08-21,24,45.0,44.66,40-200 ha,lightning,lightning,MON,-90.5911,51.674,True,0,-90.58942,51.67466,,0,0,0,,False,,,,,,,,,,,,,,,,,,,,,,,,,,,,,,,,,,,,,,,,,
2017_SLK45,fire-spread-v1.0.0,calibration,2017,SLK,2017-07-30,2017-08-15,17,151.0,151.27,40-200 ha,lightning,lightning,MON,-91.8085,53.2212,True,0,-91.80391,53.2201,-6.0,4,2,1,0.372,False,2017-07-30 18:49,2017-07-31 08:41,0.0,2024.0,2017_SLK45_fbp_fuel_90m.tif,183.0,0.8579,0.071,0.0055,0.0164,0.0492,0.0,0.0,93.0,C-3,7471.0,0.8724,0.0956,0.0108,0.0124,0.0001,0.0086,0.0,92.1,C-2,2017_SLK45_mrdem_dtm_90m.tif,1.0,315.7,22.3,1.79,3.0,1.03,-0.274,0.405,303.7,57.3,1.56,2.89,0.89,-0.199,0.026
2017_SLK52,fire-spread-v1.0.0,calibration,2017,SLK,2017-08-03,2017-09-05,34,1320.0,1330.28,"1,000-10,000 ha",lightning,lightning,MON,-89.048,51.8418,True,0,-89.03827,51.84025,-5.0,82,11,9,0.634,True,2017-08-06 19:58,2017-08-27 08:35,3.0,2024.0,2017_SLK52_fbp_fuel_90m.tif,1610.0,0.2776,0.0689,0.5385,0.0509,0.0559,0.0081,0.0,32.6,D-1/D-2,14323.0,0.8428,0.0673,0.0166,0.0147,0.001,0.0575,0.0,92.9,C-2,2017_SLK52_mrdem_dtm_90m.tif,1.0,309.3,36.9,1.71,3.23,0.98,0.132,-0.183,306.4,65.9,1.69,3.28,0.97,0.107,-0.006
2017_SLK63,fire-spread-v1.0.0,calibration,2017,SLK,2017-08-03,2017-09-05,34,60.0,59.86,40-200 ha,lightning,lightning,MON,-90.8981,52.5685,True,0,-90.90471,52.56429,-6.0,3,2,1,0.705,False,2017-08-07 08:10,2017-08-12 08:16,4.0,2024.0,2017_SLK63_fbp_fuel_90m.tif,73.0,0.4384,0.0,0.0,0.0,0.5616,0.0,0.0,100.0,C-3,6323.0,0.8374,0.0435,0.0049,0.0171,0.0019,0.0952,0.0,95.0,C-2,2017_SLK63_mrdem_dtm_90m.tif,1.0,345.2,27.1,4.61,8.91,2.64,-0.06,-0.202,338.1,66.2,2.89,6.25,1.66,-0.089,0.099
2017_SLK64,fire-spread-v1.0.0,calibration,2017,SLK,2017-08-04,2017-09-05,33,132.0,132.02,40-200 ha,lightning,lightning,MON,-91.7075,52.7159,True,0,-91.71051,52.7139,-6.0,15,6,5,1.278,True,2017-08-06 18:17,2017-08-12 08:16,2.0,2024.0,2017_SLK64_fbp_fuel_90m.tif,164.0,0.878,0.0122,0.0,0.0244,0.0854,0.0,0.0,96.7,C-3,8036.0,0.8425,0.1155,0.017,0.01,0.0009,0.0142,0.0,91.1,C-2,2017_SLK64_mrdem_dtm_90m.tif,1.0,328.9,12.1,1.58,2.66,0.9,0.091,0.02,327.9,47.4,1.84,3.84,1.05,-0.062,0.065
2017_SLK68,fire-spread-v1.0.0,calibration,2017,SLK,2017-08-05,2017-09-18,45,510.0,510.31,"200-1,000 ha",lightning,lightning,MON,-89.0393,52.757,True,0,-89.03313,52.73262,-5.0,62,8,7,1.295,True,2017-08-07 08:10,2017-08-13 19:27,2.0,2024.0,2017_SLK68_fbp_fuel_90m.tif,617.0,0.2091,0.3258,0.034,0.188,0.2431,0.0,0.0,39.7,M-1/M-2 (25% conifer),12123.0,0.7293,0.1271,0.0211,0.0305,0.0624,0.0295,0.0,86.1,C-2,2017_SLK68_mrdem_dtm_90m.tif,1.0,258.9,33.4,3.11,5.74,1.78,0.181,-0.017,260.0,51.8,2.0,3.98,1.14,0.122,0.075
2017_SLK7,fire-spread-v1.0.0,calibration,2017,SLK,2017-07-05,2017-08-15,42,131.0,130.77,40-200 ha,lightning,lightning,MON,-92.204,53.2146,True,0,-92.20428,53.21395,-6.0,4,2,1,0.323,False,2017-07-11 08:16,2017-07-11 18:05,6.0,2024.0,2017_SLK7_fbp_fuel_90m.tif,154.0,0.9091,0.0455,0.0065,0.013,0.026,0.0,0.0,95.5,C-3,9677.0,0.8555,0.0868,0.0135,0.0069,0.0083,0.0289,0.0,93.5,C-2,2017_SLK7_mrdem_dtm_90m.tif,1.0,285.2,18.2,2.31,3.88,1.33,-0.089,-0.221,279.0,45.8,2.28,4.52,1.3,-0.003,0.024
2017_SLK8,fire-spread-v1.0.0,calibration,2017,SLK,2017-07-04,2017-08-15,43,505.0,503.24,"200-1,000 ha",lightning,lightning,MON,-91.6898,54.0128,True,0,-91.66336,54.02182,-6.0,24,4,3,0.363,True,2017-07-13 17:28,2017-07-14 08:59,9.0,2024.0,2017_SLK8_fbp_fuel_90m.tif,600.0,0.235,0.23,0.2733,0.0383,0.2083,0.015,0.0,40.1,D-1/D-2,11060.0,0.5579,0.1319,0.1337,0.0279,0.0025,0.146,0.0,72.4,C-2,2017_SLK8_mrdem_dtm_90m.tif,1.0,246.7,22.8,2.41,4.38,1.38,-0.17,0.267,243.8,38.0,1.87,3.8,1.07,-0.046,0.076
2017_SLK82,fire-spread-v1.0.0,calibration,2017,SLK,2017-08-07,2017-09-05,30,81.0,80.84,40-200 ha,lightning,lightning,MON,-90.9551,52.5803,True,0,-90.9609,52.57626,-6.0,8,4,2,1.044,False,2017-08-11 08:35,2017-08-12 19:46,4.0,2024.0,2017_SLK82_fbp_fuel_90m.tif,98.0,0.6224,0.0306,0.0,0.0306,0.3163,0.0,0.0,92.2,C-3,6766.0,0.8713,0.0375,0.004,0.014,0.0019,0.0712,0.0,95.8,C-2,2017_SLK82_mrdem_dtm_90m.tif,1.0,339.4,29.0,4.02,7.08,2.3,-0.169,0.237,335.5,75.8,2.53,5.3,1.45,0.087,0.085
2017_SLK96,fire-spread-v1.0.0,calibration,2017,SLK,2017-08-08,2017-09-05,29,135.0,132.8,40-200 ha,lightning,lightning,MON,-88.9384,52.8779,True,0,-88.94074,52.87771,-5.0,17,9,4,1.059,True,2017-08-11 06:54,2017-08-13 19:27,3.0,2024.0,2017_SLK96_fbp_fuel_90m.tif,155.0,0.2194,0.2065,0.0516,0.0645,0.4387,0.0194,0.0,53.0,C-2,7413.0,0.732,0.0565,0.0134,0.0194,0.0024,0.1763,0.0,92.0,C-2,2017_SLK96_mrdem_dtm_90m.tif,1.0,238.1,16.9,2.38,4.45,1.36,-0.151,-0.007,238.0,31.5,1.95,4.0,1.12,0.074,-0.026
2017_THU31,fire-spread-v1.0.0,calibration,2017,THU,2017-08-02,2017-09-22,52,181.0,180.75,40-200 ha,lightning,lightning,MON,-89.6371,50.7407,True,0,-89.63818,50.74309,-5.0,25,10,5,1.011,True,2017-08-06 06:48,2017-08-11 18:23,4.0,2024.0,2017_THU31_fbp_fuel_90m.tif,218.0,0.344,0.055,0.4771,0.0138,0.0917,0.0183,0.0,41.1,D-1/D-2,8038.0,0.4928,0.0978,0.1193,0.0391,0.0382,0.2129,0.0,70.9,C-2,2017_THU31_mrdem_dtm_90m.tif,1.0,350.0,15.2,2.34,4.53,1.34,-0.176,-0.367,356.8,68.4,2.91,7.0,1.67,0.038,-0.083
2017_THU58,fire-spread-v1.0.0,calibration,2017,THU,2017-09-11,2017-09-26,16,282.0,381.7,"200-1,000 ha",lightning,lightning,MON,-89.4524,50.8997,True,0,-89.44188,50.90054,-5.0,57,8,7,1.105,True,2017-09-11 18:42,2017-09-13 19:45,0.0,2024.0,2017_THU58_fbp_fuel_90m.tif,462.0,0.4351,0.0779,0.3268,0.0693,0.0801,0.0108,0.0,50.5,C-2,9210.0,0.7148,0.0712,0.0217,0.0172,0.0035,0.1717,0.0,90.3,C-2,2017_THU58_mrdem_dtm_90m.tif,1.0,352.2,31.6,3.62,6.51,2.07,0.139,-0.15,355.4,67.1,3.28,6.81,1.88,0.019,-0.069
2017_THU59,fire-spread-v1.0.0,calibration,2017,THU,2017-09-11,2017-09-25,15,214.0,220.3,"200-1,000 ha",lightning,lightning,MON,-89.5126,50.5624,True,0,-89.52391,50.56166,-5.0,35,6,5,1.149,True,2017-09-12 06:55,2017-09-13 18:05,1.0,2024.0,2017_THU59_fbp_fuel_90m.tif,266.0,0.3008,0.0677,0.5,0.0677,0.0263,0.0376,0.0,34.6,D-1/D-2,7918.0,0.7103,0.0493,0.0114,0.0212,0.0034,0.2045,0.0,92.6,C-2,2017_THU59_mrdem_dtm_90m.tif,1.0,357.3,28.0,3.25,6.43,1.86,0.194,-0.004,361.9,70.8,2.76,6.09,1.58,0.099,0.053
2017_THU61,fire-spread-v1.0.0,calibration,2017,THU,2017-09-11,2017-09-25,15,87.0,86.94,40-200 ha,lightning,lightning,MON,-89.6538,50.5886,True,0,-89.65221,50.58769,-5.0,28,6,4,2.588,True,2017-09-11 18:42,2017-09-13 08:17,0.0,2024.0,2017_THU61_fbp_fuel_90m.tif,105.0,0.4476,0.0952,0.419,0.0381,0.0,0.0,0.0,48.1,D-1/D-2,7463.0,0.6511,0.062,0.0186,0.0185,0.0013,0.2484,0.0,90.7,C-2,2017_THU61_mrdem_dtm_90m.tif,1.0,370.9,39.3,3.95,8.34,2.26,0.405,-0.015,366.0,49.1,2.19,4.88,1.25,0.046,0.067
2018_COC13,fire-spread-v1.0.0,calibration,2018,COC,2018-07-16,2018-09-19,66,150.0,104.85,40-200 ha,lightning,lightning,MON,-81.5471,50.3388,True,0,-81.54261,50.35289,-5.0,5,2,1,0.671,False,2018-07-15 16:55,2018-07-16 07:38,-1.0,2024.0,2018_COC13_fbp_fuel_90m.tif,134.0,0.403,0.0075,0.5299,0.0597,0.0,0.0,0.0,40.9,D-1/D-2,8290.0,0.8567,0.038,0.0082,0.0565,0.0,0.0407,0.0,91.8,C-2,2018_COC13_mrdem_dtm_90m.tif,1.0,79.6,6.1,0.45,0.73,0.26,-0.78,0.481,80.2,56.1,1.1,2.5,0.63,-0.262,0.191
2018_COC14,fire-spread-v1.0.0,calibration,2018,COC,2018-07-15,2018-09-19,67,4899.0,4348.74,"1,000-10,000 ha",lightning,lightning,MOD,-80.8196,49.8678,True,0,-80.73701,49.88195,-5.0,280,7,6,0.521,True,2018-07-16 19:07,2018-07-23 18:35,1.0,2024.0,2018_COC14_fbp_fuel_90m.tif,5339.0,0.2021,0.0686,0.4952,0.1618,0.0011,0.0712,0.0,24.9,D-1/D-2,31164.0,0.6792,0.1337,0.0595,0.0736,0.0,0.0539,0.0,76.3,C-2,2018_COC14_mrdem_dtm_90m.tif,1.0,276.4,30.0,1.15,2.37,0.66,-0.039,0.061,273.8,39.1,0.91,1.87,0.52,-0.111,0.067
2018_COC15,fire-spread-v1.0.0,calibration,2018,COC,2018-07-17,2018-09-19,65,50.0,37.24,40-200 ha,lightning,lightning,MON,-80.2045,50.4984,True,0,-80.19509,50.49523,,0,0,0,,False,,,,,,,,,,,,,,,,,,,,,,,,,,,,,,,,,,,,,,,,,
2018_COC2,fire-spread-v1.0.0,calibration,2018,COC,2018-06-11,2018-07-04,24,122.0,119.41,40-200 ha,miscellaneous,human,MON,-85.402,55.025,True,0,-85.40076,55.02529,-5.0,26,3,2,1.649,False,2018-06-11 17:33,2018-06-12 18:55,0.0,2024.0,2018_COC2_fbp_fuel_90m.tif,138.0,0.3043,0.1522,0.2319,0.3116,0.0,0.0,0.0,37.1,O-1a,6750.0,0.5745,0.1049,0.1702,0.0065,0.0138,0.1301,0.0,72.0,C-2,2018_COC2_mrdem_dtm_90m.tif,1.0,36.8,13.7,2.38,5.15,1.36,-0.072,0.223,38.6,31.9,1.45,3.12,0.83,0.028,0.127
2018_COC20,fire-spread-v1.0.0,calibration,2018,COC,2018-07-19,2018-09-19,63,895.0,751.1,"200-1,000 ha",lightning,lightning,MON,-81.2319,50.5026,True,0,-81.23331,50.52456,-5.0,77,12,11,1.067,True,2018-07-22 07:26,2018-08-19 17:38,3.0,2024.0,2018_COC20_fbp_fuel_90m.tif,921.0,0.2421,0.0022,0.5733,0.1813,0.0,0.0011,0.0,24.4,D-1/D-2,13979.0,0.8906,0.0268,0.0422,0.0384,0.0,0.002,0.0,90.8,C-2,2018_COC20_mrdem_dtm_90m.tif,1.0,81.3,59.4,2.6,4.67,1.49,-0.506,0.076,74.2,68.9,1.07,2.21,0.61,-0.243,0.226
2018_COC23,fire-spread-v1.0.0,calibration,2018,COC,2018-07-30,2018-10-04,67,375.0,407.72,"200-1,000 ha",lightning,lightning,MON,-81.6276,50.2187,False,42,-81.61988,50.231,-5.0,1,1,0,0.034,False,2018-07-31 16:55,2018-07-31 16:55,1.0,2024.0,2018_COC23_fbp_fuel_90m.tif,495.0,0.4424,0.0889,0.4182,0.0505,0.0,0.0,0.0,48.9,D-1/D-2,8797.0,0.7403,0.1472,0.0438,0.0244,0.0024,0.0419,0.0,85.4,C-2,2018_COC23_mrdem_dtm_90m.tif,1.0,118.3,10.8,0.65,1.16,0.37,-0.381,0.495,112.7,74.1,1.54,3.1,0.88,-0.161,0.201
2018_COC25,fire-spread-v1.0.0,calibration,2018,COC,2018-07-30,2018-09-07,40,430.0,429.71,"200-1,000 ha",lightning,lightning,MON,-87.8163,55.5882,False,0,-87.84517,55.57418,-5.0,38,5,3,0.785,True,2018-07-29 17:34,2018-08-04 19:53,-1.0,2024.0,2018_COC25_fbp_fuel_90m.tif,506.0,0.2451,0.1897,0.2628,0.087,0.1383,0.0771,0.0,43.6,D-1/D-2,12638.0,0.4001,0.1291,0.3764,0.0351,0.0007,0.0586,0.0,51.0,D-1/D-2,2018_COC25_mrdem_dtm_90m.tif,1.0,82.6,12.2,0.82,1.47,0.47,-0.133,0.211,79.7,33.8,0.89,1.69,0.51,-0.037,0.274
2018_COC26,fire-spread-v1.0.0,calibration,2018,COC,2018-07-29,2018-09-07,41,1200.0,2695.81,"1,000-10,000 ha",lightning,lightning,MON,-87.961,55.668,True,0,-87.94556,55.66143,-5.0,275,9,8,0.772,True,2018-07-29 17:34,2018-08-04 19:53,0.0,2024.0,2018_COC26_fbp_fuel_90m.tif,3197.0,0.3297,0.3472,0.2068,0.0363,0.0294,0.0507,0.0,51.5,C-1,24691.0,0.3705,0.1144,0.435,0.0392,0.0002,0.0407,0.0,45.0,D-1/D-2,2018_COC26_mrdem_dtm_90m.tif,1.0,69.5,22.8,0.89,1.61,0.51,0.208,0.288,63.8,50.5,0.91,1.66,0.52,0.017,0.174
2018_COC28,fire-spread-v1.0.0,calibration,2018,COC,2018-07-29,2018-09-07,41,176.0,174.87,40-200 ha,lightning,lightning,MON,-88.3687,55.9606,True,0,-88.37131,55.97129,-5.0,9,4,3,0.724,True,2018-08-01 16:38,2018-08-04 19:02,3.0,2024.0,2018_COC28_fbp_fuel_90m.tif,207.0,0.4348,0.2995,0.2367,0.029,0.0,0.0,0.0,59.7,D-1/D-2,8277.0,0.1974,0.061,0.5277,0.1735,0.0,0.0404,0.0,24.1,D-1/D-2,2018_COC28_mrdem_dtm_90m.tif,1.0,49.0,7.6,1.09,1.87,0.63,0.187,-0.062,48.4,19.7,0.94,1.76,0.54,0.12,0.036
2018_COC30,fire-spread-v1.0.0,calibration,2018,COC,2018-07-29,2018-09-07,41,365.0,363.31,"200-1,000 ha",lightning,lightning,MON,-88.3311,55.7993,False,109,-88.34797,55.80372,-5.0,2,1,0,0.077,False,2018-08-04 19:02,2018-08-04 19:02,6.0,2024.0,2018_COC30_fbp_fuel_90m.tif,429.0,0.3823,0.3287,0.2308,0.0559,0.0023,0.0,0.0,53.4,C-1,8471.0,0.2573,0.1523,0.5455,0.0361,0.0,0.0087,0.0,32.4,D-1/D-2,2018_COC30_mrdem_dtm_90m.tif,1.0,58.6,9.1,1.15,2.17,0.66,0.176,0.209,58.5,27.8,0.92,1.75,0.53,0.137,0.157
2018_COC31,fire-spread-v1.0.0,calibration,2018,COC,2018-07-28,2018-09-07,42,95.0,94.76,40-200 ha,lightning,lightning,MON,-88.5989,55.7152,True,0,-88.59775,55.71975,-5.0,22,6,4,1.632,True,2018-07-29 18:24,2018-08-03 18:31,1.0,2024.0,2018_COC31_fbp_fuel_90m.tif,115.0,0.2087,0.2696,0.3043,0.0435,0.113,0.0609,0.0,38.2,D-1/D-2,6773.0,0.2311,0.1181,0.5528,0.0406,0.0004,0.057,0.0,28.9,D-1/D-2,2018_COC31_mrdem_dtm_90m.tif,1.0,99.9,5.7,0.91,1.61,0.52,0.504,-0.261,96.7,26.7,0.85,1.53,0.49,0.221,0.006
2018_COC36,fire-spread-v1.0.0,calibration,2018,COC,2018-08-06,2018-09-07,33,40.0,43.52,40-200 ha,lightning,lightning,MON,-87.5292,54.2867,False,64,-87.52617,54.28644,-5.0,25,4,3,2.585,True,2018-08-03 07:50,2018-08-04 19:52,-3.0,2024.0,2018_COC36_fbp_fuel_90m.tif,51.0,0.1765,0.0784,0.3529,0.2745,0.1176,0.0,0.0,23.9,D-1/D-2,6429.0,0.2836,0.2265,0.1639,0.2413,0.0002,0.0846,0.0,44.2,O-1a,2018_COC36_mrdem_dtm_90m.tif,1.0,104.4,5.8,1.52,2.45,0.87,0.398,0.349,103.4,17.6,1.17,2.25,0.67,0.078,0.035
2018_COC4,fire-spread-v1.0.0,calibration,2018,COC,2018-06-12,2018-09-07,88,3264.0,3304.89,"1,000-10,000 ha",lightning,lightning,MON,-87.0294,55.7184,True,0,-86.94349,55.73348,-5.0,219,19,15,0.455,True,2018-06-11 18:24,2018-06-25 17:22,-1.0,2024.0,2018_COC4_fbp_fuel_90m.tif,3910.0,0.5558,0.1402,0.2008,0.0752,0.0133,0.0148,0.0,65.4,C-2,29945.0,0.5193,0.0829,0.3132,0.0494,0.0093,0.026,0.0,57.6,C-2,2018_COC4_mrdem_dtm_90m.tif,1.0,25.2,21.7,1.01,1.94,0.58,0.023,0.097,25.6,35.9,0.92,1.7,0.52,0.023,0.161
2018_COC5,fire-spread-v1.0.0,calibration,2018,COC,2018-06-17,2018-09-07,83,2685.0,3262.94,"1,000-10,000 ha",lightning,lightning,MON,-83.5953,53.028,True,0,-83.49646,53.0487,-5.0,277,9,8,0.668,True,2018-06-21 07:06,2018-06-26 08:53,4.0,2024.0,2018_COC5_fbp_fuel_90m.tif,3912.0,0.1288,0.317,0.3592,0.1723,0.0064,0.0164,0.0,30.8,D-1/D-2,33972.0,0.2367,0.2888,0.2666,0.1885,0.0014,0.018,0.0,42.0,D-1/D-2,2018_COC5_mrdem_dtm_90m.tif,1.0,62.0,18.5,0.78,1.49,0.45,0.117,0.017,62.0,36.3,0.85,1.64,0.49,0.116,-0.015
2018_COC8,fire-spread-v1.0.0,calibration,2018,COC,2018-07-15,2018-07-30,16,130.0,134.05,40-200 ha,lightning,lightning,FUL,-80.4462,49.192,True,0,-80.44158,49.19629,-5.0,8,2,1,0.629,False,2018-07-15 16:54,2018-07-15 19:25,0.0,2024.0,2018_COC8_fbp_fuel_90m.tif,167.0,0.3174,0.0419,0.503,0.1377,0.0,0.0,0.0,33.8,D-1/D-2,7377.0,0.6714,0.1179,0.1738,0.014,0.0,0.0229,0.0,75.3,C-2,2018_COC8_mrdem_dtm_90m.tif,1.0,333.4,16.7,1.45,2.74,0.83,-0.547,-0.356,336.4,66.3,1.26,2.83,0.72,-0.101,-0.278
2018_FOR24,fire-spread-v1.0.0,calibration,2018,FOR,2018-07-28,2018-10-09,74,2626.0,3049.51,"1,000-10,000 ha",lightning,lightning,MON,-91.4641,48.503,True,0,-91.39784,48.51316,-6.0,295,5,3,0.719,True,2018-08-22 19:13,2018-08-26 08:11,25.0,2024.0,2018_FOR24_fbp_fuel_90m.tif,3778.0,0.4296,0.0371,0.2639,0.1265,0.0122,0.1308,0.0,52.5,C-4,21998.0,0.3062,0.3406,0.0957,0.0228,0.0001,0.2346,0.0,63.8,M-1/M-2 (50% conifer),2018_FOR24_mrdem_dtm_90m.tif,1.0,405.1,76.6,4.84,10.4,2.77,-0.04,-0.072,400.2,93.7,4.82,10.45,2.75,-0.036,-0.019
2018_HEA12,fire-spread-v1.0.0,calibration,2018,HEA,2018-07-15,2018-10-04,82,487.0,469.56,"200-1,000 ha",lightning,lightning,MON,-81.9863,50.0503,True,0,-81.96496,50.06186,-5.0,48,5,3,0.749,True,2018-07-15 17:45,2018-07-20 08:04,0.0,2024.0,2018_HEA12_fbp_fuel_90m.tif,571.0,0.4851,0.028,0.3748,0.1103,0.0,0.0018,0.0,50.2,C-2,11091.0,0.8438,0.1114,0.0141,0.0296,0.0,0.0012,0.0,89.1,C-2,2018_HEA12_mrdem_dtm_90m.tif,1.0,170.4,20.0,1.35,2.36,0.77,-0.184,0.171,172.1,61.9,0.98,2.01,0.56,-0.211,0.316
2018_HEA13,fire-spread-v1.0.0,calibration,2018,HEA,2018-07-17,2018-10-04,80,927.0,751.86,"200-1,000 ha",lightning,lightning,MON,-85.1409,50.1004,True,0,-85.10039,50.10776,-5.0,21,3,2,0.337,False,2018-07-18 18:29,2018-07-20 08:04,1.0,2024.0,2018_HEA13_fbp_fuel_90m.tif,927.0,0.2654,0.027,0.6753,0.0194,0.0129,0.0,0.0,28.2,D-1/D-2,14125.0,0.7489,0.1681,0.0607,0.014,0.0002,0.0081,0.0,84.2,C-2,2018_HEA13_mrdem_dtm_90m.tif,1.0,149.2,10.5,0.76,1.54,0.43,0.009,0.101,150.2,24.8,0.84,1.7,0.48,0.097,-0.035
2018_KEN71,fire-spread-v1.0.0,calibration,2018,KEN,2018-07-14,2018-09-27,76,10272.0,10687.51,"10,000 ha or more",lightning,lightning,FUL,-95.079,50.4015,True,0,-94.97804,50.44476,-6.0,916,15,14,0.633,True,2018-07-15 19:26,2018-08-03 19:19,1.0,2024.0,2018_KEN71_fbp_fuel_90m.tif,13054.0,0.2434,0.0316,0.4048,0.2797,0.0015,0.0391,0.0,27.0,D-1/D-2,55056.0,0.149,0.0575,0.595,0.0278,0.0002,0.1704,0.0,21.3,D-1/D-2,2018_KEN71_mrdem_dtm_90m.tif,1.0,364.9,77.2,4.71,9.45,2.69,0.061,-0.07,357.0,81.9,4.47,9.12,2.55,-0.009,-0.024
2018_KEN77,fire-spread-v1.0.0,calibration,2018,KEN,2018-07-14,2018-08-14,32,321.0,323.58,"200-1,000 ha",lightning,lightning,FUL,-94.7292,50.6293,True,0,-94.71397,50.63706,-6.0,49,6,3,1.13,True,2018-07-18 20:10,2018-07-22 09:07,4.0,2024.0,2018_KEN77_fbp_fuel_90m.tif,399.0,0.807,0.0602,0.0526,0.0476,0.005,0.0276,0.0,86.4,C-3,9201.0,0.1851,0.0648,0.5921,0.0296,0.0039,0.1246,0.0,24.8,D-1/D-2,2018_KEN77_mrdem_dtm_90m.tif,1.0,382.4,47.4,5.38,9.67,3.08,-0.195,0.365,385.1,61.5,3.54,7.34,2.03,-0.051,-0.03
2018_NIP10,fire-spread-v1.0.0,calibration,2018,NIP,2018-06-13,2018-06-27,15,71.0,70.78,40-200 ha,lightning,lightning,FUL,-88.5433,51.4477,True,0,-88.5477,51.45066,,0,0,0,,False,,,,,,,,,,,,,,,,,,,,,,,,,,,,,,,,,,,,,,,,,
2018_NIP13,fire-spread-v1.0.0,calibration,2018,NIP,2018-06-19,2018-09-11,85,582.0,584.57,"200-1,000 ha",lightning,lightning,MON,-87.5449,51.9493,True,0,-87.52298,51.96813,-5.0,99,8,6,1.516,True,2018-06-20 17:15,2018-07-14 19:45,1.0,2024.0,2018_NIP13_fbp_fuel_90m.tif,702.0,0.1538,0.0983,0.5299,0.1296,0.0855,0.0028,0.0,20.7,D-1/D-2,17206.0,0.7943,0.113,0.0238,0.0101,0.0037,0.0552,0.0,90.0,C-2,2018_NIP13_mrdem_dtm_90m.tif,1.0,255.0,30.0,1.36,2.5,0.78,-0.208,0.248,254.0,48.6,1.51,2.82,0.87,0.015,0.155
2018_NIP16,fire-spread-v1.0.0,calibration,2018,NIP,2018-06-26,2018-08-11,47,1358.0,1381.14,"1,000-10,000 ha",lightning,lightning,MON,-87.9029,51.8114,True,0,-87.8949,51.81071,-5.0,274,7,6,1.201,True,2018-06-27 07:44,2018-06-30 19:57,1.0,2024.0,2018_NIP16_fbp_fuel_90m.tif,1670.0,0.1473,0.0551,0.6473,0.1054,0.0359,0.009,0.0,17.4,D-1/D-2,13198.0,0.709,0.1118,0.064,0.0158,0.0057,0.0938,0.0,84.9,C-2,2018_NIP16_mrdem_dtm_90m.tif,1.0,314.2,51.4,3.84,7.28,2.2,-0.032,-0.043,301.2,69.7,2.02,4.14,1.15,-0.022,-0.014
2018_NIP20,fire-spread-v1.0.0,calibration,2018,NIP,2018-06-26,2018-08-18,54,8909.0,9357.74,"1,000-10,000 ha",lightning,lightning,MON,-87.6402,52.5153,False,183,-87.61645,52.60865,-5.0,9,5,4,0.012,False,2018-06-27 09:24,2018-07-12 08:03,1.0,2024.0,2018_NIP20_fbp_fuel_90m.tif,11269.0,0.1782,0.3368,0.3125,0.0595,0.0427,0.0704,0.0,31.6,D-1/D-2,55847.0,0.5646,0.1452,0.0338,0.0258,0.0012,0.2293,0.0,82.2,C-2,2018_NIP20_mrdem_dtm_90m.tif,1.0,252.6,46.2,3.12,6.19,1.79,-0.0,-0.01,246.8,73.7,2.41,5.15,1.38,0.017,0.021
2018_NIP24,fire-spread-v1.0.0,calibration,2018,NIP,2018-06-26,2018-07-04,9,54.0,54.43,40-200 ha,lightning,lightning,FUL,-88.5465,52.5555,True,0,-88.54666,52.55577,-5.0,5,2,0,1.033,False,2018-06-28 18:05,2018-06-30 18:16,2.0,2024.0,2018_NIP24_fbp_fuel_90m.tif,62.0,0.3226,0.3548,0.0484,0.0323,0.2419,0.0,0.0,61.2,C-2,6018.0,0.6916,0.2393,0.0271,0.0178,0.0002,0.0241,0.0,80.6,C-2,2018_NIP24_mrdem_dtm_90m.tif,1.0,296.1,9.8,1.37,1.96,0.78,-0.373,-0.243,291.1,32.3,1.58,3.09,0.91,-0.036,0.096
2018_NIP27,fire-spread-v1.0.0,calibration,2018,NIP,2018-06-26,2018-08-12,48,46.0,46.16,40-200 ha,lightning,lightning,MON,-88.9026,51.987,True,0,-88.90443,51.98559,-5.0,4,1,0,0.914,False,2018-06-30 07:38,2018-06-30 08:28,4.0,2024.0,2018_NIP27_fbp_fuel_90m.tif,52.0,0.25,0.25,0.0385,0.0962,0.3462,0.0192,0.0,50.8,M-1/M-2 (25% conifer),6339.0,0.7452,0.1891,0.0096,0.0147,0.0005,0.0409,0.0,88.3,C-2,2018_NIP27_mrdem_dtm_90m.tif,1.0,305.6,10.8,1.3,2.66,0.74,0.03,-0.603,309.1,40.3,1.33,2.45,0.76,0.119,0.001
2018_NIP29,fire-spread-v1.0.0,calibration,2018,NIP,2018-07-01,2018-07-16,16,4554.0,4714.9,"1,000-10,000 ha",lightning,lightning,MOD,-88.3483,52.7287,True,0,-88.30915,52.73637,-5.0,540,13,12,0.683,True,2018-07-08 19:07,2018-07-15 19:26,7.0,2024.0,2018_NIP29_fbp_fuel_90m.tif,5659.0,0.2103,0.3038,0.253,0.1336,0.0641,0.0352,0.0,34.0,M-1/M-2 (25% conifer),28683.0,0.4349,0.1753,0.2013,0.0533,0.015,0.1202,0.0,58.0,C-2,2018_NIP29_mrdem_dtm_90m.tif,1.0,245.7,47.5,2.21,4.2,1.26,0.03,0.101,244.9,68.2,2.35,4.77,1.35,-0.004,0.072
2018_NIP30,fire-spread-v1.0.0,calibration,2018,NIP,2018-07-01,2018-09-11,73,32850.0,31354.83,"10,000 ha or more",lightning,lightning,MON,-88.2566,52.8385,True,0,-88.15338,52.83315,-5.0,4250,23,20,0.746,True,2018-07-08 19:07,2018-07-29 18:24,7.0,2024.0,2018_NIP30_fbp_fuel_90m.tif,37720.0,0.1179,0.2222,0.3688,0.1229,0.0749,0.0932,0.0,22.9,D-1/D-2,108230.0,0.4671,0.1775,0.0774,0.0414,0.0128,0.2238,0.0,71.0,C-2,2018_NIP30_mrdem_dtm_90m.tif,1.0,230.9,60.5,2.79,5.69,1.6,0.01,0.011,236.7,73.2,2.32,5.0,1.33,0.01,0.04
2018_NIP31,fire-spread-v1.0.0,calibration,2018,NIP,2018-07-08,2018-08-11,35,638.0,638.94,"200-1,000 ha",lightning,lightning,MON,-88.4201,51.5554,False,118,-88.43729,51.57972,-5.0,32,2,1,0.55,False,2018-07-11 07:32,2018-07-11 19:51,3.0,2024.0,2018_NIP31_fbp_fuel_90m.tif,782.0,0.1215,0.1176,0.5473,0.1509,0.0524,0.0102,0.0,16.5,D-1/D-2,14212.0,0.8038,0.0675,0.0148,0.0094,0.0008,0.1036,0.0,93.7,C-2,2018_NIP31_mrdem_dtm_90m.tif,1.0,292.8,29.3,1.82,3.4,1.04,0.111,-0.001,293.0,62.8,1.55,3.03,0.89,-0.024,-0.127
2018_NIP32,fire-spread-v1.0.0,calibration,2018,NIP,2018-07-07,2018-08-18,43,2285.0,2359.23,"1,000-10,000 ha",lightning,lightning,MON,-87.7702,53.1853,True,0,-87.77774,53.19321,-5.0,593,17,11,1.264,True,2018-07-09 08:09,2018-07-23 09:36,2.0,2024.0,2018_NIP32_fbp_fuel_90m.tif,2836.0,0.109,0.2839,0.1964,0.1336,0.2429,0.0342,0.0,25.6,M-1/M-2 (25% conifer),20104.0,0.4136,0.2081,0.1204,0.0862,0.0195,0.1522,0.0,58.8,C-2,2018_NIP32_mrdem_dtm_90m.tif,1.0,228.8,38.9,2.7,5.97,1.55,-0.108,0.08,224.2,54.2,2.19,4.82,1.25,0.032,0.044
2018_NIP36,fire-spread-v1.0.0,calibration,2018,NIP,2018-07-14,2018-07-27,14,61.0,61.22,40-200 ha,lightning,lightning,FUL,-86.0168,51.5635,True,0,-86.02731,51.56314,-5.0,14,2,1,1.608,False,2018-07-14 17:14,2018-07-15 07:57,0.0,2024.0,2018_NIP36_fbp_fuel_90m.tif,75.0,0.28,0.0933,0.6267,0.0,0.0,0.0,0.0,32.0,D-1/D-2,6470.0,0.685,0.1119,0.17,0.0331,0.0,0.0,0.0,75.0,C-2,2018_NIP36_mrdem_dtm_90m.tif,1.0,161.1,4.8,0.61,1.13,0.35,0.263,-0.01,160.9,17.3,0.84,1.69,0.48,0.047,0.095
2018_NIP37,fire-spread-v1.0.0,calibration,2018,NIP,2018-07-08,2018-08-12,36,43.0,43.43,40-200 ha,lightning,lightning,MON,-88.8053,52.0789,False,1403,-88.79564,52.06317,-5.0,5,1,0,0.971,False,2018-07-15 18:35,2018-07-15 19:26,7.0,2024.0,2018_NIP37_fbp_fuel_90m.tif,55.0,0.2,0.0364,0.5273,0.0,0.2364,0.0,0.0,28.0,D-1/D-2,6253.0,0.7819,0.1817,0.0237,0.0053,0.0029,0.0046,0.0,88.3,C-2,2018_NIP37_mrdem_dtm_90m.tif,1.0,289.5,7.7,1.53,2.68,0.87,0.122,0.605,288.0,58.4,1.6,3.0,0.92,0.212,0.181
2018_NIP38,fire-spread-v1.0.0,calibration,2018,NIP,2018-07-08,2018-07-28,21,41.0,40.97,40-200 ha,lightning,lightning,MON,-86.1172,51.5903,True,0,-86.11098,51.59203,-5.0,13,1,0,2.403,False,2018-07-14 18:04,2018-07-14 19:45,6.0,2024.0,2018_NIP38_fbp_fuel_90m.tif,47.0,0.1915,0.1064,0.6809,0.0,0.0213,0.0,0.0,25.5,D-1/D-2,6190.0,0.6551,0.1481,0.1582,0.0383,0.0,0.0003,0.0,73.9,C-2,2018_NIP38_mrdem_dtm_90m.tif,1.0,164.9,5.0,0.65,0.9,0.37,0.323,0.329,164.9,21.5,0.88,1.66,0.51,0.191,0.092
2018_NIP40,fire-spread-v1.0.0,calibration,2018,NIP,2018-07-16,2018-08-12,28,144.0,144.5,40-200 ha,lightning,lightning,MON,-88.3874,52.1207,False,2833,-88.33102,52.12175,-5.0,9,2,1,0.487,False,2018-07-14 18:54,2018-07-15 19:26,-2.0,2024.0,2018_NIP40_fbp_fuel_90m.tif,174.0,0.2069,0.0287,0.3736,0.1034,0.2874,0.0,0.0,30.2,D-1/D-2,8168.0,0.856,0.0912,0.0307,0.0053,0.0011,0.0157,0.0,91.8,C-2,2018_NIP40_mrdem_dtm_90m.tif,1.0,292.0,33.2,3.67,6.62,2.1,-0.106,0.163,274.2,59.2,2.73,5.59,1.56,0.014,0.079
2018_NIP45,fire-spread-v1.0.0,calibration,2018,NIP,2018-07-22,2018-08-11,21,315.0,315.58,"200-1,000 ha",lightning,lightning,MON,-87.9688,53.3761,True,0,-87.96752,53.38298,-5.0,1,1,0,0.045,False,2018-07-19 06:41,2018-07-19 06:41,-3.0,2024.0,2018_NIP45_fbp_fuel_90m.tif,375.0,0.3227,0.3253,0.0933,0.1227,0.1307,0.0053,0.0,48.1,M-1/M-2 (25% conifer),10761.0,0.4781,0.2575,0.1324,0.0418,0.0004,0.0898,0.0,62.6,C-2,2018_NIP45_mrdem_dtm_90m.tif,1.0,201.6,29.6,2.78,5.29,1.59,0.051,0.093,199.3,60.6,2.07,4.23,1.18,-0.07,0.08
2018_NIP49,fire-spread-v1.0.0,calibration,2018,NIP,2018-07-27,2018-08-18,23,399.0,398.82,"200-1,000 ha",lightning,lightning,MON,-88.0929,53.2932,True,0,-88.08396,53.28891,-5.0,24,7,5,0.529,True,2018-07-28 08:03,2018-08-04 19:01,1.0,2024.0,2018_NIP49_fbp_fuel_90m.tif,475.0,0.4021,0.3095,0.0295,0.1389,0.12,0.0,0.0,56.8,C-2,8725.0,0.4445,0.3089,0.1242,0.0829,0.0001,0.0394,0.0,58.0,C-2,2018_NIP49_mrdem_dtm_90m.tif,1.0,224.7,19.7,1.44,2.48,0.83,0.167,0.088,222.3,44.5,1.55,3.19,0.88,0.063,0.164
2018_NIP5,fire-spread-v1.0.0,calibration,2018,NIP,2018-05-24,2018-06-03,11,140.0,140.37,40-200 ha,recreation,human,FUL,-87.3259,53.0542,True,0,-87.32251,53.05356,-5.0,16,4,2,1.002,False,2018-05-24 19:01,2018-05-26 07:44,0.0,2024.0,2018_NIP5_fbp_fuel_90m.tif,172.0,0.3605,0.0407,0.1047,0.0523,0.3895,0.0523,0.0,68.0,C-2,7280.0,0.4095,0.0651,0.0409,0.0293,0.0003,0.4549,0.0,80.3,C-2,2018_NIP5_mrdem_dtm_90m.tif,1.0,204.3,16.5,2.57,4.17,1.47,-0.144,-0.007,198.8,24.6,1.16,2.94,0.67,-0.03,-0.006
2018_NIP53,fire-spread-v1.0.0,calibration,2018,NIP,2018-07-21,2018-08-16,27,348.0,347.16,"200-1,000 ha",lightning,lightning,MON,-88.9638,52.1212,True,0,-88.96673,52.11768,-5.0,27,1,0,0.729,False,2018-07-30 07:25,2018-07-30 08:16,9.0,2024.0,2018_NIP53_fbp_fuel_90m.tif,419.0,0.537,0.148,0.0692,0.0764,0.1695,0.0,0.0,73.3,C-2,9238.0,0.7024,0.1735,0.0469,0.0329,0.0251,0.0192,0.0,82.8,C-2,2018_NIP53_mrdem_dtm_90m.tif,1.0,304.0,31.7,1.7,3.51,0.97,0.246,-0.081,301.3,43.3,1.38,2.63,0.79,0.154,0.07
2018_NOR19,fire-spread-v1.0.0,calibration,2018,NOR,2018-06-30,2018-09-05,68,1407.0,1407.26,"1,000-10,000 ha",lightning,lightning,MON,-80.4682,47.2398,True,0,-80.43505,47.25692,-5.0,250,12,8,1.269,True,2018-07-05 07:45,2018-07-21 06:55,5.0,2024.0,2018_NOR19_fbp_fuel_90m.tif,1760.0,0.2659,0.271,0.0852,0.3438,0.0,0.0341,0.0,41.7,O-1a,22528.0,0.4616,0.3287,0.1409,0.0234,0.0,0.0453,0.0,66.1,M-1/M-2 (50% conifer),2018_NOR19_mrdem_dtm_90m.tif,1.0,409.6,233.4,10.19,20.44,5.78,0.146,-0.141,413.2,280.0,10.1,20.34,5.72,0.049,0.004
2018_NOR25,fire-spread-v1.0.0,calibration,2018,NOR,2018-06-30,2018-08-18,50,176.0,192.93,40-200 ha,lightning,lightning,FUL,-80.3868,46.7264,True,0,-80.38189,46.73041,-5.0,38,7,5,1.093,True,2018-07-05 06:55,2018-07-09 07:20,5.0,2024.0,2018_NOR25_fbp_fuel_90m.tif,241.0,0.5311,0.3154,0.083,0.0373,0.0332,0.0,0.0,73.9,C-3,7591.0,0.208,0.4881,0.2204,0.0195,0.0075,0.0565,0.0,48.5,M-1/M-2 (50% conifer),2018_NOR25_mrdem_dtm_90m.tif,1.0,277.3,55.1,7.3,15.56,4.16,0.351,0.098,269.2,101.9,6.51,14.28,3.71,-0.002,-0.049
2018_NOR42,fire-spread-v1.0.0,calibration,2018,NOR,2018-06-30,2018-08-16,48,337.0,328.04,"200-1,000 ha",lightning,lightning,FUL,-80.0006,46.7345,False,114,-79.98139,46.74981,-5.0,75,3,2,1.672,False,2018-07-06 18:02,2018-07-09 08:11,6.0,2024.0,2018_NOR42_fbp_fuel_90m.tif,407.0,0.312,0.3833,0.1548,0.1474,0.0,0.0025,0.0,53.1,M-1/M-2 (50% conifer),10896.0,0.1432,0.4147,0.3223,0.0367,0.0016,0.0815,0.0,37.6,D-1,2018_NOR42_mrdem_dtm_90m.tif,1.0,309.7,56.7,5.7,11.06,3.26,-0.076,-0.108,309.8,87.2,5.8,11.59,3.31,0.035,-0.047
2018_NOR46,fire-spread-v1.0.0,calibration,2018,NOR,2018-07-01,2018-08-23,54,347.0,207.39,"200-1,000 ha",lightning,lightning,MON,-80.3584,47.2536,True,0,-80.35482,47.25473,-5.0,29,3,1,1.221,False,2018-07-08 18:15,2018-07-10 07:01,7.0,2024.0,2018_NOR46_fbp_fuel_90m.tif,258.0,0.5233,0.2907,0.0233,0.155,0.0,0.0078,0.0,68.9,C-3,8205.0,0.4615,0.309,0.1605,0.0241,0.0,0.0449,0.0,65.3,M-1/M-2 (50% conifer),2018_NOR46_mrdem_dtm_90m.tif,1.0,366.5,89.8,6.08,13.09,3.47,0.539,-0.208,365.2,225.7,8.66,17.77,4.92,0.13,0.022
2018_NOR55,fire-spread-v1.0.0,calibration,2018,NOR,2018-07-05,2018-08-15,42,75.0,75.09,40-200 ha,lightning,lightning,MON,-79.7516,46.9768,True,0,-79.74466,46.98625,-5.0,26,2,1,2.809,False,2018-07-08 18:15,2018-07-09 08:10,3.0,2024.0,2018_NOR55_fbp_fuel_90m.tif,95.0,0.4737,0.2211,0.0737,0.2211,0.0105,0.0,0.0,59.6,O-1a,9201.0,0.3746,0.3692,0.1214,0.0442,0.0054,0.0851,0.0,63.3,M-1/M-2 (50% conifer),2018_NOR55_mrdem_dtm_90m.tif,1.0,345.5,61.1,6.73,11.51,3.84,0.107,0.095,337.9,101.2,6.34,12.56,3.62,0.013,-0.001
2018_NOR56,fire-spread-v1.0.0,calibration,2018,NOR,2018-07-05,2018-08-15,42,147.0,146.97,40-200 ha,lightning,lightning,FUL,-79.575,46.9442,True,0,-79.56423,46.95751,-5.0,48,2,1,2.296,False,2018-07-08 17:25,2018-07-09 08:10,3.0,2024.0,2018_NOR56_fbp_fuel_90m.tif,188.0,0.3883,0.2819,0.1011,0.2181,0.0,0.0106,0.0,54.7,O-1a,9247.0,0.307,0.3926,0.1996,0.0391,0.005,0.0567,0.0,54.1,M-1/M-2 (50% conifer),2018_NOR56_mrdem_dtm_90m.tif,1.0,331.2,40.1,5.11,9.52,2.92,-0.156,0.049,325.3,89.9,6.07,11.88,3.46,0.054,0.026
2018_NOR61,fire-spread-v1.0.0,calibration,2018,NOR,2018-06-30,2018-08-23,55,273.0,151.97,"200-1,000 ha",lightning,lightning,MON,-80.4543,47.1749,True,0,-80.45337,47.18334,-5.0,37,7,6,1.943,True,2018-07-07 18:34,2018-07-21 06:55,7.0,2024.0,2018_NOR61_fbp_fuel_90m.tif,190.0,0.4421,0.2421,0.0158,0.2947,0.0,0.0053,0.0,57.8,C-3,7910.0,0.5185,0.3229,0.0841,0.0262,0.0,0.0484,0.0,72.6,M-1/M-2 (50% conifer),2018_NOR61_mrdem_dtm_90m.tif,1.0,375.4,124.9,12.66,25.65,7.16,0.136,0.339,392.5,237.5,9.96,20.0,5.64,0.114,0.008
2018_NOR62,fire-spread-v1.0.0,calibration,2018,NOR,2018-06-30,2018-08-18,50,2500.0,2488.71,"1,000-10,000 ha",lightning,lightning,FUL,-80.1426,46.6969,True,0,-80.10631,46.72371,-5.0,549,6,5,1.237,True,2018-07-07 18:34,2018-07-12 07:14,7.0,2024.0,2018_NOR62_fbp_fuel_90m.tif,3134.0,0.2521,0.2029,0.1222,0.3631,0.0102,0.0495,0.0,38.5,O-1a,20274.0,0.2875,0.3994,0.2281,0.0412,0.004,0.0398,0.0,51.4,M-1/M-2 (50% conifer),2018_NOR62_mrdem_dtm_90m.tif,1.0,310.8,67.2,5.81,11.49,3.32,0.013,-0.055,306.0,117.9,5.58,11.04,3.19,0.001,-0.042
2018_NOR68,fire-spread-v1.0.0,calibration,2018,NOR,2018-07-05,2018-08-15,42,396.0,396.29,"200-1,000 ha",lightning,lightning,FUL,-79.3987,46.8671,True,0,-79.38214,46.88203,-5.0,91,3,2,1.739,False,2018-07-08 06:49,2018-07-09 08:10,3.0,2024.0,2018_NOR68_fbp_fuel_90m.tif,498.0,0.2751,0.2068,0.0562,0.4518,0.0,0.01,0.0,39.6,O-1a,11627.0,0.6528,0.2122,0.0549,0.0489,0.0,0.0313,0.0,80.3,C-3,2018_NOR68_mrdem_dtm_90m.tif,1.0,291.0,80.8,7.36,15.02,4.2,0.409,-0.107,300.3,141.5,5.39,11.1,3.08,0.046,0.028
2018_NOR69,fire-spread-v1.0.0,calibration,2018,NOR,2018-07-05,2018-08-15,42,221.0,220.32,"200-1,000 ha",lightning,lightning,FUL,-79.8479,47.0247,True,0,-79.83541,47.03195,-5.0,30,1,0,1.213,False,2018-07-09 06:30,2018-07-09 08:10,4.0,2024.0,2018_NOR69_fbp_fuel_90m.tif,279.0,0.3441,0.2903,0.0538,0.2688,0.0,0.043,0.0,52.7,O-1a,9591.0,0.2704,0.3346,0.081,0.0664,0.0409,0.2068,0.0,60.2,M-1/M-2 (50% conifer),2018_NOR69_mrdem_dtm_90m.tif,1.0,315.3,52.5,6.85,11.07,3.91,-0.412,0.254,319.3,94.2,4.77,10.46,2.73,-0.082,0.006
2018_NOR72,fire-spread-v1.0.0,calibration,2018,NOR,2018-07-08,2018-10-29,114,27286.0,27317.88,"10,000 ha or more",lightning,lightning,MOD,-80.4615,47.3711,True,0,-80.3172,47.47135,-5.0,3248,23,22,0.802,True,2018-07-09 06:30,2018-07-23 07:57,1.0,2024.0,2018_NOR72_fbp_fuel_90m.tif,34161.0,0.1895,0.3517,0.1053,0.2653,0.0387,0.0496,0.0,40.1,M-1/M-2 (50% conifer),87591.0,0.4216,0.2561,0.1431,0.0202,0.0128,0.1463,0.0,65.4,M-1/M-2 (50% conifer),2018_NOR72_mrdem_dtm_90m.tif,1.0,402.7,325.2,7.96,16.46,4.53,0.005,0.024,378.1,359.9,6.38,13.81,3.63,0.068,0.013
2018_PAR33,fire-spread-v1.0.0,calibration,2018,PAR,2018-07-18,2018-10-31,106,11362.0,11668.86,"10,000 ha or more",industrial other,human,FUL,-80.694,45.8646,True,0,-80.71838,45.93054,-5.0,1845,29,23,0.732,True,2018-07-19 06:43,2018-08-20 07:33,1.0,2024.0,2018_PAR33_fbp_fuel_90m.tif,14819.0,0.0802,0.0605,0.1588,0.6694,0.0049,0.0261,0.0,11.6,O-1a,44617.0,0.2234,0.2107,0.0887,0.1214,0.006,0.3498,0.0,51.7,M-1/M-2 (50% conifer),2018_PAR33_mrdem_dtm_90m.tif,1.0,188.0,29.6,1.32,2.64,0.76,-0.095,-0.099,186.0,45.0,1.66,3.92,0.95,-0.04,-0.052
2018_PEM6,fire-spread-v1.0.0,calibration,2018,PEM,2018-07-18,2018-08-24,38,697.0,696.59,"200-1,000 ha",lightning,lightning,MON,-78.0632,46.1266,True,0,-78.07795,46.1343,-5.0,106,4,3,1.05,True,2018-07-20 16:59,2018-07-22 06:36,2.0,2024.0,2018_PEM6_fbp_fuel_90m.tif,872.0,0.2638,0.1606,0.3991,0.1697,0.0023,0.0046,0.0,35.0,D-1/D-2,10900.0,0.4327,0.3358,0.1324,0.0536,0.0003,0.0453,0.0,65.2,C-2,2018_PEM6_mrdem_dtm_90m.tif,1.0,284.9,85.6,4.27,8.75,2.44,0.145,0.313,290.3,119.8,5.14,10.26,2.94,-0.003,0.079
2018_PEM7,fire-spread-v1.0.0,calibration,2018,PEM,2018-07-18,2018-08-18,32,72.0,72.49,40-200 ha,lightning,lightning,FUL,-77.9859,46.1994,True,0,-77.98515,46.20172,-5.0,8,3,1,0.776,False,2018-07-20 17:50,2018-07-22 07:27,2.0,2024.0,2018_PEM7_fbp_fuel_90m.tif,90.0,0.3222,0.2333,0.3111,0.1333,0.0,0.0,0.0,43.6,D-1/D-2,6630.0,0.3338,0.2949,0.2606,0.0523,0.0087,0.0496,0.0,51.6,D-1,2018_PEM7_mrdem_dtm_90m.tif,1.0,228.0,61.9,9.4,16.87,5.36,-0.024,-0.127,219.3,193.7,6.73,13.46,3.84,0.01,0.274
2018_RED103,fire-spread-v1.0.0,calibration,2018,RED,2018-07-14,2018-09-05,54,504.0,504.48,"200-1,000 ha",lightning,lightning,MON,-94.6751,50.9683,True,0,-94.64582,50.97121,-6.0,52,5,4,0.892,True,2018-07-18 07:51,2018-07-19 19:51,4.0,2024.0,2018_RED103_fbp_fuel_90m.tif,622.0,0.0434,0.0064,0.9051,0.0177,0.0,0.0273,0.0,4.8,D-1/D-2,12131.0,0.1081,0.0214,0.6811,0.0284,0.0007,0.1603,0.0,14.4,D-1/D-2,2018_RED103_mrdem_dtm_90m.tif,1.0,381.8,53.3,3.61,6.56,2.07,-0.227,-0.072,377.2,58.3,3.43,7.19,1.96,-0.049,-0.023
2018_RED108,fire-spread-v1.0.0,calibration,2018,RED,2018-07-14,2018-09-21,70,138.0,138.41,40-200 ha,lightning,lightning,MON,-94.5896,51.1129,True,0,-94.57754,51.12105,-6.0,21,3,2,1.118,False,2018-07-18 18:30,2018-07-19 19:51,4.0,2024.0,2018_RED108_fbp_fuel_90m.tif,172.0,0.0,0.0,0.9942,0.0,0.0058,0.0,0.0,0.0,D-1/D-2,8946.0,0.1332,0.0354,0.7446,0.012,0.0004,0.0743,0.0,16.5,D-1/D-2,2018_RED108_mrdem_dtm_90m.tif,1.0,363.6,36.0,6.35,12.2,3.63,0.32,-0.191,366.2,75.8,4.71,9.26,2.69,-0.002,0.066
2018_RED109,fire-spread-v1.0.0,calibration,2018,RED,2018-06-22,2018-09-21,92,63.0,62.6,40-200 ha,lightning,lightning,MON,-94.9644,51.3139,True,0,-94.96678,51.31155,-6.0,18,5,3,1.348,True,2018-07-17 18:48,2018-07-19 19:01,25.0,2024.0,2018_RED109_fbp_fuel_90m.tif,75.0,0.0667,0.04,0.8933,0.0,0.0,0.0,0.0,8.3,D-1/D-2,5929.0,0.0769,0.0361,0.675,0.0314,0.0005,0.1801,0.0,11.4,D-1/D-2,2018_RED109_mrdem_dtm_90m.tif,1.0,334.1,21.6,5.83,9.72,3.34,0.029,0.09,333.0,43.6,4.44,8.87,2.54,-0.001,-0.002
2018_RED110,fire-spread-v1.0.0,calibration,2018,RED,2018-07-18,2018-08-05,19,110.0,109.73,40-200 ha,industrial forestry,human,FUL,-92.5526,51.1789,True,0,-92.53995,51.18164,-6.0,52,3,1,2.563,False,2018-07-18 17:39,2018-07-19 18:11,0.0,2024.0,2018_RED110_fbp_fuel_90m.tif,136.0,0.3235,0.0662,0.3529,0.0809,0.1765,0.0,0.0,43.1,D-1/D-2,7274.0,0.6219,0.0829,0.0373,0.0279,0.0221,0.2079,0.0,85.9,C-2,2018_RED110_mrdem_dtm_90m.tif,1.0,426.1,29.4,4.1,7.68,2.34,0.267,-0.132,421.3,37.8,2.22,4.95,1.27,-0.064,0.016
2018_RED115,fire-spread-v1.0.0,calibration,2018,RED,2018-07-15,2018-08-17,34,97.0,97.37,40-200 ha,lightning,lightning,FUL,-93.5505,51.4487,True,0,-93.54022,51.45087,-6.0,32,3,2,2.744,False,2018-07-18 20:10,2018-07-19 19:00,3.0,2024.0,2018_RED115_fbp_fuel_90m.tif,118.0,0.5424,0.1186,0.0508,0.2712,0.0169,0.0,0.0,59.5,C-3,7107.0,0.4093,0.0556,0.0948,0.0833,0.0035,0.3535,0.0,67.4,C-3,2018_RED115_mrdem_dtm_90m.tif,1.0,426.8,34.1,4.48,8.04,2.56,-0.488,0.227,401.9,63.1,2.47,6.18,1.41,-0.079,0.061
2018_RED121,fire-spread-v1.0.0,calibration,2018,RED,2018-07-17,2018-08-24,39,85.0,84.82,40-200 ha,lightning,lightning,MON,-93.7281,52.8389,True,0,-93.73633,52.83904,-6.0,22,5,3,1.824,True,2018-07-18 18:30,2018-07-23 18:36,1.0,2024.0,2018_RED121_fbp_fuel_90m.tif,101.0,0.7921,0.0,0.0,0.0,0.2079,0.0,0.0,100.0,C-3,6614.0,0.7543,0.1152,0.042,0.0319,0.0038,0.0528,0.0,86.0,C-3,2018_RED121_mrdem_dtm_90m.tif,1.0,324.2,34.0,5.53,8.2,3.16,0.21,-0.295,312.3,71.4,3.81,7.31,2.18,-0.046,-0.031
2018_RED170,fire-spread-v1.0.0,calibration,2018,RED,2018-08-04,2018-09-13,41,9401.0,9738.18,"1,000-10,000 ha",lightning,lightning,MON,-95.0591,52.0648,True,0,-95.01007,52.0624,-6.0,1374,21,17,0.778,True,2018-08-16 08:47,2018-08-26 18:48,12.0,2024.0,2018_RED170_fbp_fuel_90m.tif,11746.0,0.7615,0.0541,0.0547,0.0799,0.0158,0.034,0.0,83.0,C-3,42823.0,0.3333,0.0334,0.3648,0.0358,0.0022,0.2305,0.0,45.7,D-1/D-2,2018_RED170_mrdem_dtm_90m.tif,1.0,329.2,47.4,4.47,8.49,2.56,0.025,-0.065,326.7,57.3,3.49,7.35,2.0,-0.012,-0.016
2018_RED30,fire-spread-v1.0.0,calibration,2018,RED,2018-05-22,2018-07-17,57,3507.0,3775.68,"1,000-10,000 ha",miscellaneous,human,MON,-95.1095,52.1116,True,0,-95.12697,52.07451,-6.0,390,7,6,0.767,True,2018-05-22 07:19,2018-05-25 08:54,0.0,2024.0,2018_RED30_fbp_fuel_90m.tif,4535.0,0.7431,0.0148,0.1129,0.0467,0.0053,0.0772,0.0,81.8,C-3,20035.0,0.3586,0.018,0.3314,0.0429,0.0037,0.2453,0.0,49.0,D-1/D-2,2018_RED30_mrdem_dtm_90m.tif,1.0,333.5,43.1,3.67,7.08,2.1,-0.038,-0.032,326.8,53.5,3.18,6.91,1.82,-0.029,-0.024
2018_RED38,fire-spread-v1.0.0,calibration,2018,RED,2018-06-16,2018-09-13,90,24857.0,27313.78,"10,000 ha or more",lightning,lightning,MON,-92.8478,52.4198,True,0,-92.6826,52.40482,-6.0,1815,21,20,0.485,True,2018-06-17 08:22,2018-08-23 08:16,1.0,2024.0,2018_RED38_fbp_fuel_90m.tif,32945.0,0.7787,0.0796,0.0219,0.0538,0.0294,0.0367,0.0,87.6,C-3,84655.0,0.6814,0.1114,0.0193,0.0257,0.0035,0.1587,0.0,87.7,C-2,2018_RED38_mrdem_dtm_90m.tif,1.0,359.2,104.7,3.68,7.35,2.11,-0.013,0.043,357.6,120.8,3.19,6.81,1.83,-0.017,0.033
2018_RED52,fire-spread-v1.0.0,calibration,2018,RED,2018-06-16,2018-06-30,15,3475.0,3508.29,"1,000-10,000 ha",lightning,lightning,MON,-92.6106,52.3096,True,0,-92.63239,52.30127,-6.0,251,8,7,0.609,True,2018-06-25 19:51,2018-06-29 07:57,9.0,2024.0,2018_RED52_fbp_fuel_90m.tif,4238.0,0.7704,0.1012,0.034,0.0474,0.0319,0.0151,0.0,85.4,C-3,22912.0,0.5255,0.1095,0.0239,0.0337,0.0058,0.3015,0.0,83.5,C-2,2018_RED52_mrdem_dtm_90m.tif,1.0,380.0,58.5,3.49,7.3,1.99,0.003,-0.076,374.0,62.3,2.4,5.67,1.38,-0.023,-0.025
2018_RED55,fire-spread-v1.0.0,calibration,2018,RED,2018-06-20,2018-09-21,94,9397.0,9771.56,"1,000-10,000 ha",lightning,lightning,MON,-94.8951,52.8741,True,0,-94.82747,52.8674,-6.0,464,8,6,0.443,True,2018-06-27 19:13,2018-07-11 19:01,7.0,2024.0,2018_RED55_fbp_fuel_90m.tif,11749.0,0.833,0.0503,0.0093,0.0439,0.0111,0.0523,0.0,91.6,C-3,29318.0,0.7271,0.0871,0.0162,0.0307,0.01,0.129,0.0,89.4,C-4,2018_RED55_mrdem_dtm_90m.tif,1.0,312.0,41.9,3.76,7.02,2.15,0.018,-0.031,313.3,54.6,3.64,7.12,2.08,0.009,0.012
2018_RED57,fire-spread-v1.0.0,calibration,2018,RED,2018-06-20,2018-09-21,94,590.0,616.63,"200-1,000 ha",lightning,lightning,MON,-94.7258,52.7994,True,0,-94.70932,52.80604,-6.0,44,9,8,0.73,True,2018-06-29 08:47,2018-07-14 08:16,9.0,2024.0,2018_RED57_fbp_fuel_90m.tif,739.0,0.6468,0.0555,0.1204,0.1042,0.0162,0.0568,0.0,72.7,C-3,9841.0,0.6841,0.0643,0.0162,0.0316,0.0601,0.1438,0.0,90.0,C-4,2018_RED57_mrdem_dtm_90m.tif,1.0,324.6,48.4,4.31,8.03,2.47,0.154,-0.195,316.7,54.4,4.01,7.83,2.29,0.014,0.029
2018_RED60,fire-spread-v1.0.0,calibration,2018,RED,2018-06-28,2018-07-07,10,142.0,141.59,40-200 ha,lightning,lightning,FUL,-94.4724,51.7841,True,0,-94.46008,51.78329,,0,0,0,,False,,,,,,,,,,,,,,,,,,,,,,,,,,,,,,,,,,,,,,,,,
2018_RED67,fire-spread-v1.0.0,calibration,2018,RED,2018-07-12,2018-08-24,44,50.0,2729.83,40-200 ha,lightning,lightning,MON,-95.0538,52.9034,True,0,-95.0706,52.92422,-6.0,8,3,2,0.031,False,2018-07-10 19:20,2018-07-11 19:01,-2.0,2024.0,2018_RED67_fbp_fuel_90m.tif,3274.0,0.8806,0.0602,0.0015,0.0266,0.0,0.0312,0.0,94.3,C-3,19126.0,0.7852,0.0793,0.015,0.0259,0.0003,0.0942,0.0,91.0,C-4,2018_RED67_mrdem_dtm_90m.tif,1.0,313.2,30.4,1.86,3.65,1.06,-0.074,0.115,312.2,43.3,2.24,4.5,1.28,-0.024,0.048
2018_RED70,fire-spread-v1.0.0,calibration,2018,RED,2018-07-13,2018-09-13,63,5478.0,5719.79,"1,000-10,000 ha",lightning,lightning,MON,-94.7027,51.593,True,0,-94.66151,51.61114,-6.0,1058,21,14,1.003,True,2018-07-14 07:25,2018-08-25 09:19,1.0,2024.0,2018_RED70_fbp_fuel_90m.tif,6944.0,0.6502,0.0541,0.1315,0.089,0.0079,0.0673,0.0,73.1,C-3,36394.0,0.3837,0.0421,0.2563,0.0314,0.0008,0.2858,0.0,56.6,D-1/D-2,2018_RED70_mrdem_dtm_90m.tif,1.0,361.8,42.4,3.8,7.26,2.18,-0.016,-0.083,360.8,57.1,3.11,6.6,1.78,-0.014,0.005
2018_RED76,fire-spread-v1.0.0,calibration,2018,RED,2018-07-14,2018-09-21,70,8240.0,9341.98,"1,000-10,000 ha",lightning,lightning,MON,-94.9997,51.1542,True,0,-94.90052,51.17217,-6.0,980,20,18,0.819,True,2018-07-17 18:48,2018-08-25 07:38,3.0,2024.0,2018_RED76_fbp_fuel_90m.tif,11368.0,0.7887,0.0471,0.0602,0.0286,0.0018,0.0737,0.0,87.8,C-3,73574.0,0.4433,0.0895,0.2898,0.0341,0.0046,0.1387,0.0,57.2,C-3,2018_RED76_mrdem_dtm_90m.tif,1.0,354.4,51.6,3.65,7.02,2.09,0.018,-0.016,353.0,85.0,4.18,8.32,2.39,-0.008,0.021
2018_RED78,fire-spread-v1.0.0,calibration,2018,RED,2018-06-22,2018-09-21,92,200.0,200.37,"200-1,000 ha",lightning,lightning,MON,-94.9721,51.3043,True,0,-94.96163,51.29952,-6.0,38,6,4,1.123,True,2018-07-16 08:28,2018-07-19 19:01,24.0,2024.0,2018_RED78_fbp_fuel_90m.tif,241.0,0.029,0.0249,0.8921,0.0166,0.0,0.0373,0.0,4.2,D-1/D-2,7487.0,0.1957,0.0538,0.5502,0.0362,0.0007,0.1635,0.0,26.4,D-1/D-2,2018_RED78_mrdem_dtm_90m.tif,1.0,333.2,27.8,4.8,8.52,2.74,-0.002,-0.143,333.5,45.8,4.15,8.39,2.38,0.001,0.025
2018_RED80,fire-spread-v1.0.0,calibration,2018,RED,2018-07-14,2018-09-21,70,320.0,327.34,"200-1,000 ha",lightning,lightning,MON,-94.744,51.1229,True,0,-94.74256,51.12173,-6.0,57,7,3,1.074,True,2018-07-17 18:48,2018-07-19 19:51,3.0,2024.0,2018_RED80_fbp_fuel_90m.tif,400.0,0.7975,0.04,0.02,0.045,0.005,0.0925,0.0,90.4,C-3,8791.0,0.7314,0.044,0.0231,0.0423,0.0046,0.1546,0.0,89.7,C-3,2018_RED80_mrdem_dtm_90m.tif,1.0,370.3,26.4,3.73,7.19,2.14,-0.044,0.037,366.0,59.4,3.81,7.42,2.18,0.006,0.04
2018_RED81,fire-spread-v1.0.0,calibration,2018,RED,2018-07-14,2018-09-21,70,4163.0,4516.74,"1,000-10,000 ha",lightning,lightning,MON,-94.965,51.2584,True,0,-94.93336,51.26987,-6.0,442,32,27,0.735,True,2018-07-16 08:28,2018-08-26 19:39,2.0,2024.0,2018_RED81_fbp_fuel_90m.tif,5490.0,0.3891,0.0696,0.4361,0.0326,0.0016,0.071,0.0,45.4,D-1/D-2,32145.0,0.3652,0.0756,0.335,0.027,0.0005,0.1968,0.0,50.4,D-1/D-2,2018_RED81_mrdem_dtm_90m.tif,1.0,340.7,46.3,4.26,8.29,2.44,-0.012,0.024,339.1,56.0,4.03,8.31,2.31,-0.007,0.022
2018_RED82,fire-spread-v1.0.0,calibration,2018,RED,2018-07-14,2018-09-21,70,1523.0,1513.61,"1,000-10,000 ha",lightning,lightning,MON,-94.9414,51.2692,True,0,-94.9093,51.27574,-6.0,281,11,6,0.976,True,2018-07-16 08:28,2018-08-23 08:16,2.0,2024.0,2018_RED82_fbp_fuel_90m.tif,1837.0,0.8247,0.0942,0.0419,0.0201,0.0022,0.0169,0.0,88.3,C-3,14768.0,0.3384,0.0966,0.3305,0.0335,0.0009,0.2,0.0,48.4,D-1/D-2,2018_RED82_mrdem_dtm_90m.tif,1.0,343.6,41.2,4.54,8.51,2.6,-0.054,-0.004,337.6,49.9,4.25,8.62,2.43,0.002,0.039
2018_RED86,fire-spread-v1.0.0,calibration,2018,RED,2018-07-13,2018-09-21,71,1553.0,1554.82,"1,000-10,000 ha",lightning,lightning,MON,-94.7834,51.2923,True,0,-94.77759,51.30276,-6.0,554,40,29,1.23,True,2018-07-15 19:26,2018-08-26 19:39,2.0,2024.0,2018_RED86_fbp_fuel_90m.tif,1889.0,0.8338,0.1022,0.036,0.0169,0.0,0.0111,0.0,89.1,C-3,16701.0,0.3653,0.1171,0.1678,0.0238,0.0002,0.3258,0.0,63.2,C-4,2018_RED86_mrdem_dtm_90m.tif,1.0,345.4,46.8,5.16,9.84,2.95,-0.02,-0.003,335.8,60.2,3.97,8.78,2.27,0.0,0.014
2018_RED96,fire-spread-v1.0.0,calibration,2018,RED,2018-07-16,2018-09-21,68,2152.0,2543.5,"1,000-10,000 ha",lightning,lightning,MON,-94.8339,51.0119,True,0,-94.79946,51.02052,-6.0,387,32,30,0.901,True,2018-07-17 18:48,2018-08-23 19:45,1.0,2024.0,2018_RED96_fbp_fuel_90m.tif,3104.0,0.8666,0.0358,0.019,0.0332,0.0029,0.0425,0.0,92.8,C-3,70584.0,0.4225,0.0498,0.3252,0.0318,0.0038,0.167,0.0,54.2,D-1/D-2,2018_RED96_mrdem_dtm_90m.tif,1.0,365.6,51.4,4.1,8.0,2.34,-0.071,-0.077,364.3,78.7,3.98,8.05,2.28,-0.023,0.016
2018_RED97,fire-spread-v1.0.0,calibration,2018,RED,2018-07-16,2018-09-21,68,17256.0,19680.48,"10,000 ha or more",lightning,lightning,MON,-94.7553,51.1192,False,377,-94.73998,51.11095,-6.0,3310,54,52,0.854,True,2018-07-17 18:48,2018-08-26 19:39,1.0,2024.0,2018_RED97_fbp_fuel_90m.tif,23927.0,0.7482,0.0533,0.0581,0.0357,0.0071,0.0977,0.0,86.6,C-3,60753.0,0.374,0.0774,0.3164,0.0344,0.0025,0.1953,0.0,51.9,D-1/D-2,2018_RED97_mrdem_dtm_90m.tif,1.0,365.2,67.3,4.3,8.2,2.46,-0.053,0.031,360.2,88.7,4.13,8.41,2.36,-0.014,0.017
2018_SLK113,fire-spread-v1.0.0,calibration,2018,SLK,2018-08-10,2018-09-17,39,181.0,181.15,40-200 ha,lightning,lightning,MON,-93.0063,50.5505,True,0,-93.00803,50.54839,-6.0,61,14,7,1.553,True,2018-08-11 19:20,2018-08-23 08:16,1.0,2024.0,2018_SLK113_fbp_fuel_90m.tif,221.0,0.7104,0.0543,0.0452,0.1041,0.009,0.0769,0.0,81.2,C-3,7344.0,0.143,0.1605,0.0384,0.0148,0.0003,0.643,0.0,68.8,M-1/M-2 (75% conifer),2018_SLK113_mrdem_dtm_90m.tif,1.0,370.9,42.9,5.94,9.6,3.4,0.06,0.001,363.0,64.4,1.98,5.92,1.13,0.061,0.164
2018_SLK117,fire-spread-v1.0.0,calibration,2018,SLK,2018-07-12,2018-09-17,68,521.0,521.36,"200-1,000 ha",lightning,lightning,FUL,-90.2058,50.8327,True,0,-90.1848,50.85215,-6.0,14,3,2,0.189,False,2018-08-13 18:42,2018-08-16 08:47,32.0,2024.0,2018_SLK117_fbp_fuel_90m.tif,638.0,0.3292,0.127,0.4906,0.0313,0.0188,0.0031,0.0,37.1,D-1/D-2,12793.0,0.736,0.0401,0.0409,0.0168,0.0007,0.1655,0.0,90.5,C-2,2018_SLK117_mrdem_dtm_90m.tif,1.0,386.7,21.3,2.14,3.85,1.23,-0.025,0.057,390.2,52.7,2.48,5.16,1.42,-0.006,0.042
2018_SLK162,fire-spread-v1.0.0,calibration,2018,SLK,2018-09-06,2018-09-24,19,154.0,153.9,40-200 ha,lightning,lightning,MON,-91.0379,50.7022,False,13,-91.0481,50.69942,-6.0,48,6,4,1.462,True,2018-09-06 17:52,2018-09-08 18:55,0.0,2024.0,2018_SLK162_fbp_fuel_90m.tif,191.0,0.4031,0.0209,0.4084,0.1257,0.0419,0.0,0.0,42.6,D-1/D-2,7726.0,0.8205,0.0585,0.0153,0.0124,0.0003,0.0931,0.0,93.7,C-2,2018_SLK162_mrdem_dtm_90m.tif,1.0,408.6,34.0,3.45,4.96,1.98,0.067,-0.529,403.8,69.9,3.13,6.31,1.79,-0.08,-0.093
2018_SLK18,fire-spread-v1.0.0,calibration,2018,SLK,2018-06-16,2018-07-30,45,1494.0,1494.85,"1,000-10,000 ha",lightning,lightning,MON,-91.2892,53.9934,True,0,-91.31526,53.99106,-6.0,302,17,15,1.063,True,2018-06-17 19:01,2018-06-29 19:27,1.0,2024.0,2018_SLK18_fbp_fuel_90m.tif,1787.0,0.1931,0.1024,0.1433,0.0257,0.4477,0.0879,0.0,50.5,C-2,15061.0,0.437,0.0924,0.1459,0.0224,0.0079,0.2945,0.0,68.7,C-2,2018_SLK18_mrdem_dtm_90m.tif,1.0,247.0,29.7,3.03,6.3,1.74,-0.013,-0.014,244.9,34.2,1.93,4.37,1.1,0.005,0.033
2018_SLK19,fire-spread-v1.0.0,calibration,2018,SLK,2018-06-16,2018-07-14,29,1195.0,1196.1,"1,000-10,000 ha",lightning,lightning,MON,-92.2465,53.6609,True,0,-92.23188,53.6464,-6.0,129,5,4,0.894,True,2018-06-17 18:11,2018-06-20 18:55,1.0,2024.0,2018_SLK19_fbp_fuel_90m.tif,1426.0,0.425,0.1339,0.0694,0.1676,0.1865,0.0175,0.0,59.8,C-2,16340.0,0.7837,0.1533,0.0327,0.0209,0.001,0.0084,0.0,87.0,C-2,2018_SLK19_mrdem_dtm_90m.tif,1.0,269.7,20.2,1.67,3.39,0.96,-0.053,0.069,267.5,54.4,1.58,3.24,0.91,-0.035,0.079
2018_SLK22,fire-spread-v1.0.0,calibration,2018,SLK,2018-06-19,2018-07-14,26,76.0,75.82,40-200 ha,lightning,lightning,MON,-91.6756,52.6714,True,0,-91.67738,52.67011,-6.0,19,2,1,2.411,False,2018-06-20 08:15,2018-06-20 19:45,1.0,2024.0,2018_SLK22_fbp_fuel_90m.tif,93.0,0.6667,0.0,0.0,0.043,0.2903,0.0,0.0,93.9,C-3,6615.0,0.8316,0.12,0.0174,0.0065,0.0026,0.0219,0.0,90.9,C-2,2018_SLK22_mrdem_dtm_90m.tif,1.0,340.4,27.9,4.12,7.74,2.36,0.266,0.254,334.5,35.1,1.68,3.39,0.96,-0.01,0.086
2018_SLK23,fire-spread-v1.0.0,calibration,2018,SLK,2018-06-18,2018-07-14,27,125.0,125.47,40-200 ha,lightning,lightning,MON,-91.6629,52.8143,True,0,-91.66071,52.81722,-6.0,9,3,2,0.897,False,2018-06-20 08:15,2018-06-21 20:17,2.0,2024.0,2018_SLK23_fbp_fuel_90m.tif,150.0,0.7867,0.0267,0.0,0.0067,0.18,0.0,0.0,96.7,C-3,7578.0,0.7024,0.2173,0.0591,0.0129,0.0007,0.0075,0.0,80.1,C-2,2018_SLK23_mrdem_dtm_90m.tif,1.0,307.3,20.0,3.01,6.41,1.72,0.249,-0.045,300.5,31.6,1.4,2.64,0.8,-0.026,0.124
2018_SLK26,fire-spread-v1.0.0,calibration,2018,SLK,2018-06-15,2018-07-18,34,4806.0,5001.31,"1,000-10,000 ha",lightning,lightning,MON,-91.2188,54.4275,True,0,-91.14954,54.45471,-6.0,605,9,7,0.866,True,2018-06-22 06:47,2018-06-27 18:24,7.0,2024.0,2018_SLK26_fbp_fuel_90m.tif,5975.0,0.1895,0.3205,0.1331,0.0544,0.2582,0.0444,0.0,44.5,M-1/M-2 (25% conifer),54041.0,0.6016,0.195,0.0761,0.035,0.0016,0.0908,0.0,75.7,C-2,2018_SLK26_mrdem_dtm_90m.tif,1.0,204.4,48.1,2.1,4.33,1.2,0.0,0.078,201.6,57.0,1.71,3.51,0.98,0.02,0.077
2018_SLK27,fire-spread-v1.0.0,calibration,2018,SLK,2018-06-21,2018-09-03,75,4528.0,4656.42,"1,000-10,000 ha",lightning,lightning,MON,-89.5542,52.6072,True,0,-89.49189,52.65458,-5.0,258,13,11,0.51,True,2018-06-25 07:32,2018-07-16 08:28,4.0,2024.0,2018_SLK27_fbp_fuel_90m.tif,5598.0,0.2399,0.1077,0.0143,0.0466,0.5616,0.0298,0.0,69.6,C-2,38079.0,0.6745,0.2075,0.0293,0.0247,0.0159,0.0482,0.0,81.5,C-2,2018_SLK27_mrdem_dtm_90m.tif,1.0,298.4,40.5,2.33,4.61,1.34,0.08,-0.039,296.3,71.4,1.87,3.72,1.07,0.003,0.103
2018_SLK37,fire-spread-v1.0.0,calibration,2018,SLK,2018-06-27,2018-07-19,23,178.0,178.32,40-200 ha,lightning,lightning,MON,-92.3015,53.8454,True,0,-92.29895,53.84694,-6.0,45,5,4,1.419,True,2018-06-28 07:25,2018-07-01 08:09,1.0,2024.0,2018_SLK37_fbp_fuel_90m.tif,214.0,0.5561,0.0514,0.0234,0.0561,0.2991,0.014,0.0,83.7,C-4,7976.0,0.6582,0.0712,0.0174,0.0137,0.0021,0.2373,0.0,91.0,C-2,2018_SLK37_mrdem_dtm_90m.tif,1.0,252.9,21.4,3.17,5.98,1.81,0.187,-0.075,253.1,58.0,1.75,3.91,1.0,0.128,0.01
2018_SLK44,fire-spread-v1.0.0,calibration,2018,SLK,2018-06-26,2018-09-17,84,3684.0,4016.16,"1,000-10,000 ha",lightning,lightning,MON,-89.0173,52.0448,True,0,-88.97037,52.06261,-5.0,235,20,15,0.455,True,2018-06-28 18:04,2018-07-30 08:16,2.0,2024.0,2018_SLK44_fbp_fuel_90m.tif,4849.0,0.3298,0.1237,0.1353,0.1099,0.2231,0.0782,0.0,54.1,C-2,30235.0,0.6878,0.2003,0.0213,0.0254,0.0112,0.054,0.0,84.6,C-2,2018_SLK44_mrdem_dtm_90m.tif,1.0,308.2,39.0,2.16,4.47,1.23,0.015,0.089,306.0,61.1,1.52,2.94,0.87,0.068,0.043
2018_SLK48,fire-spread-v1.0.0,calibration,2018,SLK,2018-07-06,2018-09-17,74,4576.0,4650.7,"1,000-10,000 ha",lightning,lightning,MON,-90.327,52.3492,True,0,-90.29131,52.38066,-6.0,516,16,13,0.786,True,2018-07-09 08:10,2018-07-23 07:57,3.0,2024.0,2018_SLK48_fbp_fuel_90m.tif,5607.0,0.3685,0.484,0.0232,0.0289,0.0715,0.0239,0.0,58.8,M-1/M-2 (25% conifer),19651.0,0.5568,0.3099,0.018,0.0152,0.0081,0.092,0.0,81.3,C-2,2018_SLK48_mrdem_dtm_90m.tif,1.0,326.9,66.0,3.35,6.74,1.92,-0.04,0.015,329.5,74.2,2.54,5.39,1.45,0.017,-0.002
2018_SLK49,fire-spread-v1.0.0,calibration,2018,SLK,2018-07-07,2018-07-18,12,94.0,93.25,40-200 ha,lightning,lightning,FUL,-90.9086,52.3484,True,0,-90.8989,52.34818,-6.0,12,2,1,1.357,False,2018-07-08 19:07,2018-07-09 08:59,1.0,2024.0,2018_SLK49_fbp_fuel_90m.tif,116.0,0.5517,0.0517,0.0086,0.0259,0.3621,0.0,0.0,89.5,C-3,7138.0,0.7288,0.1687,0.0157,0.0276,0.0069,0.0524,0.0,84.7,C-2,2018_SLK49_mrdem_dtm_90m.tif,1.0,387.8,11.7,1.88,3.26,1.08,0.137,0.012,381.5,37.8,2.04,4.04,1.17,-0.007,0.084
2018_SLK51,fire-spread-v1.0.0,calibration,2018,SLK,2018-07-07,2018-08-13,38,282.0,281.43,"200-1,000 ha",lightning,lightning,MON,-91.256,52.3612,True,0,-91.25294,52.35933,-6.0,7,1,0,0.25,False,2018-07-08 18:17,2018-07-08 19:58,1.0,2024.0,2018_SLK51_fbp_fuel_90m.tif,342.0,0.7456,0.0702,0.0234,0.0175,0.1433,0.0,0.0,90.4,C-2,8682.0,0.8296,0.0705,0.0389,0.0146,0.0023,0.044,0.0,90.5,C-2,2018_SLK51_mrdem_dtm_90m.tif,1.0,390.2,23.7,2.36,5.0,1.35,0.094,-0.048,391.2,51.1,1.94,3.92,1.11,0.025,0.044
2018_SLK53,fire-spread-v1.0.0,calibration,2018,SLK,2018-07-07,2018-09-03,59,411.0,411.48,"200-1,000 ha",lightning,lightning,MON,-89.0437,52.8725,True,0,-89.04274,52.88381,-5.0,43,6,4,0.752,True,2018-07-08 18:17,2018-07-11 19:01,1.0,2024.0,2018_SLK53_fbp_fuel_90m.tif,496.0,0.129,0.1452,0.0101,0.0685,0.5907,0.0565,0.0,50.0,M-1/M-2 (25% conifer),9808.0,0.4374,0.0582,0.0174,0.0093,0.0049,0.4728,0.0,88.4,C-2,2018_SLK53_mrdem_dtm_90m.tif,1.0,245.0,19.4,1.81,4.07,1.03,0.01,-0.084,244.4,36.2,1.28,3.41,0.73,-0.002,0.074
2018_SLK55,fire-spread-v1.0.0,calibration,2018,SLK,2018-07-07,2018-08-13,38,287.0,288.45,"200-1,000 ha",lightning,lightning,MON,-91.5367,52.357,True,0,-91.51802,52.3577,-6.0,12,5,4,0.439,True,2018-07-08 19:07,2018-07-14 18:54,1.0,2024.0,2018_SLK55_fbp_fuel_90m.tif,349.0,0.6905,0.0544,0.0372,0.0487,0.1691,0.0,0.0,86.4,C-2,8786.0,0.845,0.0631,0.0438,0.0089,0.002,0.0372,0.0,91.2,C-2,2018_SLK55_mrdem_dtm_90m.tif,1.0,405.4,41.0,3.99,6.69,2.28,0.128,0.016,387.8,66.3,2.83,5.74,1.62,0.053,0.088
2018_SLK56,fire-spread-v1.0.0,calibration,2018,SLK,2018-07-08,2018-08-13,37,291.0,296.29,"200-1,000 ha",lightning,lightning,MON,-91.7261,52.3592,True,0,-91.72785,52.36428,-6.0,23,5,2,0.427,False,2018-07-08 19:07,2018-07-11 09:12,0.0,2024.0,2018_SLK56_fbp_fuel_90m.tif,356.0,0.3455,0.0112,0.6433,0.0,0.0,0.0,0.0,34.9,D-1/D-2,8257.0,0.7715,0.0733,0.0637,0.0191,0.0096,0.0629,0.0,86.6,C-2,2018_SLK56_mrdem_dtm_90m.tif,1.0,392.5,26.0,2.31,4.29,1.33,-0.136,-0.133,392.1,89.5,3.11,6.66,1.78,-0.045,0.102
2018_SLK57,fire-spread-v1.0.0,calibration,2018,SLK,2018-07-07,2018-09-03,59,9689.0,10021.32,"1,000-10,000 ha",lightning,lightning,MON,-89.0235,52.7569,True,0,-88.95421,52.78318,-5.0,404,26,24,0.338,True,2018-07-08 18:17,2018-07-30 07:25,1.0,2024.0,2018_SLK57_fbp_fuel_90m.tif,12052.0,0.3608,0.18,0.0269,0.115,0.2802,0.0372,0.0,62.1,C-2,45732.0,0.6513,0.1873,0.0363,0.026,0.007,0.0921,0.0,80.8,C-2,2018_SLK57_mrdem_dtm_90m.tif,1.0,245.7,55.2,2.21,4.3,1.26,0.064,-0.012,248.6,63.1,1.98,3.91,1.14,0.048,0.077
2018_SLK67,fire-spread-v1.0.0,calibration,2018,SLK,2018-07-13,2018-09-03,53,766.0,765.82,"200-1,000 ha",lightning,lightning,MON,-89.7732,52.06,True,0,-89.73943,52.06322,-5.0,81,4,3,0.845,True,2018-07-14 18:04,2018-07-16 09:18,1.0,2024.0,2018_SLK67_fbp_fuel_90m.tif,926.0,0.3143,0.1123,0.1685,0.0842,0.3207,0.0,0.0,51.3,D-1/D-2,12340.0,0.8133,0.1312,0.0177,0.0082,0.0247,0.0049,0.0,89.6,C-2,2018_SLK67_mrdem_dtm_90m.tif,1.0,325.5,47.2,2.75,5.01,1.58,-0.016,0.167,324.0,67.3,2.23,4.57,1.28,-0.003,0.036
2018_SLK68,fire-spread-v1.0.0,calibration,2018,SLK,2018-07-14,2018-09-03,52,468.0,478.84,"200-1,000 ha",lightning,lightning,MON,-89.6552,52.0376,True,0,-89.63759,52.03983,-5.0,45,4,3,0.822,True,2018-07-14 18:04,2018-07-16 08:28,0.0,2024.0,2018_SLK68_fbp_fuel_90m.tif,580.0,0.3931,0.0345,0.0862,0.0431,0.4241,0.019,0.0,72.5,C-3,8820.0,0.8626,0.1061,0.0224,0.0057,0.0005,0.0027,0.0,91.0,C-2,2018_SLK68_mrdem_dtm_90m.tif,1.0,334.6,35.2,3.42,7.29,1.95,0.073,-0.063,330.0,52.4,2.0,3.94,1.14,0.002,0.08
2018_SLK78,fire-spread-v1.0.0,calibration,2018,SLK,2018-07-16,2018-08-28,44,46.0,46.55,40-200 ha,lightning,lightning,MON,-92.9007,50.4255,True,0,-92.89942,50.42238,-6.0,2,1,0,0.604,False,2018-07-19 08:23,2018-07-19 08:23,3.0,2024.0,2018_SLK78_fbp_fuel_90m.tif,56.0,0.2679,0.1607,0.0,0.3571,0.0893,0.125,0.0,45.5,O-1a,6335.0,0.1427,0.0947,0.0229,0.023,0.0008,0.7159,0.0,70.5,C-4,2018_SLK78_mrdem_dtm_90m.tif,1.0,357.1,3.5,0.94,1.53,0.54,-0.004,-0.088,358.1,37.4,0.85,2.79,0.49,0.003,0.132
2018_SUD83,fire-spread-v1.0.0,calibration,2018,SUD,2018-06-30,2018-08-05,37,53.0,50.35,40-200 ha,lightning,lightning,FUL,-81.3146,46.7287,True,0,-81.31417,46.73277,-5.0,11,3,1,1.676,False,2018-07-06 06:36,2018-07-20 18:40,6.0,2024.0,2018_SUD83_fbp_fuel_90m.tif,62.0,0.2419,0.1613,0.2903,0.3065,0.0,0.0,0.0,33.9,O-1a,6018.0,0.3169,0.2507,0.3038,0.1063,0.0002,0.0221,0.0,44.3,D-1,2018_SUD83_mrdem_dtm_90m.tif,1.0,420.7,33.9,5.47,11.28,3.13,-0.004,-0.491,409.9,100.3,6.97,13.43,3.97,0.055,-0.02
2018_THU36,fire-spread-v1.0.0,calibration,2018,THU,2018-07-28,2018-09-25,60,139.0,136.61,40-200 ha,lightning,lightning,MON,-89.885,50.3015,True,0,-89.88312,50.29726,-5.0,20,5,3,0.926,True,2018-07-30 19:45,2018-08-26 18:48,2.0,2024.0,2018_THU36_fbp_fuel_90m.tif,166.0,0.2711,0.1205,0.4699,0.0422,0.0904,0.006,0.0,33.8,D-1/D-2,7488.0,0.7384,0.1147,0.0357,0.0155,0.0069,0.0888,0.0,87.1,C-2,2018_THU36_mrdem_dtm_90m.tif,1.0,411.9,8.1,0.92,1.7,0.53,0.238,0.165,412.5,56.1,1.67,3.61,0.96,0.007,-0.007
2018_THU52,fire-spread-v1.0.0,calibration,2018,THU,2018-08-06,2018-09-27,53,8307.0,8800.42,"1,000-10,000 ha",lightning,lightning,MON,-89.7669,50.6996,True,0,-89.72046,50.71015,-5.0,1859,29,26,0.916,True,2018-08-12 08:22,2018-09-11 08:11,6.0,2024.0,2018_THU52_fbp_fuel_90m.tif,10723.0,0.2916,0.1338,0.2712,0.0863,0.1668,0.0503,0.0,42.2,D-1/D-2,32957.0,0.4498,0.0578,0.0272,0.0136,0.2218,0.2298,0.0,86.6,C-2,2018_THU52_mrdem_dtm_90m.tif,1.0,368.7,66.4,2.63,5.27,1.51,0.074,0.007,368.0,88.8,2.62,5.93,1.5,0.035,-0.037
2018_TIM12,fire-spread-v1.0.0,calibration,2018,TIM,2018-07-12,2018-08-09,29,114.0,115.01,40-200 ha,industrial forestry,human,FUL,-80.641,48.4389,True,0,-80.63596,48.44254,-5.0,11,2,1,0.978,False,2018-07-14 17:13,2018-07-15 19:25,2.0,2024.0,2018_TIM12_fbp_fuel_90m.tif,141.0,0.3688,0.0567,0.3759,0.1986,0.0,0.0,0.0,39.7,D-1/D-2,7080.0,0.3264,0.2006,0.4458,0.0219,0.0011,0.0042,0.0,41.7,D-1,2018_TIM12_mrdem_dtm_90m.tif,1.0,310.9,76.5,9.08,15.5,5.18,-0.229,0.352,286.2,99.1,2.95,6.33,1.69,-0.091,0.072
2018_TIM6,fire-spread-v1.0.0,calibration,2018,TIM,2018-06-27,2018-07-23,27,62.0,57.1,40-200 ha,industrial forestry,human,FUL,-81.7528,48.652,True,0,-81.75088,48.65301,-5.0,2,1,0,0.493,False,2018-06-27 19:12,2018-06-27 19:12,0.0,2024.0,2018_TIM6_fbp_fuel_90m.tif,69.0,0.2754,0.0145,0.4638,0.0725,0.1739,0.0,0.0,34.6,D-1/D-2,5935.0,0.6157,0.1077,0.2231,0.0324,0.0061,0.0152,0.0,68.3,C-2,2018_TIM6_mrdem_dtm_90m.tif,1.0,321.6,50.2,7.79,12.04,4.45,-0.121,0.84,303.4,85.3,2.31,5.61,1.32,0.016,0.05
2019_COC10,fire-spread-v1.0.0,calibration,2019,COC,2019-07-03,2019-08-21,50,317.0,316.85,"200-1,000 ha",lightning,lightning,MON,-79.8697,50.4598,True,0,-79.86622,50.45735,-5.0,5,1,0,0.222,False,2019-07-04 17:08,2019-07-04 18:48,1.0,2024.0,2019_COC10_fbp_fuel_90m.tif,386.0,0.2513,0.1062,0.5311,0.1114,0.0,0.0,0.0,30.6,D-1/D-2,11114.0,0.4721,0.1066,0.1611,0.2384,0.0,0.0217,0.0,55.9,C-2,2019_COC10_mrdem_dtm_90m.tif,1.0,257.0,24.4,1.11,2.15,0.64,0.651,-0.012,250.7,39.4,1.04,2.18,0.6,0.087,0.187
2019_FOR2,fire-spread-v1.0.0,calibration,2019,FOR,2019-05-11,2019-05-19,9,46.0,46.37,40-200 ha,recreation,human,FUL,-93.8536,48.9886,True,0,-93.85208,48.99122,-6.0,1,1,0,0.303,False,2019-05-12 08:55,2019-05-12 08:55,1.0,2024.0,2019_FOR2_fbp_fuel_90m.tif,58.0,0.3276,0.1552,0.2931,0.1379,0.0862,0.0,0.0,42.9,D-1,6487.0,0.2465,0.4235,0.1992,0.0427,0.0031,0.0851,0.0,49.8,M-1/M-2 (50% conifer),2019_FOR2_mrdem_dtm_90m.tif,1.0,400.1,16.0,2.29,4.6,1.31,0.111,-0.193,374.2,86.4,5.59,11.63,3.19,-0.062,0.087
2019_NIP11,fire-spread-v1.0.0,calibration,2019,NIP,2019-07-18,2019-09-19,64,95.0,95.08,40-200 ha,lightning,lightning,MON,-88.0832,48.6737,False,22,-88.07656,48.67748,-5.0,16,5,2,1.331,False,2019-08-10 08:16,2019-08-12 19:06,23.0,2024.0,2019_NIP11_fbp_fuel_90m.tif,120.0,0.45,0.35,0.1667,0.0167,0.0083,0.0083,0.0,64.0,C-2,6769.0,0.2328,0.1247,0.1098,0.0254,0.0027,0.5047,0.0,59.5,C-2,2019_NIP11_mrdem_dtm_90m.tif,1.0,215.9,69.2,9.2,19.42,5.22,0.123,-0.106,202.9,201.9,6.05,17.33,3.42,0.064,-0.1
2019_RED14,fire-spread-v1.0.0,calibration,2019,RED,2019-05-29,2019-08-27,91,3835.0,3877.64,"1,000-10,000 ha",resident,human,FUL,-93.9338,51.8291,True,0,-93.89585,51.79058,-6.0,204,8,7,0.439,True,2019-05-29 18:24,2019-06-02 08:10,0.0,2024.0,2019_RED14_fbp_fuel_90m.tif,4696.0,0.7709,0.1256,0.0305,0.0332,0.0204,0.0194,0.0,86.5,C-3,21654.0,0.6202,0.1563,0.0562,0.025,0.0075,0.1349,0.0,81.0,C-3,2019_RED14_mrdem_dtm_90m.tif,1.0,341.8,49.5,3.89,7.15,2.22,-0.07,-0.076,343.1,66.1,3.35,6.51,1.92,-0.025,0.009
2019_RED17,fire-spread-v1.0.0,calibration,2019,RED,2019-06-06,2019-07-28,53,6508.0,6870.73,"1,000-10,000 ha",industrial forestry,human,FUL,-93.0744,51.4092,True,0,-93.12072,51.42143,-6.0,57,2,1,0.096,False,2019-06-06 18:24,2019-06-07 09:07,0.0,2024.0,2019_RED17_fbp_fuel_90m.tif,8333.0,0.6261,0.0611,0.056,0.1135,0.0932,0.05,0.0,76.2,C-3,36555.0,0.7612,0.0905,0.0089,0.0265,0.0021,0.1109,0.0,90.9,C-2,2019_RED17_mrdem_dtm_90m.tif,1.0,435.7,44.8,3.07,6.11,1.76,-0.009,-0.034,429.4,66.1,2.62,5.32,1.5,-0.016,-0.001
2019_RED23,fire-spread-v1.0.0,calibration,2019,RED,2019-06-15,2019-09-25,103,96536.0,97956.8,"10,000 ha or more",lightning,lightning,MON,-93.2155,52.7452,True,0,-92.89688,52.79608,-6.0,12874,38,34,0.744,True,2019-06-15 18:05,2019-07-14 19:02,0.0,2024.0,2019_RED23_fbp_fuel_90m.tif,117785.0,0.6429,0.0601,0.0143,0.085,0.1828,0.0148,0.0,83.8,C-3,188965.0,0.7781,0.1197,0.0196,0.0171,0.0029,0.0626,0.0,89.4,C-2,2019_RED23_mrdem_dtm_90m.tif,1.0,310.0,87.9,3.37,6.59,1.93,0.004,0.028,307.6,92.2,3.02,6.14,1.73,-0.009,0.036
2019_RED24,fire-spread-v1.0.0,calibration,2019,RED,2019-06-13,2019-09-05,85,17615.0,19377.93,"10,000 ha or more",lightning,lightning,MON,-94.3683,52.5163,True,0,-94.38783,52.50426,-6.0,2281,35,32,0.688,True,2019-06-15 18:55,2019-07-14 19:02,2.0,2024.0,2019_RED24_fbp_fuel_90m.tif,23349.0,0.5526,0.0471,0.015,0.1197,0.1836,0.082,0.0,77.8,C-3,54007.0,0.5582,0.1139,0.1167,0.0382,0.0065,0.1665,0.0,73.1,C-4,2019_RED24_mrdem_dtm_90m.tif,1.0,349.5,63.5,3.72,7.34,2.13,0.02,-0.015,348.1,75.8,3.8,7.66,2.17,0.001,0.031
2019_RED25,fire-spread-v1.0.0,calibration,2019,RED,2019-06-15,2019-09-25,103,9593.0,9747.09,"1,000-10,000 ha",lightning,lightning,MON,-94.5989,52.8826,False,222,-94.49497,52.89204,-6.0,1002,26,23,0.672,True,2019-06-18 17:59,2019-07-15 08:54,3.0,2024.0,2019_RED25_fbp_fuel_90m.tif,11713.0,0.5502,0.0762,0.0536,0.1485,0.1509,0.0206,0.0,70.8,C-3,36720.0,0.6673,0.135,0.042,0.0331,0.0102,0.1125,0.0,83.8,C-4,2019_RED25_mrdem_dtm_90m.tif,1.0,320.4,62.4,4.62,8.57,2.65,-0.043,-0.055,319.7,70.0,4.17,8.18,2.38,-0.016,-0.011
2019_RED30,fire-spread-v1.0.0,calibration,2019,RED,2019-06-20,2019-07-04,15,72.0,71.82,40-200 ha,recreation,human,FUL,-93.5024,53.0785,True,0,-93.51043,53.08239,,0,0,0,,False,,,,,,,,,,,,,,,,,,,,,,,,,,,,,,,,,,,,,,,,,
2019_RED37,fire-spread-v1.0.0,calibration,2019,RED,2019-06-30,2019-07-10,11,40.0,39.21,40-200 ha,lightning,lightning,FUL,-94.0359,51.3716,True,0,-94.02579,51.37375,-6.0,9,3,2,2.511,False,2019-06-30 20:04,2019-07-01 18:05,0.0,2024.0,2019_RED37_fbp_fuel_90m.tif,47.0,0.7872,0.0,0.0,0.1915,0.0,0.0213,0.0,80.4,C-3,6628.0,0.5786,0.11,0.0395,0.0475,0.0169,0.2075,0.0,81.8,C-2,2019_RED37_mrdem_dtm_90m.tif,1.0,402.3,25.2,6.01,9.74,3.43,0.304,-0.236,404.8,47.7,3.18,6.5,1.82,-0.051,-0.012
2019_RED38,fire-spread-v1.0.0,calibration,2019,RED,2019-06-30,2019-09-05,68,1234.0,1237.02,"1,000-10,000 ha",lightning,lightning,FUL,-94.1467,51.7544,True,0,-94.12005,51.7571,-6.0,215,11,5,1.023,True,2019-07-01 07:26,2019-07-05 19:20,1.0,2024.0,2019_RED38_fbp_fuel_90m.tif,1501.0,0.9241,0.0306,0.0153,0.0127,0.0007,0.0167,0.0,95.5,C-3,13485.0,0.7112,0.079,0.0294,0.0302,0.0008,0.1494,0.0,87.9,C-3,2019_RED38_mrdem_dtm_90m.tif,1.0,356.4,65.9,5.67,10.79,3.24,0.144,-0.067,357.0,74.8,4.57,8.89,2.62,0.054,0.012
2019_RED39,fire-spread-v1.0.0,calibration,2019,RED,2019-06-30,2019-09-05,68,43308.0,47242.25,"10,000 ha or more",lightning,lightning,FUL,-94.3116,51.6457,True,0,-94.19307,51.63918,-6.0,8288,15,14,0.938,True,2019-07-01 07:26,2019-07-08 09:26,1.0,2024.0,2019_RED39_fbp_fuel_90m.tif,57222.0,0.7928,0.0474,0.0236,0.0563,0.0032,0.0767,0.0,88.6,C-3,113628.0,0.5861,0.0948,0.1126,0.0226,0.0018,0.1821,0.0,77.4,C-3,2019_RED39_mrdem_dtm_90m.tif,1.0,375.4,97.4,4.66,8.7,2.66,0.022,0.013,371.0,109.6,4.17,8.13,2.38,0.014,0.026
2019_RED40,fire-spread-v1.0.0,calibration,2019,RED,2019-06-25,2019-09-05,73,30213.0,31666.49,"10,000 ha or more",lightning,lightning,FUL,-93.753,51.4267,True,0,-93.49467,51.39627,-6.0,6410,15,14,0.992,True,2019-07-01 07:26,2019-07-08 09:26,6.0,2024.0,2019_RED40_fbp_fuel_90m.tif,38407.0,0.7545,0.0474,0.0263,0.115,0.011,0.0459,0.0,82.1,C-3,119097.0,0.602,0.0947,0.0783,0.0213,0.0051,0.1986,0.0,81.6,C-2,2019_RED40_mrdem_dtm_90m.tif,1.0,416.5,82.3,3.03,6.14,1.73,0.011,0.009,408.8,106.4,2.54,5.69,1.46,-0.022,-0.022
2019_RED44,fire-spread-v1.0.0,calibration,2019,RED,2019-06-30,2019-08-28,60,8414.0,9018.24,"1,000-10,000 ha",lightning,lightning,MON,-95.052,51.7493,True,0,-95.02528,51.7522,-6.0,1394,14,13,0.911,True,2019-07-01 08:17,2019-07-08 08:35,1.0,2024.0,2019_RED44_fbp_fuel_90m.tif,10922.0,0.7093,0.0624,0.0723,0.0859,0.0101,0.0601,0.0,79.7,C-3,36577.0,0.3971,0.0468,0.3394,0.0315,0.0054,0.1798,0.0,51.8,D-1/D-2,2019_RED44_mrdem_dtm_90m.tif,1.0,337.6,53.6,3.25,6.25,1.86,-0.061,0.051,335.9,62.7,3.02,6.16,1.73,-0.043,0.011
2019_RED45,fire-spread-v1.0.0,calibration,2019,RED,2019-06-30,2019-08-28,60,37770.0,40923.1,"10,000 ha or more",lightning,lightning,MON,-95.0679,51.5278,True,0,-94.95439,51.49965,-6.0,5409,10,9,0.901,True,2019-07-04 07:20,2019-07-08 08:35,4.0,2024.0,2019_RED45_fbp_fuel_90m.tif,49592.0,0.7536,0.0468,0.0505,0.0809,0.0008,0.0672,0.0,83.3,C-3,107620.0,0.4537,0.0527,0.2997,0.0228,0.0004,0.1707,0.0,57.9,D-1/D-2,2019_RED45_mrdem_dtm_90m.tif,1.0,352.8,56.4,3.09,6.04,1.77,-0.009,-0.038,347.9,81.3,3.28,6.68,1.87,-0.026,-0.008
2019_RED49,fire-spread-v1.0.0,calibration,2019,RED,2019-07-01,2019-08-28,59,850.0,868.9,"200-1,000 ha",lightning,lightning,MON,-95.1515,51.7691,True,0,-95.13659,51.79352,-6.0,101,1,0,1.457,False,2019-07-08 07:45,2019-07-08 08:35,7.0,2024.0,2019_RED49_fbp_fuel_90m.tif,1045.0,0.6038,0.0421,0.29,0.0373,0.0029,0.0239,0.0,64.4,C-3,11555.0,0.2717,0.0379,0.5637,0.0214,0.0013,0.104,0.0,32.6,D-1/D-2,2019_RED49_mrdem_dtm_90m.tif,1.0,326.8,25.4,2.24,4.38,1.28,-0.131,0.006,325.2,46.0,2.4,4.99,1.38,-0.078,-0.028
2019_RED57,fire-spread-v1.0.0,calibration,2019,RED,2019-07-27,2019-09-25,61,195.0,195.44,40-200 ha,lightning,lightning,MON,-93.0067,53.4429,True,0,-93.00972,53.44176,-6.0,13,5,2,0.648,False,2019-07-30 19:52,2019-08-03 08:47,3.0,2024.0,2019_RED57_fbp_fuel_90m.tif,239.0,0.6192,0.0293,0.0042,0.1004,0.2469,0.0,0.0,83.9,C-3,7939.0,0.8179,0.0695,0.0098,0.0185,0.0166,0.0676,0.0,93.2,C-2,2019_RED57_mrdem_dtm_90m.tif,1.0,293.8,38.4,3.53,7.81,2.02,-0.288,-0.052,292.7,80.1,3.39,6.94,1.94,-0.03,0.084
2019_RED59,fire-spread-v1.0.0,calibration,2019,RED,2019-07-30,2019-09-25,58,3962.0,4002.16,"1,000-10,000 ha",lightning,lightning,MON,-94.6378,51.1928,True,0,-94.62425,51.24035,-6.0,689,26,19,0.734,True,2019-07-31 08:04,2019-08-25 09:26,1.0,2024.0,2019_RED59_fbp_fuel_90m.tif,4857.0,0.3105,0.1643,0.3772,0.0871,0.0469,0.014,0.0,41.2,D-1/D-2,24393.0,0.2163,0.0703,0.4136,0.0291,0.0075,0.2633,0.0,34.6,D-1/D-2,2019_RED59_mrdem_dtm_90m.tif,1.0,352.9,67.1,5.75,10.42,3.29,0.01,0.006,349.1,74.9,5.0,10.29,2.86,-0.027,0.006
2019_RED60,fire-spread-v1.0.0,calibration,2019,RED,2019-07-28,2019-09-16,51,135.0,135.19,40-200 ha,lightning,lightning,MON,-93.3588,53.5926,True,0,-93.35896,53.58786,-6.0,35,5,4,1.456,True,2019-08-01 08:35,2019-08-03 09:38,4.0,2024.0,2019_RED60_fbp_fuel_90m.tif,160.0,0.7438,0.025,0.0,0.0187,0.2125,0.0,0.0,96.8,C-3,7844.0,0.758,0.0493,0.0052,0.0268,0.0014,0.1592,0.0,93.7,C-2,2019_RED60_mrdem_dtm_90m.tif,1.0,284.6,23.1,3.67,6.28,2.1,-0.263,0.072,276.2,64.7,4.07,8.62,2.33,0.042,0.033
2019_RED62,fire-spread-v1.0.0,calibration,2019,RED,2019-07-28,2019-09-16,51,518.0,564.92,"200-1,000 ha",lightning,lightning,MON,-93.7541,53.5655,True,0,-93.76181,53.57282,-6.0,136,5,4,1.245,True,2019-08-01 07:44,2019-08-03 09:38,4.0,2024.0,2019_RED62_fbp_fuel_90m.tif,675.0,0.3926,0.003,0.0089,0.28,0.2311,0.0844,0.0,57.7,O-1a,9276.0,0.7551,0.0481,0.0493,0.0274,0.0009,0.1193,0.0,88.8,C-4,2019_RED62_mrdem_dtm_90m.tif,1.0,290.8,58.5,4.57,8.65,2.61,-0.336,0.192,283.2,68.4,3.67,7.41,2.1,0.012,-0.016
2019_RED75,fire-spread-v1.0.0,calibration,2019,RED,2019-08-23,2019-09-14,23,45.0,44.87,40-200 ha,industrial forestry,human,FUL,-93.8182,50.8112,True,0,-93.81767,50.81506,-6.0,29,3,0,4.074,False,2019-08-23 18:11,2019-08-24 18:42,0.0,2024.0,2019_RED75_fbp_fuel_90m.tif,52.0,0.6538,0.0577,0.2115,0.0769,0.0,0.0,0.0,68.8,C-3,5952.0,0.6699,0.1564,0.0842,0.0294,0.0047,0.0554,0.0,79.3,C-3,2019_RED75_mrdem_dtm_90m.tif,1.0,382.2,35.9,5.1,9.97,2.92,0.12,-0.218,383.6,90.7,4.95,9.82,2.83,0.058,-0.004
2019_SLK22,fire-spread-v1.0.0,calibration,2019,SLK,2019-07-03,2019-07-13,11,68.0,68.54,40-200 ha,lightning,lightning,FUL,-90.4491,50.7213,True,0,-90.44153,50.725,-6.0,4,1,0,0.821,False,2019-07-03 18:17,2019-07-03 19:07,0.0,2024.0,2019_SLK22_fbp_fuel_90m.tif,86.0,0.2907,0.2791,0.2326,0.0698,0.1279,0.0,0.0,43.0,M-1/M-2 (25% conifer),6637.0,0.7955,0.0431,0.0167,0.0151,0.0003,0.1293,0.0,93.4,C-2,2019_SLK22_mrdem_dtm_90m.tif,1.0,400.3,8.6,1.55,2.55,0.89,0.072,0.01,399.9,47.4,2.86,6.09,1.64,-0.058,0.029
2019_SLK31,fire-spread-v1.0.0,calibration,2019,SLK,2019-07-14,2019-09-06,55,75.0,75.32,40-200 ha,lightning,lightning,MON,-92.5052,53.1956,True,0,-92.50775,53.19662,-6.0,3,2,1,0.56,False,2019-08-02 07:25,2019-08-14 18:30,19.0,2024.0,2019_SLK31_fbp_fuel_90m.tif,91.0,0.4945,0.0989,0.0659,0.1209,0.1209,0.0989,0.0,69.0,C-3,7442.0,0.7255,0.1598,0.0185,0.0242,0.0003,0.0718,0.0,86.3,C-2,2019_SLK31_mrdem_dtm_90m.tif,1.0,282.4,18.0,2.73,5.58,1.56,0.251,-0.151,284.1,47.9,1.55,3.18,0.89,-0.033,-0.043
2019_SLK33,fire-spread-v1.0.0,calibration,2019,SLK,2019-07-24,2019-08-23,31,989.0,1013.04,"200-1,000 ha",lightning,lightning,MON,-92.161,53.5748,True,0,-92.12875,53.58447,-6.0,34,9,8,0.305,True,2019-07-24 17:34,2019-08-05 08:09,0.0,2024.0,2019_SLK33_fbp_fuel_90m.tif,1212.0,0.2434,0.0677,0.0132,0.0842,0.5718,0.0198,0.0,65.3,C-2,16719.0,0.7472,0.1455,0.0386,0.0484,0.0069,0.0134,0.0,82.9,C-2,2019_SLK33_mrdem_dtm_90m.tif,1.0,290.9,39.5,1.88,3.48,1.08,0.082,0.166,281.8,53.0,1.51,2.92,0.87,-0.018,0.157
2019_SLK37,fire-spread-v1.0.0,calibration,2019,SLK,2019-07-25,2019-08-23,30,333.0,333.09,"200-1,000 ha",lightning,lightning,MON,-91.6116,53.5194,True,0,-91.60548,53.52856,-6.0,26,1,0,0.802,False,2019-07-28 17:59,2019-07-28 19:40,3.0,2024.0,2019_SLK37_fbp_fuel_90m.tif,400.0,0.335,0.035,0.0025,0.0275,0.6,0.0,0.0,86.6,C-2,8678.0,0.7033,0.1465,0.0531,0.0319,0.0016,0.0636,0.0,81.8,C-2,2019_SLK37_mrdem_dtm_90m.tif,1.0,282.0,19.6,1.83,3.27,1.05,0.005,-0.201,279.5,44.4,1.82,3.97,1.04,0.002,-0.085
2019_SLK38,fire-spread-v1.0.0,calibration,2019,SLK,2019-07-27,2019-08-24,29,408.0,408.06,"200-1,000 ha",lightning,lightning,MON,-90.7152,53.1334,True,0,-90.72417,53.14875,-6.0,32,4,3,0.689,True,2019-07-28 08:10,2019-08-03 18:36,1.0,2024.0,2019_SLK38_fbp_fuel_90m.tif,492.0,0.3211,0.0102,0.0102,0.0224,0.6362,0.0,0.0,89.5,C-3,11456.0,0.6495,0.154,0.0258,0.0284,0.0018,0.1405,0.0,82.5,C-2,2019_SLK38_mrdem_dtm_90m.tif,1.0,306.6,27.9,1.88,3.62,1.08,-0.245,-0.047,301.6,51.0,1.42,2.78,0.82,-0.096,0.081
2019_SLK39,fire-spread-v1.0.0,calibration,2019,SLK,2019-07-27,2019-08-23,28,109.0,109.23,40-200 ha,lightning,lightning,MON,-91.1065,52.4929,True,0,-91.11348,52.49566,-6.0,12,5,3,1.159,True,2019-08-03 18:36,2019-08-05 08:09,7.0,2024.0,2019_SLK39_fbp_fuel_90m.tif,127.0,0.4567,0.0157,0.0,0.063,0.4567,0.0079,0.0,86.4,C-3,7001.0,0.766,0.0638,0.0016,0.0227,0.0203,0.1256,0.0,92.5,C-2,2019_SLK39_mrdem_dtm_90m.tif,1.0,369.2,16.5,2.21,4.41,1.26,-0.296,-0.123,368.6,49.9,2.57,5.32,1.47,0.077,0.02
2019_SLK40,fire-spread-v1.0.0,calibration,2019,SLK,2019-07-27,2019-08-17,22,226.0,226.37,"200-1,000 ha",lightning,lightning,MON,-92.1944,53.2496,True,0,-92.1764,53.2503,-6.0,37,4,3,1.18,True,2019-07-28 17:59,2019-08-02 09:06,1.0,2024.0,2019_SLK40_fbp_fuel_90m.tif,276.0,0.5181,0.0181,0.0072,0.0399,0.3841,0.0326,0.0,90.4,C-3,8788.0,0.7981,0.1295,0.0167,0.0093,0.0015,0.0448,0.0,88.9,C-2,2019_SLK40_mrdem_dtm_90m.tif,1.0,274.1,19.0,2.89,5.09,1.65,-0.027,-0.104,279.9,47.6,2.43,4.91,1.39,0.004,0.013
2019_SLK41,fire-spread-v1.0.0,calibration,2019,SLK,2019-07-28,2019-09-06,41,85.0,85.61,40-200 ha,lightning,lightning,MON,-90.3469,53.2571,True,0,-90.34769,53.2565,-6.0,9,1,0,1.15,False,2019-07-28 18:49,2019-07-28 19:40,0.0,2024.0,2019_SLK41_fbp_fuel_90m.tif,102.0,0.1569,0.049,0.0098,0.0392,0.7353,0.0098,0.0,66.3,C-2,7626.0,0.6323,0.1229,0.0366,0.0418,0.0043,0.1621,0.0,81.6,C-2,2019_SLK41_mrdem_dtm_90m.tif,1.0,287.9,13.7,1.58,3.29,0.9,-0.033,-0.052,286.8,34.0,1.64,3.21,0.94,0.04,0.084
2019_SLK8,fire-spread-v1.0.0,calibration,2019,SLK,2019-06-06,2019-06-25,20,824.0,825.09,"200-1,000 ha",resident,human,FUL,-90.1822,51.4806,True,0,-90.16356,51.45904,-6.0,23,1,0,0.307,False,2019-06-07 07:26,2019-06-07 08:16,1.0,2024.0,2019_SLK8_fbp_fuel_90m.tif,1004.0,0.2351,0.1683,0.3078,0.1653,0.1215,0.002,0.0,34.3,D-1/D-2,11729.0,0.6829,0.1015,0.0469,0.0221,0.0338,0.1127,0.0,85.6,C-2,2019_SLK8_mrdem_dtm_90m.tif,1.0,368.8,37.8,2.94,5.43,1.68,0.049,0.06,362.0,71.4,2.33,4.99,1.33,-0.029,0.104
2019_TIM2,fire-spread-v1.0.0,calibration,2019,TIM,2019-06-06,2019-07-30,55,4645.0,4628.44,"1,000-10,000 ha",industrial forestry,human,FUL,-81.8026,47.6816,True,0,-81.81148,47.72873,-5.0,319,6,5,0.343,True,2019-06-07 06:36,2019-06-09 19:06,1.0,2024.0,2019_TIM2_fbp_fuel_90m.tif,5778.0,0.4178,0.1286,0.2298,0.1845,0.0024,0.0369,0.0,49.4,O-1a,33130.0,0.4969,0.2775,0.0973,0.0267,0.005,0.0967,0.0,70.5,C-2,2019_TIM2_mrdem_dtm_90m.tif,1.0,381.5,88.5,4.25,8.89,2.43,-0.014,-0.008,383.8,152.9,5.13,10.85,2.93,0.018,-0.007
2020_CHA3,fire-spread-v1.0.0,calibration,2020,CHA,2020-07-02,2020-07-22,21,53.0,53.06,40-200 ha,lightning,lightning,FUL,-82.4089,47.1324,True,0,-82.40899,47.13131,-5.0,21,3,2,2.915,False,2020-07-04 06:17,2020-07-05 08:30,2.0,2024.0,2020_CHA3_fbp_fuel_90m.tif,67.0,0.3284,0.0896,0.5821,0.0,0.0,0.0,0.0,37.3,D-1/D-2,6083.0,0.4624,0.265,0.2242,0.0182,0.0049,0.0252,0.0,62.2,D-1,2020_CHA3_mrdem_dtm_90m.tif,1.0,450.2,48.6,8.56,16.64,4.88,0.596,-0.363,474.2,138.4,6.79,13.07,3.87,0.052,0.071
2020_COC11,fire-spread-v1.0.0,calibration,2020,COC,2020-07-23,2020-09-17,57,51.0,138.22,40-200 ha,lightning,lightning,MON,-89.7491,54.4004,True,0,-89.74726,54.40149,-5.0,32,5,4,1.119,True,2020-07-24 08:22,2020-08-07 09:49,1.0,2024.0,2020_COC11_fbp_fuel_90m.tif,164.0,0.1463,0.0732,0.0,0.0305,0.7378,0.0122,0.0,65.9,C-2,7060.0,0.5816,0.1593,0.0701,0.0275,0.0608,0.1007,0.0,77.1,C-2,2020_COC11_mrdem_dtm_90m.tif,1.0,162.7,18.2,2.4,3.94,1.38,-0.046,0.48,157.3,40.2,1.44,2.73,0.83,0.056,0.115
2020_COC12,fire-spread-v1.0.0,calibration,2020,COC,2020-07-23,2020-09-17,57,105.0,112.41,40-200 ha,lightning,lightning,MON,-89.2312,54.3908,True,0,-89.22599,54.39349,-5.0,11,2,1,1.001,False,2020-07-23 18:30,2020-07-24 08:22,0.0,2024.0,2020_COC12_fbp_fuel_90m.tif,134.0,0.2761,0.2612,0.0075,0.0522,0.403,0.0,0.0,65.0,C-2,6922.0,0.3833,0.3412,0.1111,0.1274,0.0016,0.0354,0.0,53.6,C-2,2020_COC12_mrdem_dtm_90m.tif,1.0,135.1,5.7,0.85,1.46,0.49,-0.343,0.452,136.2,28.6,0.95,1.86,0.54,-0.143,0.151
2020_COC13,fire-spread-v1.0.0,calibration,2020,COC,2020-07-26,2020-09-17,54,50.0,122.04,40-200 ha,lightning,lightning,MON,-87.2707,54.6919,True,0,-87.26953,54.68778,-5.0,22,5,3,1.037,True,2020-08-05 07:06,2020-08-07 08:09,10.0,2024.0,2020_COC13_fbp_fuel_90m.tif,146.0,0.5,0.0822,0.2123,0.0137,0.1918,0.0,0.0,67.6,C-2,8116.0,0.3425,0.1464,0.3818,0.0488,0.0004,0.0801,0.0,44.7,D-1/D-2,2020_COC13_mrdem_dtm_90m.tif,1.0,104.6,5.3,1.05,1.68,0.6,-0.173,0.118,101.9,22.3,1.12,2.09,0.64,-0.05,0.003
2020_COC15,fire-spread-v1.0.0,calibration,2020,COC,2020-08-06,2020-09-17,43,40.0,61.16,40-200 ha,lightning,lightning,MOD,-88.2699,55.3866,True,0,-88.27434,55.38518,-5.0,4,4,0,0.23,False,2020-08-04 18:05,2020-08-07 08:09,-2.0,2024.0,2020_COC15_fbp_fuel_90m.tif,71.0,0.5634,0.1549,0.0423,0.0563,0.169,0.0141,0.0,78.9,C-2,6571.0,0.4324,0.1732,0.2758,0.0204,0.0,0.0983,0.0,59.0,C-2,2020_COC15_mrdem_dtm_90m.tif,1.0,69.2,7.0,1.51,2.38,0.86,-0.633,0.64,68.4,43.4,1.96,4.86,1.12,-0.073,0.06
2020_COC18,fire-spread-v1.0.0,calibration,2020,COC,2020-07-22,2020-09-17,58,250.0,500.72,"200-1,000 ha",lightning,lightning,MON,-88.9964,55.0804,True,0,-89.00803,55.0765,-5.0,128,13,9,1.151,True,2020-07-26 06:53,2020-08-07 08:59,4.0,2024.0,2020_COC18_fbp_fuel_90m.tif,596.0,0.1661,0.0755,0.0302,0.0084,0.7181,0.0017,0.0,73.7,C-2,10968.0,0.6173,0.1433,0.102,0.0286,0.0022,0.1066,0.0,78.7,C-2,2020_COC18_mrdem_dtm_90m.tif,1.0,85.3,22.7,2.16,5.39,1.24,0.343,-0.372,84.5,37.3,1.39,2.89,0.8,0.063,-0.021
2020_COC4,fire-spread-v1.0.0,calibration,2020,COC,2020-07-06,2020-08-14,40,100.0,119.05,40-200 ha,lightning,lightning,MOD,-87.9939,56.0873,True,0,-87.99867,56.09285,-5.0,17,4,3,1.536,True,2020-07-07 07:50,2020-07-08 19:02,1.0,2024.0,2020_COC4_fbp_fuel_90m.tif,140.0,0.3214,0.2357,0.1357,0.0714,0.2214,0.0143,0.0,56.3,C-1,7510.0,0.1172,0.0679,0.4293,0.3261,0.0001,0.0594,0.0,15.6,D-1/D-2,2020_COC4_mrdem_dtm_90m.tif,1.0,37.2,8.5,1.33,2.79,0.76,0.478,0.259,34.8,23.4,0.56,1.34,0.32,0.153,0.16
2020_COC7,fire-spread-v1.0.0,calibration,2020,COC,2020-06-17,2020-09-17,93,500.0,309.05,"200-1,000 ha",lightning,lightning,MON,-83.3351,53.083,True,0,-83.3253,53.08182,-5.0,18,1,0,0.728,False,2020-06-16 16:43,2020-06-16 19:14,-1.0,2024.0,2020_COC7_fbp_fuel_90m.tif,378.0,0.3836,0.1799,0.3333,0.082,0.0212,0.0,0.0,48.4,C-2,10566.0,0.1864,0.317,0.2617,0.193,0.022,0.0201,0.0,39.6,D-1/D-2,2020_COC7_mrdem_dtm_90m.tif,1.0,55.6,7.8,1.23,2.1,0.7,0.061,0.121,54.4,15.6,0.8,1.56,0.46,0.085,-0.004
2020_COC9,fire-spread-v1.0.0,calibration,2020,COC,2020-07-13,2020-09-17,67,200.0,249.04,"200-1,000 ha",lightning,lightning,MON,-83.5694,53.9908,True,0,-83.5671,53.99088,-5.0,6,4,3,0.282,True,2020-07-10 17:33,2020-07-12 19:27,-3.0,2024.0,2020_COC9_fbp_fuel_90m.tif,299.0,0.5987,0.0468,0.2074,0.0535,0.0,0.0936,0.0,69.4,C-2,8512.0,0.4356,0.1988,0.3148,0.0074,0.0,0.0434,0.0,58.5,D-1/D-2,2020_COC9_mrdem_dtm_90m.tif,1.0,96.3,10.3,1.04,1.94,0.59,0.483,0.13,92.9,24.4,0.84,1.61,0.48,0.172,0.13
2020_NIP26,fire-spread-v1.0.0,calibration,2020,NIP,2020-07-09,2020-07-23,15,104.0,104.57,40-200 ha,lightning,lightning,FUL,-88.9294,53.6337,True,0,-88.92475,53.64005,-5.0,6,3,2,0.538,False,2020-07-12 18:36,2020-07-13 18:17,3.0,2024.0,2020_NIP26_fbp_fuel_90m.tif,128.0,0.2422,0.0547,0.0,0.0156,0.6094,0.0781,0.0,85.0,C-2,7591.0,0.6084,0.2291,0.0123,0.01,0.0034,0.1369,0.0,79.9,C-2,2020_NIP26_mrdem_dtm_90m.tif,1.0,203.7,17.1,2.29,4.47,1.31,-0.077,-0.146,206.1,30.0,1.8,3.5,1.03,0.041,0.042
2020_NIP30,fire-spread-v1.0.0,calibration,2020,NIP,2020-07-09,2020-07-25,17,56.0,56.63,40-200 ha,lightning,lightning,FUL,-87.662,51.4039,True,0,-87.66234,51.40566,-5.0,18,2,0,1.987,False,2020-07-16 06:42,2020-07-16 19:52,7.0,2024.0,2020_NIP30_fbp_fuel_90m.tif,69.0,0.6232,0.2174,0.087,0.0145,0.0145,0.0435,0.0,76.9,C-2,6251.0,0.7501,0.1721,0.0126,0.0054,0.0,0.0597,0.0,88.8,C-2,2020_NIP30_mrdem_dtm_90m.tif,1.0,272.8,8.7,1.77,2.84,1.02,-0.073,0.245,272.5,32.4,1.47,2.75,0.84,-0.001,-0.017
2020_NIP40,fire-spread-v1.0.0,calibration,2020,NIP,2020-08-06,2020-09-23,49,109.0,110.05,40-200 ha,lightning,lightning,MON,-88.6149,49.6632,True,0,-88.61274,49.65907,-5.0,36,8,4,1.789,True,2020-08-12 06:36,2020-08-16 08:42,6.0,2024.0,2020_NIP40_fbp_fuel_90m.tif,137.0,0.2847,0.4818,0.146,0.0438,0.0073,0.0365,0.0,58.2,M-1/M-2 (50% conifer),7072.0,0.0785,0.0865,0.0092,0.0055,0.0051,0.8152,0.0,71.8,M-1/M-2 (50% conifer),2020_NIP40_mrdem_dtm_90m.tif,1.0,326.1,113.3,21.62,35.87,12.05,0.091,0.394,267.9,125.1,3.35,13.41,1.89,-0.003,0.095
2020_NIP45,fire-spread-v1.0.0,calibration,2020,NIP,2020-08-09,2020-09-16,39,6678.0,6898.2,"1,000-10,000 ha",lightning,lightning,FUL,-88.6421,51.4206,True,0,-88.50911,51.46015,-5.0,1455,12,10,0.979,True,2020-08-09 18:11,2020-08-15 09:00,0.0,2024.0,2020_NIP45_fbp_fuel_90m.tif,8367.0,0.654,0.1002,0.1639,0.0141,0.0338,0.0341,0.0,74.7,C-2,45984.0,0.7266,0.0885,0.0357,0.0086,0.002,0.1386,0.0,89.2,C-2,2020_NIP45_mrdem_dtm_90m.tif,1.0,295.3,69.3,2.76,5.31,1.58,0.054,0.126,303.2,124.3,2.25,4.8,1.29,0.075,0.053
2020_NIP46,fire-spread-v1.0.0,calibration,2020,NIP,2020-08-08,2020-09-05,29,48.0,47.51,40-200 ha,lightning,lightning,FUL,-87.0741,51.5028,True,0,-87.06966,51.50405,-5.0,11,3,1,2.072,False,2020-08-09 18:11,2020-08-13 18:36,1.0,2024.0,2020_NIP46_fbp_fuel_90m.tif,59.0,0.7288,0.2712,0.0,0.0,0.0,0.0,0.0,83.1,C-2,6182.0,0.8222,0.1203,0.004,0.0073,0.0,0.0461,0.0,91.6,C-2,2020_NIP46_mrdem_dtm_90m.tif,1.0,254.3,4.9,0.93,1.95,0.53,0.014,-0.096,255.7,25.2,1.17,2.24,0.67,0.08,-0.025
2020_NIP47,fire-spread-v1.0.0,calibration,2020,NIP,2020-08-08,2020-09-05,29,707.0,707.91,"200-1,000 ha",lightning,lightning,FUL,-86.9343,51.5281,True,0,-86.92854,51.52799,-5.0,79,10,7,0.735,True,2020-08-09 18:11,2020-08-16 08:41,1.0,2024.0,2020_NIP47_fbp_fuel_90m.tif,864.0,0.8333,0.0718,0.0903,0.0046,0.0,0.0,0.0,86.8,C-2,14756.0,0.8529,0.1025,0.0162,0.0115,0.0007,0.0163,0.0,92.0,C-2,2020_NIP47_mrdem_dtm_90m.tif,1.0,247.2,17.7,1.54,2.98,0.88,-0.078,0.135,246.6,32.6,1.39,2.78,0.8,0.094,0.054
2020_NIP49,fire-spread-v1.0.0,calibration,2020,NIP,2020-08-08,2020-09-05,29,391.0,391.59,"200-1,000 ha",lightning,lightning,FUL,-85.6571,51.3316,True,0,-85.6475,51.33672,-5.0,135,16,9,1.544,True,2020-08-09 18:10,2020-08-21 18:35,1.0,2024.0,2020_NIP49_fbp_fuel_90m.tif,478.0,0.7364,0.1904,0.069,0.0021,0.0,0.0021,0.0,84.5,C-2,10955.0,0.4791,0.1543,0.3121,0.0435,0.0,0.011,0.0,57.6,C-2,2020_NIP49_mrdem_dtm_90m.tif,1.0,165.3,15.4,1.89,4.17,1.08,-0.166,-0.236,170.0,24.8,0.98,2.11,0.56,0.017,0.089
2020_NIP51,fire-spread-v1.0.0,calibration,2020,NIP,2020-08-08,2020-08-20,13,40.0,40.19,40-200 ha,lightning,lightning,FUL,-88.1421,52.0907,True,0,-88.14047,52.0862,,0,0,0,,False,,,,,,,,,,,,,,,,,,,,,,,,,,,,,,,,,,,,,,,,,
2020_RED12,fire-spread-v1.0.0,calibration,2020,RED,2020-06-17,2020-07-06,20,40.0,39.98,40-200 ha,lightning,lightning,FUL,-94.5615,51.8954,True,0,-94.56018,51.8943,,0,0,0,,False,,,,,,,,,,,,,,,,,,,,,,,,,,,,,,,,,,,,,,,,,
2020_RED18,fire-spread-v1.0.0,calibration,2020,RED,2020-07-03,2020-08-05,34,1693.0,1717.55,"1,000-10,000 ha",lightning,lightning,MON,-92.9962,53.4969,True,0,-92.98703,53.49521,-6.0,51,5,4,0.287,True,2020-07-04 19:26,2020-07-09 18:43,1.0,2024.0,2020_RED18_fbp_fuel_90m.tif,2050.0,0.5522,0.0498,0.0078,0.0732,0.2956,0.0215,0.0,84.7,C-2,14729.0,0.7584,0.1223,0.0178,0.0208,0.0049,0.0758,0.0,89.8,C-2,2020_RED18_mrdem_dtm_90m.tif,1.0,287.3,36.4,3.03,6.08,1.73,0.109,0.01,284.9,69.2,2.99,6.19,1.71,-0.003,0.046
2020_RED22,fire-spread-v1.0.0,calibration,2020,RED,2020-06-18,2020-08-05,49,1109.0,1147.02,"1,000-10,000 ha",lightning,lightning,MOD,-94.8175,53.0434,True,0,-94.78253,53.05545,-6.0,18,6,4,0.184,False,2020-07-04 08:48,2020-07-09 08:54,16.0,2024.0,2020_RED22_fbp_fuel_90m.tif,1372.0,0.8302,0.0962,0.0022,0.0255,0.0131,0.0328,0.0,92.5,C-4,13146.0,0.7133,0.0968,0.0209,0.0263,0.0003,0.1423,0.0,89.1,C-4,2020_RED22_mrdem_dtm_90m.tif,1.0,304.0,35.2,3.63,7.44,2.08,-0.015,0.07,301.3,53.5,2.87,6.25,1.64,-0.013,0.039
2020_RED24,fire-spread-v1.0.0,calibration,2020,RED,2020-07-03,2020-07-19,17,191.0,190.78,40-200 ha,lightning,lightning,FUL,-92.6904,52.6371,True,0,-92.68805,52.64335,-6.0,6,1,0,0.369,False,2020-07-05 18:18,2020-07-05 19:07,2.0,2024.0,2020_RED24_fbp_fuel_90m.tif,228.0,0.943,0.0132,0.0,0.0044,0.0395,0.0,0.0,99.1,C-3,7689.0,0.8839,0.0644,0.0044,0.0138,0.0138,0.0198,0.0,95.0,C-3,2020_RED24_mrdem_dtm_90m.tif,1.0,336.1,18.8,2.51,4.6,1.44,0.065,0.246,322.9,60.0,3.24,6.29,1.85,0.057,0.056
2020_RED29,fire-spread-v1.0.0,calibration,2020,RED,2020-07-05,2020-07-20,16,283.0,283.12,"200-1,000 ha",lightning,lightning,FUL,-94.5349,52.6455,True,0,-94.54585,52.65136,-6.0,37,4,2,1.192,False,2020-07-07 18:30,2020-07-09 08:54,2.0,2024.0,2020_RED29_fbp_fuel_90m.tif,343.0,0.0087,0.0029,0.9738,0.0029,0.0029,0.0087,0.0,1.1,D-1/D-2,9555.0,0.1996,0.0405,0.4358,0.0251,0.0005,0.2985,0.0,30.9,D-1/D-2,2020_RED29_mrdem_dtm_90m.tif,1.0,336.8,45.2,5.48,10.15,3.13,0.055,-0.038,324.4,54.3,4.09,8.88,2.34,0.036,-0.025
2020_RED30,fire-spread-v1.0.0,calibration,2020,RED,2020-06-07,2020-07-16,40,53.0,57.83,40-200 ha,lightning,lightning,FUL,-94.3325,52.6983,True,0,-94.32452,52.69957,-6.0,1,1,0,0.243,False,2020-07-07 18:30,2020-07-07 18:30,30.0,2024.0,2020_RED30_fbp_fuel_90m.tif,72.0,0.5694,0.0139,0.0,0.0556,0.2917,0.0694,0.0,90.8,C-3,6303.0,0.7435,0.0476,0.0051,0.0184,0.0095,0.1759,0.0,94.1,C-3,2020_RED30_mrdem_dtm_90m.tif,1.0,334.2,20.3,3.8,7.56,2.17,0.11,0.461,326.4,60.9,4.38,8.69,2.51,-0.039,-0.014
2020_RED49,fire-spread-v1.0.0,calibration,2020,RED,2020-08-10,2020-09-04,26,552.0,557.6,"200-1,000 ha",industrial other,human,FUL,-93.9093,50.9709,False,15,-93.87331,50.97674,-6.0,152,6,2,1.639,False,2020-08-11 07:45,2020-08-13 09:38,1.0,2024.0,2020_RED49_fbp_fuel_90m.tif,679.0,0.7761,0.0766,0.0368,0.0766,0.0177,0.0162,0.0,84.2,C-3,12377.0,0.588,0.1958,0.0536,0.0378,0.02,0.1048,0.0,79.2,C-4,2020_RED49_mrdem_dtm_90m.tif,1.0,388.0,62.0,4.75,8.94,2.72,0.09,0.121,391.1,95.7,4.47,8.98,2.56,-0.005,0.128
2020_RED8,fire-spread-v1.0.0,calibration,2020,RED,2020-06-16,2020-06-25,10,70.0,70.47,40-200 ha,lightning,lightning,FUL,-94.0393,52.2499,True,0,-94.03305,52.24784,,0,0,0,,False,,,,,,,,,,,,,,,,,,,,,,,,,,,,,,,,,,,,,,,,,
2020_RED9,fire-spread-v1.0.0,calibration,2020,RED,2020-06-16,2020-06-27,12,363.0,396.48,"200-1,000 ha",lightning,lightning,FUL,-94.8599,51.5888,True,0,-94.85046,51.61315,-6.0,2,1,0,0.035,False,2020-06-17 19:45,2020-06-17 19:45,1.0,2024.0,2020_RED9_fbp_fuel_90m.tif,480.0,0.8042,0.0375,0.0229,0.0479,0.0,0.0875,0.0,90.2,C-3,10872.0,0.7418,0.0614,0.0095,0.035,0.0003,0.152,0.0,91.3,C-3,2020_RED9_mrdem_dtm_90m.tif,1.0,354.6,27.0,3.82,7.18,2.19,0.046,-0.036,352.8,39.0,3.17,6.11,1.81,-0.026,0.017
2020_SLK25,fire-spread-v1.0.0,calibration,2020,SLK,2020-07-19,2020-08-03,16,110.0,110.03,40-200 ha,lightning,lightning,FUL,-89.8443,53.9494,True,0,-89.83994,53.9532,-5.0,2,2,1,0.256,False,2020-07-23 18:30,2020-07-24 08:22,4.0,2024.0,2020_SLK25_fbp_fuel_90m.tif,135.0,0.4889,0.0667,0.0,0.0,0.4444,0.0,0.0,91.0,C-2,6580.0,0.7299,0.1331,0.0125,0.0251,0.0011,0.0983,0.0,87.0,C-2,2020_SLK25_mrdem_dtm_90m.tif,1.0,219.3,15.0,2.57,4.56,1.47,0.002,-0.019,216.4,39.7,1.65,3.09,0.94,-0.048,0.11
2020_SLK26,fire-spread-v1.0.0,calibration,2020,SLK,2020-07-19,2020-08-30,43,260.0,260.47,"200-1,000 ha",lightning,lightning,FUL,-90.2941,54.042,True,0,-90.27523,54.04908,-6.0,35,2,1,1.026,False,2020-07-23 17:40,2020-07-24 08:22,4.0,2024.0,2020_SLK26_fbp_fuel_90m.tif,314.0,0.2293,0.1401,0.0191,0.0032,0.6019,0.0064,0.0,72.6,C-2,10438.0,0.5748,0.1475,0.1018,0.0245,0.0014,0.1498,0.0,75.5,C-2,2020_SLK26_mrdem_dtm_90m.tif,1.0,213.7,23.5,2.06,3.85,1.18,0.045,0.296,213.5,28.0,1.54,3.17,0.88,0.038,0.029
2020_SLK3,fire-spread-v1.0.0,calibration,2020,SLK,2020-06-16,2020-06-26,11,61.0,60.97,40-200 ha,lightning,lightning,FUL,-91.4563,51.7733,False,5,-91.44856,51.77995,-6.0,1,1,0,0.231,False,2020-06-17 18:55,2020-06-17 18:55,1.0,2024.0,2020_SLK3_fbp_fuel_90m.tif,70.0,0.8429,0.0143,0.0,0.0,0.1429,0.0,0.0,99.6,C-3,6724.0,0.8275,0.0677,0.0082,0.0155,0.0003,0.0809,0.0,92.9,C-2,2020_SLK3_mrdem_dtm_90m.tif,1.0,418.6,12.2,2.18,3.4,1.25,-0.243,-0.023,410.0,48.5,2.03,4.23,1.16,0.043,-0.082
2020_SLK36,fire-spread-v1.0.0,calibration,2020,SLK,2020-07-25,2020-08-03,10,50.0,49.61,40-200 ha,lightning,lightning,FUL,-89.9937,51.7928,False,20,-89.99642,51.7949,-5.0,6,2,1,1.134,False,2020-07-26 18:23,2020-07-27 08:16,1.0,2024.0,2020_SLK36_fbp_fuel_90m.tif,59.0,1.0,0.0,0.0,0.0,0.0,0.0,0.0,100.0,C-2,6419.0,0.8399,0.1095,0.0268,0.0093,0.0,0.0145,0.0,89.5,C-2,2020_SLK36_mrdem_dtm_90m.tif,1.0,348.8,5.6,0.87,1.56,0.5,0.39,0.227,355.5,58.8,2.15,4.45,1.23,0.17,0.007
2020_SLK37,fire-spread-v1.0.0,calibration,2020,SLK,2020-07-24,2020-08-07,15,50.0,50.35,40-200 ha,lightning,lightning,FUL,-89.676,51.132,True,0,-89.66656,51.13389,-5.0,20,2,1,3.631,False,2020-07-26 20:04,2020-07-27 08:16,2.0,2024.0,2020_SLK37_fbp_fuel_90m.tif,63.0,0.3968,0.4762,0.0952,0.0317,0.0,0.0,0.0,59.1,C-2,6473.0,0.649,0.1945,0.0613,0.0162,0.0011,0.0779,0.0,80.7,C-2,2020_SLK37_mrdem_dtm_90m.tif,1.0,371.7,29.8,5.57,8.69,3.18,0.289,-0.101,359.6,62.9,3.07,6.37,1.75,0.044,0.009
2020_SLK47,fire-spread-v1.0.0,calibration,2020,SLK,2020-08-08,2020-08-30,23,89.0,88.66,40-200 ha,lightning,lightning,FUL,-91.4281,53.9282,True,0,-91.43028,53.92453,-6.0,24,3,1,1.586,False,2020-08-09 07:31,2020-08-10 08:53,1.0,2024.0,2020_SLK47_fbp_fuel_90m.tif,107.0,0.7944,0.0467,0.0467,0.0093,0.0935,0.0093,0.0,91.9,C-2,6757.0,0.5757,0.1215,0.0805,0.024,0.0012,0.1971,0.0,79.2,C-2,2020_SLK47_mrdem_dtm_90m.tif,1.0,256.2,17.2,1.97,3.27,1.13,0.111,0.217,251.4,40.7,1.58,3.28,0.9,0.059,-0.05
2020_SLK48,fire-spread-v1.0.0,calibration,2020,SLK,2020-08-08,2020-08-30,23,90.0,89.81,40-200 ha,lightning,lightning,FUL,-90.7487,53.803,True,0,-90.74323,53.80553,-6.0,7,2,1,0.626,False,2020-08-09 19:01,2020-08-10 08:53,1.0,2024.0,2020_SLK48_fbp_fuel_90m.tif,108.0,0.6111,0.1667,0.037,0.0093,0.1111,0.0648,0.0,82.0,C-2,7279.0,0.4698,0.087,0.0173,0.0154,0.2025,0.208,0.0,86.6,C-2,2020_SLK48_mrdem_dtm_90m.tif,1.0,219.5,12.3,1.55,4.41,0.89,0.026,0.102,222.6,27.5,1.25,2.71,0.71,0.025,-0.045
2020_THU4,fire-spread-v1.0.0,calibration,2020,THU,2020-05-13,2020-05-26,14,110.0,110.03,40-200 ha,miscellaneous,human,FUL,-89.8924,48.6589,True,0,-89.89406,48.67589,,0,0,0,,False,,,,,,,,,,,,,,,,,,,,,,,,,,,,,,,,,,,,,,,,,
2021_COC12,fire-spread-v1.0.0,holdout,2021,COC,2021-06-15,2021-07-19,35,83.0,83.05,40-200 ha,lightning,lightning,FUL,-80.1966,49.6007,True,0,-80.19282,49.60423,,0,0,0,,False,,,,,,,,,,,,,,,,,,,,,,,,,,,,,,,,,,,,,,,,,
2021_COC13,fire-spread-v1.0.0,holdout,2021,COC,2021-06-18,2021-07-26,39,272.0,299.19,"200-1,000 ha",lightning,lightning,FUL,-80.2252,49.9786,True,0,-80.21487,49.98986,,0,0,0,,False,,,,,,,,,,,,,,,,,,,,,,,,,,,,,,,,,,,,,,,,,
2021_COC15,fire-spread-v1.0.0,holdout,2021,COC,2021-06-13,2021-07-26,44,136.0,136.15,40-200 ha,lightning,lightning,FUL,-80.3358,49.025,True,0,-80.32759,49.02076,,0,0,0,,False,,,,,,,,,,,,,,,,,,,,,,,,,,,,,,,,,,,,,,,,,
2021_COC18,fire-spread-v1.0.0,holdout,2021,COC,2021-07-05,2021-09-07,65,187.0,187.32,40-200 ha,lightning,lightning,MON,-82.7161,53.5075,True,0,-82.72224,53.51215,-5.0,28,6,4,1.201,True,2021-07-07 19:27,2021-07-23 18:37,2.0,2024.0,2021_COC18_fbp_fuel_90m.tif,227.0,0.2775,0.1498,0.5727,0.0,0.0,0.0,0.0,37.4,D-1/D-2,8701.0,0.1899,0.288,0.4235,0.0175,0.0605,0.0207,0.0,38.6,D-1/D-2,2021_COC18_mrdem_dtm_90m.tif,1.0,37.2,6.7,0.8,1.56,0.46,-0.02,-0.175,36.8,15.6,0.71,1.5,0.41,0.071,-0.038
2021_COC19,fire-spread-v1.0.0,holdout,2021,COC,2021-07-07,2021-08-14,39,50.0,246.98,40-200 ha,lightning,lightning,MON,-82.9939,50.7284,True,0,-82.98547,50.73403,,0,0,0,,False,,,,,,,,,,,,,,,,,,,,,,,,,,,,,,,,,,,,,,,,,
2021_COC21,fire-spread-v1.0.0,holdout,2021,COC,2021-07-06,2021-08-14,40,300.0,70.82,"200-1,000 ha",lightning,lightning,MON,-81.2849,51.5717,True,0,-81.2896,51.56809,-5.0,2,2,0,0.199,False,2021-07-07 18:36,2021-07-08 17:27,1.0,2024.0,2021_COC21_fbp_fuel_90m.tif,89.0,0.0674,0.0337,0.8989,0.0,0.0,0.0,0.0,7.9,D-1/D-2,7243.0,0.2105,0.1189,0.2926,0.301,0.0,0.077,0.0,28.3,O-1a,2021_COC21_mrdem_dtm_90m.tif,1.0,49.3,4.1,0.49,0.81,0.28,0.138,0.143,50.7,9.6,0.81,1.52,0.47,0.04,0.033
2021_COC22,fire-spread-v1.0.0,holdout,2021,COC,2021-07-10,2021-09-15,68,2062.0,2061.35,"1,000-10,000 ha",lightning,lightning,MON,-84.9222,50.6925,True,0,-84.91605,50.68894,-5.0,314,15,10,0.996,True,2021-07-12 19:32,2021-08-18 19:39,2.0,2024.0,2021_COC22_fbp_fuel_90m.tif,2529.0,0.2139,0.0451,0.724,0.002,0.0,0.015,0.0,24.7,D-1/D-2,30031.0,0.7072,0.1318,0.1239,0.0283,0.0002,0.0086,0.0,79.7,C-2,2021_COC22_mrdem_dtm_90m.tif,1.0,148.5,22.9,1.05,1.97,0.6,0.1,0.167,149.5,39.0,0.82,1.63,0.47,0.028,0.225
2021_COC23,fire-spread-v1.0.0,holdout,2021,COC,2021-07-06,2021-08-14,40,150.0,94.74,40-200 ha,lightning,lightning,MON,-83.5239,51.0845,True,0,-83.52487,51.08233,-5.0,24,3,2,1.336,False,2021-07-16 06:48,2021-07-17 09:00,10.0,2024.0,2021_COC23_fbp_fuel_90m.tif,116.0,0.0517,0.0,0.9397,0.0086,0.0,0.0,0.0,5.2,D-1/D-2,7024.0,0.3504,0.0278,0.3428,0.2614,0.0,0.0177,0.0,37.5,D-1/D-2,2021_COC23_mrdem_dtm_90m.tif,1.0,94.4,13.5,1.42,3.15,0.81,-0.497,-0.104,96.9,29.9,1.08,2.14,0.62,-0.074,0.094
2021_COC26,fire-spread-v1.0.0,holdout,2021,COC,2021-07-13,2021-09-15,65,7628.0,8136.09,"1,000-10,000 ha",lightning,lightning,MON,-83.4977,53.8125,True,0,-83.54471,53.83015,-5.0,1584,27,22,0.918,True,2021-07-16 18:18,2021-08-11 07:51,3.0,2024.0,2021_COC26_fbp_fuel_90m.tif,9722.0,0.0956,0.0457,0.8281,0.0034,0.0,0.0273,0.0,12.9,D-1/D-2,60710.0,0.3915,0.203,0.3483,0.0123,0.0,0.045,0.0,54.0,D-1/D-2,2021_COC26_mrdem_dtm_90m.tif,1.0,92.9,46.3,1.17,2.1,0.67,0.146,0.093,85.9,59.7,0.94,1.78,0.54,0.135,-0.045
2021_COC28,fire-spread-v1.0.0,holdout,2021,COC,2021-08-19,2021-09-15,28,332.0,331.79,"200-1,000 ha",lightning,lightning,MON,-79.5424,49.5202,True,0,-79.53409,49.526,-5.0,25,3,2,0.763,False,2021-08-21 17:02,2021-08-23 07:27,2.0,2024.0,2021_COC28_fbp_fuel_90m.tif,403.0,0.0248,0.0,0.9752,0.0,0.0,0.0,0.0,2.5,D-1/D-2,9745.0,0.6351,0.0769,0.2642,0.0037,0.0,0.0201,0.0,68.7,C-2,2021_COC28_mrdem_dtm_90m.tif,1.0,271.6,16.3,1.26,2.6,0.72,0.329,0.018,271.4,32.2,1.09,2.3,0.63,0.052,-0.065
2021_DRY31,fire-spread-v1.0.0,holdout,2021,DRY,2021-06-04,2021-09-27,116,1039.0,1038.17,"1,000-10,000 ha",lightning,lightning,FUL,-90.3268,50.1285,True,0,-90.32374,50.12817,-6.0,80,7,6,0.528,True,2021-06-08 18:29,2021-07-18 19:20,4.0,2024.0,2021_DRY31_fbp_fuel_90m.tif,1272.0,0.0094,0.0039,0.9615,0.0063,0.0008,0.0181,0.0,1.1,D-1/D-2,17103.0,0.474,0.1302,0.0168,0.0278,0.0043,0.347,0.0,82.8,C-2,2021_DRY31_mrdem_dtm_90m.tif,1.0,426.0,21.0,2.18,4.23,1.25,0.042,-0.029,423.6,47.2,1.95,4.61,1.11,0.018,0.018
2021_DRY71,fire-spread-v1.0.0,holdout,2021,DRY,2021-07-19,2021-09-27,71,730.0,730.63,"200-1,000 ha",lightning,lightning,FUL,-91.5916,49.7029,True,0,-91.57843,49.69521,-6.0,234,14,10,1.328,True,2021-07-24 17:27,2021-08-02 18:48,5.0,2024.0,2021_DRY71_fbp_fuel_90m.tif,902.0,0.0976,0.0632,0.8259,0.0022,0.0044,0.0067,0.0,13.1,D-1/D-2,11528.0,0.5084,0.2649,0.1069,0.0088,0.0018,0.1092,0.0,72.5,C-2,2021_DRY71_mrdem_dtm_90m.tif,1.0,419.6,35.2,2.73,5.2,1.57,0.271,-0.228,419.5,75.6,3.31,6.96,1.89,0.044,0.009
2021_DRY76,fire-spread-v1.0.0,holdout,2021,DRY,2021-07-20,2021-09-27,70,546.0,546.61,"200-1,000 ha",lightning,lightning,FUL,-91.77,49.7769,True,0,-91.75603,49.77478,-6.0,109,15,12,1.029,True,2021-07-24 19:07,2021-08-17 09:20,4.0,2024.0,2021_DRY76_fbp_fuel_90m.tif,667.0,0.024,0.003,0.9715,0.0015,0.0,0.0,0.0,2.6,D-1/D-2,9933.0,0.5426,0.2007,0.0588,0.0143,0.007,0.1765,0.0,79.4,C-2,2021_DRY76_mrdem_dtm_90m.tif,1.0,418.5,41.7,5.33,10.11,3.05,0.025,-0.073,412.7,66.7,3.4,7.52,1.95,0.08,-0.012
2021_FOR116,fire-spread-v1.0.0,holdout,2021,FOR,2021-07-28,2021-09-09,44,107.0,106.88,40-200 ha,lightning,lightning,FUL,-93.4045,49.2349,True,0,-93.40052,49.24246,-6.0,26,5,3,2.105,True,2021-08-03 07:52,2021-08-05 08:55,6.0,2024.0,2021_FOR116_fbp_fuel_90m.tif,133.0,0.0376,0.0075,0.8797,0.015,0.0,0.0602,0.0,4.4,D-1/D-2,7697.0,0.2484,0.2228,0.1002,0.0613,0.0,0.3673,0.0,56.8,M-1/M-2 (50% conifer),2021_FOR116_mrdem_dtm_90m.tif,1.0,371.3,54.0,8.03,15.29,4.58,-0.192,0.494,366.2,79.4,5.47,12.28,3.12,-0.022,0.043
2021_FOR120,fire-spread-v1.0.0,holdout,2021,FOR,2021-08-05,2021-08-21,17,214.0,214.32,"200-1,000 ha",lightning,lightning,MON,-91.7607,48.2727,True,0,-91.75787,48.27721,-6.0,20,9,7,0.853,True,2021-08-03 07:53,2021-08-20 08:24,-2.0,2024.0,2021_FOR120_fbp_fuel_90m.tif,266.0,0.0752,0.0977,0.8158,0.0038,0.0,0.0075,0.0,12.9,D-1/D-2,8064.0,0.14,0.2063,0.3359,0.0262,0.0,0.2915,0.0,34.8,D-1/D-2,2021_FOR120_mrdem_dtm_90m.tif,1.0,428.8,58.6,8.67,15.92,4.94,-0.153,-0.072,407.2,95.0,6.23,13.58,3.55,-0.038,0.004
2021_FOR19,fire-spread-v1.0.0,holdout,2021,FOR,2021-06-04,2021-06-23,20,265.0,264.5,"200-1,000 ha",lightning,lightning,FUL,-91.0363,48.6207,True,0,-91.05065,48.63137,-6.0,1,1,0,0.053,False,2021-06-09 19:50,2021-06-09 19:50,5.0,2024.0,2021_FOR19_fbp_fuel_90m.tif,327.0,0.1131,0.0275,0.8593,0.0,0.0,0.0,0.0,12.8,D-1/D-2,10179.0,0.5688,0.2826,0.0713,0.0125,0.0032,0.0615,0.0,76.7,C-2,2021_FOR19_mrdem_dtm_90m.tif,1.0,464.3,58.2,4.33,7.69,2.48,-0.026,0.044,467.9,103.5,4.42,8.93,2.52,-0.059,-0.016
2021_FOR3,fire-spread-v1.0.0,holdout,2021,FOR,2021-04-26,2021-04-29,4,592.0,593.07,"200-1,000 ha",incendiary,human,FUL,-94.5632,48.8193,True,0,-94.58804,48.81776,-6.0,10,2,1,0.142,False,2021-04-27 07:40,2021-04-27 19:07,1.0,2024.0,2021_FOR3_fbp_fuel_90m.tif,745.0,0.0,0.0094,0.9839,0.0054,0.0013,0.0,0.0,0.5,D-1/D-2,8912.0,0.0901,0.3648,0.2931,0.2416,0.0099,0.0006,0.0,26.4,M-1/M-2 (50% conifer),2021_FOR3_mrdem_dtm_90m.tif,1.0,331.8,4.9,0.13,0.23,0.08,-0.775,-0.181,333.3,29.8,0.33,0.72,0.19,-0.301,0.129
2021_FOR35,fire-spread-v1.0.0,holdout,2021,FOR,2021-06-09,2021-10-28,142,37158.0,43379.79,"10,000 ha or more",lightning,lightning,MON,-91.888,48.2401,True,0,-91.69661,48.33975,-6.0,4856,49,46,0.647,True,2021-07-07 07:59,2021-08-27 08:43,28.0,2024.0,2021_FOR35_fbp_fuel_90m.tif,53848.0,0.0921,0.0933,0.6758,0.0165,0.0,0.1223,0.0,16.2,D-1/D-2,191666.0,0.2495,0.2981,0.1391,0.023,0.0003,0.2119,0.078,57.3,M-1/M-2 (50% conifer),2021_FOR35_mrdem_dtm_90m.tif,1.0,408.3,124.0,5.09,11.01,2.9,-0.033,0.006,406.2,171.1,5.04,11.16,2.87,-0.021,0.008
2021_FOR38,fire-spread-v1.0.0,holdout,2021,FOR,2021-06-09,2021-08-21,74,3380.0,3848.86,"1,000-10,000 ha",lightning,lightning,MON,-91.7126,48.2569,True,0,-91.6845,48.25269,-6.0,599,38,31,0.859,True,2021-07-11 19:51,2021-08-20 19:51,32.0,2024.0,2021_FOR38_fbp_fuel_90m.tif,4785.0,0.0268,0.0109,0.8426,0.014,0.0002,0.1055,0.0,3.7,D-1/D-2,24718.0,0.1484,0.1793,0.3554,0.0277,0.0,0.2379,0.0512,34.2,D-1/D-2,2021_FOR38_mrdem_dtm_90m.tif,1.0,425.9,93.2,7.53,14.62,4.29,-0.085,-0.064,410.9,99.6,6.14,12.97,3.5,-0.022,-0.02
2021_FOR40,fire-spread-v1.0.0,holdout,2021,FOR,2021-06-09,2021-08-21,74,937.0,1343.89,"200-1,000 ha",lightning,lightning,MON,-91.6204,48.2072,True,0,-91.61368,48.20668,-6.0,189,33,24,0.921,True,2021-07-03 07:33,2021-08-17 19:07,24.0,2024.0,2021_FOR40_fbp_fuel_90m.tif,1685.0,0.0682,0.0499,0.851,0.0089,0.0,0.022,0.0,9.9,D-1/D-2,16504.0,0.2811,0.2573,0.1975,0.023,0.0001,0.241,0.0,55.1,M-1/M-2 (50% conifer),2021_FOR40_mrdem_dtm_90m.tif,1.0,421.6,82.4,9.18,17.08,5.23,-0.073,-0.106,420.0,132.4,7.13,14.64,4.06,-0.048,-0.022
2021_FOR47,fire-spread-v1.0.0,holdout,2021,FOR,2021-06-04,2021-07-25,52,407.0,415.5,"200-1,000 ha",lightning,lightning,FUL,-93.6147,48.867,True,0,-93.5955,48.88659,-6.0,39,5,4,0.948,True,2021-06-20 07:27,2021-06-29 19:26,16.0,2024.0,2021_FOR47_fbp_fuel_90m.tif,517.0,0.0135,0.0329,0.9478,0.0019,0.0,0.0039,0.0,2.9,D-1/D-2,14563.0,0.143,0.3368,0.1954,0.053,0.0059,0.2659,0.0,41.5,M-1/M-2 (50% conifer),2021_FOR47_mrdem_dtm_90m.tif,1.0,364.6,64.6,4.71,8.95,2.69,0.032,-0.178,358.7,94.3,3.93,8.47,2.25,-0.022,-0.032
2021_FOR5,fire-spread-v1.0.0,holdout,2021,FOR,2021-05-12,2021-05-23,12,144.0,152.13,40-200 ha,industrial forestry,human,FUL,-92.3407,48.6571,True,0,-92.33271,48.66083,-6.0,4,1,0,0.185,False,2021-05-12 20:16,2021-05-12 20:16,0.0,2024.0,2021_FOR5_fbp_fuel_90m.tif,191.0,0.0471,0.0105,0.9319,0.0052,0.0,0.0052,0.0,5.3,D-1/D-2,7528.0,0.4651,0.258,0.174,0.0182,0.0019,0.0829,0.0,64.9,M-1/M-2 (50% conifer),2021_FOR5_mrdem_dtm_90m.tif,1.0,372.0,21.3,2.77,6.27,1.58,0.031,-0.259,372.9,55.2,2.71,5.93,1.55,0.001,0.028
2021_FOR55,fire-spread-v1.0.0,holdout,2021,FOR,2021-06-27,2021-10-28,124,3696.0,3775.65,"1,000-10,000 ha",lightning,lightning,MON,-91.3995,48.36,True,0,-91.36205,48.42129,-6.0,410,27,22,0.719,True,2021-07-15 18:35,2021-08-26 09:02,18.0,2024.0,2021_FOR55_fbp_fuel_90m.tif,4677.0,0.0652,0.0622,0.8225,0.0115,0.0,0.0385,0.0,10.2,D-1/D-2,36623.0,0.3544,0.2974,0.1331,0.0355,0.0013,0.1783,0.0,62.5,M-1/M-2 (50% conifer),2021_FOR55_mrdem_dtm_90m.tif,1.0,425.5,112.6,6.93,13.09,3.96,-0.18,0.067,421.7,136.4,5.65,11.69,3.22,-0.001,0.023
2021_FOR56,fire-spread-v1.0.0,holdout,2021,FOR,2021-07-05,2021-08-21,48,1273.0,1399.86,"1,000-10,000 ha",lightning,lightning,MON,-91.5639,48.2749,True,0,-91.57373,48.28612,-6.0,267,29,20,0.934,True,2021-07-09 08:11,2021-08-20 19:01,4.0,2024.0,2021_FOR56_fbp_fuel_90m.tif,1739.0,0.0472,0.0265,0.824,0.0132,0.0,0.0891,0.0,6.7,D-1/D-2,19009.0,0.1904,0.1482,0.4195,0.0228,0.0001,0.2189,0.0,34.3,D-1/D-2,2021_FOR56_mrdem_dtm_90m.tif,1.0,433.3,79.9,7.08,13.04,4.04,-0.178,0.008,435.1,109.7,4.99,10.73,2.85,-0.029,-0.004
2021_FOR57,fire-spread-v1.0.0,holdout,2021,FOR,2021-07-09,2021-08-21,44,7137.0,7994.95,"1,000-10,000 ha",lightning,lightning,MON,-91.5073,48.3219,True,0,-91.5008,48.35872,-6.0,2114,39,35,0.994,True,2021-07-08 18:17,2021-08-20 19:51,-1.0,2024.0,2021_FOR57_fbp_fuel_90m.tif,9911.0,0.0103,0.0081,0.8791,0.0129,0.0,0.0896,0.0,1.6,D-1/D-2,31391.0,0.2023,0.1877,0.4168,0.0195,0.0,0.1737,0.0,36.4,D-1/D-2,2021_FOR57_mrdem_dtm_90m.tif,1.0,430.4,100.1,3.61,7.48,2.07,-0.006,0.126,427.5,129.9,4.76,10.25,2.72,-0.028,0.057
2021_FOR92,fire-spread-v1.0.0,holdout,2021,FOR,2021-07-26,2021-10-28,95,167.0,168.01,40-200 ha,lightning,lightning,MON,-91.8248,48.2392,True,0,-91.82209,48.23981,-6.0,5,3,2,0.419,False,2021-07-26 07:53,2021-08-20 08:24,0.0,2024.0,2021_FOR92_fbp_fuel_90m.tif,210.0,0.2238,0.2238,0.4762,0.0238,0.0,0.0524,0.0,36.6,D-1/D-2,7186.0,0.1662,0.2015,0.2182,0.0274,0.0,0.3402,0.0465,44.6,D-1/D-2,2021_FOR92_mrdem_dtm_90m.tif,1.0,419.9,52.4,8.41,13.22,4.8,-0.19,0.068,400.1,76.5,5.41,12.59,3.09,-0.031,-0.078
2021_HEA4,fire-spread-v1.0.0,holdout,2021,HEA,2021-08-16,2021-10-04,50,1850.0,1849.49,"1,000-10,000 ha",lightning,lightning,MON,-84.1953,50.1759,True,0,-84.13433,50.21383,-5.0,255,8,5,0.829,True,2021-08-16 18:36,2021-08-27 19:20,0.0,2024.0,2021_HEA4_fbp_fuel_90m.tif,2266.0,0.1244,0.0168,0.8588,0.0,0.0,0.0,0.0,13.5,D-1/D-2,27575.0,0.7399,0.12,0.0877,0.05,0.0,0.0023,0.0,81.1,C-2,2021_HEA4_mrdem_dtm_90m.tif,1.0,113.8,25.0,1.25,2.4,0.72,-0.214,0.143,115.2,48.4,1.1,2.28,0.63,-0.186,0.067
2021_KEN25,fire-spread-v1.0.0,holdout,2021,KEN,2021-05-17,2021-06-07,22,2062.0,2162.92,"1,000-10,000 ha",railway,human,FUL,-94.0268,49.8115,True,0,-94.02096,49.85614,-6.0,31,4,3,0.156,False,2021-05-18 07:46,2021-05-19 19:44,1.0,2024.0,2021_KEN25_fbp_fuel_90m.tif,2637.0,0.1361,0.022,0.777,0.0201,0.0019,0.0429,0.0,15.4,D-1/D-2,24257.0,0.5922,0.1127,0.0707,0.0392,0.0129,0.1722,0.0,79.8,C-3,2021_KEN25_mrdem_dtm_90m.tif,1.0,406.9,92.8,6.03,11.36,3.44,-0.038,-0.071,405.0,120.7,6.29,12.6,3.59,-0.038,-0.008
2021_KEN27,fire-spread-v1.0.0,holdout,2021,KEN,2021-05-15,2021-06-24,41,4480.0,4725.17,"1,000-10,000 ha",lightning,lightning,FUL,-94.6187,50.2309,True,0,-94.62684,50.28038,-6.0,462,4,3,0.631,True,2021-05-18 07:46,2021-05-19 19:44,3.0,2024.0,2021_KEN27_fbp_fuel_90m.tif,5779.0,0.0382,0.0415,0.861,0.0157,0.0,0.0434,0.0,6.2,D-1/D-2,22669.0,0.2819,0.3141,0.1114,0.0289,0.0002,0.2634,0.0,59.6,M-1/M-2 (50% conifer),2021_KEN27_mrdem_dtm_90m.tif,1.0,357.5,95.3,6.3,11.73,3.6,0.075,0.054,344.8,105.6,5.29,11.24,3.02,0.018,0.016
2021_KEN30,fire-spread-v1.0.0,holdout,2021,KEN,2021-05-16,2021-06-07,23,1162.0,1163.39,"1,000-10,000 ha",lightning,lightning,FUL,-93.9732,49.863,True,0,-93.95592,49.89596,-6.0,6,3,2,0.06,False,2021-05-18 07:46,2021-05-19 18:55,2.0,2024.0,2021_KEN30_fbp_fuel_90m.tif,1417.0,0.0981,0.0064,0.8553,0.012,0.0021,0.0261,0.0,10.5,D-1/D-2,16953.0,0.5398,0.0965,0.097,0.0395,0.0069,0.2204,0.0,76.4,C-4,2021_KEN30_mrdem_dtm_90m.tif,1.0,427.0,72.0,5.61,10.3,3.21,0.097,-0.061,416.5,89.8,5.58,11.47,3.19,-0.01,-0.014
2021_KEN31,fire-spread-v1.0.0,holdout,2021,KEN,2021-05-14,2021-05-24,11,40.0,40.12,40-200 ha,lightning,lightning,FUL,-93.7215,50.3289,True,0,-93.72175,50.33216,-6.0,10,2,1,2.454,False,2021-05-18 17:34,2021-05-18 20:03,4.0,2024.0,2021_KEN31_fbp_fuel_90m.tif,45.0,0.0222,0.0222,0.9556,0.0,0.0,0.0,0.0,2.8,D-1/D-2,6339.0,0.4349,0.2213,0.2363,0.0252,0.0058,0.0764,0.0,59.0,D-1,2021_KEN31_mrdem_dtm_90m.tif,1.0,370.5,56.4,7.13,11.99,4.07,-0.5,0.337,356.2,98.6,5.27,10.64,3.01,-0.073,0.034
2021_KEN51,fire-spread-v1.0.0,holdout,2021,KEN,2021-06-05,2021-10-31,149,191811.0,226998.97,"10,000 ha or more",lightning,lightning,MOD,-95.0167,50.6897,True,0,-94.82973,50.65447,-6.0,43517,109,105,0.797,True,2021-06-08 18:29,2021-08-20 09:14,3.0,2024.0,2021_KEN51_fbp_fuel_90m.tif,276901.0,0.042,0.013,0.8002,0.0179,0.0007,0.1261,0.0,5.6,D-1/D-2,362364.0,0.4089,0.1454,0.18,0.0461,0.0019,0.2179,0.0,62.0,C-3,2021_KEN51_mrdem_dtm_90m.tif,1.0,369.4,158.0,4.16,8.72,2.38,-0.014,-0.01,363.9,158.0,4.03,8.67,2.3,-0.02,-0.008
2021_KEN94,fire-spread-v1.0.0,holdout,2021,KEN,2021-07-12,2021-07-26,15,70.0,70.36,40-200 ha,lightning,lightning,FUL,-95.0303,50.0369,True,0,-95.02888,50.04037,-6.0,12,2,1,1.599,False,2021-07-16 08:30,2021-07-17 09:01,4.0,2024.0,2021_KEN94_fbp_fuel_90m.tif,85.0,0.0353,0.0118,0.9529,0.0,0.0,0.0,0.0,4.1,D-1/D-2,6551.0,0.3341,0.2377,0.2949,0.0548,0.0005,0.078,0.0,47.8,D-1,2021_KEN94_mrdem_dtm_90m.tif,1.0,374.4,23.2,5.87,9.89,3.35,0.011,0.033,337.9,87.8,6.57,12.83,3.75,-0.035,0.026
2021_KLK6,fire-spread-v1.0.0,holdout,2021,KLK,2021-06-15,2021-07-11,27,100.0,99.39,40-200 ha,lightning,lightning,FUL,-80.5742,48.0086,True,0,-80.56801,48.01325,-5.0,6,2,1,0.707,False,2021-06-17 18:10,2021-06-18 18:41,2.0,2024.0,2021_KLK6_fbp_fuel_90m.tif,124.0,0.0081,0.0726,0.9194,0.0,0.0,0.0,0.0,2.8,D-1/D-2,7696.0,0.328,0.3619,0.241,0.0288,0.0056,0.0347,0.0,52.5,D-1,2021_KLK6_mrdem_dtm_90m.tif,1.0,375.1,42.7,5.78,10.97,3.3,-0.075,-0.483,367.9,114.4,5.19,10.04,2.97,0.057,0.014
2021_NIP18,fire-spread-v1.0.0,holdout,2021,NIP,2021-06-06,2021-08-16,72,368.0,368.81,"200-1,000 ha",lightning,lightning,MON,-87.7849,52.1116,True,0,-87.77166,52.11142,-5.0,28,7,6,0.724,True,2021-07-06 19:45,2021-07-13 06:55,30.0,2024.0,2021_NIP18_fbp_fuel_90m.tif,445.0,0.0562,0.0337,0.8876,0.0157,0.0,0.0067,0.0,7.5,D-1/D-2,9134.0,0.7404,0.1143,0.0586,0.0213,0.0002,0.0651,0.0,85.2,C-2,2021_NIP18_mrdem_dtm_90m.tif,1.0,265.9,18.7,1.97,3.78,1.13,0.166,0.099,266.7,50.5,1.84,3.55,1.05,-0.008,0.189
2021_NIP24,fire-spread-v1.0.0,holdout,2021,NIP,2021-06-23,2021-08-16,55,316.0,316.49,"200-1,000 ha",lightning,lightning,MON,-88.2898,53.0557,True,0,-88.28656,53.05429,-5.0,54,4,3,1.2,True,2021-07-05 07:45,2021-07-08 08:29,12.0,2024.0,2021_NIP24_fbp_fuel_90m.tif,380.0,0.0026,0.0,0.1842,0.0,0.8053,0.0079,0.0,1.4,D-1/D-2,9250.0,0.1969,0.0899,0.0434,0.0576,0.4035,0.2088,0.0,60.0,C-2,2021_NIP24_mrdem_dtm_90m.tif,1.0,224.0,28.0,3.05,5.92,1.74,0.203,-0.039,225.2,36.1,1.98,4.37,1.14,0.056,0.021
2021_NIP29,fire-spread-v1.0.0,holdout,2021,NIP,2021-07-10,2021-07-28,19,64.0,64.13,40-200 ha,lightning,lightning,FUL,-88.0493,50.371,True,0,-88.04874,50.37383,-5.0,13,3,1,1.316,False,2021-07-11 06:42,2021-07-16 08:29,1.0,2024.0,2021_NIP29_fbp_fuel_90m.tif,79.0,0.0253,0.0506,0.9241,0.0,0.0,0.0,0.0,5.4,D-1/D-2,6004.0,0.565,0.2712,0.0733,0.0075,0.002,0.0811,0.0,78.8,C-2,2021_NIP29_mrdem_dtm_90m.tif,1.0,320.1,11.8,1.86,3.61,1.06,0.024,-0.183,343.0,102.2,5.31,12.15,3.02,-0.013,-0.097
2021_NIP37,fire-spread-v1.0.0,holdout,2021,NIP,2021-07-10,2021-09-21,74,2126.0,2139.24,"1,000-10,000 ha",lightning,lightning,MON,-85.9479,50.2203,True,0,-85.9157,50.26263,-5.0,331,17,12,0.94,True,2021-07-13 18:23,2021-08-29 08:05,3.0,2024.0,2021_NIP37_fbp_fuel_90m.tif,2617.0,0.2533,0.0141,0.7276,0.0008,0.0,0.0042,0.0,26.1,D-1/D-2,23183.0,0.8882,0.0326,0.069,0.0015,0.0,0.0088,0.0,91.3,C-2,2021_NIP37_mrdem_dtm_90m.tif,1.0,248.2,40.8,0.76,1.4,0.43,0.19,0.428,248.5,66.5,0.82,1.63,0.47,0.308,0.214
2021_NIP46,fire-spread-v1.0.0,holdout,2021,NIP,2021-07-13,2021-07-29,17,83.0,83.2,40-200 ha,lightning,lightning,MON,-86.7479,51.3569,True,0,-86.74761,51.35265,-5.0,17,5,3,1.69,True,2021-07-14 19:46,2021-07-16 19:08,1.0,2024.0,2021_NIP46_fbp_fuel_90m.tif,104.0,0.1442,0.0,0.8558,0.0,0.0,0.0,0.0,14.4,D-1/D-2,6943.0,0.6575,0.2788,0.0395,0.0131,0.0,0.0111,0.0,81.6,C-2,2021_NIP46_mrdem_dtm_90m.tif,1.0,231.0,10.3,1.25,2.22,0.71,0.339,-0.259,230.9,27.8,1.2,2.49,0.69,0.129,-0.003
2021_NIP50,fire-spread-v1.0.0,holdout,2021,NIP,2021-07-15,2021-08-16,33,98.0,97.52,40-200 ha,lightning,lightning,MON,-88.9013,51.2653,True,0,-88.90284,51.26145,-5.0,40,5,4,2.451,True,2021-07-21 07:45,2021-07-23 08:48,6.0,2024.0,2021_NIP50_fbp_fuel_90m.tif,118.0,0.0847,0.0085,0.9068,0.0,0.0,0.0,0.0,9.1,D-1/D-2,6854.0,0.7435,0.1541,0.0426,0.0128,0.0003,0.0467,0.0,84.0,C-2,2021_NIP50_mrdem_dtm_90m.tif,1.0,362.5,14.9,1.88,3.5,1.08,-0.14,-0.531,355.8,39.1,1.53,3.35,0.88,-0.145,-0.111
2021_NIP54,fire-spread-v1.0.0,holdout,2021,NIP,2021-07-13,2021-09-21,71,303.0,302.55,"200-1,000 ha",lightning,lightning,MON,-88.4139,51.3576,True,0,-88.40434,51.36621,-5.0,110,10,6,1.72,True,2021-07-17 18:49,2021-08-21 08:04,4.0,2024.0,2021_NIP54_fbp_fuel_90m.tif,369.0,0.0867,0.0461,0.8482,0.0081,0.0,0.0108,0.0,11.3,D-1/D-2,10001.0,0.6814,0.0845,0.0185,0.0158,0.0004,0.1994,0.0,90.4,C-2,2021_NIP54_mrdem_dtm_90m.tif,1.0,310.9,32.2,3.94,6.8,2.26,0.142,0.138,303.3,40.9,2.24,4.91,1.28,-0.033,-0.005
2021_NIP60,fire-spread-v1.0.0,holdout,2021,NIP,2021-07-16,2021-08-16,32,411.0,410.16,"200-1,000 ha",lightning,lightning,MON,-88.9331,51.612,True,0,-88.91763,51.61644,-5.0,72,5,4,1.406,True,2021-07-20 18:42,2021-07-23 18:36,4.0,2024.0,2021_NIP60_fbp_fuel_90m.tif,497.0,0.0563,0.008,0.9276,0.006,0.0,0.002,0.0,6.1,D-1/D-2,10621.0,0.806,0.0837,0.0486,0.0089,0.0007,0.0521,0.0,89.2,C-2,2021_NIP60_mrdem_dtm_90m.tif,1.0,336.7,32.5,2.19,4.86,1.25,0.049,-0.297,342.5,102.4,2.7,6.16,1.54,0.134,-0.157
2021_NIP62,fire-spread-v1.0.0,holdout,2021,NIP,2021-07-07,2021-09-01,57,286.0,285.85,"200-1,000 ha",lightning,lightning,MON,-88.7327,51.8121,True,0,-88.73435,51.81545,-5.0,75,6,4,1.623,True,2021-07-21 07:45,2021-07-30 08:17,14.0,2024.0,2021_NIP62_fbp_fuel_90m.tif,339.0,0.1652,0.0265,0.8083,0.0,0.0,0.0,0.0,17.5,D-1/D-2,8876.0,0.8335,0.0793,0.0596,0.0063,0.0003,0.021,0.0,89.3,C-2,2021_NIP62_mrdem_dtm_90m.tif,1.0,351.8,22.3,1.73,3.3,0.99,0.078,0.473,341.6,81.7,2.2,4.65,1.26,0.017,0.071
2021_NIP63,fire-spread-v1.0.0,holdout,2021,NIP,2021-07-17,2021-09-01,47,154.0,153.71,40-200 ha,lightning,lightning,MON,-88.0563,52.0449,True,0,-88.05822,52.04411,,0,0,0,,False,,,,,,,,,,,,,,,,,,,,,,,,,,,,,,,,,,,,,,,,,
2021_NIP7,fire-spread-v1.0.0,holdout,2021,NIP,2021-06-04,2021-07-29,56,2410.0,2402.56,"1,000-10,000 ha",lightning,lightning,FUL,-87.6431,49.0962,True,0,-87.63404,49.12562,-5.0,220,4,3,0.656,True,2021-06-07 17:08,2021-06-09 19:51,3.0,2024.0,2021_NIP7_fbp_fuel_90m.tif,2961.0,0.127,0.0588,0.7903,0.0034,0.0014,0.0193,0.0,16.8,D-1/D-2,16104.0,0.5749,0.2563,0.0708,0.0289,0.0142,0.0549,0.0,77.9,C-2,2021_NIP7_mrdem_dtm_90m.tif,1.0,459.1,247.1,13.52,30.43,7.55,0.141,-0.113,459.7,288.7,11.11,24.35,6.2,-0.013,-0.019
2021_NIP71,fire-spread-v1.0.0,holdout,2021,NIP,2021-07-25,2021-09-21,59,731.0,731.61,"200-1,000 ha",lightning,lightning,MON,-85.7818,50.4659,True,0,-85.75189,50.49441,-5.0,133,3,1,0.98,False,2021-08-17 06:49,2021-08-27 18:30,23.0,2024.0,2021_NIP71_fbp_fuel_90m.tif,901.0,0.2297,0.0022,0.7658,0.0,0.0,0.0022,0.0,23.1,D-1/D-2,15484.0,0.8137,0.0934,0.0468,0.0451,0.0,0.001,0.0,87.1,C-2,2021_NIP71_mrdem_dtm_90m.tif,1.0,199.2,14.7,1.14,2.2,0.66,0.071,0.078,200.0,25.6,0.84,1.9,0.48,0.14,0.058
2021_NIP73,fire-spread-v1.0.0,holdout,2021,NIP,2021-08-03,2021-09-21,50,156.0,156.4,40-200 ha,lightning,lightning,MON,-87.2861,53.3419,True,0,-87.29072,53.34182,-5.0,4,3,1,0.18,False,2021-08-04 06:42,2021-08-04 19:02,1.0,2024.0,2021_NIP73_fbp_fuel_90m.tif,189.0,0.0159,0.0,0.9683,0.0106,0.0,0.0053,0.0,1.6,D-1/D-2,7447.0,0.3834,0.2026,0.1178,0.2111,0.0001,0.085,0.0,50.4,C-2,2021_NIP73_mrdem_dtm_90m.tif,1.0,172.0,8.5,1.13,2.09,0.65,0.049,0.203,174.5,23.4,1.17,2.18,0.67,0.096,0.076
2021_NIP8,fire-spread-v1.0.0,holdout,2021,NIP,2021-06-04,2021-06-26,23,146.0,149.51,40-200 ha,lightning,lightning,FUL,-87.7734,49.1943,True,0,-87.77161,49.1973,-5.0,20,2,1,1.129,False,2021-06-07 17:58,2021-06-08 19:20,3.0,2024.0,2021_NIP8_fbp_fuel_90m.tif,185.0,0.0324,0.0378,0.8919,0.0216,0.0,0.0162,0.0,5.6,D-1/D-2,7465.0,0.5798,0.2693,0.0777,0.0189,0.0103,0.0441,0.0,78.2,C-2,2021_NIP8_mrdem_dtm_90m.tif,1.0,448.9,38.0,5.56,10.71,3.18,0.331,-0.056,461.7,118.6,5.89,11.72,3.36,-0.041,0.021
2021_RED10,fire-spread-v1.0.0,holdout,2021,RED,2021-05-17,2021-07-14,59,6004.0,6959.62,"1,000-10,000 ha",lightning,lightning,MOD,-94.6797,50.7696,True,0,-94.66371,50.87126,-6.0,623,10,8,0.711,True,2021-05-18 07:45,2021-07-15 09:38,1.0,2024.0,2021_RED10_fbp_fuel_90m.tif,8469.0,0.0484,0.0113,0.8006,0.0211,0.0011,0.1175,0.0,6.3,D-1/D-2,39915.0,0.2874,0.0391,0.465,0.0337,0.0032,0.1718,0.0,37.6,D-1/D-2,2021_RED10_mrdem_dtm_90m.tif,1.0,380.8,53.7,3.55,7.25,2.03,0.003,0.017,381.8,76.8,3.7,7.7,2.12,-0.041,0.014
2021_RED102,fire-spread-v1.0.0,holdout,2021,RED,2021-07-12,2021-09-14,65,2910.0,3102.75,"1,000-10,000 ha",lightning,lightning,MOD,-93.5705,52.593,True,0,-93.50097,52.61429,-6.0,429,18,13,0.893,True,2021-07-15 17:47,2021-08-03 20:11,3.0,2024.0,2021_RED102_fbp_fuel_90m.tif,3733.0,0.0319,0.0075,0.9014,0.0043,0.0005,0.0544,0.0,3.7,D-1/D-2,22107.0,0.6015,0.1418,0.0806,0.0252,0.0061,0.1448,0.0,80.1,C-4,2021_RED102_mrdem_dtm_90m.tif,1.0,341.6,65.5,5.39,9.95,3.08,-0.025,-0.058,336.3,82.5,4.26,8.72,2.43,0.015,0.021
2021_RED108,fire-spread-v1.0.0,holdout,2021,RED,2021-07-10,2021-09-14,67,20831.0,23386.99,"10,000 ha or more",lightning,lightning,MOD,-95.1147,52.1304,True,0,-95.01827,52.1827,-6.0,3603,36,30,0.894,True,2021-07-14 19:46,2021-08-04 08:23,4.0,2024.0,2021_RED108_fbp_fuel_90m.tif,28255.0,0.0446,0.0435,0.7927,0.0233,0.0001,0.0958,0.0,7.6,D-1/D-2,69971.0,0.5753,0.1048,0.1043,0.0408,0.0093,0.1655,0.0,76.5,C-4,2021_RED108_mrdem_dtm_90m.tif,1.0,332.3,47.9,1.93,4.04,1.11,-0.038,-0.013,332.0,56.9,2.4,5.26,1.37,-0.028,-0.007
2021_RED111,fire-spread-v1.0.0,holdout,2021,RED,2021-07-10,2021-09-14,67,1543.0,1544.0,"1,000-10,000 ha",lightning,lightning,MOD,-94.3681,53.267,True,0,-94.33874,53.26845,-6.0,199,15,12,0.893,True,2021-07-12 18:43,2021-08-04 08:23,2.0,2024.0,2021_RED111_fbp_fuel_90m.tif,1848.0,0.0189,0.0027,0.9784,0.0,0.0,0.0,0.0,2.1,D-1/D-2,13964.0,0.9073,0.0703,0.0089,0.0075,0.0039,0.0021,0.0,94.9,C-2,2021_RED111_mrdem_dtm_90m.tif,1.0,299.1,36.9,2.32,4.52,1.33,0.011,0.084,294.9,62.2,2.48,4.93,1.42,-0.024,0.001
2021_RED114,fire-spread-v1.0.0,holdout,2021,RED,2021-07-12,2021-09-14,65,35647.0,40997.7,"10,000 ha or more",lightning,lightning,FUL,-95.0651,51.8729,True,0,-94.95281,51.92373,-6.0,6367,37,36,0.808,True,2021-07-14 18:05,2021-08-04 08:23,2.0,2024.0,2021_RED114_fbp_fuel_90m.tif,49593.0,0.0385,0.024,0.8341,0.0169,0.0001,0.0863,0.0,5.6,D-1/D-2,146729.0,0.5643,0.0611,0.115,0.0432,0.0036,0.2128,0.0,75.9,C-4,2021_RED114_mrdem_dtm_90m.tif,1.0,332.9,56.8,2.99,6.26,1.71,-0.038,0.023,333.3,78.6,3.05,6.49,1.74,-0.029,0.009
2021_RED12,fire-spread-v1.0.0,holdout,2021,RED,2021-05-15,2021-05-30,16,143.0,143.1,40-200 ha,lightning,lightning,FUL,-94.219,50.7474,True,0,-94.21354,50.75477,-6.0,3,1,0,0.295,False,2021-05-18 20:04,2021-05-18 20:04,3.0,2024.0,2021_RED12_fbp_fuel_90m.tif,171.0,0.0234,0.0117,0.9474,0.0117,0.0,0.0058,0.0,3.1,D-1/D-2,7619.0,0.363,0.189,0.1235,0.0277,0.0067,0.2901,0.0,65.6,C-2,2021_RED12_mrdem_dtm_90m.tif,1.0,395.0,54.8,7.84,15.33,4.47,0.129,0.219,381.4,74.7,4.06,9.18,2.32,0.037,0.092
2021_RED120,fire-spread-v1.0.0,holdout,2021,RED,2021-07-12,2021-09-14,65,3628.0,3750.67,"1,000-10,000 ha",lightning,lightning,MOD,-94.7343,52.3435,True,0,-94.74669,52.31903,-6.0,711,16,10,1.057,True,2021-07-16 19:08,2021-07-30 08:17,4.0,2024.0,2021_RED120_fbp_fuel_90m.tif,4521.0,0.0615,0.0546,0.829,0.0157,0.0064,0.0327,0.0,8.8,D-1/D-2,23850.0,0.6086,0.1592,0.0122,0.0362,0.0548,0.129,0.0,83.4,C-4,2021_RED120_mrdem_dtm_90m.tif,1.0,351.7,29.6,1.93,3.65,1.11,-0.067,0.029,349.5,39.8,1.94,3.82,1.11,-0.046,0.017
2021_RED127,fire-spread-v1.0.0,holdout,2021,RED,2021-07-12,2021-08-17,37,550.0,550.79,"200-1,000 ha",lightning,lightning,MON,-93.747,52.2953,True,0,-93.73392,52.30338,-6.0,51,4,3,0.868,True,2021-07-16 07:39,2021-07-17 09:50,4.0,2024.0,2021_RED127_fbp_fuel_90m.tif,665.0,0.0602,0.0617,0.818,0.0195,0.0,0.0406,0.0,9.6,D-1/D-2,10360.0,0.7038,0.0926,0.0204,0.0246,0.0008,0.1579,0.0,89.0,C-3,2021_RED127_mrdem_dtm_90m.tif,1.0,369.4,34.3,3.51,6.8,2.01,-0.06,-0.052,365.4,53.1,3.09,6.41,1.77,-0.009,0.016
2021_RED135,fire-spread-v1.0.0,holdout,2021,RED,2021-07-17,2021-08-21,36,50.0,50.06,40-200 ha,lightning,lightning,FUL,-93.3984,51.4412,True,0,-93.39409,51.44421,-6.0,24,2,1,2.247,False,2021-07-18 07:01,2021-07-18 19:20,1.0,2024.0,2021_RED135_fbp_fuel_90m.tif,60.0,0.0667,0.0333,0.9,0.0,0.0,0.0,0.0,7.9,D-1/D-2,5946.0,0.7556,0.0716,0.0106,0.0476,0.0008,0.1137,0.0,89.0,C-3,2021_RED135_mrdem_dtm_90m.tif,1.0,418.8,41.3,7.15,13.27,4.08,-0.002,0.507,406.1,52.2,2.89,6.27,1.65,0.033,0.086
2021_RED137,fire-spread-v1.0.0,holdout,2021,RED,2021-07-16,2021-09-14,61,5780.0,6051.41,"1,000-10,000 ha",lightning,lightning,MOD,-94.5081,51.8618,True,0,-94.49874,51.87427,-6.0,1063,23,21,1.002,True,2021-07-17 19:39,2021-07-30 09:07,1.0,2024.0,2021_RED137_fbp_fuel_90m.tif,7303.0,0.0396,0.0131,0.8401,0.0173,0.0,0.09,0.0,5.2,D-1/D-2,29513.0,0.7219,0.0632,0.0314,0.0291,0.0001,0.1542,0.0,89.1,C-3,2021_RED137_mrdem_dtm_90m.tif,1.0,366.2,51.1,3.29,6.32,1.88,0.015,0.064,361.1,64.5,3.25,6.36,1.86,-0.005,0.026
2021_RED139,fire-spread-v1.0.0,holdout,2021,RED,2021-07-11,2021-07-25,15,393.0,399.81,"200-1,000 ha",lightning,lightning,MON,-94.5585,51.8927,True,0,-94.5637,51.87445,-6.0,58,7,5,1.126,True,2021-07-17 07:20,2021-07-24 19:08,6.0,2024.0,2021_RED139_fbp_fuel_90m.tif,487.0,0.0041,0.0,0.9569,0.0021,0.0021,0.0349,0.0,0.4,D-1/D-2,12645.0,0.5133,0.0584,0.2406,0.0319,0.0001,0.1556,0.0,64.5,D-1/D-2,2021_RED139_mrdem_dtm_90m.tif,1.0,365.5,22.3,2.48,4.79,1.42,-0.242,-0.142,361.7,40.3,2.67,5.2,1.53,-0.046,0.017
2021_RED141,fire-spread-v1.0.0,holdout,2021,RED,2021-07-16,2021-08-13,29,41.0,40.62,40-200 ha,lightning,lightning,MON,-93.6669,52.6239,True,0,-93.66733,52.62359,-6.0,4,2,1,1.039,False,2021-07-17 09:00,2021-07-18 20:11,1.0,2024.0,2021_RED141_fbp_fuel_90m.tif,48.0,0.0208,0.0208,0.9583,0.0,0.0,0.0,0.0,3.6,D-1/D-2,5877.0,0.684,0.115,0.0522,0.0269,0.0061,0.1157,0.0,85.7,C-4,2021_RED141_mrdem_dtm_90m.tif,1.0,351.4,34.0,6.36,8.92,3.64,-0.274,-0.335,337.1,58.3,4.34,8.25,2.48,-0.014,-0.058
2021_RED142,fire-spread-v1.0.0,holdout,2021,RED,2021-07-16,2021-08-17,33,162.0,162.46,40-200 ha,lightning,lightning,MON,-94.6932,51.8305,True,0,-94.68041,51.82958,-6.0,31,8,5,1.385,True,2021-07-17 07:20,2021-07-29 19:14,1.0,2024.0,2021_RED142_fbp_fuel_90m.tif,195.0,0.0103,0.0,0.9385,0.0205,0.0,0.0308,0.0,1.1,D-1/D-2,7785.0,0.6374,0.073,0.0168,0.0339,0.0,0.2389,0.0,88.9,C-4,2021_RED142_mrdem_dtm_90m.tif,1.0,352.6,19.6,2.88,5.99,1.65,-0.144,0.053,352.8,40.0,2.62,5.8,1.5,-0.001,-0.03
2021_RED146,fire-spread-v1.0.0,holdout,2021,RED,2021-07-18,2021-07-28,11,124.0,121.59,40-200 ha,lightning,lightning,MON,-94.96,51.7006,True,0,-94.9572,51.69589,-6.0,49,6,3,1.619,True,2021-07-19 07:33,2021-07-22 18:05,1.0,2024.0,2021_RED146_fbp_fuel_90m.tif,151.0,0.0464,0.0199,0.9205,0.0066,0.0,0.0066,0.0,5.8,D-1/D-2,6653.0,0.3541,0.0699,0.3421,0.0508,0.0156,0.1674,0.0,47.9,D-1/D-2,2021_RED146_mrdem_dtm_90m.tif,1.0,355.8,27.5,3.8,7.12,2.18,-0.351,-0.139,348.0,33.9,3.76,7.07,2.15,0.01,0.017
2021_RED147,fire-spread-v1.0.0,holdout,2021,RED,2021-07-18,2021-09-14,59,2249.0,2156.51,"1,000-10,000 ha",lightning,lightning,MON,-94.9022,51.7015,True,0,-94.92611,51.70426,-6.0,1047,24,18,1.493,True,2021-07-19 07:33,2021-08-04 08:23,1.0,2024.0,2021_RED147_fbp_fuel_90m.tif,2600.0,0.08,0.0335,0.8358,0.0173,0.0027,0.0308,0.0,10.1,D-1/D-2,19565.0,0.5478,0.0838,0.0911,0.0511,0.0094,0.2168,0.0,76.5,C-4,2021_RED147_mrdem_dtm_90m.tif,1.0,350.2,34.0,4.05,7.01,2.32,-0.022,0.012,345.5,40.1,3.58,7.03,2.05,-0.023,0.008
2021_RED16,fire-spread-v1.0.0,holdout,2021,RED,2021-05-27,2021-10-05,132,158737.0,151745.61,"10,000 ha or more",lightning,lightning,MOD,-94.9221,51.3855,True,0,-94.59896,51.40846,-6.0,29573,94,82,0.826,True,2021-06-06 08:30,2021-08-18 18:49,10.0,2024.0,2021_RED16_fbp_fuel_90m.tif,184161.0,0.0802,0.0328,0.7551,0.0172,0.0004,0.1142,0.0,10.9,D-1/D-2,386538.0,0.588,0.0838,0.1166,0.0405,0.0027,0.1684,0.0,76.2,C-3,2021_RED16_mrdem_dtm_90m.tif,1.0,364.9,110.6,4.07,8.11,2.33,-0.029,-0.012,364.4,133.9,3.76,7.71,2.15,-0.02,0.007
2021_RED163,fire-spread-v1.0.0,holdout,2021,RED,2021-07-18,2021-09-14,59,442.0,461.52,"200-1,000 ha",lightning,lightning,MOD,-94.4032,52.4098,True,0,-94.39836,52.41822,-6.0,51,4,2,0.579,False,2021-07-20 17:53,2021-07-29 19:14,2.0,2024.0,2021_RED163_fbp_fuel_90m.tif,552.0,0.1322,0.0254,0.788,0.0054,0.0,0.0489,0.0,15.6,D-1/D-2,10021.0,0.6177,0.1187,0.025,0.0483,0.0484,0.1419,0.0,82.2,C-3,2021_RED163_mrdem_dtm_90m.tif,1.0,358.5,29.4,3.41,6.33,1.95,0.03,-0.121,356.0,50.9,3.76,7.44,2.15,0.006,0.017
2021_RED167,fire-spread-v1.0.0,holdout,2021,RED,2021-07-18,2021-08-12,26,140.0,139.81,40-200 ha,lightning,lightning,MON,-94.7366,53.0348,True,0,-94.72908,53.0327,-6.0,14,5,4,1.006,True,2021-07-20 19:34,2021-07-27 19:52,2.0,2024.0,2021_RED167_fbp_fuel_90m.tif,166.0,0.0602,0.012,0.9217,0.0,0.0,0.006,0.0,7.0,D-1/D-2,6995.0,0.7888,0.1438,0.0084,0.0159,0.001,0.042,0.0,90.9,C-4,2021_RED167_mrdem_dtm_90m.tif,1.0,320.7,20.2,3.26,6.26,1.86,0.05,0.494,307.7,49.5,3.11,6.56,1.78,-0.007,0.054
2021_RED185,fire-spread-v1.0.0,holdout,2021,RED,2021-07-19,2021-09-14,58,54.0,53.87,40-200 ha,lightning,lightning,MON,-92.7631,52.8449,True,0,-92.76516,52.84762,-6.0,10,3,2,1.305,False,2021-07-24 07:39,2021-07-25 08:10,5.0,2024.0,2021_RED185_fbp_fuel_90m.tif,64.0,0.0625,0.0156,0.9219,0.0,0.0,0.0,0.0,6.6,D-1/D-2,6176.0,0.8141,0.1397,0.0133,0.0094,0.0196,0.0039,0.0,90.3,C-2,2021_RED185_mrdem_dtm_90m.tif,1.0,301.9,25.4,4.03,7.37,2.3,0.134,-0.107,301.4,66.4,3.47,6.96,1.98,-0.005,0.047
2021_RED192,fire-spread-v1.0.0,holdout,2021,RED,2021-07-18,2021-07-31,14,439.0,443.33,"200-1,000 ha",lightning,lightning,MON,-95.1483,51.825,True,0,-95.1387,51.82144,-6.0,74,8,6,1.332,True,2021-07-23 07:58,2021-07-28 20:24,5.0,2024.0,2021_RED192_fbp_fuel_90m.tif,538.0,0.0279,0.013,0.9349,0.0037,0.0,0.0204,0.0,3.6,D-1/D-2,9968.0,0.095,0.0331,0.7199,0.0231,0.0016,0.1273,0.0,13.0,D-1/D-2,2021_RED192_mrdem_dtm_90m.tif,1.0,324.8,24.6,2.8,5.17,1.6,-0.209,-0.078,325.1,48.7,2.14,4.53,1.23,-0.096,0.029
2021_RED216,fire-spread-v1.0.0,holdout,2021,RED,2021-07-23,2021-09-14,54,804.0,830.14,"200-1,000 ha",lightning,lightning,MON,-95.1413,51.432,True,0,-95.1289,51.44026,-6.0,100,5,4,1.22,True,2021-08-01 19:58,2021-08-04 08:23,9.0,2024.0,2021_RED216_fbp_fuel_90m.tif,1000.0,0.092,0.02,0.861,0.009,0.0,0.018,0.0,10.4,D-1/D-2,10211.0,0.7983,0.0616,0.0335,0.0408,0.0012,0.0646,0.0,88.8,C-4,2021_RED216_mrdem_dtm_90m.tif,1.0,345.0,22.1,2.64,4.97,1.51,-0.027,-0.042,344.5,39.2,2.32,4.46,1.33,-0.069,-0.039
2021_RED221,fire-spread-v1.0.0,holdout,2021,RED,2021-07-22,2021-09-14,55,236.0,236.4,"200-1,000 ha",lightning,lightning,MON,-93.1434,53.7808,True,0,-93.14458,53.77355,-6.0,69,12,7,2.023,True,2021-07-29 19:15,2021-08-09 08:29,7.0,2024.0,2021_RED221_fbp_fuel_90m.tif,285.0,0.0175,0.0,0.9754,0.0,0.0,0.007,0.0,1.8,D-1/D-2,7627.0,0.7126,0.1264,0.0631,0.0187,0.0003,0.0789,0.0,84.2,C-2,2021_RED221_mrdem_dtm_90m.tif,1.0,270.5,24.6,3.31,6.43,1.89,0.147,0.015,266.0,38.1,2.29,4.77,1.31,-0.029,-0.02
2021_RED51,fire-spread-v1.0.0,holdout,2021,RED,2021-06-29,2021-10-05,99,53522.0,58694.88,"10,000 ha or more",lightning,lightning,MOD,-94.8214,52.5677,True,0,-94.71534,52.58058,-6.0,8356,50,45,0.778,True,2021-06-30 18:18,2021-08-04 08:23,1.0,2024.0,2021_RED51_fbp_fuel_90m.tif,70672.0,0.0413,0.0241,0.8369,0.0167,0.0003,0.0808,0.0,5.8,D-1/D-2,108080.0,0.6191,0.1103,0.0268,0.0431,0.009,0.1917,0.0,84.6,C-4,2021_RED51_mrdem_dtm_90m.tif,1.0,338.1,71.3,3.27,6.55,1.87,-0.012,0.007,336.0,86.1,3.06,6.4,1.75,-0.003,0.024
2021_RED55,fire-spread-v1.0.0,holdout,2021,RED,2021-07-02,2021-09-14,75,475.0,475.88,"200-1,000 ha",industrial other,human,FUL,-92.3226,51.3923,True,0,-92.29208,51.40327,-6.0,90,8,4,0.975,True,2021-07-03 18:11,2021-07-12 19:33,1.0,2024.0,2021_RED55_fbp_fuel_90m.tif,578.0,0.0519,0.0121,0.8858,0.0156,0.0,0.0346,0.0,5.9,D-1/D-2,11522.0,0.3121,0.0755,0.0534,0.0278,0.0023,0.529,0.0,74.6,C-2,2021_RED55_mrdem_dtm_90m.tif,1.0,402.7,30.1,3.01,5.85,1.72,0.041,0.172,397.3,33.9,2.05,5.16,1.18,-0.015,-0.024
2021_RED57,fire-spread-v1.0.0,holdout,2021,RED,2021-06-29,2021-07-08,10,1405.0,1651.11,"1,000-10,000 ha",lightning,lightning,MOD,-94.4933,51.3243,True,0,-94.49788,51.30829,-6.0,406,10,9,0.92,True,2021-07-05 07:45,2021-07-09 19:39,6.0,2024.0,2021_RED57_fbp_fuel_90m.tif,2007.0,0.0169,0.007,0.8435,0.0115,0.0,0.1211,0.0,2.3,D-1/D-2,13989.0,0.0831,0.0352,0.7788,0.0125,0.0002,0.0903,0.0,11.1,D-1/D-2,2021_RED57_mrdem_dtm_90m.tif,1.0,370.7,47.2,4.89,9.64,2.8,-0.002,-0.021,365.4,84.5,5.03,9.68,2.87,-0.03,0.022
2021_RED64,fire-spread-v1.0.0,holdout,2021,RED,2021-07-04,2021-09-14,73,11844.0,13514.92,"10,000 ha or more",lightning,lightning,MOD,-93.2755,51.9991,True,0,-93.29035,52.03877,-6.0,2912,23,20,0.944,True,2021-07-07 07:07,2021-07-19 09:13,3.0,2024.0,2021_RED64_fbp_fuel_90m.tif,16327.0,0.1137,0.0333,0.7238,0.0073,0.0,0.1218,0.0,14.6,D-1/D-2,44015.0,0.7048,0.1578,0.1051,0.0189,0.0002,0.0134,0.0,78.1,C-2,2021_RED64_mrdem_dtm_90m.tif,1.0,379.6,72.2,2.31,4.93,1.32,0.095,-0.091,378.2,85.8,2.28,4.68,1.31,0.025,-0.046
2021_RED65,fire-spread-v1.0.0,holdout,2021,RED,2021-07-04,2021-10-05,94,20254.0,21745.28,"10,000 ha or more",lightning,lightning,MOD,-94.6329,52.0212,True,0,-94.57609,52.0493,-6.0,2485,41,37,0.74,True,2021-07-06 18:05,2021-07-30 09:07,2.0,2024.0,2021_RED65_fbp_fuel_90m.tif,26283.0,0.0329,0.0136,0.8802,0.0133,0.0001,0.0599,0.0,4.3,D-1/D-2,70743.0,0.5803,0.0705,0.0639,0.0291,0.0065,0.2497,0.0,82.4,C-3,2021_RED65_mrdem_dtm_90m.tif,1.0,343.3,64.1,3.71,7.48,2.12,-0.041,0.02,339.2,74.8,3.53,7.5,2.02,-0.009,0.013
2021_RED67,fire-spread-v1.0.0,holdout,2021,RED,2021-07-01,2021-07-15,15,14537.0,15720.45,"10,000 ha or more",lightning,lightning,MOD,-94.3157,51.4406,True,0,-94.25539,51.3802,-6.0,3617,19,16,0.958,True,2021-07-05 18:24,2021-07-16 18:18,4.0,2024.0,2021_RED67_fbp_fuel_90m.tif,19062.0,0.058,0.0377,0.7908,0.0201,0.0001,0.0933,0.0,8.4,D-1/D-2,60254.0,0.2847,0.086,0.4345,0.0243,0.0017,0.1688,0.0,40.0,D-1/D-2,2021_RED67_mrdem_dtm_90m.tif,1.0,399.8,79.8,3.3,6.31,1.89,-0.054,-0.042,394.3,99.5,3.63,7.18,2.08,-0.029,-0.005
2021_RED68,fire-spread-v1.0.0,holdout,2021,RED,2021-07-04,2021-10-05,94,26674.0,27125.24,"10,000 ha or more",lightning,lightning,FUL,-93.5136,51.5026,True,0,-93.38669,51.62106,-6.0,3689,28,26,0.629,True,2021-07-05 07:45,2021-07-29 20:05,1.0,2024.0,2021_RED68_fbp_fuel_90m.tif,32881.0,0.0766,0.0241,0.8657,0.0123,0.0001,0.0211,0.0,8.8,D-1/D-2,143911.0,0.7309,0.0905,0.0228,0.0253,0.0013,0.1291,0.0,89.0,C-2,2021_RED68_mrdem_dtm_90m.tif,1.0,396.0,102.5,3.55,6.86,2.03,0.014,0.009,391.5,125.7,3.13,6.36,1.79,-0.013,0.04
2021_RED70,fire-spread-v1.0.0,holdout,2021,RED,2021-07-04,2021-07-11,8,12002.0,11116.75,"10,000 ha or more",lightning,lightning,MON,-94.4711,51.2617,True,0,-94.44362,51.2642,-6.0,2753,15,13,0.979,True,2021-07-05 07:45,2021-07-12 17:53,1.0,2024.0,2021_RED70_fbp_fuel_90m.tif,13489.0,0.0198,0.015,0.9087,0.0085,0.0,0.048,0.0,2.8,D-1/D-2,46893.0,0.2192,0.074,0.5177,0.0232,0.0016,0.1642,0.0,31.1,D-1/D-2,2021_RED70_mrdem_dtm_90m.tif,1.0,374.8,79.2,4.83,9.21,2.76,-0.03,-0.018,370.3,94.7,4.67,9.5,2.67,-0.04,-0.013
2021_RED71,fire-spread-v1.0.0,holdout,2021,RED,2021-07-04,2021-07-08,5,128.0,133.04,40-200 ha,lightning,lightning,MON,-94.3887,51.2384,True,0,-94.38944,51.23633,-6.0,25,7,3,0.951,True,2021-07-05 08:36,2021-07-07 20:17,1.0,2024.0,2021_RED71_fbp_fuel_90m.tif,162.0,0.0309,0.0617,0.784,0.0926,0.0,0.0309,0.0,6.5,D-1/D-2,6804.0,0.0563,0.0322,0.784,0.0156,0.0,0.112,0.0,8.0,D-1/D-2,2021_RED71_mrdem_dtm_90m.tif,1.0,376.1,25.9,4.4,8.6,2.52,-0.125,0.145,370.1,66.7,4.67,9.49,2.67,-0.048,-0.06
2021_RED72,fire-spread-v1.0.0,holdout,2021,RED,2021-07-04,2021-08-08,36,5931.0,6024.41,"1,000-10,000 ha",lightning,lightning,MON,-94.5618,51.1031,True,0,-94.54337,51.11874,-6.0,1622,47,39,1.027,True,2021-07-06 18:55,2021-08-09 08:30,2.0,2024.0,2021_RED72_fbp_fuel_90m.tif,7333.0,0.0075,0.0045,0.9565,0.0037,0.0001,0.0277,0.0,1.0,D-1/D-2,28572.0,0.4122,0.0969,0.2505,0.0345,0.0043,0.2017,0.0,58.4,D-1/D-2,2021_RED72_mrdem_dtm_90m.tif,1.0,367.1,73.5,5.0,9.83,2.86,-0.003,0.053,368.5,81.1,4.18,8.72,2.39,-0.019,0.051
2021_RED73,fire-spread-v1.0.0,holdout,2021,RED,2021-07-04,2021-09-14,73,8401.0,8352.29,"1,000-10,000 ha",lightning,lightning,FUL,-94.8551,51.104,True,0,-94.91109,51.10199,-6.0,2672,56,49,1.174,True,2021-07-05 07:46,2021-08-19 19:21,1.0,2024.0,2021_RED73_fbp_fuel_90m.tif,10155.0,0.0612,0.0119,0.8801,0.0126,0.0,0.0343,0.0,6.9,D-1/D-2,40563.0,0.6579,0.0688,0.042,0.0393,0.0015,0.1904,0.0,86.1,C-3,2021_RED73_mrdem_dtm_90m.tif,1.0,350.1,61.4,4.37,8.24,2.5,-0.091,-0.013,350.4,70.2,3.78,7.66,2.16,-0.032,0.002
2021_RED74,fire-spread-v1.0.0,holdout,2021,RED,2021-07-04,2021-07-11,8,42.0,54.19,40-200 ha,lightning,lightning,MON,-94.1908,51.3403,True,0,-94.19657,51.33853,-6.0,13,6,4,1.817,True,2021-07-06 18:55,2021-07-08 08:30,2.0,2024.0,2021_RED74_fbp_fuel_90m.tif,65.0,0.0308,0.0,0.7692,0.0154,0.0,0.1846,0.0,3.8,D-1/D-2,6176.0,0.1454,0.0661,0.655,0.023,0.0002,0.1104,0.0,20.0,D-1/D-2,2021_RED74_mrdem_dtm_90m.tif,1.0,403.1,18.4,4.4,7.42,2.52,-0.024,-0.315,403.8,38.4,3.16,6.2,1.81,0.001,-0.04
2021_RED77,fire-spread-v1.0.0,holdout,2021,RED,2021-07-04,2021-10-05,94,36038.0,33663.6,"10,000 ha or more",lightning,lightning,MOD,-94.5493,50.9414,True,0,-94.47762,51.01462,-6.0,5820,65,57,0.815,True,2021-07-06 18:05,2021-08-19 19:21,2.0,2024.0,2021_RED77_fbp_fuel_90m.tif,40957.0,0.045,0.0132,0.8369,0.0175,0.0003,0.0871,0.0,5.7,D-1/D-2,102017.0,0.4451,0.1102,0.2113,0.0334,0.0029,0.1972,0.0,63.2,C-4,2021_RED77_mrdem_dtm_90m.tif,1.0,393.2,93.7,3.82,7.66,2.19,-0.02,0.009,384.0,108.9,3.88,8.21,2.22,-0.023,0.031
2021_RED81,fire-spread-v1.0.0,holdout,2021,RED,2021-07-04,2021-09-14,73,5163.0,5310.16,"1,000-10,000 ha",lightning,lightning,FUL,-92.9307,53.8833,True,0,-92.87009,53.8898,-6.0,328,19,13,0.418,True,2021-07-07 17:47,2021-08-04 08:22,3.0,2024.0,2021_RED81_fbp_fuel_90m.tif,6347.0,0.4226,0.0605,0.4697,0.0162,0.0002,0.0309,0.0,47.0,D-1/D-2,21253.0,0.6762,0.0699,0.0294,0.0238,0.0004,0.2003,0.0,89.1,C-2,2021_RED81_mrdem_dtm_90m.tif,1.0,258.2,42.0,1.8,3.37,1.03,0.058,0.089,254.3,51.6,1.69,3.5,0.97,0.008,0.025
2021_RED87,fire-spread-v1.0.0,holdout,2021,RED,2021-07-01,2021-07-13,13,124.0,123.76,40-200 ha,lightning,lightning,MOD,-93.4112,51.6532,True,0,-93.412,51.65002,-6.0,21,4,3,1.25,True,2021-07-10 18:30,2021-07-11 19:52,9.0,2024.0,2021_RED87_fbp_fuel_90m.tif,149.0,0.0336,0.0067,0.9262,0.0336,0.0,0.0,0.0,3.5,D-1/D-2,7420.0,0.5562,0.0883,0.3055,0.0193,0.0009,0.0298,0.0,61.5,D-1/D-2,2021_RED87_mrdem_dtm_90m.tif,1.0,386.1,31.4,3.84,6.84,2.2,0.229,-0.034,392.7,66.0,3.52,6.71,2.01,0.053,0.041
2021_RED93,fire-spread-v1.0.0,holdout,2021,RED,2021-07-04,2021-07-31,28,1226.0,1246.04,"1,000-10,000 ha",lightning,lightning,MON,-94.8664,52.0977,True,0,-94.82969,52.11881,-6.0,159,13,11,0.892,True,2021-07-12 08:54,2021-07-29 19:14,8.0,2024.0,2021_RED93_fbp_fuel_90m.tif,1504.0,0.0545,0.016,0.8916,0.0093,0.0,0.0286,0.0,6.4,D-1/D-2,17900.0,0.5821,0.0747,0.1379,0.0243,0.0007,0.1802,0.0,75.5,C-3,2021_RED93_mrdem_dtm_90m.tif,1.0,328.5,36.8,4.14,8.03,2.37,0.07,-0.114,329.4,54.8,3.52,7.21,2.01,-0.006,-0.023
2021_SLK104,fire-spread-v1.0.0,holdout,2021,SLK,2021-07-19,2021-09-16,60,968.0,968.24,"200-1,000 ha",lightning,lightning,MON,-92.1881,52.7057,True,0,-92.15855,52.70942,-6.0,108,7,6,1.031,True,2021-07-24 18:18,2021-07-29 19:14,5.0,2024.0,2021_SLK104_fbp_fuel_90m.tif,1164.0,0.2036,0.0318,0.756,0.0017,0.0,0.0069,0.0,22.1,D-1/D-2,11376.0,0.7937,0.1453,0.0337,0.0126,0.0006,0.0142,0.0,87.6,C-2,2021_SLK104_mrdem_dtm_90m.tif,1.0,317.0,46.6,2.71,5.42,1.55,0.088,-0.131,310.3,58.7,2.5,5.1,1.43,0.037,0.058
2021_SLK106,fire-spread-v1.0.0,holdout,2021,SLK,2021-07-16,2021-09-16,63,1176.0,1177.74,"1,000-10,000 ha",lightning,lightning,MON,-91.825,52.3952,False,1,-91.79185,52.37643,-6.0,178,11,8,1.134,True,2021-07-25 07:20,2021-08-04 08:23,9.0,2024.0,2021_SLK106_fbp_fuel_90m.tif,1423.0,0.234,0.052,0.7091,0.0035,0.0,0.0014,0.0,25.8,D-1/D-2,18289.0,0.8191,0.0537,0.026,0.018,0.0017,0.0814,0.0,92.1,C-2,2021_SLK106_mrdem_dtm_90m.tif,1.0,381.3,38.8,2.61,4.93,1.49,0.02,0.063,383.0,92.8,2.68,5.35,1.53,-0.053,0.103
2021_SLK115,fire-spread-v1.0.0,holdout,2021,SLK,2021-07-26,2021-08-29,35,980.0,981.5,"200-1,000 ha",lightning,lightning,FUL,-91.6648,53.3609,True,0,-91.64165,53.34429,-6.0,95,8,5,0.831,True,2021-07-27 18:12,2021-08-04 08:23,1.0,2024.0,2021_SLK115_fbp_fuel_90m.tif,1180.0,0.1263,0.0085,0.8627,0.0008,0.0,0.0017,0.0,13.0,D-1/D-2,15155.0,0.818,0.0948,0.0222,0.0154,0.0024,0.0472,0.0,90.3,C-2,2021_SLK115_mrdem_dtm_90m.tif,1.0,297.7,24.7,1.9,3.48,1.09,0.168,0.009,292.7,52.6,1.85,3.73,1.06,0.003,0.117
2021_SLK124,fire-spread-v1.0.0,holdout,2021,SLK,2021-07-28,2021-09-16,51,74.0,74.42,40-200 ha,lightning,lightning,MON,-91.9363,52.6561,True,0,-91.92906,52.6549,-6.0,3,1,0,0.567,False,2021-07-28 07:13,2021-07-28 07:13,0.0,2024.0,2021_SLK124_fbp_fuel_90m.tif,88.0,0.125,0.0114,0.8636,0.0,0.0,0.0,0.0,12.8,D-1/D-2,6635.0,0.7864,0.1296,0.0338,0.0112,0.0015,0.0375,0.0,87.7,C-2,2021_SLK124_mrdem_dtm_90m.tif,1.0,340.4,13.7,2.73,4.44,1.57,0.214,-0.427,336.9,32.9,1.74,3.5,1.0,-0.046,0.023
2021_SLK17,fire-spread-v1.0.0,holdout,2021,SLK,2021-06-17,2021-09-16,92,1691.0,1711.92,"1,000-10,000 ha",industrial forestry,human,FUL,-91.8695,50.8662,True,0,-91.77973,50.87745,-6.0,433,30,19,1.019,True,2021-06-18 08:04,2021-07-18 20:11,1.0,2024.0,2021_SLK17_fbp_fuel_90m.tif,2089.0,0.0503,0.0096,0.9148,0.0048,0.0062,0.0144,0.0,5.7,D-1/D-2,23661.0,0.7006,0.0789,0.0758,0.0133,0.007,0.1245,0.0,85.7,C-2,2021_SLK17_mrdem_dtm_90m.tif,1.0,407.2,43.9,3.44,6.34,1.97,0.111,-0.223,403.3,71.5,2.45,5.46,1.4,0.005,-0.011
2021_SLK3,fire-spread-v1.0.0,holdout,2021,SLK,2021-05-14,2021-09-16,126,3104.0,3173.36,"1,000-10,000 ha",lightning,lightning,FUL,-92.329,50.43,True,0,-92.28222,50.4817,-6.0,237,4,2,0.651,False,2021-05-18 17:34,2021-07-12 18:42,4.0,2024.0,2021_SLK3_fbp_fuel_90m.tif,3872.0,0.0199,0.0111,0.9465,0.0015,0.001,0.0199,0.0,2.8,D-1/D-2,27838.0,0.4746,0.239,0.0851,0.0147,0.0069,0.1796,0.0,76.0,C-2,2021_SLK3_mrdem_dtm_90m.tif,1.0,387.4,60.3,3.6,7.59,2.06,0.114,-0.08,385.2,76.0,3.1,6.87,1.77,0.004,-0.023
2021_SLK34,fire-spread-v1.0.0,holdout,2021,SLK,2021-07-01,2021-08-06,37,66.0,65.75,40-200 ha,lightning,lightning,FUL,-90.8079,51.5292,True,0,-90.79702,51.53234,-6.0,2,1,0,0.428,False,2021-07-04 08:04,2021-07-04 08:04,3.0,2024.0,2021_SLK34_fbp_fuel_90m.tif,81.0,0.1605,0.0,0.7778,0.0123,0.0,0.0494,0.0,16.9,D-1/D-2,6783.0,0.8029,0.0282,0.0155,0.015,0.0,0.1384,0.0,94.6,C-2,2021_SLK34_mrdem_dtm_90m.tif,1.0,371.0,11.9,2.12,3.51,1.22,0.062,-0.046,371.5,32.4,2.01,4.03,1.15,-0.001,0.023
2021_SLK35,fire-spread-v1.0.0,holdout,2021,SLK,2021-07-01,2021-09-16,78,479.0,486.52,"200-1,000 ha",lightning,lightning,MON,-90.7602,53.2152,False,56,-90.71386,53.22224,-6.0,27,5,4,0.636,True,2021-07-03 17:22,2021-07-08 19:08,2.0,2024.0,2021_SLK35_fbp_fuel_90m.tif,584.0,0.0565,0.0051,0.9349,0.0034,0.0,0.0,0.0,5.8,D-1/D-2,14872.0,0.701,0.1289,0.0171,0.0318,0.0007,0.1205,0.0,85.7,C-2,2021_SLK35_mrdem_dtm_90m.tif,1.0,293.1,24.3,1.56,3.0,0.9,0.058,-0.199,291.0,47.2,1.44,2.75,0.82,-0.113,0.115
2021_SLK37,fire-spread-v1.0.0,holdout,2021,SLK,2021-07-02,2021-09-16,77,244.0,245.77,"200-1,000 ha",lightning,lightning,MON,-90.6015,53.374,True,0,-90.59882,53.37875,-6.0,62,7,4,2.117,True,2021-07-03 18:12,2021-07-16 08:29,1.0,2024.0,2021_SLK37_fbp_fuel_90m.tif,289.0,0.0519,0.0035,0.9412,0.0035,0.0,0.0,0.0,5.3,D-1/D-2,8923.0,0.6816,0.0971,0.0457,0.0344,0.0067,0.1345,0.0,84.2,C-2,2021_SLK37_mrdem_dtm_90m.tif,1.0,268.7,19.1,2.58,4.7,1.48,-0.223,0.045,269.2,51.2,2.28,4.53,1.31,-0.036,0.007
2021_SLK39,fire-spread-v1.0.0,holdout,2021,SLK,2021-07-02,2021-09-16,77,17514.0,18362.7,"10,000 ha or more",lightning,lightning,MON,-91.0777,51.8658,True,0,-90.97277,51.9641,-6.0,1719,49,39,0.518,True,2021-07-02 19:20,2021-08-15 18:55,0.0,2024.0,2021_SLK39_fbp_fuel_90m.tif,22207.0,0.196,0.0403,0.7096,0.0105,0.0,0.0435,0.0,22.2,D-1/D-2,103108.0,0.6934,0.1368,0.0212,0.0167,0.0002,0.1316,0.0,87.1,C-2,2021_SLK39_mrdem_dtm_90m.tif,1.0,383.4,71.0,2.64,5.53,1.51,0.023,0.01,381.5,85.6,2.24,4.69,1.28,0.009,0.014
2021_SLK43,fire-spread-v1.0.0,holdout,2021,SLK,2021-06-27,2021-09-16,82,8510.0,8650.72,"1,000-10,000 ha",lightning,lightning,MON,-90.5985,51.8093,True,0,-90.51272,51.83985,-6.0,902,23,20,0.676,True,2021-07-03 19:01,2021-08-15 18:55,6.0,2024.0,2021_SLK43_fbp_fuel_90m.tif,10450.0,0.1774,0.037,0.7656,0.0049,0.0001,0.0149,0.0,19.2,D-1/D-2,39966.0,0.7686,0.1331,0.023,0.0093,0.0001,0.0659,0.0,87.8,C-2,2021_SLK43_mrdem_dtm_90m.tif,1.0,386.1,76.1,3.06,6.37,1.75,0.02,-0.106,384.0,88.4,2.84,5.81,1.62,0.001,-0.07
2021_SLK46,fire-spread-v1.0.0,holdout,2021,SLK,2021-06-02,2021-09-16,107,3988.0,4024.25,"1,000-10,000 ha",lightning,lightning,MON,-91.2858,52.0461,True,0,-91.23207,52.10384,-6.0,56,11,9,0.15,False,2021-07-06 18:55,2021-07-27 08:23,34.0,2024.0,2021_SLK46_fbp_fuel_90m.tif,4861.0,0.2977,0.0459,0.6404,0.0039,0.0002,0.0119,0.0,32.1,D-1/D-2,39939.0,0.8285,0.0926,0.0208,0.0128,0.0002,0.045,0.0,91.3,C-2,2021_SLK46_mrdem_dtm_90m.tif,1.0,371.8,36.9,1.79,3.63,1.03,0.074,-0.058,373.4,60.8,1.82,3.64,1.04,0.027,0.005
2021_SLK47,fire-spread-v1.0.0,holdout,2021,SLK,2021-07-05,2021-09-16,74,19841.0,20522.65,"10,000 ha or more",lightning,lightning,MON,-91.8672,52.0072,True,0,-91.74384,52.06958,-6.0,1150,26,23,0.404,True,2021-07-07 07:58,2021-08-04 08:23,2.0,2024.0,2021_SLK47_fbp_fuel_90m.tif,24819.0,0.1967,0.0648,0.697,0.0133,0.0005,0.0277,0.0,22.4,D-1/D-2,83845.0,0.7802,0.1064,0.0159,0.0164,0.0215,0.0597,0.0,89.3,C-2,2021_SLK47_mrdem_dtm_90m.tif,1.0,412.4,60.2,2.67,5.39,1.53,0.012,0.046,409.7,80.6,2.38,4.87,1.36,0.026,0.051
2021_SLK5,fire-spread-v1.0.0,holdout,2021,SLK,2021-05-16,2021-06-21,37,226.0,227.12,"200-1,000 ha",lightning,lightning,FUL,-92.1404,50.4723,True,0,-92.13083,50.48601,-6.0,24,1,0,1.053,False,2021-05-19 07:27,2021-05-19 08:16,3.0,2024.0,2021_SLK5_fbp_fuel_90m.tif,271.0,0.0701,0.0332,0.8708,0.0074,0.0,0.0185,0.0,9.1,D-1/D-2,9321.0,0.4061,0.2473,0.1286,0.0201,0.0021,0.1958,0.0,67.6,C-2,2021_SLK5_mrdem_dtm_90m.tif,1.0,390.8,51.7,4.11,7.56,2.35,0.281,0.11,379.0,77.8,3.79,8.12,2.17,0.043,-0.019
2021_SLK50,fire-spread-v1.0.0,holdout,2021,SLK,2021-07-04,2021-07-26,23,256.0,256.66,"200-1,000 ha",lightning,lightning,FUL,-91.0023,53.8039,True,0,-90.99042,53.81152,-6.0,33,2,1,0.931,False,2021-07-08 07:38,2021-07-08 19:08,4.0,2024.0,2021_SLK50_fbp_fuel_90m.tif,309.0,0.123,0.0097,0.8641,0.0,0.0,0.0032,0.0,12.8,D-1/D-2,9084.0,0.7546,0.1307,0.0192,0.0164,0.0003,0.0788,0.0,88.9,C-2,2021_SLK50_mrdem_dtm_90m.tif,1.0,247.9,19.5,1.91,3.85,1.09,-0.405,0.179,242.0,47.5,2.0,4.13,1.14,0.005,0.006
2021_SLK60,fire-spread-v1.0.0,holdout,2021,SLK,2021-07-13,2021-09-16,66,1213.0,1247.97,"1,000-10,000 ha",lightning,lightning,FUL,-92.0777,51.6863,True,0,-92.022,51.70388,-6.0,25,5,4,0.214,True,2021-07-16 19:08,2021-07-18 18:30,3.0,2024.0,2021_SLK60_fbp_fuel_90m.tif,1509.0,0.0683,0.0093,0.8728,0.0166,0.0,0.0331,0.0,7.4,D-1/D-2,17415.0,0.7631,0.0814,0.0114,0.0243,0.0005,0.1194,0.0,90.5,C-2,2021_SLK60_mrdem_dtm_90m.tif,1.0,416.8,30.7,2.61,4.92,1.5,0.039,-0.01,410.9,49.0,2.26,4.58,1.29,0.057,0.031
2021_SLK63,fire-spread-v1.0.0,holdout,2021,SLK,2021-07-16,2021-09-16,63,191.0,191.19,40-200 ha,lightning,lightning,MON,-90.0248,52.5624,True,0,-90.0166,52.56361,-6.0,12,3,2,0.588,False,2021-07-16 19:58,2021-07-24 18:18,0.0,2024.0,2021_SLK63_fbp_fuel_90m.tif,234.0,0.0641,0.0,0.9359,0.0,0.0,0.0,0.0,6.4,D-1/D-2,7410.0,0.7754,0.1723,0.0198,0.0173,0.0009,0.0142,0.0,86.3,C-2,2021_SLK63_mrdem_dtm_90m.tif,1.0,298.4,18.1,2.05,3.49,1.17,0.094,-0.138,294.3,46.6,2.15,4.11,1.23,-0.093,0.052
2021_SLK73,fire-spread-v1.0.0,holdout,2021,SLK,2021-07-18,2021-09-16,61,3744.0,3825.16,"1,000-10,000 ha",lightning,lightning,MON,-92.4561,52.585,True,0,-92.38976,52.58747,-6.0,559,14,11,0.945,True,2021-07-20 18:43,2021-08-04 08:23,2.0,2024.0,2021_SLK73_fbp_fuel_90m.tif,4609.0,0.0384,0.0024,0.9362,0.005,0.0,0.018,0.0,4.0,D-1/D-2,24437.0,0.7443,0.0633,0.0184,0.015,0.0006,0.1584,0.0,92.2,C-2,2021_SLK73_mrdem_dtm_90m.tif,1.0,322.3,52.1,3.23,6.63,1.85,0.031,0.13,323.1,76.4,2.59,5.72,1.48,-0.024,0.057
2021_SLK87,fire-spread-v1.0.0,holdout,2021,SLK,2021-07-19,2021-09-16,60,86.0,86.6,40-200 ha,lightning,lightning,FUL,-89.704,52.5222,False,471,-89.72644,52.52363,-5.0,53,9,6,3.735,True,2021-07-18 18:30,2021-07-28 08:04,-1.0,2024.0,2021_SLK87_fbp_fuel_90m.tif,103.0,0.068,0.0,0.9029,0.0,0.0097,0.0194,0.0,7.0,D-1/D-2,7547.0,0.5952,0.1756,0.0248,0.0196,0.002,0.1829,0.0,81.2,C-2,2021_SLK87_mrdem_dtm_90m.tif,1.0,315.8,12.7,2.4,4.47,1.37,-0.124,-0.017,314.2,32.1,1.58,3.13,0.9,0.047,-0.029
2021_SUD42,fire-spread-v1.0.0,holdout,2021,SUD,2021-06-15,2021-07-07,23,56.0,51.31,40-200 ha,industrial forestry,human,FUL,-80.8838,46.9952,True,0,-80.88032,46.99366,-5.0,42,5,4,3.563,True,2021-06-16 06:11,2021-06-19 08:36,1.0,2024.0,2021_SUD42_fbp_fuel_90m.tif,65.0,0.0615,0.0462,0.8923,0.0,0.0,0.0,0.0,8.8,D-1/D-2,6097.0,0.6137,0.255,0.0492,0.0349,0.0018,0.0453,0.0,79.6,C-3,2021_SUD42_mrdem_dtm_90m.tif,1.0,358.8,83.4,16.04,28.23,8.97,0.47,-0.173,368.2,155.2,9.24,17.57,5.24,0.038,0.019
2021_THU33,fire-spread-v1.0.0,holdout,2021,THU,2021-06-07,2021-07-21,45,217.0,226.76,"200-1,000 ha",lightning,lightning,FUL,-89.6898,49.6261,True,0,-89.69978,49.62673,-5.0,39,2,1,1.364,False,2021-06-07 17:58,2021-06-08 19:20,0.0,2024.0,2021_THU33_fbp_fuel_90m.tif,272.0,0.0147,0.0037,0.9779,0.0,0.0,0.0037,0.0,1.7,D-1/D-2,7792.0,0.4374,0.1925,0.0866,0.0194,0.0051,0.259,0.0,73.2,C-2,2021_THU33_mrdem_dtm_90m.tif,1.0,422.0,19.7,2.79,5.45,1.6,-0.028,0.111,428.0,49.6,2.33,5.48,1.34,0.01,0.135
2021_THU36,fire-spread-v1.0.0,holdout,2021,THU,2021-06-04,2021-09-02,91,613.0,614.23,"200-1,000 ha",lightning,lightning,FUL,-90.7882,48.8815,True,0,-90.78983,48.8884,-6.0,82,5,3,1.076,True,2021-06-08 19:20,2021-06-16 18:29,4.0,2024.0,2021_THU36_fbp_fuel_90m.tif,757.0,0.0489,0.0502,0.8771,0.0092,0.0,0.0145,0.0,7.6,D-1/D-2,12008.0,0.3908,0.2964,0.1297,0.0188,0.0024,0.1619,0.0,64.5,C-2,2021_THU36_mrdem_dtm_90m.tif,1.0,463.6,36.5,4.1,7.48,2.35,0.0,-0.086,462.5,48.9,3.16,6.76,1.81,-0.021,-0.047
2021_THU38,fire-spread-v1.0.0,holdout,2021,THU,2021-06-04,2021-07-31,58,42.0,41.73,40-200 ha,lightning,lightning,FUL,-89.4547,49.4965,True,0,-89.45867,49.49949,-5.0,1,1,0,0.337,False,2021-06-09 19:01,2021-06-09 19:01,5.0,2024.0,2021_THU38_fbp_fuel_90m.tif,52.0,0.0,0.0,1.0,0.0,0.0,0.0,0.0,0.0,D-1/D-2,5952.0,0.5439,0.1964,0.2434,0.0029,0.0131,0.0003,0.0,65.1,C-2,2021_THU38_mrdem_dtm_90m.tif,1.0,392.8,15.4,2.67,4.68,1.53,0.186,-0.745,411.9,124.6,4.55,9.87,2.6,0.058,0.08
2021_THU8,fire-spread-v1.0.0,holdout,2021,THU,2021-05-18,2021-05-29,12,95.0,96.12,40-200 ha,resident,human,FUL,-89.5749,48.4967,True,0,-89.57672,48.50378,-5.0,7,1,0,0.878,False,2021-05-18 19:13,2021-05-18 20:03,0.0,2024.0,2021_THU8_fbp_fuel_90m.tif,122.0,0.0082,0.041,0.9508,0.0,0.0,0.0,0.0,2.9,D-1/D-2,6820.0,0.2705,0.3037,0.3199,0.0479,0.0391,0.0188,0.0,43.9,D-1,2021_THU8_mrdem_dtm_90m.tif,1.0,460.4,123.0,12.79,21.88,7.25,-0.364,0.023,393.4,237.3,8.96,17.94,5.09,-0.027,0.027
2021_TIM10,fire-spread-v1.0.0,holdout,2021,TIM,2021-07-01,2021-07-28,28,136.0,134.4,40-200 ha,lightning,lightning,FUL,-82.018,48.0027,True,0,-82.00708,47.99976,-5.0,13,3,2,0.837,False,2021-07-09 18:47,2021-07-12 18:41,8.0,2024.0,2021_TIM10_fbp_fuel_90m.tif,163.0,0.0245,0.0123,0.9448,0.0,0.0123,0.0061,0.0,3.4,D-1/D-2,7487.0,0.6171,0.2718,0.0486,0.0175,0.0104,0.0346,0.0,80.8,C-4,2021_TIM10_mrdem_dtm_90m.tif,1.0,395.3,16.8,1.13,2.49,0.65,-0.146,0.226,401.1,101.1,3.47,7.43,1.99,0.005,0.093
2022_CHA2,fire-spread-v1.0.0,holdout,2022,CHA,2022-05-10,2022-05-19,10,60.0,58.83,40-200 ha,railway,human,FUL,-82.3762,48.2199,True,0,-82.37436,48.22788,-5.0,2,1,0,0.239,False,2022-05-11 19:01,2022-05-11 19:01,1.0,2024.0,2022_CHA2_fbp_fuel_90m.tif,76.0,0.1842,0.0,0.8158,0.0,0.0,0.0,0.0,18.4,D-1/D-2,6567.0,0.6796,0.2059,0.0729,0.0131,0.0108,0.0177,0.0,81.0,C-3,2022_CHA2_mrdem_dtm_90m.tif,1.0,340.4,8.5,1.62,3.65,0.93,-0.237,0.28,339.8,55.3,1.77,3.81,1.02,-0.136,-0.06
2022_SLK4,fire-spread-v1.0.0,holdout,2022,SLK,2022-08-19,2022-09-29,42,72.0,72.42,40-200 ha,lightning,lightning,MON,-90.9179,52.8962,True,0,-90.91372,52.89779,-6.0,10,3,2,1.165,False,2022-08-20 07:38,2022-08-21 19:40,1.0,2024.0,2022_SLK4_fbp_fuel_90m.tif,87.0,0.0805,0.0,0.8851,0.023,0.0,0.0115,0.0,8.1,D-1/D-2,6965.0,0.5176,0.0719,0.0063,0.0185,0.0024,0.3832,0.0,89.4,C-2,2022_SLK4_mrdem_dtm_90m.tif,1.0,303.2,26.3,5.22,10.5,2.98,0.074,-0.154,299.9,29.9,1.38,3.32,0.79,0.006,-0.063
2022_SUD11,fire-spread-v1.0.0,holdout,2022,SUD,2022-05-11,2022-06-06,27,87.0,87.39,40-200 ha,lightning,lightning,FUL,-82.0545,46.8444,True,0,-82.05536,46.8568,-5.0,4,1,0,0.483,False,2022-05-13 18:22,2022-05-13 19:12,2.0,2024.0,2022_SUD11_fbp_fuel_90m.tif,107.0,0.0561,0.0374,0.8972,0.0093,0.0,0.0,0.0,8.2,D-1/D-2,8239.0,0.6458,0.1688,0.0154,0.0477,0.0,0.1222,0.0,85.3,C-2,2022_SUD11_mrdem_dtm_90m.tif,1.0,448.3,59.5,7.78,14.66,4.44,-0.158,0.091,449.4,107.1,8.34,16.17,4.75,0.028,0.011
2022_SUD4,fire-spread-v1.0.0,holdout,2022,SUD,2022-05-10,2022-06-04,26,229.0,229.87,"200-1,000 ha",resident,human,FUL,-80.7542,46.3085,True,0,-80.75032,46.32461,-5.0,18,2,1,0.673,False,2022-05-10 17:38,2022-05-11 17:20,0.0,2024.0,2022_SUD4_fbp_fuel_90m.tif,285.0,0.007,0.0246,0.9509,0.0105,0.007,0.0,0.0,1.8,D-1/D-2,8817.0,0.1066,0.2504,0.4895,0.0923,0.025,0.0362,0.0,23.3,D-1,2022_SUD4_mrdem_dtm_90m.tif,1.0,232.8,43.3,6.52,10.76,3.73,0.439,0.002,233.5,66.4,3.89,8.12,2.23,0.034,-0.039
2022_SUD7,fire-spread-v1.0.0,holdout,2022,SUD,2022-05-10,2022-06-05,27,221.0,221.34,"200-1,000 ha",resident,human,FUL,-80.5547,46.6348,True,0,-80.54769,46.64664,-5.0,8,2,1,0.381,False,2022-05-10 17:38,2022-05-11 18:09,0.0,2024.0,2022_SUD7_fbp_fuel_90m.tif,281.0,0.1068,0.4448,0.4484,0.0,0.0,0.0,0.0,32.7,D-1/D-2,7867.0,0.2451,0.3717,0.2115,0.0868,0.0089,0.076,0.0,47.5,M-1/M-2 (50% conifer),2022_SUD7_mrdem_dtm_90m.tif,1.0,306.9,64.0,6.06,11.52,3.47,-0.18,-0.202,284.0,93.4,4.84,10.04,2.76,0.013,-0.002
2022_TIM1,fire-spread-v1.0.0,holdout,2022,TIM,2022-05-09,2022-06-10,33,1445.0,1447.39,"1,000-10,000 ha",industrial forestry,human,FUL,-81.4159,47.4608,True,0,-81.39294,47.50047,-5.0,67,5,4,0.447,True,2022-05-10 06:12,2022-05-14 18:53,1.0,2024.0,2022_TIM1_fbp_fuel_90m.tif,1798.0,0.1179,0.0323,0.8415,0.0039,0.0017,0.0028,0.0,13.6,D-1/D-2,16122.0,0.619,0.1656,0.0834,0.0342,0.0066,0.0912,0.0,78.0,C-4,2022_TIM1_mrdem_dtm_90m.tif,1.0,402.5,61.1,3.05,7.15,1.74,0.051,-0.014,395.5,87.5,3.74,8.28,2.14,-0.046,0.037
2022_TIM2,fire-spread-v1.0.0,holdout,2022,TIM,2022-05-10,2022-05-22,13,58.0,57.51,40-200 ha,railway,human,FUL,-81.5629,47.4341,True,0,-81.56034,47.43878,-5.0,7,1,0,1.712,False,2022-05-10 17:39,2022-05-10 19:19,0.0,2024.0,2022_TIM2_fbp_fuel_90m.tif,70.0,0.0714,0.0143,0.9143,0.0,0.0,0.0,0.0,8.2,D-1/D-2,7544.0,0.465,0.2174,0.1449,0.0685,0.0151,0.0891,0.0,63.4,C-4,2022_TIM2_mrdem_dtm_90m.tif,1.0,395.7,5.2,1.12,2.01,0.64,0.114,-0.029,403.5,68.2,3.09,7.06,1.77,0.023,0.038
2023_CHA3,fire-spread-v1.0.0,holdout,2023,CHA,2023-06-01,2023-08-31,92,3917.0,3938.51,"1,000-10,000 ha",lightning,lightning,FUL,-82.4194,47.7236,True,0,-82.41071,47.7008,-5.0,419,16,14,0.85,True,2023-06-01 19:14,2023-06-10 08:18,0.0,2024.0,2023_CHA3_fbp_fuel_90m.tif,4911.0,0.2336,0.0525,0.0177,0.0169,0.6736,0.0057,0.0,81.0,C-3,25889.0,0.7052,0.1537,0.0693,0.0382,0.0038,0.0299,0.0,80.8,C-3,2023_CHA3_mrdem_dtm_90m.tif,1.0,390.3,34.8,2.23,4.98,1.27,0.005,-0.033,393.2,85.9,2.54,5.59,1.45,0.032,0.017
2023_CHA6,fire-spread-v1.0.0,holdout,2023,CHA,2023-06-01,2023-08-30,91,1229.0,1248.1,"1,000-10,000 ha",lightning,lightning,MOD,-83.812,48.1642,True,0,-83.80345,48.15408,-5.0,100,10,9,0.721,True,2023-06-03 19:26,2023-06-10 08:18,2.0,2024.0,2023_CHA6_fbp_fuel_90m.tif,1548.0,0.1634,0.1996,0.0181,0.0071,0.6014,0.0103,0.0,74.9,M-1/M-2 (75% conifer),16947.0,0.4129,0.445,0.0605,0.0229,0.0002,0.0584,0.0,71.7,C-2,2023_CHA6_mrdem_dtm_90m.tif,1.0,414.9,121.4,5.84,11.65,3.33,-0.148,0.117,412.6,172.6,7.65,14.94,4.36,0.008,0.042
2023_COC1,fire-spread-v1.0.0,holdout,2023,COC,2023-05-10,2023-10-12,156,781.0,783.44,"200-1,000 ha",lightning,lightning,MON,-85.3216,51.5566,True,0,-85.30863,51.56597,-5.0,53,3,2,0.538,False,2023-05-29 18:31,2023-05-30 19:53,19.0,2024.0,2023_COC1_fbp_fuel_90m.tif,947.0,0.1172,0.0201,0.1763,0.0116,0.6674,0.0074,0.0,39.9,D-1/D-2,12621.0,0.3208,0.0948,0.4813,0.049,0.0011,0.053,0.0,40.0,D-1/D-2,2023_COC1_mrdem_dtm_90m.tif,1.0,149.5,32.8,1.88,3.44,1.07,-0.189,-0.369,149.7,47.0,1.45,2.6,0.83,0.015,-0.132
2023_COC11,fire-spread-v1.0.0,holdout,2023,COC,2023-06-16,2023-09-19,96,805.0,673.88,"200-1,000 ha",unknown,unknown,FUL,-81.8548,52.1823,True,0,-81.81615,52.19807,-5.0,141,5,3,1.189,True,2023-06-17 17:34,2023-07-04 07:27,1.0,2024.0,2023_COC11_fbp_fuel_90m.tif,810.0,0.1111,0.042,0.0519,0.0173,0.7284,0.0494,0.0,59.6,C-2,16565.0,0.4688,0.1051,0.1851,0.0739,0.0121,0.155,0.0,64.2,C-2,2023_COC11_mrdem_dtm_90m.tif,1.0,17.6,25.8,2.89,7.53,1.66,-0.087,0.057,15.8,33.3,1.83,5.27,1.05,0.025,0.047
2023_COC12,fire-spread-v1.0.0,holdout,2023,COC,2023-06-12,2023-07-11,30,68.0,64.7,40-200 ha,unknown,unknown,FUL,-82.5495,52.9419,True,0,-82.53775,52.94702,-5.0,11,2,1,1.521,False,2023-06-20 07:39,2023-06-20 19:09,8.0,2024.0,2023_COC12_fbp_fuel_90m.tif,74.0,0.0676,0.0405,0.0,0.0,0.8919,0.0,0.0,81.2,C-2,6730.0,0.4404,0.3374,0.1322,0.0765,0.0049,0.0085,0.0,61.8,C-2,2023_COC12_mrdem_dtm_90m.tif,1.0,13.3,6.1,1.37,3.38,0.78,0.125,-0.362,11.6,15.4,0.85,1.75,0.49,0.083,-0.001
2023_COC19,fire-spread-v1.0.0,holdout,2023,COC,2023-06-23,2023-07-10,18,570.0,570.54,"200-1,000 ha",lightning,lightning,FUL,-79.7037,49.6071,True,0,-79.72275,49.5909,-5.0,5,1,0,0.099,False,2023-06-25 06:56,2023-06-25 06:56,2.0,2024.0,2023_COC19_fbp_fuel_90m.tif,704.0,0.017,0.0043,0.0114,0.0043,0.9616,0.0014,0.0,50.6,C-2,10810.0,0.6119,0.0976,0.1968,0.0043,0.0021,0.0872,0.0,71.8,C-2,2023_COC19_mrdem_dtm_90m.tif,1.0,283.4,14.7,1.22,2.14,0.7,0.177,-0.052,283.4,30.4,1.12,2.15,0.64,0.077,0.006
2023_COC20,fire-spread-v1.0.0,holdout,2023,COC,2023-06-21,2023-10-12,114,3118.0,3200.27,"1,000-10,000 ha",lightning,lightning,MON,-84.036,53.0639,True,0,-84.06276,53.07262,-5.0,280,23,21,0.642,True,2023-06-24 06:23,2023-07-13 16:57,3.0,2024.0,2023_COC20_fbp_fuel_90m.tif,3834.0,0.0683,0.025,0.0501,0.0689,0.7827,0.005,0.0,39.3,O-1a,26554.0,0.1755,0.0747,0.247,0.462,0.0072,0.0336,0.0,23.0,O-1a,2023_COC20_mrdem_dtm_90m.tif,1.0,93.8,21.2,1.2,2.23,0.69,-0.0,-0.058,95.6,30.1,1.06,2.02,0.61,0.034,-0.061
2023_COC22,fire-spread-v1.0.0,holdout,2023,COC,2023-06-20,2023-10-12,115,70.0,69.88,40-200 ha,lightning,lightning,MON,-85.0455,54.7233,True,0,-85.04378,54.72147,-5.0,4,2,1,0.805,False,2023-06-21 18:00,2023-06-21 19:41,1.0,2024.0,2023_COC22_fbp_fuel_90m.tif,80.0,0.0875,0.0,0.0125,0.025,0.875,0.0,0.0,70.0,C-1,6714.0,0.5535,0.105,0.1741,0.0246,0.0022,0.1406,0.0,70.3,C-2,2023_COC22_mrdem_dtm_90m.tif,1.0,116.6,4.9,0.83,1.38,0.47,-0.403,0.011,115.7,38.4,0.91,1.75,0.52,-0.198,0.288
2023_COC23,fire-spread-v1.0.0,holdout,2023,COC,2023-06-28,2023-10-12,107,95.0,96.27,40-200 ha,lightning,lightning,MON,-85.218,54.0634,True,0,-85.21799,54.06612,-5.0,3,1,0,0.292,False,2023-06-25 18:25,2023-06-25 19:15,-3.0,2024.0,2023_COC23_fbp_fuel_90m.tif,112.0,0.0536,0.0179,0.0268,0.0,0.9018,0.0,0.0,68.2,C-1,7432.0,0.405,0.1278,0.3615,0.024,0.0027,0.079,0.0,52.3,D-1/D-2,2023_COC23_mrdem_dtm_90m.tif,1.0,120.9,5.6,0.87,1.54,0.5,-0.143,0.213,120.4,23.4,0.83,1.61,0.48,-0.189,-0.109
2023_COC24,fire-spread-v1.0.0,holdout,2023,COC,2023-06-28,2023-10-12,107,4688.0,4849.97,"1,000-10,000 ha",lightning,lightning,MON,-85.6068,54.2308,True,0,-85.54545,54.32374,-5.0,481,22,18,0.71,True,2023-06-25 06:55,2023-08-05 18:06,-3.0,2024.0,2023_COC24_fbp_fuel_90m.tif,5785.0,0.097,0.0311,0.0947,0.0092,0.7329,0.0351,0.0,48.9,D-1/D-2,50159.0,0.3451,0.1103,0.3659,0.0383,0.0149,0.1254,0.0,46.4,D-1/D-2,2023_COC24_mrdem_dtm_90m.tif,1.0,100.5,34.7,1.36,2.79,0.78,-0.17,0.043,106.9,43.2,0.94,1.89,0.54,-0.125,0.016
2023_COC26,fire-spread-v1.0.0,holdout,2023,COC,2023-07-03,2023-10-02,92,168.0,171.75,40-200 ha,lightning,lightning,MON,-89.5192,55.8895,True,0,-89.50873,55.88631,-5.0,44,4,3,2.129,True,2023-07-02 07:13,2023-07-04 08:16,-1.0,2024.0,2023_COC26_fbp_fuel_90m.tif,193.0,0.0881,0.0466,0.0052,0.0155,0.8342,0.0104,0.0,64.2,C-2,10089.0,0.3738,0.2481,0.2995,0.057,0.004,0.0176,0.0,45.6,D-1/D-2,2023_COC26_mrdem_dtm_90m.tif,1.0,139.9,9.6,1.33,2.32,0.76,0.203,0.203,136.4,31.0,1.15,2.08,0.66,0.097,0.073
2023_COC29,fire-spread-v1.0.0,holdout,2023,COC,2023-07-02,2023-10-02,93,160.0,160.19,40-200 ha,lightning,lightning,MON,-89.2297,54.7009,True,0,-89.22881,54.7063,-5.0,26,2,1,1.053,False,2023-07-03 18:25,2023-07-04 09:07,1.0,2024.0,2023_COC29_fbp_fuel_90m.tif,192.0,0.1302,0.0312,0.0052,0.0,0.8333,0.0,0.0,87.5,C-2,8150.0,0.4529,0.0985,0.2615,0.1725,0.0106,0.004,0.0,51.8,D-1/D-2,2023_COC29_mrdem_dtm_90m.tif,1.0,138.5,9.4,1.28,2.38,0.73,0.134,0.046,136.6,20.5,1.21,2.26,0.69,0.062,0.051
2023_COC3,fire-spread-v1.0.0,holdout,2023,COC,2023-06-01,2023-06-16,16,80.0,81.75,40-200 ha,lightning,lightning,FUL,-81.0934,48.9046,True,0,-81.09354,48.90135,-5.0,6,1,0,0.688,False,2023-06-02 17:15,2023-06-02 18:55,1.0,2024.0,2023_COC3_fbp_fuel_90m.tif,98.0,0.0408,0.0,0.0,0.0,0.9592,0.0,0.0,100.0,C-2,6854.0,0.7469,0.1113,0.1052,0.0104,0.0016,0.0247,0.0,81.7,C-2,2023_COC3_mrdem_dtm_90m.tif,1.0,269.0,3.4,0.3,0.47,0.17,-0.187,0.477,269.5,41.6,1.03,2.27,0.59,0.254,0.126
2023_COC30,fire-spread-v1.0.0,holdout,2023,COC,2023-07-01,2023-10-02,94,2245.0,2252.32,"1,000-10,000 ha",lightning,lightning,MON,-89.6942,54.3855,True,0,-89.65752,54.41179,-5.0,14,3,2,0.069,False,2023-06-28 07:39,2023-06-29 08:10,-3.0,2024.0,2023_COC30_fbp_fuel_90m.tif,2675.0,0.1671,0.0393,0.0041,0.0082,0.7589,0.0224,0.0,83.0,C-2,26527.0,0.6238,0.1999,0.0482,0.0305,0.0085,0.0892,0.0,78.0,C-2,2023_COC30_mrdem_dtm_90m.tif,1.0,151.4,42.9,1.42,2.5,0.82,-0.027,0.208,149.0,51.6,1.33,2.53,0.76,0.072,0.106
2023_COC31,fire-spread-v1.0.0,holdout,2023,COC,2023-07-03,2023-10-02,92,143.0,143.2,40-200 ha,lightning,lightning,MON,-87.2589,54.5546,True,0,-87.25607,54.55985,,0,0,0,,False,,,,,,,,,,,,,,,,,,,,,,,,,,,,,,,,,,,,,,,,,
2023_COC32,fire-spread-v1.0.0,holdout,2023,COC,2023-07-03,2023-10-12,102,653.0,652.57,"200-1,000 ha",lightning,lightning,MON,-85.1801,54.6032,True,0,-85.14011,54.62124,-5.0,46,7,5,0.711,True,2023-07-03 18:25,2023-07-09 18:13,0.0,2024.0,2023_COC32_fbp_fuel_90m.tif,776.0,0.1302,0.0335,0.0838,0.0155,0.6688,0.0683,0.0,55.9,C-2,19104.0,0.3796,0.0855,0.2921,0.0404,0.0144,0.188,0.0,53.7,D-1/D-2,2023_COC32_mrdem_dtm_90m.tif,1.0,129.8,11.3,1.08,2.06,0.62,-0.206,0.17,126.0,32.5,0.68,1.4,0.39,-0.133,0.081
2023_COC33,fire-spread-v1.0.0,holdout,2023,COC,2023-07-02,2023-10-12,103,60.0,59.54,40-200 ha,lightning,lightning,MON,-85.3328,54.5029,True,0,-85.33463,54.50322,-5.0,2,1,0,0.472,False,2023-07-04 08:16,2023-07-04 09:07,2.0,2024.0,2023_COC33_fbp_fuel_90m.tif,69.0,0.0145,0.0,0.0145,0.0,0.9565,0.0145,0.0,50.0,D-1/D-2,6081.0,0.337,0.1084,0.2906,0.0457,0.001,0.2174,0.0,51.9,D-1/D-2,2023_COC33_mrdem_dtm_90m.tif,1.0,119.1,4.3,0.86,1.37,0.49,-0.205,-0.015,119.9,17.6,0.78,1.64,0.45,-0.165,0.042
2023_COC34,fire-spread-v1.0.0,holdout,2023,COC,2023-07-03,2023-10-12,102,184.0,187.48,40-200 ha,lightning,lightning,MON,-85.6523,54.6507,True,0,-85.65382,54.65343,-5.0,53,6,5,2.025,True,2023-07-03 06:55,2023-07-07 07:20,0.0,2024.0,2023_COC34_fbp_fuel_90m.tif,216.0,0.0417,0.0,0.0417,0.0139,0.8981,0.0046,0.0,42.9,D-1/D-2,9702.0,0.311,0.0771,0.4887,0.0444,0.0104,0.0684,0.0,38.7,D-1/D-2,2023_COC34_mrdem_dtm_90m.tif,1.0,98.5,5.0,0.77,1.42,0.44,0.15,0.164,96.9,15.0,0.81,1.59,0.47,0.016,0.086
2023_COC37,fire-spread-v1.0.0,holdout,2023,COC,2023-07-01,2023-10-02,94,41.0,40.68,40-200 ha,lightning,lightning,MON,-86.7,55.0661,True,0,-86.70326,55.06351,-5.0,2,1,0,0.691,False,2023-07-03 19:16,2023-07-03 19:16,2.0,2024.0,2023_COC37_fbp_fuel_90m.tif,50.0,0.02,0.02,0.08,0.04,0.84,0.0,0.0,21.9,D-1/D-2,6507.0,0.2215,0.0688,0.2676,0.1729,0.0011,0.2682,0.0,34.8,D-1/D-2,2023_COC37_mrdem_dtm_90m.tif,1.0,120.4,5.1,0.85,1.37,0.49,0.181,0.211,119.1,17.0,0.72,1.53,0.41,0.147,-0.013
2023_COC38,fire-spread-v1.0.0,holdout,2023,COC,2023-06-30,2023-10-17,110,21880.0,22181.97,"10,000 ha or more",lightning,lightning,MON,-79.8475,50.7194,True,0,-79.875,50.75967,-5.0,2140,48,41,0.677,True,2023-07-04 17:15,2023-10-01 19:27,4.0,2024.0,2023_COC38_fbp_fuel_90m.tif,27037.0,0.2443,0.0464,0.1269,0.0238,0.5536,0.005,0.0,62.3,C-2,71788.0,0.6071,0.1385,0.2177,0.0282,0.0007,0.0078,0.0,70.8,C-2,2023_COC38_mrdem_dtm_90m.tif,1.0,68.0,135.1,1.18,2.21,0.68,-0.0,0.453,80.0,178.3,1.15,2.23,0.66,0.023,0.423
2023_COC39,fire-spread-v1.0.0,holdout,2023,COC,2023-06-30,2023-10-17,110,543.0,543.1,"200-1,000 ha",lightning,lightning,MON,-81.2076,50.4308,True,0,-81.19254,50.44504,-5.0,130,9,3,1.295,True,2023-07-07 17:09,2023-09-05 18:24,7.0,2024.0,2023_COC39_fbp_fuel_90m.tif,661.0,0.1029,0.003,0.0,0.0,0.8941,0.0,0.0,98.6,C-2,10625.0,0.8405,0.0306,0.0702,0.0532,0.004,0.0015,0.0,86.4,C-2,2023_COC39_mrdem_dtm_90m.tif,1.0,121.7,40.2,2.67,5.21,1.53,-0.284,0.381,114.4,85.4,1.04,2.19,0.6,-0.337,0.355
2023_COC42,fire-spread-v1.0.0,holdout,2023,COC,2023-07-15,2023-09-08,56,50.0,51.14,40-200 ha,lightning,lightning,MON,-80.62,50.6741,True,0,-80.62678,50.67601,-5.0,5,1,0,1.1,False,2023-07-23 07:21,2023-07-23 08:11,8.0,2024.0,2023_COC42_fbp_fuel_90m.tif,61.0,0.0,0.0,0.0,0.0,1.0,0.0,0.0,,,6247.0,0.2145,0.0223,0.0615,0.001,0.7002,0.0006,0.0,76.2,C-2,2023_COC42_mrdem_dtm_90m.tif,1.0,108.1,7.8,1.65,3.53,0.94,-0.42,0.035,110.2,60.8,1.44,2.64,0.82,-0.315,0.152
2023_COC46,fire-spread-v1.0.0,holdout,2023,COC,2023-07-24,2023-10-12,81,1474.0,1474.4,"1,000-10,000 ha",lightning,lightning,MON,-85.0603,50.9907,True,0,-85.06513,50.97805,-5.0,302,24,16,0.973,True,2023-07-22 18:18,2023-10-04 18:30,-2.0,2024.0,2023_COC46_fbp_fuel_90m.tif,1791.0,0.0676,0.0246,0.0061,0.0006,0.9012,0.0,0.0,82.6,C-2,16680.0,0.6515,0.1757,0.1326,0.0267,0.0107,0.0029,0.0,76.9,C-2,2023_COC46_mrdem_dtm_90m.tif,1.0,137.7,17.3,0.99,1.83,0.57,0.17,-0.188,136.6,53.6,1.07,2.16,0.62,0.163,-0.07
2023_COC49,fire-spread-v1.0.0,holdout,2023,COC,2023-07-27,2023-10-17,83,10195.0,10226.7,"10,000 ha or more",lightning,lightning,MON,-80.7494,50.5531,True,0,-80.62359,50.67929,-5.0,232,16,13,0.215,True,2023-08-05 18:05,2023-10-02 07:39,9.0,2024.0,2023_COC49_fbp_fuel_90m.tif,12483.0,0.127,0.0164,0.0421,0.0029,0.8108,0.0008,0.0,73.2,C-2,64341.0,0.6912,0.0856,0.1902,0.0251,0.0036,0.0043,0.0,74.8,C-2,2023_COC49_mrdem_dtm_90m.tif,1.0,108.7,76.9,1.32,2.43,0.76,-0.322,0.25,111.2,169.6,1.29,2.46,0.74,-0.28,0.268
2023_COC52,fire-spread-v1.0.0,holdout,2023,COC,2023-09-04,2023-10-12,39,409.0,416.56,"200-1,000 ha",lightning,lightning,MON,-82.1242,51.4104,True,0,-82.1003,51.4231,-5.0,1,1,0,0.034,False,2023-09-05 19:15,2023-09-05 19:15,1.0,2024.0,2023_COC52_fbp_fuel_90m.tif,507.0,0.0059,0.0039,0.0256,0.0414,0.9211,0.002,0.0,10.3,O-1a,12333.0,0.1802,0.0829,0.1993,0.4793,0.0027,0.0557,0.0,23.1,O-1a,2023_COC52_mrdem_dtm_90m.tif,1.0,86.0,8.3,1.11,1.97,0.63,0.034,-0.06,86.6,13.9,0.94,1.71,0.54,0.029,0.055
2023_COC53,fire-spread-v1.0.0,holdout,2023,COC,2023-09-01,2023-10-12,42,1383.0,1198.02,"1,000-10,000 ha",lightning,lightning,MON,-84.8141,51.5625,True,0,-84.77868,51.57917,-5.0,72,13,8,0.481,True,2023-09-05 19:15,2023-10-01 07:58,4.0,2024.0,2023_COC53_fbp_fuel_90m.tif,1455.0,0.2103,0.0316,0.0241,0.0096,0.7058,0.0186,0.0,83.7,C-2,15681.0,0.4688,0.0871,0.3886,0.0221,0.0024,0.0311,0.0,54.0,D-1/D-2,2023_COC53_mrdem_dtm_90m.tif,1.0,158.9,14.8,1.09,2.0,0.62,0.133,-0.077,160.4,25.3,1.0,1.94,0.57,0.105,-0.039
2023_COC55,fire-spread-v1.0.0,holdout,2023,COC,2023-09-16,2023-10-17,32,3836.0,3897.93,"1,000-10,000 ha",lightning,lightning,MON,-80.3291,50.6355,True,0,-80.33793,50.61449,-5.0,211,8,7,0.487,True,2023-09-29 17:33,2023-10-02 08:29,13.0,2024.0,2023_COC55_fbp_fuel_90m.tif,4754.0,0.4287,0.1407,0.1681,0.0566,0.1946,0.0114,0.0,65.3,C-2,44416.0,0.6677,0.1447,0.1521,0.0318,0.0004,0.0033,0.0,75.9,C-2,2023_COC55_mrdem_dtm_90m.tif,1.0,200.6,63.0,1.37,2.45,0.79,-0.217,0.242,206.7,159.7,1.44,2.59,0.83,-0.193,0.274
2023_COC6,fire-spread-v1.0.0,holdout,2023,COC,2023-06-01,2023-07-07,37,1239.0,1240.21,"1,000-10,000 ha",lightning,lightning,FUL,-80.3046,48.9088,True,0,-80.30504,48.89468,-5.0,35,4,3,0.249,True,2023-06-02 18:04,2023-06-07 19:02,1.0,2024.0,2023_COC6_fbp_fuel_90m.tif,1539.0,0.2372,0.0318,0.0383,0.0026,0.6888,0.0013,0.0,80.8,C-2,13113.0,0.7615,0.1123,0.101,0.008,0.0014,0.0158,0.0,82.4,C-2,2023_COC6_mrdem_dtm_90m.tif,1.0,280.4,36.7,1.11,2.32,0.64,0.11,-0.062,284.7,42.0,1.32,3.08,0.76,0.062,-0.006
2023_COC7,fire-spread-v1.0.0,holdout,2023,COC,2023-06-01,2023-10-17,139,37742.0,37730.1,"10,000 ha or more",lightning,lightning,FUL,-79.6735,48.9843,True,0,-79.66996,49.03543,-5.0,2761,31,27,0.542,True,2023-06-02 07:28,2023-06-25 07:46,1.0,2024.0,2023_COC7_fbp_fuel_90m.tif,46559.0,0.2161,0.0578,0.0598,0.0012,0.6635,0.0016,0.0,72.9,C-2,102464.0,0.6022,0.1496,0.1416,0.0067,0.0401,0.0599,0.0,74.9,C-2,2023_COC7_mrdem_dtm_90m.tif,1.0,316.5,146.1,2.0,4.14,1.14,0.032,-0.033,303.0,153.8,1.82,3.87,1.04,0.002,-0.05
2023_HEA18,fire-spread-v1.0.0,holdout,2023,HEA,2023-08-03,2023-10-31,90,1608.0,1608.83,"1,000-10,000 ha",lightning,lightning,MOD,-82.3944,50.1384,True,0,-82.35753,50.16233,-5.0,128,8,6,0.725,True,2023-09-05 17:34,2023-10-04 18:30,33.0,2024.0,2023_HEA18_fbp_fuel_90m.tif,1970.0,0.1036,0.0193,0.0604,0.0437,0.768,0.0051,0.0,50.4,C-2,21214.0,0.6055,0.0632,0.1692,0.1539,0.0033,0.0049,0.0,64.3,C-2,2023_HEA18_mrdem_dtm_90m.tif,1.0,99.8,24.3,1.92,4.23,1.1,-0.004,-0.011,103.5,59.4,1.25,2.58,0.72,-0.045,0.103
2023_HEA5,fire-spread-v1.0.0,holdout,2023,HEA,2023-06-01,2023-06-27,27,90.0,90.17,40-200 ha,lightning,lightning,FUL,-82.1934,49.1387,True,0,-82.19168,49.13891,-5.0,5,2,1,0.624,False,2023-06-03 18:37,2023-06-04 18:18,2.0,2024.0,2023_HEA5_fbp_fuel_90m.tif,114.0,0.0789,0.0,0.0,0.0,0.9211,0.0,0.0,100.0,C-2,6942.0,0.8512,0.0785,0.0612,0.0019,0.001,0.0062,0.0,89.6,C-2,2023_HEA5_mrdem_dtm_90m.tif,1.0,253.4,4.4,0.59,1.1,0.34,0.132,0.025,255.4,42.8,0.98,1.94,0.56,0.289,-0.126
2023_KLK5,fire-spread-v1.0.0,holdout,2023,KLK,2023-06-06,2023-07-24,49,2300.0,2019.24,"1,000-10,000 ha",lightning,lightning,FUL,-80.248,47.5769,False,971,-80.28182,47.51969,-5.0,52,4,3,0.279,True,2023-06-07 18:10,2023-06-10 08:18,1.0,2024.0,2023_KLK5_fbp_fuel_90m.tif,2518.0,0.0326,0.0624,0.023,0.0334,0.8415,0.0071,0.0,42.5,M-1/M-2 (50% conifer),18160.0,0.2032,0.3927,0.1711,0.1549,0.0139,0.0642,0.0,43.1,M-1/M-2 (50% conifer),2023_KLK5_mrdem_dtm_90m.tif,1.0,382.2,172.7,7.49,15.71,4.26,0.275,0.01,377.3,277.1,6.75,14.07,3.84,0.124,0.073
2023_NIP107,fire-spread-v1.0.0,holdout,2023,NIP,2023-08-15,2023-10-17,64,173.0,172.65,40-200 ha,lightning,lightning,MON,-85.393,50.6717,False,20,-85.40698,50.67548,-5.0,17,4,2,0.57,False,2023-08-20 18:24,2023-08-23 08:30,5.0,2024.0,2023_NIP107_fbp_fuel_90m.tif,210.0,0.0429,0.0048,0.0048,0.0,0.9381,0.0095,0.0,88.6,C-2,8162.0,0.6503,0.0817,0.1337,0.1231,0.002,0.0092,0.0,71.0,C-2,2023_NIP107_mrdem_dtm_90m.tif,1.0,161.0,15.0,1.16,2.73,0.66,0.304,-0.251,162.7,20.8,0.89,1.89,0.51,0.045,0.051
2023_NIP13,fire-spread-v1.0.0,holdout,2023,NIP,2023-06-09,2023-10-24,138,40834.0,41845.38,"10,000 ha or more",lightning,lightning,FUL,-87.3543,50.8433,True,0,-87.22691,50.92342,-5.0,5464,69,64,0.711,True,2023-06-11 17:47,2023-08-30 19:27,2.0,2024.0,2023_NIP13_fbp_fuel_90m.tif,50933.0,0.1468,0.0663,0.0077,0.0038,0.7544,0.021,0.0,80.0,C-2,177239.0,0.5827,0.2144,0.0274,0.011,0.0272,0.1373,0.0,83.1,C-2,2023_NIP13_mrdem_dtm_90m.tif,1.0,294.9,103.9,1.65,3.35,0.94,0.101,0.054,290.4,122.3,1.43,3.01,0.82,0.047,0.054
2023_NIP19,fire-spread-v1.0.0,holdout,2023,NIP,2023-06-13,2023-10-24,134,10183.0,10549.66,"10,000 ha or more",lightning,lightning,FUL,-87.5622,51.0052,True,0,-87.47833,51.06761,-5.0,1083,31,25,0.533,True,2023-06-13 17:59,2023-07-26 17:53,0.0,2024.0,2023_NIP19_fbp_fuel_90m.tif,12833.0,0.0789,0.0327,0.0041,0.0053,0.8519,0.027,0.0,77.2,C-2,48175.0,0.6952,0.176,0.0208,0.0101,0.0045,0.0936,0.0,86.6,C-2,2023_NIP19_mrdem_dtm_90m.tif,1.0,297.5,60.5,1.59,3.18,0.91,0.064,0.159,299.7,92.5,1.54,3.15,0.88,0.047,0.092
2023_NIP24,fire-spread-v1.0.0,holdout,2023,NIP,2023-06-09,2023-09-12,96,1515.0,1517.84,"1,000-10,000 ha",lightning,lightning,MON,-86.2882,52.2812,True,0,-86.26243,52.29029,-5.0,242,20,17,0.991,True,2023-06-21 08:11,2023-07-06 19:09,12.0,2024.0,2023_NIP24_fbp_fuel_90m.tif,1843.0,0.2024,0.0326,0.0076,0.0049,0.7444,0.0081,0.0,89.5,C-2,25035.0,0.4228,0.1265,0.284,0.0405,0.0012,0.1249,0.0,56.5,C-2,2023_NIP24_mrdem_dtm_90m.tif,1.0,183.1,40.0,2.11,4.52,1.21,0.083,-0.09,180.1,42.6,1.18,2.39,0.68,-0.025,-0.015
2023_NIP25,fire-spread-v1.0.0,holdout,2023,NIP,2023-06-19,2023-07-05,17,130.0,130.32,40-200 ha,lightning,lightning,MOD,-88.2433,52.9961,False,0,-88.24238,52.98798,-5.0,31,7,5,1.079,True,2023-06-24 07:14,2023-06-29 07:21,5.0,2024.0,2023_NIP25_fbp_fuel_90m.tif,152.0,0.1316,0.0461,0.0,0.0,0.8224,0.0,0.0,87.0,C-2,6895.0,0.2989,0.0938,0.0326,0.0297,0.3088,0.2361,0.0,74.4,C-2,2023_NIP25_mrdem_dtm_90m.tif,1.0,233.3,20.6,3.1,5.97,1.77,0.084,-0.085,224.8,41.6,2.15,4.81,1.23,0.044,0.057
2023_NIP26,fire-spread-v1.0.0,holdout,2023,NIP,2023-06-20,2023-09-13,86,8648.0,9069.5,"1,000-10,000 ha",lightning,lightning,FUL,-88.7836,53.8073,True,0,-88.74255,53.82973,-5.0,912,24,19,0.631,True,2023-06-21 18:00,2023-07-07 07:20,1.0,2024.0,2023_NIP26_fbp_fuel_90m.tif,10842.0,0.1718,0.1436,0.0083,0.0079,0.6229,0.0454,0.0,66.0,C-2,43814.0,0.4793,0.332,0.0536,0.0306,0.0027,0.1018,0.0,65.7,C-2,2023_NIP26_mrdem_dtm_90m.tif,1.0,191.3,50.6,1.71,3.17,0.98,0.087,0.127,187.8,63.8,1.44,2.78,0.82,0.049,0.1
2023_NIP29,fire-spread-v1.0.0,holdout,2023,NIP,2023-06-22,2023-09-07,78,69.0,68.15,40-200 ha,lightning,lightning,FUL,-88.5687,51.4024,True,0,-88.56925,51.40367,-5.0,19,2,1,2.063,False,2023-07-03 07:46,2023-07-03 18:24,11.0,2024.0,2023_NIP29_fbp_fuel_90m.tif,83.0,0.0482,0.0,0.0,0.0,0.9398,0.012,0.0,100.0,C-2,6237.0,0.8071,0.1031,0.0247,0.0112,0.0035,0.0503,0.0,90.0,C-2,2023_NIP29_mrdem_dtm_90m.tif,1.0,304.1,25.5,5.22,8.59,2.99,-0.167,0.171,309.2,47.2,2.12,4.44,1.21,0.003,0.103
2023_NIP35,fire-spread-v1.0.0,holdout,2023,NIP,2023-07-03,2023-10-24,114,61.0,60.73,40-200 ha,lightning,lightning,FUL,-87.4019,52.8787,True,0,-87.40478,52.87436,-5.0,3,2,1,0.695,False,2023-07-08 07:52,2023-07-26 08:04,5.0,2024.0,2023_NIP35_fbp_fuel_90m.tif,73.0,0.1507,0.0,0.0,0.0,0.8219,0.0274,0.0,100.0,C-2,6463.0,0.3211,0.0314,0.0241,0.0226,0.0022,0.5986,0.0,84.7,C-2,2023_NIP35_mrdem_dtm_90m.tif,1.0,205.1,19.7,4.06,6.2,2.32,0.618,-0.051,198.1,24.9,1.27,3.58,0.73,-0.01,0.01
2023_NIP36,fire-spread-v1.0.0,holdout,2023,NIP,2023-07-03,2023-10-24,114,177.0,177.16,40-200 ha,lightning,lightning,MON,-87.2564,52.8998,True,0,-87.24473,52.90434,-5.0,17,3,1,1.111,False,2023-07-06 18:19,2023-07-07 18:50,3.0,2024.0,2023_NIP36_fbp_fuel_90m.tif,212.0,0.1745,0.0,0.0,0.0,0.8019,0.0236,0.0,100.0,C-2,8236.0,0.484,0.0389,0.0069,0.0183,0.0008,0.4511,0.0,91.6,C-2,2023_NIP36_mrdem_dtm_90m.tif,1.0,201.6,15.7,1.95,3.57,1.11,0.135,-0.182,196.9,22.7,0.87,2.13,0.5,0.107,-0.012
2023_NIP37,fire-spread-v1.0.0,holdout,2023,NIP,2023-07-03,2023-08-13,42,307.0,306.96,"200-1,000 ha",lightning,lightning,MOD,-87.494,52.3818,True,0,-87.47785,52.39305,-5.0,14,4,2,0.275,False,2023-07-06 17:28,2023-07-07 18:50,3.0,2024.0,2023_NIP37_fbp_fuel_90m.tif,374.0,0.0508,0.0241,0.0,0.0,0.9171,0.008,0.0,81.2,C-2,10210.0,0.7052,0.0693,0.0135,0.0133,0.0028,0.1958,0.0,92.5,C-2,2023_NIP37_mrdem_dtm_90m.tif,1.0,255.3,21.6,2.42,4.09,1.38,0.4,-0.08,252.0,46.4,1.96,3.98,1.12,0.016,0.053
2023_NIP39,fire-spread-v1.0.0,holdout,2023,NIP,2023-07-03,2023-08-14,43,71.0,70.93,40-200 ha,lightning,lightning,MOD,-87.5303,51.9495,True,0,-87.53197,51.94915,-5.0,10,3,1,0.991,False,2023-07-08 19:21,2023-07-29 19:28,5.0,2024.0,2023_NIP39_fbp_fuel_90m.tif,88.0,0.0455,0.0114,0.1591,0.0114,0.7614,0.0114,0.0,22.5,D-1/D-2,8351.0,0.7795,0.1091,0.0547,0.0108,0.0025,0.0433,0.0,86.9,C-2,2023_NIP39_mrdem_dtm_90m.tif,1.0,263.6,13.3,1.36,2.36,0.78,0.032,-0.019,260.2,48.2,1.49,2.77,0.85,-0.016,0.22
2023_NIP42,fire-spread-v1.0.0,holdout,2023,NIP,2023-07-03,2023-08-13,42,64.0,63.74,40-200 ha,lightning,lightning,MON,-87.0576,53.1985,True,0,-87.0469,53.19821,-5.0,4,2,1,0.882,False,2023-07-06 18:19,2023-07-08 19:22,3.0,2024.0,2023_NIP42_fbp_fuel_90m.tif,76.0,0.0789,0.0263,0.0,0.0,0.8947,0.0,0.0,84.4,C-2,6979.0,0.4344,0.1651,0.0841,0.273,0.0017,0.0417,0.0,51.6,C-2,2023_NIP42_mrdem_dtm_90m.tif,1.0,171.9,7.8,0.87,1.37,0.5,-0.511,0.089,172.9,22.5,1.03,1.85,0.59,-0.012,0.109
2023_NIP43,fire-spread-v1.0.0,holdout,2023,NIP,2023-07-03,2023-08-14,43,258.0,257.75,"200-1,000 ha",lightning,lightning,MON,-87.8313,53.4902,True,0,-87.82387,53.49397,-5.0,61,5,3,2.019,True,2023-07-06 18:19,2023-07-22 08:30,3.0,2024.0,2023_NIP43_fbp_fuel_90m.tif,305.0,0.0754,0.0525,0.0033,0.0,0.8656,0.0033,0.0,67.5,C-2,10304.0,0.3627,0.288,0.0651,0.078,0.0139,0.1923,0.0,56.4,C-2,2023_NIP43_mrdem_dtm_90m.tif,1.0,177.0,25.5,2.46,4.93,1.41,0.283,-0.131,179.2,45.7,2.07,4.68,1.18,0.001,0.092
2023_NIP9,fire-spread-v1.0.0,holdout,2023,NIP,2023-05-30,2023-10-24,148,48555.0,53467.35,"10,000 ha or more",lightning,lightning,MON,-88.3788,53.0395,True,0,-88.36336,53.17706,-5.0,7065,53,51,0.671,True,2023-06-05 18:50,2023-08-05 19:47,6.0,2024.0,2023_NIP9_fbp_fuel_90m.tif,64142.0,0.1562,0.0846,0.0502,0.0313,0.5849,0.0929,0.0,58.6,C-2,128949.0,0.4646,0.1747,0.0823,0.0589,0.0222,0.1973,0.0,68.0,C-2,2023_NIP9_mrdem_dtm_90m.tif,1.0,237.4,56.1,2.25,4.54,1.29,0.039,-0.01,236.3,68.7,1.93,4.03,1.11,0.034,0.014
2023_NIP98,fire-spread-v1.0.0,holdout,2023,NIP,2023-08-02,2023-09-12,42,56.0,55.97,40-200 ha,lightning,lightning,MON,-88.0715,53.1559,True,0,-88.07108,53.15467,-5.0,27,3,2,2.764,False,2023-08-05 09:07,2023-08-06 07:58,3.0,2024.0,2023_NIP98_fbp_fuel_90m.tif,67.0,0.1194,0.0597,0.0,0.0,0.8209,0.0,0.0,81.2,C-2,6233.0,0.4754,0.1287,0.082,0.108,0.0079,0.1981,0.0,66.2,C-2,2023_NIP98_mrdem_dtm_90m.tif,1.0,247.7,15.5,3.15,5.41,1.81,-0.168,0.204,236.9,39.2,2.36,5.02,1.35,0.01,-0.026
2023_PEM1,fire-spread-v1.0.0,holdout,2023,PEM,2023-06-04,2023-06-23,20,48.0,48.38,40-200 ha,resident,human,FUL,-77.0691,45.1537,True,0,-77.07079,45.14956,-5.0,4,2,1,0.872,False,2023-06-04 19:06,2023-06-05 07:22,0.0,2024.0,2023_PEM1_fbp_fuel_90m.tif,62.0,0.0161,0.0,0.0,0.0806,0.8226,0.0806,0.0,16.7,O-1a,6334.0,0.1959,0.2455,0.3031,0.0598,0.0232,0.1724,0.0,39.3,D-1,2023_PEM1_mrdem_dtm_90m.tif,1.0,272.8,62.0,11.04,18.84,6.28,-0.072,0.394,283.0,144.2,7.47,15.35,4.26,0.114,0.114
2023_RED26,fire-spread-v1.0.0,holdout,2023,RED,2023-06-01,2023-07-22,52,170.0,169.86,40-200 ha,lightning,lightning,FUL,-92.9906,51.3788,True,0,-92.98907,51.37919,-6.0,53,6,5,1.987,True,2023-06-10 18:06,2023-06-13 09:02,9.0,2024.0,2023_RED26_fbp_fuel_90m.tif,200.0,0.145,0.005,0.0,0.015,0.83,0.005,0.0,89.4,C-2,8354.0,0.7376,0.0812,0.0105,0.0268,0.0037,0.1402,0.0,91.1,C-2,2023_RED26_mrdem_dtm_90m.tif,1.0,424.3,21.4,3.7,6.46,2.12,-0.093,-0.034,426.6,47.6,2.66,5.46,1.53,0.033,-0.093
2023_RED27,fire-spread-v1.0.0,holdout,2023,RED,2023-06-09,2023-08-25,78,528.0,616.67,"200-1,000 ha",lightning,lightning,FUL,-92.707,51.2427,True,0,-92.71121,51.23808,-6.0,195,9,8,1.368,True,2023-06-10 19:47,2023-06-16 19:34,1.0,2024.0,2023_RED27_fbp_fuel_90m.tif,751.0,0.1238,0.0293,0.004,0.0133,0.7017,0.1278,0.0,82.6,C-2,11239.0,0.5244,0.1422,0.0409,0.0262,0.0107,0.2556,0.0,82.5,C-2,2023_RED27_mrdem_dtm_90m.tif,1.0,405.3,31.0,4.68,8.6,2.67,0.069,0.013,405.3,66.6,3.61,7.5,2.06,-0.038,-0.018
2023_RED28,fire-spread-v1.0.0,holdout,2023,RED,2023-06-04,2023-10-05,124,19177.0,19917.78,"10,000 ha or more",lightning,lightning,FUL,-92.2131,50.7161,True,0,-92.15832,50.74328,-6.0,1828,39,34,0.515,True,2023-06-10 19:47,2023-07-07 19:40,6.0,2024.0,2023_RED28_fbp_fuel_90m.tif,24286.0,0.1681,0.0125,0.0096,0.0061,0.7715,0.0322,0.0,89.0,C-2,52637.0,0.7944,0.073,0.0388,0.0093,0.0158,0.0687,0.0,91.6,C-2,2023_RED28_mrdem_dtm_90m.tif,1.0,425.4,93.0,3.09,6.49,1.77,0.067,-0.094,420.4,104.8,2.68,5.71,1.53,0.059,-0.031
2023_RED29,fire-spread-v1.0.0,holdout,2023,RED,2023-06-09,2023-09-05,89,5013.0,5037.68,"1,000-10,000 ha",lightning,lightning,FUL,-92.5964,50.6102,True,0,-92.54685,50.61274,-6.0,557,27,25,0.65,True,2023-06-11 18:37,2023-07-09 08:24,2.0,2024.0,2023_RED29_fbp_fuel_90m.tif,6157.0,0.167,0.0107,0.0023,0.0026,0.8135,0.0039,0.0,94.8,C-2,45139.0,0.8291,0.068,0.0296,0.0142,0.0039,0.0552,0.0,91.9,C-2,2023_RED29_mrdem_dtm_90m.tif,1.0,426.5,82.1,3.56,7.24,2.03,0.052,-0.147,418.9,114.8,2.98,6.38,1.7,-0.029,-0.042
2023_RED32,fire-spread-v1.0.0,holdout,2023,RED,2023-06-02,2023-08-05,65,536.0,535.91,"200-1,000 ha",lightning,lightning,FUL,-94.6138,52.1375,True,0,-94.62726,52.1432,-6.0,94,8,6,1.076,True,2023-06-11 19:28,2023-06-20 08:30,9.0,2024.0,2023_RED32_fbp_fuel_90m.tif,653.0,0.3369,0.0168,0.0031,0.0153,0.6034,0.0245,0.0,92.9,C-3,10162.0,0.4417,0.0437,0.0789,0.0298,0.0045,0.4013,0.0,77.8,C-3,2023_RED32_mrdem_dtm_90m.tif,1.0,327.7,33.2,4.29,7.65,2.45,-0.058,-0.133,326.3,48.4,3.38,8.1,1.93,0.04,-0.058
2023_RED5,fire-spread-v1.0.0,holdout,2023,RED,2023-05-11,2023-08-06,88,11748.0,12214.01,"10,000 ha or more",lightning,lightning,MOD,-93.2176,53.4689,True,0,-93.15218,53.57346,-6.0,636,6,4,0.473,True,2023-05-25 07:26,2023-05-30 17:23,14.0,2024.0,2023_RED5_fbp_fuel_90m.tif,14635.0,0.0846,0.02,0.004,0.0095,0.8421,0.0399,0.0,80.7,C-2,73583.0,0.6882,0.1012,0.0286,0.0233,0.0144,0.1443,0.0,88.2,C-2,2023_RED5_mrdem_dtm_90m.tif,1.0,280.9,75.9,4.69,9.26,2.68,0.008,0.005,276.5,81.2,3.74,7.9,2.14,-0.004,0.018
2023_RED70,fire-spread-v1.0.0,holdout,2023,RED,2023-08-04,2023-10-05,63,1179.0,1197.67,"1,000-10,000 ha",lightning,lightning,MNP,-94.8182,52.3064,True,0,-94.80805,52.32429,-6.0,171,6,5,0.951,True,2023-08-12 19:15,2023-08-15 19:59,8.0,2024.0,2023_RED70_fbp_fuel_90m.tif,1445.0,0.0893,0.0235,0.0069,0.0138,0.8471,0.0194,0.0,75.3,C-2,13713.0,0.5314,0.1247,0.1702,0.0329,0.0034,0.1375,0.0,69.0,C-3,2023_RED70_mrdem_dtm_90m.tif,1.0,346.3,23.9,2.04,3.77,1.17,-0.115,-0.006,344.2,40.2,2.04,3.98,1.17,-0.076,0.005
2023_SLK18,fire-spread-v1.0.0,holdout,2023,SLK,2023-06-05,2023-07-13,39,2457.0,2466.51,"1,000-10,000 ha",lightning,lightning,MON,-90.2512,52.2693,True,0,-90.2065,52.27549,-6.0,293,11,9,1.032,True,2023-06-07 17:23,2023-06-16 19:34,2.0,2024.0,2023_SLK18_fbp_fuel_90m.tif,2976.0,0.1401,0.0601,0.0013,0.0037,0.7927,0.002,0.0,77.9,C-2,18570.0,0.605,0.1751,0.0166,0.01,0.1317,0.0617,0.0,84.5,C-2,2023_SLK18_mrdem_dtm_90m.tif,1.0,326.9,38.3,2.75,5.53,1.58,0.025,-0.076,327.5,50.7,2.19,4.42,1.25,0.037,0.003
2023_SLK19,fire-spread-v1.0.0,holdout,2023,SLK,2023-06-05,2023-07-13,39,825.0,825.51,"200-1,000 ha",lightning,lightning,MON,-89.2822,52.0922,True,0,-89.2701,52.10092,-5.0,21,5,4,0.238,True,2023-06-07 08:23,2023-06-12 19:09,2.0,2024.0,2023_SLK19_fbp_fuel_90m.tif,997.0,0.015,0.009,0.002,0.0,0.9739,0.0,0.0,73.1,C-2,11288.0,0.7043,0.2269,0.0321,0.0059,0.0022,0.0286,0.0,83.3,C-2,2023_SLK19_mrdem_dtm_90m.tif,1.0,313.1,34.9,2.04,4.17,1.17,0.052,0.119,310.7,42.3,1.47,2.88,0.84,0.057,0.065
2023_SLK20,fire-spread-v1.0.0,holdout,2023,SLK,2023-06-04,2023-06-29,26,85.0,85.41,40-200 ha,lightning,lightning,FUL,-90.9121,50.6653,True,0,-90.90595,50.66914,-6.0,3,2,1,0.329,False,2023-06-07 19:52,2023-06-08 19:33,3.0,2024.0,2023_SLK20_fbp_fuel_90m.tif,104.0,0.0577,0.0,0.0096,0.0,0.9327,0.0,0.0,85.7,C-4,6526.0,0.6796,0.1093,0.0185,0.0152,0.002,0.1755,0.0,89.0,C-2,2023_SLK20_mrdem_dtm_90m.tif,1.0,420.2,38.7,5.68,12.28,3.24,-0.181,0.115,402.9,66.2,4.63,9.62,2.64,-0.037,0.044
2023_SLK23,fire-spread-v1.0.0,holdout,2023,SLK,2023-06-07,2023-08-22,77,18200.0,19128.78,"10,000 ha or more",lightning,lightning,FUL,-90.7008,53.7625,True,0,-90.65427,53.78881,-6.0,2112,27,23,0.682,True,2023-06-10 18:56,2023-07-08 19:22,3.0,2024.0,2023_SLK23_fbp_fuel_90m.tif,22857.0,0.1466,0.0424,0.008,0.0146,0.7393,0.0491,0.0,78.3,C-2,79223.0,0.5282,0.1358,0.0804,0.0261,0.0108,0.2186,0.0,76.3,C-2,2023_SLK23_mrdem_dtm_90m.tif,1.0,226.9,48.9,1.95,3.75,1.11,0.005,0.025,228.2,67.1,1.6,3.37,0.92,0.023,0.045
2023_SLK29,fire-spread-v1.0.0,holdout,2023,SLK,2023-06-09,2023-07-13,35,447.0,446.55,"200-1,000 ha",lightning,lightning,MON,-89.8102,52.106,True,0,-89.81335,52.10814,-5.0,36,7,4,0.693,True,2023-06-10 18:06,2023-06-16 19:34,1.0,2024.0,2023_SLK29_fbp_fuel_90m.tif,543.0,0.1934,0.0921,0.0074,0.0037,0.6998,0.0037,0.0,78.6,C-2,11001.0,0.7428,0.1704,0.0266,0.0175,0.0267,0.016,0.0,84.6,C-2,2023_SLK29_mrdem_dtm_90m.tif,1.0,333.4,30.9,1.99,3.46,1.14,-0.046,0.339,325.3,41.8,1.81,3.43,1.03,0.042,0.014
2023_SLK30,fire-spread-v1.0.0,holdout,2023,SLK,2023-06-08,2023-07-13,36,67.0,67.09,40-200 ha,lightning,lightning,MOD,-91.8482,53.5822,True,0,-91.83745,53.58389,-6.0,2,1,0,0.419,False,2023-06-10 18:56,2023-06-10 19:47,2.0,2024.0,2023_SLK30_fbp_fuel_90m.tif,84.0,0.0357,0.0238,0.0,0.0476,0.881,0.0119,0.0,44.4,O-1a,6720.0,0.7555,0.1467,0.0211,0.0359,0.0024,0.0384,0.0,86.1,C-2,2023_SLK30_mrdem_dtm_90m.tif,1.0,275.2,9.3,1.56,2.62,0.89,-0.452,0.218,275.9,30.0,1.46,2.97,0.84,-0.005,0.117
2023_SLK31,fire-spread-v1.0.0,holdout,2023,SLK,2023-06-10,2023-10-06,119,38033.0,39971.67,"10,000 ha or more",lightning,lightning,MON,-89.1258,50.9728,True,0,-89.10784,51.04955,-5.0,6112,40,31,0.803,True,2023-06-11 18:37,2023-07-08 19:21,1.0,2024.0,2023_SLK31_fbp_fuel_90m.tif,48638.0,0.2033,0.0294,0.0088,0.007,0.7094,0.042,0.0,86.9,C-2,109394.0,0.7296,0.1031,0.047,0.0113,0.0092,0.0997,0.0,87.2,C-2,2023_SLK31_mrdem_dtm_90m.tif,1.0,359.1,96.7,2.65,5.64,1.52,0.05,0.058,353.4,110.5,2.42,5.24,1.39,0.019,0.014
2023_SLK33,fire-spread-v1.0.0,holdout,2023,SLK,2023-06-05,2023-10-06,124,62378.0,66992.38,"10,000 ha or more",lightning,lightning,FUL,-90.1077,50.5579,True,0,-89.97932,50.64396,-5.0,9242,61,47,0.739,True,2023-06-12 18:18,2023-08-21 18:56,7.0,2024.0,2023_SLK33_fbp_fuel_90m.tif,81710.0,0.1076,0.0203,0.0105,0.0084,0.7911,0.0621,0.0,80.2,C-2,143053.0,0.6368,0.0898,0.0408,0.0228,0.0176,0.1922,0.0,85.8,C-2,2023_SLK33_mrdem_dtm_90m.tif,1.0,393.7,98.4,2.78,5.67,1.59,0.032,-0.003,389.4,104.5,2.71,5.75,1.55,0.035,0.015
2023_SLK44,fire-spread-v1.0.0,holdout,2023,SLK,2023-06-09,2023-08-25,78,6208.0,6240.71,"1,000-10,000 ha",lightning,lightning,FUL,-90.8216,51.0888,True,0,-90.84805,51.12399,-6.0,571,18,17,0.658,True,2023-06-19 18:37,2023-07-07 18:49,10.0,2024.0,2023_SLK44_fbp_fuel_90m.tif,7580.0,0.4211,0.0492,0.0161,0.009,0.4901,0.0145,0.0,89.3,C-2,39928.0,0.5918,0.0744,0.0323,0.0125,0.0021,0.2869,0.0,87.7,C-2,2023_SLK44_mrdem_dtm_90m.tif,1.0,378.9,50.5,2.13,4.28,1.22,-0.017,-0.048,380.6,61.2,1.81,4.37,1.04,0.024,-0.027
2023_SLK47,fire-spread-v1.0.0,holdout,2023,SLK,2023-07-21,2023-08-22,33,17104.0,18705.88,"10,000 ha or more",lightning,lightning,MON,-90.366,53.1217,True,0,-90.24533,53.17635,,0,0,0,,False,,,,,,,,,,,,,,,,,,,,,,,,,,,,,,,,,,,,,,,,,
2023_SLK48,fire-spread-v1.0.0,holdout,2023,SLK,2023-06-20,2023-08-22,64,4748.0,4940.18,"1,000-10,000 ha",lightning,lightning,MON,-90.4112,53.3889,True,0,-90.40667,53.37807,-6.0,572,13,11,0.703,True,2023-06-20 07:39,2023-07-04 18:57,0.0,2024.0,2023_SLK48_fbp_fuel_90m.tif,5919.0,0.224,0.05,0.0074,0.014,0.6657,0.0389,0.0,83.0,C-2,31107.0,0.6524,0.1502,0.0386,0.0332,0.004,0.1216,0.0,81.0,C-2,2023_SLK48_mrdem_dtm_90m.tif,1.0,268.1,44.2,1.88,3.39,1.08,-0.058,0.195,270.8,53.8,1.63,3.13,0.94,-0.011,0.101
2023_SLK51,fire-spread-v1.0.0,holdout,2023,SLK,2023-06-22,2023-07-30,39,98.0,97.89,40-200 ha,lightning,lightning,MON,-89.2566,52.4803,True,0,-89.25345,52.48227,-5.0,13,5,4,1.149,True,2023-06-21 18:00,2023-06-27 19:28,-1.0,2024.0,2023_SLK51_fbp_fuel_90m.tif,119.0,0.042,0.0504,0.0,0.0,0.9076,0.0,0.0,72.7,C-2,6901.0,0.6711,0.2362,0.038,0.0128,0.0017,0.0403,0.0,81.3,C-2,2023_SLK51_mrdem_dtm_90m.tif,1.0,314.0,11.9,1.73,2.96,0.99,-0.109,-0.206,314.0,33.9,1.65,3.32,0.94,0.038,-0.039
2023_SLK53,fire-spread-v1.0.0,holdout,2023,SLK,2023-06-24,2023-07-13,20,334.0,334.34,"200-1,000 ha",miscellaneous,human,FUL,-90.8784,53.9106,True,0,-90.88336,53.89648,-6.0,44,7,5,0.673,True,2023-06-24 18:44,2023-06-28 08:29,0.0,2024.0,2023_SLK53_fbp_fuel_90m.tif,400.0,0.16,0.055,0.035,0.0025,0.73,0.0175,0.0,72.8,C-2,11738.0,0.5048,0.131,0.113,0.0144,0.003,0.2339,0.0,73.8,C-2,2023_SLK53_mrdem_dtm_90m.tif,1.0,230.3,30.9,2.11,3.8,1.21,0.187,-0.012,229.5,40.8,1.55,3.38,0.88,0.049,0.014
2023_SLK54,fire-spread-v1.0.0,holdout,2023,SLK,2023-06-24,2023-08-22,60,2493.0,2647.14,"1,000-10,000 ha",lightning,lightning,MON,-91.1363,53.1768,True,0,-91.13594,53.18132,-6.0,241,9,8,0.659,True,2023-06-24 18:44,2023-07-06 19:09,0.0,2024.0,2023_SLK54_fbp_fuel_90m.tif,3173.0,0.2395,0.0728,0.011,0.0262,0.5991,0.0514,0.0,77.8,C-2,19457.0,0.7302,0.1345,0.0191,0.0291,0.0034,0.0837,0.0,86.7,C-2,2023_SLK54_mrdem_dtm_90m.tif,1.0,286.9,27.6,1.84,3.55,1.06,0.093,0.068,285.9,48.9,1.78,3.54,1.02,0.047,0.083
2023_SLK58,fire-spread-v1.0.0,holdout,2023,SLK,2023-06-26,2023-07-13,18,54.0,54.46,40-200 ha,lightning,lightning,FUL,-89.5752,53.9116,True,0,-89.5747,53.91093,-5.0,4,2,1,0.775,False,2023-06-28 07:39,2023-06-28 18:19,2.0,2024.0,2023_SLK58_fbp_fuel_90m.tif,65.0,0.0,0.0615,0.0,0.0154,0.8923,0.0308,0.0,30.0,M-1/M-2 (25% conifer),6413.0,0.4117,0.383,0.0426,0.0303,0.0012,0.1313,0.0,66.2,C-2,2023_SLK58_mrdem_dtm_90m.tif,1.0,208.7,9.8,2.39,4.02,1.37,0.126,-0.031,208.4,23.3,1.18,2.36,0.68,0.035,0.086
2023_SLK7,fire-spread-v1.0.0,holdout,2023,SLK,2023-05-25,2023-10-06,135,20426.0,21164.62,"10,000 ha or more",lightning,lightning,FUL,-91.8501,51.7644,True,0,-91.8151,51.87502,-6.0,1436,28,27,0.534,True,2023-05-27 07:40,2023-09-03 08:24,2.0,2024.0,2023_SLK7_fbp_fuel_90m.tif,25596.0,0.259,0.0581,0.006,0.0135,0.6319,0.0315,0.0,82.2,C-2,98648.0,0.6923,0.0973,0.0351,0.0247,0.0046,0.1461,0.0,85.6,C-2,2023_SLK7_mrdem_dtm_90m.tif,1.0,414.4,61.6,2.12,4.08,1.21,-0.014,-0.093,411.6,61.6,1.91,3.87,1.09,0.007,-0.035
2023_SLK70,fire-spread-v1.0.0,holdout,2023,SLK,2023-07-04,2023-08-21,49,237.0,238.15,"200-1,000 ha",lightning,lightning,MON,-91.6793,54.4874,True,0,-91.69169,54.48317,-6.0,13,3,2,0.768,False,2023-07-02 18:44,2023-07-04 08:17,-2.0,2024.0,2023_SLK70_fbp_fuel_90m.tif,287.0,0.1289,0.0348,0.0035,0.0139,0.8014,0.0174,0.0,81.2,C-2,10113.0,0.6548,0.1659,0.0148,0.0369,0.0044,0.1231,0.0,84.7,C-2,2023_SLK70_mrdem_dtm_90m.tif,1.0,204.5,13.8,1.38,2.47,0.79,0.033,0.198,206.8,36.7,1.57,3.3,0.9,0.03,0.123
2023_SLK75,fire-spread-v1.0.0,holdout,2023,SLK,2023-07-07,2023-08-21,46,103.0,103.31,40-200 ha,lightning,lightning,MON,-91.594,54.2797,False,30,-91.58475,54.2819,-6.0,6,2,1,0.817,False,2023-07-06 19:09,2023-07-08 19:22,-1.0,2024.0,2023_SLK75_fbp_fuel_90m.tif,121.0,0.1157,0.0,0.0,0.0,0.8843,0.0,0.0,100.0,C-2,7799.0,0.6633,0.1118,0.0292,0.0294,0.0042,0.1621,0.0,85.6,C-2,2023_SLK75_mrdem_dtm_90m.tif,1.0,216.2,16.5,3.33,5.84,1.9,0.044,-0.088,215.5,34.5,1.86,4.17,1.07,-0.007,0.051
2023_SUD10,fire-spread-v1.0.0,holdout,2023,SUD,2023-06-02,2023-07-13,42,1292.0,1332.65,"1,000-10,000 ha",lightning,lightning,FUL,-81.8123,46.5705,True,0,-81.81119,46.56534,-5.0,73,8,7,0.538,True,2023-06-04 18:17,2023-06-10 18:04,2.0,2024.0,2023_SUD10_fbp_fuel_90m.tif,1674.0,0.2007,0.5508,0.0795,0.0209,0.1338,0.0143,0.0,56.1,M-1/M-2 (50% conifer),13948.0,0.2065,0.5222,0.2154,0.0306,0.0005,0.0248,0.0,47.9,M-1/M-2 (50% conifer),2023_SUD10_mrdem_dtm_90m.tif,1.0,387.0,150.3,8.07,15.98,4.59,-0.276,-0.022,371.3,171.1,9.2,19.16,5.22,0.049,-0.026
2023_SUD11,fire-spread-v1.0.0,holdout,2023,SUD,2023-06-02,2023-06-06,5,63.0,62.91,40-200 ha,lightning,lightning,FUL,-81.8167,46.5852,True,0,-81.8189,46.58842,,0,0,0,,False,,,,,,,,,,,,,,,,,,,,,,,,,,,,,,,,,,,,,,,,,
2023_SUD17,fire-spread-v1.0.0,holdout,2023,SUD,2023-06-02,2023-07-14,43,5857.0,6039.92,"1,000-10,000 ha",lightning,lightning,FUL,-82.2622,46.6328,True,0,-82.28271,46.5949,-5.0,910,11,10,0.91,True,2023-06-03 17:45,2023-06-09 18:23,1.0,2024.0,2023_SUD17_fbp_fuel_90m.tif,7612.0,0.0927,0.1404,0.0251,0.0148,0.7045,0.0223,0.0,60.7,M-1/M-2 (50% conifer),26042.0,0.2723,0.4666,0.1589,0.0466,0.0029,0.0527,0.0,54.0,M-1/M-2 (50% conifer),2023_SUD17_mrdem_dtm_90m.tif,1.0,426.3,113.0,7.31,14.66,4.17,0.015,-0.086,423.6,170.4,8.22,16.34,4.68,0.034,-0.059
2023_SUD19,fire-spread-v1.0.0,holdout,2023,SUD,2023-06-02,2023-07-12,41,459.0,466.07,"200-1,000 ha",lightning,lightning,FUL,-81.9973,46.7506,True,0,-82.00096,46.74734,-5.0,52,6,5,0.845,True,2023-06-07 07:35,2023-06-10 08:19,5.0,2024.0,2023_SUD19_fbp_fuel_90m.tif,591.0,0.4264,0.4349,0.0051,0.0321,0.0829,0.0186,0.0,77.8,C-2,9201.0,0.4115,0.4491,0.0236,0.0292,0.0,0.0866,0.0,74.4,C-2,2023_SUD19_mrdem_dtm_90m.tif,1.0,448.0,67.6,10.64,18.86,6.05,0.026,-0.109,450.5,138.1,8.97,17.52,5.1,-0.008,-0.015
2023_THU40,fire-spread-v1.0.0,holdout,2023,THU,2023-08-01,2023-09-06,37,82.0,81.26,40-200 ha,lightning,lightning,FUL,-90.8627,48.463,True,0,-90.85152,48.46517,-6.0,13,2,1,1.731,False,2023-08-02 19:01,2023-08-03 08:56,1.0,2024.0,2023_THU40_fbp_fuel_90m.tif,99.0,0.0303,0.0808,0.0101,0.0,0.8788,0.0,0.0,54.2,M-1/M-2 (50% conifer),7077.0,0.3699,0.4185,0.1409,0.0081,0.0021,0.0605,0.0,62.6,M-1/M-2 (50% conifer),2023_THU40_mrdem_dtm_90m.tif,1.0,441.7,38.1,5.26,10.48,3.0,-0.171,-0.107,433.8,107.5,5.05,10.87,2.88,-0.088,0.084
2023_TIM7,fire-spread-v1.0.0,holdout,2023,TIM,2023-06-04,2023-07-10,37,149.0,148.55,40-200 ha,lightning,lightning,FUL,-81.9443,47.9984,True,0,-81.94523,48.0036,-5.0,20,6,2,0.852,False,2023-06-04 17:27,2023-06-09 18:24,0.0,2024.0,2023_TIM7_fbp_fuel_90m.tif,184.0,0.1793,0.125,0.0217,0.0163,0.6576,0.0,0.0,75.0,C-4,7369.0,0.572,0.2969,0.0516,0.0293,0.0042,0.046,0.0,77.9,C-4,2023_TIM7_mrdem_dtm_90m.tif,1.0,373.0,28.1,3.07,5.4,1.76,-0.71,-0.157,383.9,109.6,4.06,8.17,2.32,0.074,0.117
2023_WAW2,fire-spread-v1.0.0,holdout,2023,WAW,2023-05-26,2023-06-20,26,104.0,103.56,40-200 ha,railway,human,FUL,-85.371,48.615,True,0,-85.35957,48.6164,-5.0,6,1,0,0.815,False,2023-05-27 18:17,2023-05-27 19:08,1.0,2024.0,2023_WAW2_fbp_fuel_90m.tif,124.0,0.0323,0.0323,0.0242,0.0,0.9113,0.0,0.0,56.8,M-1/M-2 (50% conifer),7037.0,0.3307,0.4378,0.1425,0.0199,0.0203,0.0487,0.0,61.5,M-1/M-2 (50% conifer),2023_WAW2_mrdem_dtm_90m.tif,1.0,380.0,49.5,4.86,8.55,2.78,-0.369,-0.033,393.5,156.5,7.5,16.11,4.26,-0.042,-0.053
2023_WAW3,fire-spread-v1.0.0,holdout,2023,WAW,2023-05-27,2023-07-26,61,6678.0,7006.11,"1,000-10,000 ha",miscellaneous,human,FUL,-85.1704,48.5366,True,0,-85.1215,48.58851,-5.0,327,10,8,0.436,True,2023-05-27 18:17,2023-06-03 19:26,0.0,2024.0,2023_WAW3_fbp_fuel_90m.tif,8663.0,0.0494,0.0398,0.023,0.0089,0.8424,0.0365,0.0,57.2,C-2,34653.0,0.4082,0.332,0.1333,0.0201,0.0117,0.0947,0.0,65.7,C-2,2023_WAW3_mrdem_dtm_90m.tif,1.0,445.6,160.4,7.88,16.49,4.48,0.065,-0.057,452.9,227.9,8.43,17.82,4.79,-0.006,-0.012
2024_COC11,fire-spread-v1.0.0,holdout,2024,COC,2024-06-01,2024-09-09,101,3000.0,2855.94,"1,000-10,000 ha",lightning,lightning,MOD,-81.5584,50.4504,True,0,-81.53172,50.46146,-5.0,139,2,1,0.547,False,2024-06-24 19:19,2024-06-25 07:57,23.0,2024.0,2024_COC11_fbp_fuel_90m.tif,3489.0,0.8576,0.0797,0.0097,0.0201,0.0003,0.0327,0.0,93.0,C-2,19446.0,0.8255,0.0272,0.0279,0.0883,0.0013,0.0299,0.0,86.8,C-2,2024_COC11_mrdem_dtm_90m.tif,1.0,62.5,30.6,2.1,7.73,1.2,-0.028,0.04,65.8,46.0,1.05,2.54,0.6,-0.03,0.088
2024_COC15,fire-spread-v1.0.0,holdout,2024,COC,2024-06-25,2024-09-09,77,247.0,250.0,"200-1,000 ha",lightning,lightning,MON,-85.8362,54.8294,True,0,-85.79173,54.83877,-5.0,41,11,9,1.069,True,2024-06-24 08:15,2024-08-22 08:08,-1.0,2024.0,2024_COC15_fbp_fuel_90m.tif,304.0,0.4309,0.1316,0.4013,0.0164,0.0,0.0197,0.0,48.7,D-1/D-2,12368.0,0.1197,0.0348,0.6024,0.1647,0.0,0.0783,0.0,14.6,D-1/D-2,2024_COC15_mrdem_dtm_90m.tif,1.0,75.7,9.6,1.86,3.25,1.06,-0.055,0.081,75.4,25.0,1.09,2.16,0.62,0.062,-0.027
2024_COC16,fire-spread-v1.0.0,holdout,2024,COC,2024-07-11,2024-09-09,61,800.0,192.22,"200-1,000 ha",lightning,lightning,MON,-82.8003,52.4135,True,0,-82.78438,52.4287,-5.0,8,5,4,0.585,True,2024-07-10 18:04,2024-07-12 09:17,-1.0,2024.0,2024_COC16_fbp_fuel_90m.tif,240.0,0.2583,0.1875,0.5042,0.05,0.0,0.0,0.0,37.0,D-1/D-2,10650.0,0.3463,0.2308,0.3343,0.065,0.0009,0.0227,0.0,49.8,D-1/D-2,2024_COC16_mrdem_dtm_90m.tif,1.0,35.5,6.3,0.91,1.66,0.52,-0.146,0.166,33.2,22.4,0.95,1.68,0.54,0.038,0.059
2024_COC17,fire-spread-v1.0.0,holdout,2024,COC,2024-07-11,2024-09-09,61,850.0,85.81,"200-1,000 ha",lightning,lightning,MON,-82.8474,52.4847,True,0,-82.84671,52.49054,-5.0,10,4,3,1.311,True,2024-07-11 07:56,2024-07-12 07:38,0.0,2024.0,2024_COC17_fbp_fuel_90m.tif,99.0,0.303,0.1111,0.404,0.1818,0.0,0.0,0.0,37.1,D-1/D-2,7155.0,0.3575,0.2867,0.2738,0.0632,0.0003,0.0186,0.0,54.2,C-2,2024_COC17_mrdem_dtm_90m.tif,1.0,36.2,4.3,0.99,1.82,0.56,-0.047,0.145,32.8,17.3,0.8,1.5,0.46,0.087,0.065
2024_COC18,fire-spread-v1.0.0,holdout,2024,COC,2024-07-10,2024-09-09,62,46.0,45.78,40-200 ha,lightning,lightning,MON,-84.313,53.8091,True,0,-84.31234,53.81385,-5.0,2,2,1,0.614,False,2024-07-09 08:09,2024-07-10 18:04,-1.0,2024.0,2024_COC18_fbp_fuel_90m.tif,56.0,0.2679,0.375,0.2857,0.0714,0.0,0.0,0.0,45.1,M-1/M-2 (50% conifer),6094.0,0.3284,0.2795,0.2941,0.04,0.0002,0.0579,0.0,51.1,D-1/D-2,2024_COC18_mrdem_dtm_90m.tif,1.0,111.4,2.6,0.47,0.91,0.27,-0.03,-0.162,111.5,24.7,0.76,1.53,0.44,0.09,-0.1
2024_COC19,fire-spread-v1.0.0,holdout,2024,COC,2024-07-16,2024-09-09,56,2208.0,2276.9,"1,000-10,000 ha",lightning,lightning,MON,-85.222,53.9961,True,0,-85.26064,53.941,-5.0,403,25,22,0.97,True,2024-07-13 07:18,2024-08-29 19:07,-3.0,2024.0,2024_COC19_fbp_fuel_90m.tif,2715.0,0.6622,0.1411,0.1617,0.0092,0.0,0.0258,0.0,76.6,C-2,29807.0,0.384,0.1853,0.3619,0.0385,0.0,0.0303,0.0,50.7,D-1/D-2,2024_COC19_mrdem_dtm_90m.tif,1.0,109.4,33.3,1.0,1.89,0.57,0.02,-0.056,107.0,36.1,0.86,1.71,0.49,-0.003,-0.094
2024_COC20,fire-spread-v1.0.0,holdout,2024,COC,2024-07-10,2024-09-09,62,138.0,137.5,40-200 ha,lightning,lightning,MON,-84.86,52.7136,True,0,-84.86338,52.71717,-5.0,29,6,5,2.148,True,2024-07-11 07:56,2024-08-06 07:45,1.0,2024.0,2024_COC20_fbp_fuel_90m.tif,165.0,0.8061,0.0242,0.1212,0.0303,0.0,0.0182,0.0,83.0,C-2,6805.0,0.3068,0.0451,0.497,0.1314,0.0,0.0197,0.0,33.3,D-1/D-2,2024_COC20_mrdem_dtm_90m.tif,1.0,145.4,5.9,0.92,1.59,0.52,0.117,-0.176,141.8,20.3,1.02,1.94,0.58,-0.081,0.046
2024_COC21,fire-spread-v1.0.0,holdout,2024,COC,2024-07-09,2024-09-09,63,481.0,480.59,"200-1,000 ha",lightning,lightning,MON,-83.4859,52.0479,True,0,-83.46118,52.05826,,0,0,0,,False,,,,,,,,,,,,,,,,,,,,,,,,,,,,,,,,,,,,,,,,,
2024_COC22,fire-spread-v1.0.0,holdout,2024,COC,2024-07-09,2024-09-09,63,55.0,55.47,40-200 ha,lightning,lightning,MON,-83.8219,51.7998,True,0,-83.82038,51.8016,,0,0,0,,False,,,,,,,,,,,,,,,,,,,,,,,,,,,,,,,,,,,,,,,,,
2024_COC23,fire-spread-v1.0.0,holdout,2024,COC,2024-07-02,2024-09-09,70,2000.0,180.48,"1,000-10,000 ha",lightning,lightning,MON,-82.9879,52.7413,True,0,-82.98233,52.74629,-5.0,14,2,1,0.935,False,2024-07-11 17:45,2024-07-12 07:38,9.0,2024.0,2024_COC23_fbp_fuel_90m.tif,219.0,0.589,0.2511,0.0731,0.0868,0.0,0.0,0.0,74.5,C-2,8467.0,0.2685,0.3071,0.1859,0.2356,0.0,0.003,0.0,45.0,O-1a,2024_COC23_mrdem_dtm_90m.tif,1.0,37.0,6.8,0.67,1.15,0.39,-0.023,0.159,34.2,17.3,0.77,1.48,0.44,0.014,0.1
2024_COC25,fire-spread-v1.0.0,holdout,2024,COC,2024-07-01,2024-09-09,71,500.0,578.66,"200-1,000 ha",lightning,lightning,MON,-89.0299,54.1899,True,0,-89.02685,54.19651,-5.0,199,17,9,1.434,True,2024-07-11 07:56,2024-08-03 08:41,10.0,2024.0,2024_COC25_fbp_fuel_90m.tif,692.0,0.9566,0.0332,0.0,0.0,0.0101,0.0,0.0,98.0,C-2,9808.0,0.4439,0.3835,0.0781,0.0638,0.0,0.0307,0.0,60.6,C-2,2024_COC25_mrdem_dtm_90m.tif,1.0,161.2,27.1,2.4,4.49,1.37,-0.009,0.034,149.7,36.7,1.12,2.08,0.64,0.015,0.054
2024_COC28,fire-spread-v1.0.0,holdout,2024,COC,2024-08-05,2024-10-02,59,53.0,53.51,40-200 ha,lightning,lightning,MON,-85.179,52.3864,True,0,-85.17717,52.38239,-5.0,3,1,0,0.526,False,2024-08-02 18:49,2024-08-02 19:13,-3.0,2024.0,2024_COC28_fbp_fuel_90m.tif,65.0,0.6615,0.0462,0.2923,0.0,0.0,0.0,0.0,68.1,C-2,6659.0,0.2599,0.0318,0.2463,0.0171,0.0,0.4448,0.0,50.0,D-1/D-2,2024_COC28_mrdem_dtm_90m.tif,1.0,172.7,6.5,1.14,1.85,0.66,0.33,-0.04,175.8,21.0,0.76,1.93,0.43,-0.184,-0.185
2024_COC35,fire-spread-v1.0.0,holdout,2024,COC,2024-08-16,2024-10-16,62,69.0,56.74,40-200 ha,lightning,lightning,MON,-80.8579,50.1494,True,0,-80.85706,50.14895,-5.0,4,3,1,0.744,False,2024-08-16 18:09,2024-08-23 07:27,0.0,2024.0,2024_COC35_fbp_fuel_90m.tif,74.0,0.7568,0.0946,0.027,0.027,0.0,0.0946,0.0,88.8,C-2,6301.0,0.7339,0.0859,0.0382,0.0308,0.0,0.1113,0.0,86.7,C-2,2024_COC35_mrdem_dtm_90m.tif,1.0,244.6,11.8,1.87,3.29,1.07,-0.422,0.047,244.8,37.1,1.18,2.36,0.68,-0.094,0.124
2024_COC39,fire-spread-v1.0.0,holdout,2024,COC,2024-07-01,2024-10-16,108,723.0,723.46,"200-1,000 ha",lightning,lightning,MON,-79.6809,50.6484,True,0,-79.68177,50.67871,-5.0,70,5,3,0.564,True,2024-08-27 06:35,2024-08-31 08:16,57.0,2024.0,2024_COC39_fbp_fuel_90m.tif,883.0,0.5221,0.2129,0.2548,0.0102,0.0,0.0,0.0,66.3,C-2,14873.0,0.5665,0.137,0.2667,0.0198,0.0,0.01,0.0,66.5,C-2,2024_COC39_mrdem_dtm_90m.tif,1.0,104.0,67.6,1.37,2.19,0.78,0.025,0.505,96.9,116.4,1.35,2.44,0.77,0.026,0.529
2024_COC40,fire-spread-v1.0.0,holdout,2024,COC,2024-09-01,2024-10-16,46,106.0,170.01,40-200 ha,lightning,lightning,MON,-83.5832,53.4969,True,0,-83.56906,53.50646,-5.0,14,4,3,0.91,True,2024-08-30 06:54,2024-09-30 19:06,-2.0,2024.0,2024_COC40_fbp_fuel_90m.tif,202.0,0.5792,0.2574,0.1436,0.0149,0.0,0.005,0.0,73.3,C-2,9304.0,0.3568,0.246,0.3178,0.0286,0.0,0.0507,0.0,52.5,D-1/D-2,2024_COC40_mrdem_dtm_90m.tif,1.0,67.9,13.3,1.92,4.5,1.1,0.247,-0.617,69.7,25.7,1.03,1.92,0.59,0.057,-0.055
2024_COC41,fire-spread-v1.0.0,holdout,2024,COC,2024-09-11,2024-10-16,36,148.0,147.41,40-200 ha,lightning,lightning,MON,-88.6895,55.6879,True,0,-88.68964,55.68761,-5.0,19,3,2,1.145,False,2024-09-15 18:25,2024-09-21 08:21,4.0,2024.0,2024_COC41_fbp_fuel_90m.tif,176.0,0.5227,0.2443,0.2216,0.0057,0.0,0.0057,0.0,59.6,C-1,8287.0,0.2629,0.1348,0.5233,0.0661,0.0001,0.0127,0.0,31.1,D-1/D-2,2024_COC41_mrdem_dtm_90m.tif,1.0,99.5,8.3,1.18,2.11,0.67,0.116,-0.095,100.9,25.6,0.94,1.71,0.54,0.17,-0.045
2024_COC42,fire-spread-v1.0.0,holdout,2024,COC,2024-09-01,2024-10-16,46,50.0,1714.53,40-200 ha,lightning,lightning,MON,-82.5371,53.8386,True,0,-82.51522,53.86072,-5.0,567,19,13,1.222,True,2024-09-14 17:26,2024-10-02 08:15,13.0,2024.0,2024_COC42_fbp_fuel_90m.tif,2051.0,0.7118,0.1297,0.1117,0.0078,0.0,0.039,0.0,82.2,C-2,19525.0,0.164,0.1557,0.6464,0.0057,0.0,0.0282,0.0,26.1,D-1/D-2,2024_COC42_mrdem_dtm_90m.tif,1.0,30.4,23.7,1.36,2.55,0.78,0.254,0.034,25.6,40.5,0.73,1.71,0.42,0.19,0.102
2024_COC45,fire-spread-v1.0.0,holdout,2024,COC,2024-09-11,2024-10-16,36,859.0,858.67,"200-1,000 ha",lightning,lightning,MON,-84.8466,53.7136,True,0,-84.81218,53.72224,-5.0,168,11,7,1.294,True,2024-09-13 19:02,2024-10-01 18:23,2.0,2024.0,2024_COC45_fbp_fuel_90m.tif,1043.0,0.3509,0.395,0.1841,0.0585,0.0,0.0115,0.0,58.0,M-1/M-2 (50% conifer),13587.0,0.255,0.2863,0.3271,0.1013,0.0001,0.0302,0.0,41.9,D-1/D-2,2024_COC45_mrdem_dtm_90m.tif,1.0,98.4,13.7,0.86,1.76,0.49,-0.128,-0.004,100.4,29.4,0.86,1.8,0.49,0.022,-0.039
2024_COC9,fire-spread-v1.0.0,holdout,2024,COC,2024-06-02,2024-09-09,100,6022.0,6576.06,"1,000-10,000 ha",lightning,lightning,MOD,-79.6097,50.2099,True,0,-79.63256,50.26999,-5.0,99,8,5,0.158,False,2024-06-03 06:30,2024-06-24 18:03,1.0,2024.0,2024_COC9_fbp_fuel_90m.tif,8040.0,0.5955,0.1083,0.1036,0.1087,0.0,0.0838,0.0,72.8,C-2,48580.0,0.5036,0.0935,0.1515,0.1839,0.0,0.0675,0.0,60.9,C-2,2024_COC9_mrdem_dtm_90m.tif,1.0,268.0,29.1,1.13,2.29,0.65,0.075,0.027,263.9,63.2,1.03,2.12,0.59,0.04,0.097
2024_HEA11,fire-spread-v1.0.0,holdout,2024,HEA,2024-08-13,2024-08-26,14,50.0,45.38,40-200 ha,lightning,lightning,FUL,-83.8061,49.1917,True,0,-83.8071,49.19323,-5.0,36,3,2,3.719,False,2024-08-15 06:37,2024-08-16 08:22,2.0,2024.0,2024_HEA11_fbp_fuel_90m.tif,57.0,0.807,0.0702,0.1228,0.0,0.0,0.0,0.0,85.1,C-2,5949.0,0.7652,0.0829,0.1202,0.0124,0.0168,0.0025,0.0,82.0,C-2,2024_HEA11_mrdem_dtm_90m.tif,1.0,333.1,36.6,7.75,11.84,4.43,-0.005,0.387,315.7,82.5,1.9,4.57,1.08,0.06,0.1
2024_HEA8,fire-spread-v1.0.0,holdout,2024,HEA,2024-07-19,2024-09-04,48,87.0,87.26,40-200 ha,lightning,lightning,FUL,-84.4139,50.0666,True,0,-84.41207,50.06458,,0,0,0,,False,,,,,,,,,,,,,,,,,,,,,,,,,,,,,,,,,,,,,,,,,
2024_KLK5,fire-spread-v1.0.0,holdout,2024,KLK,2024-07-30,2024-10-03,66,889.0,730.7,"200-1,000 ha",lightning,lightning,FUL,-80.8762,47.3283,True,0,-80.8688,47.33042,-5.0,36,5,4,0.539,True,2024-08-05 17:51,2024-08-10 06:55,6.0,2024.0,2024_KLK5_fbp_fuel_90m.tif,916.0,0.8712,0.1048,0.0207,0.0022,0.0,0.0011,0.0,93.1,C-3,12188.0,0.5163,0.312,0.1405,0.0097,0.0,0.0214,0.0,68.4,C-2,2024_KLK5_mrdem_dtm_90m.tif,1.0,378.8,91.4,3.47,10.35,1.98,-0.333,0.167,413.9,233.5,7.15,17.22,4.06,-0.091,-0.007
2024_NIP17,fire-spread-v1.0.0,holdout,2024,NIP,2024-07-07,2024-08-18,43,50.0,49.63,40-200 ha,lightning,lightning,MON,-87.1526,52.1394,False,0,-87.15686,52.14044,-5.0,10,6,5,2.267,True,2024-07-09 06:54,2024-07-20 19:33,2.0,2024.0,2024_NIP17_fbp_fuel_90m.tif,63.0,0.9524,0.0476,0.0,0.0,0.0,0.0,0.0,96.8,C-2,6328.0,0.7076,0.1819,0.0172,0.0229,0.0,0.0703,0.0,85.3,C-2,2024_NIP17_mrdem_dtm_90m.tif,1.0,230.3,7.6,0.87,1.58,0.5,0.435,-0.219,226.3,23.3,1.11,2.12,0.64,0.1,-0.043
2024_NIP26,fire-spread-v1.0.0,holdout,2024,NIP,2024-07-30,2024-08-18,20,102.0,101.91,40-200 ha,lightning,lightning,MON,-86.917,53.1014,True,0,-86.91101,53.10275,-5.0,19,3,2,1.794,False,2024-08-02 07:44,2024-08-03 07:25,3.0,2024.0,2024_NIP26_fbp_fuel_90m.tif,123.0,0.9024,0.0813,0.0163,0.0,0.0,0.0,0.0,94.1,C-2,7621.0,0.5022,0.0928,0.1542,0.2374,0.0001,0.0134,0.0,56.5,C-2,2024_NIP26_mrdem_dtm_90m.tif,1.0,179.5,8.2,1.36,2.25,0.78,-0.142,0.105,182.2,19.0,0.98,1.8,0.56,0.026,0.069
2024_NIP27,fire-spread-v1.0.0,holdout,2024,NIP,2024-07-15,2024-10-29,107,18605.0,20200.84,"10,000 ha or more",lightning,lightning,MON,-88.431,52.8141,False,212,-88.37783,52.93958,-5.0,2996,48,41,0.694,True,2024-08-04 08:23,2024-10-05 19:13,20.0,2024.0,2024_NIP27_fbp_fuel_90m.tif,24278.0,0.7168,0.1267,0.0365,0.043,0.0016,0.0754,0.0,83.1,C-2,63502.0,0.3711,0.1285,0.0963,0.05,0.1579,0.1962,0.0,65.2,C-2,2024_NIP27_mrdem_dtm_90m.tif,1.0,237.7,52.7,2.26,4.49,1.29,0.042,-0.033,233.5,55.5,2.28,4.9,1.31,0.029,0.011
2024_NIP32,fire-spread-v1.0.0,holdout,2024,NIP,2024-08-14,2024-10-29,77,373.0,442.75,"200-1,000 ha",lightning,lightning,MON,-88.1815,53.6233,False,1,-88.19696,53.62257,-5.0,173,20,15,1.302,True,2024-08-17 17:52,2024-09-30 19:06,3.0,2024.0,2024_NIP32_fbp_fuel_90m.tif,533.0,0.7148,0.0976,0.0094,0.0056,0.0,0.1726,0.0,89.8,C-2,9035.0,0.4344,0.076,0.0375,0.0243,0.0011,0.4266,0.0,80.1,C-2,2024_NIP32_mrdem_dtm_90m.tif,1.0,185.2,16.4,1.7,3.6,0.98,0.012,-0.098,184.3,24.8,1.36,3.4,0.78,0.031,-0.066
2024_NIP36,fire-spread-v1.0.0,holdout,2024,NIP,2024-08-20,2024-09-03,15,57.0,53.82,40-200 ha,recreation,human,FUL,-88.6488,53.4778,True,0,-88.64944,53.48248,-5.0,19,1,0,2.874,False,2024-08-21 06:47,2024-08-21 09:43,1.0,2024.0,2024_NIP36_fbp_fuel_90m.tif,64.0,0.6406,0.1094,0.0469,0.0,0.1562,0.0469,0.0,84.8,C-2,6404.0,0.485,0.2943,0.1148,0.022,0.0128,0.071,0.0,64.9,C-2,2024_NIP36_mrdem_dtm_90m.tif,1.0,190.3,7.2,1.31,2.36,0.75,-0.231,0.199,195.8,32.2,1.86,3.45,1.07,0.043,0.071
2024_NIP7,fire-spread-v1.0.0,holdout,2024,NIP,2024-06-18,2024-07-04,17,206.0,207.92,"200-1,000 ha",lightning,lightning,FUL,-88.2766,51.6657,True,0,-88.26879,51.66603,-5.0,19,3,2,1.082,False,2024-06-23 19:39,2024-06-24 19:20,5.0,2024.0,2024_NIP7_fbp_fuel_90m.tif,253.0,0.9249,0.0435,0.0119,0.0119,0.0,0.0079,0.0,96.2,C-2,8579.0,0.8891,0.0648,0.0057,0.0085,0.0,0.0318,0.0,95.5,C-2,2024_NIP7_mrdem_dtm_90m.tif,1.0,314.6,41.6,4.23,8.43,2.42,-0.01,0.237,307.0,71.2,2.02,4.41,1.15,0.143,-0.075
2024_NOR5,fire-spread-v1.0.0,holdout,2024,NOR,2024-05-23,2024-06-09,18,106.0,106.84,40-200 ha,miscellaneous,human,FUL,-79.6499,47.3771,True,0,-79.63516,47.3819,,0,0,0,,False,,,,,,,,,,,,,,,,,,,,,,,,,,,,,,,,,,,,,,,,,
2024_RED11,fire-spread-v1.0.0,holdout,2024,RED,2024-07-26,2024-09-29,66,116.0,115.66,40-200 ha,lightning,lightning,MON,-94.4915,53.0633,True,0,-94.5031,53.05881,-6.0,9,2,1,0.973,False,2024-07-27 19:26,2024-07-30 20:11,1.0,2024.0,2024_RED11_fbp_fuel_90m.tif,136.0,0.8897,0.0809,0.0074,0.0,0.0221,0.0,0.0,94.7,C-4,7868.0,0.6331,0.1467,0.033,0.0122,0.0023,0.1727,0.0,84.1,C-4,2024_RED11_mrdem_dtm_90m.tif,1.0,317.8,36.4,3.81,6.33,2.18,-0.042,-0.023,300.3,65.8,2.95,6.38,1.69,0.004,0.042
2024_RED14,fire-spread-v1.0.0,holdout,2024,RED,2024-07-11,2024-10-16,98,18705.0,19494.48,"10,000 ha or more",lightning,lightning,MOD,-93.881,53.4938,True,0,-93.79936,53.56481,-6.0,2811,39,35,0.624,True,2024-07-30 18:30,2024-09-14 19:07,19.0,2024.0,2024_RED14_fbp_fuel_90m.tif,23350.0,0.8367,0.0532,0.0313,0.03,0.0073,0.0415,0.0,91.0,C-4,57839.0,0.7465,0.1039,0.0413,0.0282,0.0003,0.0798,0.0,86.9,C-4,2024_RED14_mrdem_dtm_90m.tif,1.0,281.3,77.6,3.54,7.05,2.03,-0.006,0.008,277.2,93.5,3.69,7.49,2.11,-0.014,0.023
2024_RED27,fire-spread-v1.0.0,holdout,2024,RED,2024-07-29,2024-09-29,63,1921.0,2011.25,"1,000-10,000 ha",lightning,lightning,FUL,-94.8013,52.7242,True,0,-94.79706,52.74485,-6.0,226,5,4,0.839,True,2024-08-19 18:31,2024-08-21 19:34,21.0,2024.0,2024_RED27_fbp_fuel_90m.tif,2410.0,0.8531,0.0651,0.0029,0.029,0.0029,0.0469,0.0,93.3,C-4,14990.0,0.7472,0.0804,0.0229,0.0393,0.0046,0.1056,0.0,88.8,C-4,2024_RED27_mrdem_dtm_90m.tif,1.0,326.5,51.6,3.41,6.76,1.95,0.039,0.139,325.5,58.1,3.54,7.27,2.03,-0.006,0.035
2024_RED32,fire-spread-v1.0.0,holdout,2024,RED,2024-07-31,2024-10-16,78,755.0,755.77,"200-1,000 ha",lightning,lightning,MOD,-94.1447,52.8721,True,0,-94.11971,52.88694,-6.0,179,14,11,1.247,True,2024-08-13 07:38,2024-09-17 08:21,13.0,2024.0,2024_RED32_fbp_fuel_90m.tif,904.0,0.8805,0.1095,0.0077,0.0022,0.0,0.0,0.0,94.0,C-4,12971.0,0.7307,0.1553,0.0315,0.0106,0.0003,0.0715,0.0,86.1,C-4,2024_RED32_mrdem_dtm_90m.tif,1.0,317.5,53.0,2.56,4.69,1.47,0.219,-0.154,309.2,68.3,3.21,6.61,1.83,0.049,0.048
2024_SLK12,fire-spread-v1.0.0,holdout,2024,SLK,2024-07-19,2024-09-22,66,1329.0,1358.73,"1,000-10,000 ha",lightning,lightning,MON,-90.773,52.9682,True,0,-90.756,52.98925,-6.0,335,18,13,1.159,True,2024-08-17 08:03,2024-09-14 19:06,29.0,2024.0,2024_SLK12_fbp_fuel_90m.tif,1639.0,0.7419,0.1745,0.0415,0.0122,0.0006,0.0293,0.0,82.6,C-2,15385.0,0.5407,0.1194,0.0286,0.0257,0.0008,0.2848,0.0,81.8,C-2,2024_SLK12_mrdem_dtm_90m.tif,1.0,315.4,39.3,2.16,4.12,1.24,-0.099,0.005,306.1,45.8,1.73,3.71,0.99,-0.035,-0.025
2024_SLK14,fire-spread-v1.0.0,holdout,2024,SLK,2024-07-19,2024-09-22,66,801.0,801.11,"200-1,000 ha",lightning,lightning,MON,-90.4509,52.7729,True,0,-90.44217,52.79207,-6.0,78,11,7,0.72,True,2024-08-14 20:05,2024-08-23 09:30,26.0,2024.0,2024_SLK14_fbp_fuel_90m.tif,958.0,0.8612,0.1086,0.0136,0.0063,0.0,0.0104,0.0,93.8,C-2,13280.0,0.7179,0.1139,0.0287,0.0221,0.0005,0.1169,0.0,87.4,C-2,2024_SLK14_mrdem_dtm_90m.tif,1.0,298.9,24.7,1.91,3.5,1.1,0.06,-0.113,299.9,44.7,1.7,3.32,0.97,0.051,-0.017
2024_SLK15,fire-spread-v1.0.0,holdout,2024,SLK,2024-07-12,2024-09-26,77,1259.0,1265.55,"1,000-10,000 ha",lightning,lightning,MON,-91.2549,54.3022,True,0,-91.23772,54.31796,-6.0,331,29,20,1.222,True,2024-07-28 07:37,2024-09-17 07:57,16.0,2024.0,2024_SLK15_fbp_fuel_90m.tif,1503.0,0.855,0.0739,0.0253,0.0166,0.0007,0.0286,0.0,92.1,C-2,18309.0,0.5644,0.1378,0.0392,0.0317,0.0082,0.2187,0.0,81.7,C-2,2024_SLK15_mrdem_dtm_90m.tif,1.0,225.1,21.5,1.98,3.9,1.13,0.154,-0.06,220.5,32.8,1.52,3.4,0.87,-0.022,0.027
2024_SLK16,fire-spread-v1.0.0,holdout,2024,SLK,2024-07-11,2024-09-23,75,1969.0,1973.89,"1,000-10,000 ha",lightning,lightning,MON,-90.6514,54.6426,True,0,-90.59574,54.70734,-6.0,187,17,14,0.784,True,2024-07-27 17:46,2024-08-14 18:49,16.0,2024.0,2024_SLK16_fbp_fuel_90m.tif,2361.0,0.7903,0.1703,0.0233,0.0059,0.0,0.0102,0.0,89.2,C-2,38809.0,0.6689,0.181,0.0409,0.0181,0.0004,0.0907,0.0,83.4,C-2,2024_SLK16_mrdem_dtm_90m.tif,1.0,147.1,25.0,1.36,2.45,0.78,-0.088,0.206,146.2,40.9,1.1,2.08,0.63,0.046,0.106
2024_SLK19,fire-spread-v1.0.0,holdout,2024,SLK,2024-07-30,2024-09-09,42,2846.0,2847.81,"1,000-10,000 ha",lightning,lightning,MON,-92.2498,52.2261,True,0,-92.20487,52.26415,-6.0,424,27,22,0.825,True,2024-08-01 19:08,2024-08-22 19:14,2.0,2024.0,2024_SLK19_fbp_fuel_90m.tif,3426.0,0.9571,0.0339,0.0032,0.0055,0.0003,0.0,0.0,97.4,C-3,32034.0,0.8079,0.1241,0.0285,0.0172,0.0002,0.022,0.0,88.2,C-2,2024_SLK19_mrdem_dtm_90m.tif,1.0,397.0,76.6,4.17,8.57,2.39,0.038,0.037,383.2,97.3,2.46,5.26,1.41,0.014,0.053
2024_SLK20,fire-spread-v1.0.0,holdout,2024,SLK,2024-07-31,2024-09-23,55,1587.0,1612.87,"1,000-10,000 ha",lightning,lightning,MOD,-90.9858,53.7227,True,0,-90.96167,53.74633,-6.0,399,17,15,1.046,True,2024-08-12 07:56,2024-08-24 18:37,12.0,2024.0,2024_SLK20_fbp_fuel_90m.tif,1932.0,0.8395,0.0844,0.0124,0.0238,0.0,0.0399,0.0,91.6,C-2,18246.0,0.7199,0.1072,0.0301,0.0226,0.0009,0.1193,0.0,87.6,C-2,2024_SLK20_mrdem_dtm_90m.tif,1.0,244.9,44.2,2.11,4.27,1.21,-0.041,0.111,242.3,53.1,1.79,3.75,1.03,0.033,0.027
2024_SLK21,fire-spread-v1.0.0,holdout,2024,SLK,2024-07-11,2024-09-23,75,676.0,676.84,"200-1,000 ha",lightning,lightning,MOD,-89.9573,53.9836,True,0,-89.95226,53.99435,-5.0,120,16,12,1.184,True,2024-08-01 19:08,2024-08-29 19:07,21.0,2024.0,2024_SLK21_fbp_fuel_90m.tif,810.0,0.8605,0.1333,0.0,0.0037,0.0,0.0025,0.0,92.2,C-2,12976.0,0.6554,0.2052,0.022,0.0313,0.0002,0.0859,0.0,80.7,C-2,2024_SLK21_mrdem_dtm_90m.tif,1.0,211.4,22.1,1.95,3.6,1.12,0.142,-0.035,209.9,33.0,1.61,3.02,0.92,0.04,0.07
2024_SLK22,fire-spread-v1.0.0,holdout,2024,SLK,2024-07-31,2024-09-26,58,4884.0,4984.38,"1,000-10,000 ha",lightning,lightning,MON,-91.5098,54.054,True,0,-91.4066,54.1081,-6.0,1222,47,38,1.095,True,2024-08-01 07:38,2024-09-19 09:00,1.0,2024.0,2024_SLK22_fbp_fuel_90m.tif,5949.0,0.8455,0.0812,0.0175,0.0212,0.0005,0.0341,0.0,91.6,C-2,59221.0,0.5006,0.1091,0.1219,0.0266,0.0024,0.2394,0.0,72.8,C-2,2024_SLK22_mrdem_dtm_90m.tif,1.0,240.1,34.0,2.09,4.07,1.19,-0.056,0.113,236.3,53.5,1.73,3.75,0.99,-0.031,0.052
2024_SLK23,fire-spread-v1.0.0,holdout,2024,SLK,2024-07-31,2024-09-23,55,355.0,354.83,"200-1,000 ha",lightning,lightning,MON,-91.493,54.1365,True,0,-91.47654,54.14991,-6.0,61,13,9,0.991,True,2024-08-02 07:19,2024-08-22 08:09,2.0,2024.0,2024_SLK23_fbp_fuel_90m.tif,424.0,0.8939,0.0495,0.0071,0.0118,0.0,0.0377,0.0,96.0,C-2,9551.0,0.5048,0.0533,0.0342,0.0239,0.0006,0.3832,0.0,86.5,C-2,2024_SLK23_mrdem_dtm_90m.tif,1.0,229.5,20.8,2.29,4.03,1.31,-0.095,0.19,228.7,33.1,1.48,3.55,0.85,-0.058,0.038
2024_SLK24,fire-spread-v1.0.0,holdout,2024,SLK,2024-07-31,2024-09-23,55,319.0,318.67,"200-1,000 ha",lightning,lightning,MOD,-91.4904,53.7859,True,0,-91.48683,53.79377,-6.0,95,15,9,1.633,True,2024-08-01 19:08,2024-08-22 08:09,1.0,2024.0,2024_SLK24_fbp_fuel_90m.tif,380.0,0.8026,0.1053,0.0789,0.0105,0.0,0.0026,0.0,86.2,C-2,9208.0,0.624,0.0985,0.0514,0.0242,0.0004,0.2015,0.0,84.1,C-2,2024_SLK24_mrdem_dtm_90m.tif,1.0,251.7,19.7,1.68,3.21,0.97,-0.263,0.09,252.2,41.2,1.62,3.48,0.93,-0.011,0.055
2024_SLK27,fire-spread-v1.0.0,holdout,2024,SLK,2024-08-01,2024-09-23,54,2052.0,2129.87,"1,000-10,000 ha",lightning,lightning,MOD,-89.2391,53.2332,True,0,-89.23481,53.22515,-5.0,445,19,14,0.938,True,2024-08-02 18:49,2024-09-15 06:54,1.0,2024.0,2024_SLK27_fbp_fuel_90m.tif,2554.0,0.7146,0.2189,0.011,0.0211,0.0016,0.0329,0.0,81.3,C-2,16234.0,0.6715,0.1952,0.0249,0.0321,0.0011,0.0752,0.0,79.7,C-2,2024_SLK27_mrdem_dtm_90m.tif,1.0,250.5,36.1,1.61,2.93,0.92,0.203,0.117,250.0,65.1,1.64,3.03,0.94,0.094,0.111
2024_SLK28,fire-spread-v1.0.0,holdout,2024,SLK,2024-07-31,2024-09-22,54,348.0,347.78,"200-1,000 ha",lightning,lightning,MON,-90.6739,52.8719,True,0,-90.66382,52.88001,-6.0,54,11,8,0.93,True,2024-08-04 08:23,2024-08-13 07:38,4.0,2024.0,2024_SLK28_fbp_fuel_90m.tif,422.0,0.8957,0.0403,0.0071,0.0142,0.0047,0.0379,0.0,94.9,C-2,13242.0,0.5813,0.083,0.0142,0.0177,0.002,0.3018,0.0,88.1,C-2,2024_SLK28_mrdem_dtm_90m.tif,1.0,301.6,18.3,2.36,4.4,1.35,0.152,-0.189,302.6,31.4,1.52,3.43,0.87,-0.027,-0.027
2024_SLK29,fire-spread-v1.0.0,holdout,2024,SLK,2024-08-12,2024-09-03,23,46.0,45.67,40-200 ha,lightning,lightning,MON,-91.58,53.7852,True,0,-91.57729,53.78741,-6.0,17,5,2,2.155,False,2024-08-12 07:32,2024-08-15 08:40,0.0,2024.0,2024_SLK29_fbp_fuel_90m.tif,51.0,0.902,0.0392,0.0,0.0392,0.0,0.0196,0.0,94.0,C-2,6111.0,0.7635,0.1103,0.0453,0.0133,0.0002,0.0674,0.0,87.8,C-2,2024_SLK29_mrdem_dtm_90m.tif,1.0,251.1,11.1,1.81,3.44,1.04,0.241,-0.041,254.9,38.9,1.64,3.31,0.94,0.072,-0.003
2024_SLK30,fire-spread-v1.0.0,holdout,2024,SLK,2024-07-31,2024-09-23,55,745.0,745.39,"200-1,000 ha",lightning,lightning,MON,-91.8246,53.7249,False,0,-91.80377,53.73093,-6.0,339,18,10,1.472,True,2024-08-14 18:25,2024-09-15 08:35,14.0,2024.0,2024_SLK30_fbp_fuel_90m.tif,896.0,0.9654,0.0234,0.0056,0.0011,0.0045,0.0,0.0,98.1,C-2,11824.0,0.6893,0.1203,0.028,0.0215,0.0007,0.1403,0.0,86.9,C-2,2024_SLK30_mrdem_dtm_90m.tif,1.0,259.9,32.9,3.03,5.53,1.74,0.022,-0.044,253.3,38.5,1.85,4.02,1.06,-0.012,0.041
2024_SLK34,fire-spread-v1.0.0,holdout,2024,SLK,2024-07-19,2024-10-07,81,6447.0,6785.02,"1,000-10,000 ha",lightning,lightning,MOD,-89.1914,53.8115,True,0,-89.19586,53.84682,-5.0,1100,16,13,0.721,True,2024-08-26 19:40,2024-09-17 08:21,38.0,2024.0,2024_SLK34_fbp_fuel_90m.tif,8101.0,0.5539,0.3522,0.0095,0.022,0.0002,0.0622,0.0,78.4,C-2,48552.0,0.4469,0.3469,0.0285,0.0291,0.0009,0.1477,0.0,71.1,C-2,2024_SLK34_mrdem_dtm_90m.tif,1.0,206.2,40.1,2.06,3.96,1.18,0.091,0.039,202.0,55.0,1.71,3.45,0.98,0.044,0.051
2024_SLK36,fire-spread-v1.0.0,holdout,2024,SLK,2024-08-25,2024-09-22,29,46.0,46.53,40-200 ha,lightning,lightning,MON,-91.0436,52.9775,True,0,-91.04672,52.97666,-6.0,21,4,3,1.813,True,2024-09-13 19:02,2024-09-15 08:58,19.0,2024.0,2024_SLK36_fbp_fuel_90m.tif,57.0,0.6491,0.3333,0.0,0.0175,0.0,0.0,0.0,74.1,C-2,6261.0,0.6475,0.1513,0.0142,0.022,0.001,0.164,0.0,84.7,C-2,2024_SLK36_mrdem_dtm_90m.tif,1.0,316.6,13.3,2.01,4.39,1.15,-0.064,-0.604,304.8,58.2,1.99,4.05,1.14,0.066,-0.009
2024_SLK6,fire-spread-v1.0.0,holdout,2024,SLK,2024-06-30,2024-07-19,20,78.0,78.07,40-200 ha,lightning,lightning,FUL,-91.2679,52.2823,True,0,-91.25961,52.28053,-6.0,1,1,0,0.18,False,2024-06-30 19:32,2024-06-30 19:32,0.0,2024.0,2024_SLK6_fbp_fuel_90m.tif,91.0,0.8462,0.1538,0.0,0.0,0.0,0.0,0.0,96.2,C-3,6617.0,0.8803,0.078,0.0198,0.006,0.0006,0.0153,0.0,93.5,C-2,2024_SLK6_mrdem_dtm_90m.tif,1.0,393.7,14.2,2.07,3.47,1.19,0.165,0.073,387.0,51.3,1.6,3.02,0.92,0.209,-0.028
2024_THU21,fire-spread-v1.0.0,holdout,2024,THU,2024-09-18,2024-12-04,78,41.0,41.11,40-200 ha,lightning,lightning,FUL,-90.1388,48.4034,True,0,-90.13127,48.40342,-6.0,20,3,1,3.079,False,2024-10-03 19:25,2024-10-04 19:30,15.0,2024.0,2024_THU21_fbp_fuel_90m.tif,50.0,0.92,0.08,0.0,0.0,0.0,0.0,0.0,97.0,C-2,6418.0,0.4969,0.3074,0.1446,0.0081,0.0081,0.0349,0.0,68.6,M-1/M-2 (50% conifer),2024_THU21_mrdem_dtm_90m.tif,1.0,457.5,15.3,1.66,3.4,0.95,0.451,0.366,464.3,99.8,3.76,7.78,2.15,0.089,0.045
2024_THU24,fire-spread-v1.0.0,holdout,2024,THU,2024-10-17,2024-12-04,49,74.0,75.14,40-200 ha,recreation,human,FUL,-88.7671,49.0182,True,0,-88.76346,49.0137,-5.0,31,3,2,2.246,False,2024-10-17 20:03,2024-10-18 19:44,0.0,2024.0,2024_THU24_fbp_fuel_90m.tif,92.0,0.337,0.4674,0.1522,0.0,0.0435,0.0,0.0,59.9,M-1/M-2 (50% conifer),6382.0,0.2745,0.3207,0.3087,0.0218,0.0022,0.0721,0.0,46.0,D-1,2024_THU24_mrdem_dtm_90m.tif,1.0,340.6,32.0,3.63,5.63,2.08,0.581,-0.373,356.6,249.8,6.92,16.72,3.92,0.097,-0.077
2025_COC11,fire-spread-v1.0.0,no_satellite_archive,2025,COC,2025-07-06,2025-08-22,48,155.0,155.19,40-200 ha,lightning,lightning,MON,-88.3736,54.9715,True,0,-88.38253,54.97352,,0,0,0,,False,,,,,,,,,,,,,,,,,,,,,,,,,,,,,,,,,,,,,,,,,
2025_COC12,fire-spread-v1.0.0,no_satellite_archive,2025,COC,2025-07-07,2025-08-22,47,581.0,584.85,"200-1,000 ha",lightning,lightning,MON,-88.7448,55.5647,True,0,-88.73897,55.554,,0,0,0,,False,,,,,,,,,,,,,,,,,,,,,,,,,,,,,,,,,,,,,,,,,
2025_COC13,fire-spread-v1.0.0,no_satellite_archive,2025,COC,2025-07-04,2025-08-22,50,1032.0,1049.12,"1,000-10,000 ha",lightning,lightning,MON,-84.8299,55.0503,True,0,-84.81798,55.06652,,0,0,0,,False,,,,,,,,,,,,,,,,,,,,,,,,,,,,,,,,,,,,,,,,,
2025_COC14,fire-spread-v1.0.0,no_satellite_archive,2025,COC,2025-07-07,2025-08-22,47,170.0,170.0,40-200 ha,lightning,lightning,MON,-88.2537,54.8698,False,5,-88.2579,54.87856,,0,0,0,,False,,,,,,,,,,,,,,,,,,,,,,,,,,,,,,,,,,,,,,,,,
2025_COC16,fire-spread-v1.0.0,no_satellite_archive,2025,COC,2025-07-10,2025-09-04,57,1774.0,1781.79,"1,000-10,000 ha",lightning,lightning,MON,-90.0889,54.554,False,211,-90.15581,54.54823,,0,0,0,,False,,,,,,,,,,,,,,,,,,,,,,,,,,,,,,,,,,,,,,,,,
2025_COC17,fire-spread-v1.0.0,no_satellite_archive,2025,COC,2025-07-14,2025-09-04,53,915.0,960.02,"200-1,000 ha",lightning,lightning,MON,-90.026,56.1989,True,0,-90.04381,56.18739,,0,0,0,,False,,,,,,,,,,,,,,,,,,,,,,,,,,,,,,,,,,,,,,,,,
2025_COC18,fire-spread-v1.0.0,no_satellite_archive,2025,COC,2025-07-26,2025-08-22,28,874.0,1058.19,"200-1,000 ha",lightning,lightning,MON,-84.3424,54.1507,False,22,-84.35616,54.15534,,0,0,0,,False,,,,,,,,,,,,,,,,,,,,,,,,,,,,,,,,,,,,,,,,,
2025_COC3,fire-spread-v1.0.0,no_satellite_archive,2025,COC,2025-05-25,2025-08-22,90,150.0,110.43,40-200 ha,recreation,human,MOD,-83.1494,52.9678,True,0,-83.14558,52.96634,,0,0,0,,False,,,,,,,,,,,,,,,,,,,,,,,,,,,,,,,,,,,,,,,,,
2025_COC7,fire-spread-v1.0.0,no_satellite_archive,2025,COC,2025-06-01,2025-09-04,96,31219.0,10017.93,"10,000 ha or more",lightning,lightning,MON,-88.978,56.285,True,0,-88.87336,56.25026,,0,0,0,,False,,,,,,,,,,,,,,,,,,,,,,,,,,,,,,,,,,,,,,,,,
2025_DRY5,fire-spread-v1.0.0,no_satellite_archive,2025,DRY,2025-05-09,2025-05-19,11,63.0,62.94,40-200 ha,miscellaneous,human,FUL,-91.1439,49.8866,True,0,-91.13567,49.88592,,0,0,0,,False,,,,,,,,,,,,,,,,,,,,,,,,,,,,,,,,,,,,,,,,,
2025_FOR4,fire-spread-v1.0.0,no_satellite_archive,2025,FOR,2025-05-12,2025-06-26,46,3590.0,3672.31,"1,000-10,000 ha",miscellaneous,human,FUL,-91.2767,48.7218,True,0,-91.23992,48.78418,,0,0,0,,False,,,,,,,,,,,,,,,,,,,,,,,,,,,,,,,,,,,,,,,,,
2025_FOR9,fire-spread-v1.0.0,no_satellite_archive,2025,FOR,2025-06-02,2025-07-30,59,77.0,76.62,40-200 ha,lightning,lightning,MON,-91.3022,48.4432,True,0,-91.29578,48.44684,,0,0,0,,False,,,,,,,,,,,,,,,,,,,,,,,,,,,,,,,,,,,,,,,,,
2025_HAL3,fire-spread-v1.0.0,no_satellite_archive,2025,HAL,2025-05-12,2025-05-19,8,41.0,40.78,40-200 ha,miscellaneous,human,FUL,-77.7723,46.0641,True,0,-77.77242,46.06063,,0,0,0,,False,,,,,,,,,,,,,,,,,,,,,,,,,,,,,,,,,,,,,,,,,
2025_HAL46,fire-spread-v1.0.0,no_satellite_archive,2025,HAL,2025-10-13,2025-10-21,9,42.0,41.86,40-200 ha,recreation,human,FUL,-77.5287,45.4746,True,0,-77.53056,45.47311,,0,0,0,,False,,,,,,,,,,,,,,,,,,,,,,,,,,,,,,,,,,,,,,,,,
2025_KEN14,fire-spread-v1.0.0,no_satellite_archive,2025,KEN,2025-05-08,2025-06-23,47,1607.0,1626.02,"1,000-10,000 ha",resident,human,FUL,-94.9568,50.2347,True,0,-94.9434,50.27188,,0,0,0,,False,,,,,,,,,,,,,,,,,,,,,,,,,,,,,,,,,,,,,,,,,
2025_KEN20,fire-spread-v1.0.0,no_satellite_archive,2025,KEN,2025-05-12,2025-08-20,101,36043.0,32910.56,"10,000 ha or more",miscellaneous,human,FUL,-95.1025,49.7807,True,0,-95.07944,49.97354,,0,0,0,,False,,,,,,,,,,,,,,,,,,,,,,,,,,,,,,,,,,,,,,,,,
2025_KEN32,fire-spread-v1.0.0,no_satellite_archive,2025,KEN,2025-05-12,2025-08-20,101,8215.0,8583.49,"1,000-10,000 ha",lightning,lightning,FUL,-95.1425,50.6541,True,0,-95.11322,50.59257,,0,0,0,,False,,,,,,,,,,,,,,,,,,,,,,,,,,,,,,,,,,,,,,,,,
2025_NIP16,fire-spread-v1.0.0,no_satellite_archive,2025,NIP,2025-06-28,2025-07-30,33,284.0,284.78,"200-1,000 ha",lightning,lightning,MON,-88.3349,52.4853,True,0,-88.3411,52.49777,,0,0,0,,False,,,,,,,,,,,,,,,,,,,,,,,,,,,,,,,,,,,,,,,,,
2025_NIP17,fire-spread-v1.0.0,no_satellite_archive,2025,NIP,2025-07-10,2025-08-06,28,50.0,50.58,40-200 ha,recreation,human,FUL,-88.5734,52.8303,True,0,-88.57079,52.83479,,0,0,0,,False,,,,,,,,,,,,,,,,,,,,,,,,,,,,,,,,,,,,,,,,,
2025_NIP22,fire-spread-v1.0.0,no_satellite_archive,2025,NIP,2025-08-03,2025-09-23,52,195.0,195.47,40-200 ha,lightning,lightning,MON,-86.1667,51.723,True,0,-86.17175,51.72451,,0,0,0,,False,,,,,,,,,,,,,,,,,,,,,,,,,,,,,,,,,,,,,,,,,
2025_NIP5,fire-spread-v1.0.0,no_satellite_archive,2025,NIP,2025-05-28,2025-08-08,73,10816.0,11813.28,"10,000 ha or more",resident,human,MOD,-87.3653,52.9445,False,137,-87.26254,52.91195,,0,0,0,,False,,,,,,,,,,,,,,,,,,,,,,,,,,,,,,,,,,,,,,,,,
2025_NIP6,fire-spread-v1.0.0,no_satellite_archive,2025,NIP,2025-05-29,2025-07-30,63,3804.0,3899.41,"1,000-10,000 ha",lightning,lightning,MON,-88.371,51.4448,True,0,-88.33444,51.44027,,0,0,0,,False,,,,,,,,,,,,,,,,,,,,,,,,,,,,,,,,,,,,,,,,,
2025_RED101,fire-spread-v1.0.0,no_satellite_archive,2025,RED,2025-05-12,2025-10-23,165,10451.0,11175.76,"10,000 ha or more",lightning,lightning,MON,-95.1419,50.951,False,74,-95.11198,51.23467,,0,0,0,,False,,,,,,,,,,,,,,,,,,,,,,,,,,,,,,,,,,,,,,,,,
2025_RED12,fire-spread-v1.0.0,no_satellite_archive,2025,RED,2025-05-28,2025-10-23,149,196974.0,206292.49,"10,000 ha or more",resident,human,FUL,-94.071,52.6561,True,0,-93.83668,52.79448,,0,0,0,,False,,,,,,,,,,,,,,,,,,,,,,,,,,,,,,,,,,,,,,,,,
2025_RED126,fire-spread-v1.0.0,no_satellite_archive,2025,RED,2025-07-25,2025-09-01,39,184.0,186.03,40-200 ha,lightning,lightning,MON,-95.0381,51.5716,True,0,-95.04469,51.57724,,0,0,0,,False,,,,,,,,,,,,,,,,,,,,,,,,,,,,,,,,,,,,,,,,,
2025_RED136,fire-spread-v1.0.0,no_satellite_archive,2025,RED,2025-08-02,2025-09-11,41,53.0,52.65,40-200 ha,lightning,lightning,MON,-92.8401,53.3117,True,0,-92.8407,53.31588,,0,0,0,,False,,,,,,,,,,,,,,,,,,,,,,,,,,,,,,,,,,,,,,,,,
2025_RED137,fire-spread-v1.0.0,no_satellite_archive,2025,RED,2025-08-02,2025-09-11,41,206.0,206.17,"200-1,000 ha",lightning,lightning,MON,-93.3339,53.5082,True,0,-93.33803,53.51453,,0,0,0,,False,,,,,,,,,,,,,,,,,,,,,,,,,,,,,,,,,,,,,,,,,
2025_RED19,fire-spread-v1.0.0,no_satellite_archive,2025,RED,2025-06-06,2025-10-23,140,43486.0,43735.38,"10,000 ha or more",lightning,lightning,MOD,-93.8296,53.4123,True,0,-93.85949,53.37527,,0,0,0,,False,,,,,,,,,,,,,,,,,,,,,,,,,,,,,,,,,,,,,,,,,
2025_RED20,fire-spread-v1.0.0,no_satellite_archive,2025,RED,2025-06-08,2025-10-23,138,3980.0,4098.31,"1,000-10,000 ha",lightning,lightning,MON,-92.7299,54.3505,True,0,-92.70639,54.35285,,0,0,0,,False,,,,,,,,,,,,,,,,,,,,,,,,,,,,,,,,,,,,,,,,,
2025_RED22,fire-spread-v1.0.0,no_satellite_archive,2025,RED,2025-06-15,2025-10-23,131,20181.0,20796.78,"10,000 ha or more",lightning,lightning,MON,-94.8958,52.9245,False,25,-94.82625,52.97906,,0,0,0,,False,,,,,,,,,,,,,,,,,,,,,,,,,,,,,,,,,,,,,,,,,
2025_RED40,fire-spread-v1.0.0,no_satellite_archive,2025,RED,2025-06-28,2025-09-10,75,11110.0,11140.37,"10,000 ha or more",lightning,lightning,MOD,-93.087,52.2456,True,0,-93.05832,52.30908,,0,0,0,,False,,,,,,,,,,,,,,,,,,,,,,,,,,,,,,,,,,,,,,,,,
2025_RED51,fire-spread-v1.0.0,no_satellite_archive,2025,RED,2025-06-28,2025-09-11,76,14323.0,15569.61,"10,000 ha or more",lightning,lightning,MOD,-94.9992,51.5722,True,0,-94.87534,51.55575,,0,0,0,,False,,,,,,,,,,,,,,,,,,,,,,,,,,,,,,,,,,,,,,,,,
2025_RED58,fire-spread-v1.0.0,no_satellite_archive,2025,RED,2025-06-28,2025-09-01,66,86.0,89.08,40-200 ha,lightning,lightning,MON,-94.9296,50.9807,True,0,-94.92975,50.9753,,0,0,0,,False,,,,,,,,,,,,,,,,,,,,,,,,,,,,,,,,,,,,,,,,,
2025_RED62,fire-spread-v1.0.0,no_satellite_archive,2025,RED,2025-06-28,2025-10-23,118,33739.0,35808.14,"10,000 ha or more",lightning,lightning,FUL,-93.8566,51.507,True,0,-93.81806,51.58061,,0,0,0,,False,,,,,,,,,,,,,,,,,,,,,,,,,,,,,,,,,,,,,,,,,
2025_RED65,fire-spread-v1.0.0,no_satellite_archive,2025,RED,2025-06-28,2025-07-11,14,415.0,412.99,"200-1,000 ha",lightning,lightning,MON,-92.8462,52.0225,True,0,-92.83743,52.02042,,0,0,0,,False,,,,,,,,,,,,,,,,,,,,,,,,,,,,,,,,,,,,,,,,,
2025_RED67,fire-spread-v1.0.0,no_satellite_archive,2025,RED,2025-06-29,2025-09-10,74,21877.0,22515.03,"10,000 ha or more",lightning,lightning,MOD,-92.8034,51.8067,True,0,-92.81021,51.97325,,0,0,0,,False,,,,,,,,,,,,,,,,,,,,,,,,,,,,,,,,,,,,,,,,,
2025_RED68,fire-spread-v1.0.0,no_satellite_archive,2025,RED,2025-06-29,2025-09-10,74,13906.0,14162.13,"10,000 ha or more",lightning,lightning,MON,-92.4711,51.6978,True,0,-92.4489,51.77962,,0,0,0,,False,,,,,,,,,,,,,,,,,,,,,,,,,,,,,,,,,,,,,,,,,
2025_RED70,fire-spread-v1.0.0,no_satellite_archive,2025,RED,2025-06-28,2025-09-06,71,4421.0,5064.64,"1,000-10,000 ha",lightning,lightning,MON,-94.6921,51.1112,True,0,-94.67697,51.12169,,0,0,0,,False,,,,,,,,,,,,,,,,,,,,,,,,,,,,,,,,,,,,,,,,,
2025_RED72,fire-spread-v1.0.0,no_satellite_archive,2025,RED,2025-06-28,2025-08-25,59,6394.0,6843.38,"1,000-10,000 ha",lightning,lightning,MOD,-93.8394,52.2183,True,0,-93.78432,52.19142,,0,0,0,,False,,,,,,,,,,,,,,,,,,,,,,,,,,,,,,,,,,,,,,,,,
2025_RED74,fire-spread-v1.0.0,no_satellite_archive,2025,RED,2025-06-28,2025-09-10,75,5069.0,5107.49,"1,000-10,000 ha",lightning,lightning,MON,-93.2099,51.7614,True,0,-93.19362,51.83143,,0,0,0,,False,,,,,,,,,,,,,,,,,,,,,,,,,,,,,,,,,,,,,,,,,
2025_RED92,fire-spread-v1.0.0,no_satellite_archive,2025,RED,2025-07-10,2025-08-02,24,163.0,162.85,40-200 ha,lightning,lightning,FUL,-93.4806,51.6741,True,0,-93.47794,51.67781,,0,0,0,,False,,,,,,,,,,,,,,,,,,,,,,,,,,,,,,,,,,,,,,,,,
2025_RED94,fire-spread-v1.0.0,no_satellite_archive,2025,RED,2025-07-10,2025-08-01,23,67.0,66.99,40-200 ha,lightning,lightning,FUL,-93.5499,51.6518,True,0,-93.55486,51.65546,,0,0,0,,False,,,,,,,,,,,,,,,,,,,,,,,,,,,,,,,,,,,,,,,,,
2025_RED99,fire-spread-v1.0.0,no_satellite_archive,2025,RED,2025-07-10,2025-10-23,106,24208.0,26528.75,"10,000 ha or more",lightning,lightning,FUL,-94.0472,52.2752,True,0,-93.94141,52.26946,,0,0,0,,False,,,,,,,,,,,,,,,,,,,,,,,,,,,,,,,,,,,,,,,,,
2025_SLK14,fire-spread-v1.0.0,no_satellite_archive,2025,SLK,2025-06-03,2025-08-16,75,27424.0,27633.56,"10,000 ha or more",lightning,lightning,MON,-92.2598,52.6667,True,0,-92.17783,52.72662,,0,0,0,,False,,,,,,,,,,,,,,,,,,,,,,,,,,,,,,,,,,,,,,,,,
2025_SLK16,fire-spread-v1.0.0,no_satellite_archive,2025,SLK,2025-06-03,2025-06-30,28,154.0,154.64,40-200 ha,lightning,lightning,MON,-91.9443,52.3962,True,0,-91.95153,52.39541,,0,0,0,,False,,,,,,,,,,,,,,,,,,,,,,,,,,,,,,,,,,,,,,,,,
2025_SLK17,fire-spread-v1.0.0,no_satellite_archive,2025,SLK,2025-06-07,2025-08-16,71,4438.0,4539.68,"1,000-10,000 ha",lightning,lightning,MON,-91.976,52.6244,True,0,-91.93819,52.68042,,0,0,0,,False,,,,,,,,,,,,,,,,,,,,,,,,,,,,,,,,,,,,,,,,,
2025_SLK18,fire-spread-v1.0.0,no_satellite_archive,2025,SLK,2025-06-04,2025-08-16,74,23816.0,24889.25,"10,000 ha or more",lightning,lightning,MOD,-91.6313,51.7443,True,0,-91.51979,51.82561,,0,0,0,,False,,,,,,,,,,,,,,,,,,,,,,,,,,,,,,,,,,,,,,,,,
2025_SLK19,fire-spread-v1.0.0,no_satellite_archive,2025,SLK,2025-06-07,2025-08-16,71,7239.0,7488.67,"1,000-10,000 ha",lightning,lightning,MOD,-89.0069,52.7518,True,0,-89.01973,52.80384,,0,0,0,,False,,,,,,,,,,,,,,,,,,,,,,,,,,,,,,,,,,,,,,,,,
2025_SLK20,fire-spread-v1.0.0,no_satellite_archive,2025,SLK,2025-06-08,2025-07-14,37,192.0,192.24,40-200 ha,lightning,lightning,FUL,-90.6904,54.0347,True,0,-90.68745,54.04142,,0,0,0,,False,,,,,,,,,,,,,,,,,,,,,,,,,,,,,,,,,,,,,,,,,
2025_SLK23,fire-spread-v1.0.0,no_satellite_archive,2025,SLK,2025-06-15,2025-08-16,63,70.0,69.64,40-200 ha,lightning,lightning,MON,-89.8429,54.3327,True,0,-89.83337,54.33353,,0,0,0,,False,,,,,,,,,,,,,,,,,,,,,,,,,,,,,,,,,,,,,,,,,
2025_SLK3,fire-spread-v1.0.0,no_satellite_archive,2025,SLK,2025-05-13,2025-08-26,106,1849.0,1910.76,"1,000-10,000 ha",miscellaneous,human,FUL,-90.7078,50.2532,True,0,-90.66904,50.3093,,0,0,0,,False,,,,,,,,,,,,,,,,,,,,,,,,,,,,,,,,,,,,,,,,,
2025_SLK30,fire-spread-v1.0.0,no_satellite_archive,2025,SLK,2025-06-19,2025-08-16,59,2142.0,2186.99,"1,000-10,000 ha",lightning,lightning,MON,-92.11,52.0337,True,0,-92.15139,52.07172,,0,0,0,,False,,,,,,,,,,,,,,,,,,,,,,,,,,,,,,,,,,,,,,,,,
2025_SLK43,fire-spread-v1.0.0,no_satellite_archive,2025,SLK,2025-06-28,2025-09-12,77,1124.0,1138.73,"1,000-10,000 ha",lightning,lightning,MOD,-91.1348,54.0957,True,0,-91.10152,54.11863,,0,0,0,,False,,,,,,,,,,,,,,,,,,,,,,,,,,,,,,,,,,,,,,,,,
2025_SLK53,fire-spread-v1.0.0,no_satellite_archive,2025,SLK,2025-06-28,2025-08-18,52,1776.0,1859.56,"1,000-10,000 ha",lightning,lightning,MON,-92.2774,52.0465,True,0,-92.28084,52.05827,,0,0,0,,False,,,,,,,,,,,,,,,,,,,,,,,,,,,,,,,,,,,,,,,,,
2025_SLK54,fire-spread-v1.0.0,no_satellite_archive,2025,SLK,2025-07-04,2025-07-31,28,166.0,166.53,40-200 ha,lightning,lightning,FUL,-89.783,53.799,True,0,-89.77753,53.80988,,0,0,0,,False,,,,,,,,,,,,,,,,,,,,,,,,,,,,,,,,,,,,,,,,,
2025_SLK60,fire-spread-v1.0.0,no_satellite_archive,2025,SLK,2025-07-13,2025-09-19,69,2520.0,2589.72,"1,000-10,000 ha",lightning,lightning,MON,-90.2206,53.2944,True,0,-90.17495,53.32869,,0,0,0,,False,,,,,,,,,,,,,,,,,,,,,,,,,,,,,,,,,,,,,,,,,
2025_SLK64,fire-spread-v1.0.0,no_satellite_archive,2025,SLK,2025-07-10,2025-08-18,40,750.0,749.99,"200-1,000 ha",lightning,lightning,MON,-92.2552,52.238,True,0,-92.21891,52.25868,,0,0,0,,False,,,,,,,,,,,,,,,,,,,,,,,,,,,,,,,,,,,,,,,,,
2025_SLK65,fire-spread-v1.0.0,no_satellite_archive,2025,SLK,2025-07-20,2025-08-18,30,438.0,525.07,"200-1,000 ha",lightning,lightning,MON,-91.419,54.9112,True,0,-91.43109,54.90632,,0,0,0,,False,,,,,,,,,,,,,,,,,,,,,,,,,,,,,,,,,,,,,,,,,
2025_SLK68,fire-spread-v1.0.0,no_satellite_archive,2025,SLK,2025-08-01,2025-09-12,43,1026.0,1037.97,"1,000-10,000 ha",lightning,lightning,FUL,-91.2838,53.7535,True,0,-91.2701,53.7794,,0,0,0,,False,,,,,,,,,,,,,,,,,,,,,,,,,,,,,,,,,,,,,,,,,
2025_SLK69,fire-spread-v1.0.0,no_satellite_archive,2025,SLK,2025-08-02,2025-08-14,13,440.0,450.46,"200-1,000 ha",lightning,lightning,MON,-90.8052,53.6224,True,0,-90.80016,53.63563,,0,0,0,,False,,,,,,,,,,,,,,,,,,,,,,,,,,,,,,,,,,,,,,,,,
2025_SLK70,fire-spread-v1.0.0,no_satellite_archive,2025,SLK,2025-08-02,2025-09-12,42,2222.0,2328.98,"1,000-10,000 ha",lightning,lightning,MON,-90.6446,53.5475,True,0,-90.64363,53.59335,,0,0,0,,False,,,,,,,,,,,,,,,,,,,,,,,,,,,,,,,,,,,,,,,,,
2025_SLK71,fire-spread-v1.0.0,no_satellite_archive,2025,SLK,2025-08-02,2025-08-14,13,360.0,360.52,"200-1,000 ha",lightning,lightning,MON,-90.8632,53.6729,True,0,-90.86525,53.68403,,0,0,0,,False,,,,,,,,,,,,,,,,,,,,,,,,,,,,,,,,,,,,,,,,,
2025_SLK75,fire-spread-v1.0.0,no_satellite_archive,2025,SLK,2025-08-01,2025-08-06,6,66.0,66.71,40-200 ha,lightning,lightning,MON,-90.2567,53.3351,False,16,-90.2582,53.33526,,0,0,0,,False,,,,,,,,,,,,,,,,,,,,,,,,,,,,,,,,,,,,,,,,,
2025_SLK76,fire-spread-v1.0.0,no_satellite_archive,2025,SLK,2025-08-01,2025-08-06,6,236.0,236.59,"200-1,000 ha",lightning,lightning,MON,-90.2906,53.3457,True,0,-90.30713,53.34588,,0,0,0,,False,,,,,,,,,,,,,,,,,,,,,,,,,,,,,,,,,,,,,,,,,
2025_SLK77,fire-spread-v1.0.0,no_satellite_archive,2025,SLK,2025-08-02,2025-09-19,49,7294.0,7901.63,"1,000-10,000 ha",lightning,lightning,MON,-90.3599,53.3662,True,0,-90.30022,53.38846,,0,0,0,,False,,,,,,,,,,,,,,,,,,,,,,,,,,,,,,,,,,,,,,,,,
2025_SLK78,fire-spread-v1.0.0,no_satellite_archive,2025,SLK,2025-08-02,2025-09-12,42,657.0,670.35,"200-1,000 ha",lightning,lightning,MON,-90.4753,53.4235,True,0,-90.47818,53.43094,,0,0,0,,False,,,,,,,,,,,,,,,,,,,,,,,,,,,,,,,,,,,,,,,,,
2025_SLK79,fire-spread-v1.0.0,no_satellite_archive,2025,SLK,2025-08-01,2025-08-06,6,116.0,118.31,40-200 ha,lightning,lightning,MON,-90.3126,53.3301,True,0,-90.31025,53.33264,,0,0,0,,False,,,,,,,,,,,,,,,,,,,,,,,,,,,,,,,,,,,,,,,,,
2025_SLK82,fire-spread-v1.0.0,no_satellite_archive,2025,SLK,2025-08-06,2025-08-18,13,110.0,109.83,40-200 ha,lightning,lightning,MON,-91.4805,53.3444,True,0,-91.48043,53.34457,,0,0,0,,False,,,,,,,,,,,,,,,,,,,,,,,,,,,,,,,,,,,,,,,,,
2025_THU6,fire-spread-v1.0.0,no_satellite_archive,2025,THU,2025-05-05,2025-05-26,22,148.0,148.49,40-200 ha,lightning,lightning,FUL,-89.7748,49.4902,True,0,-89.76684,49.49688,,0,0,0,,False,,,,,,,,,,,,,,,,,,,,,,,,,,,,,,,,,,,,,,,,,
