fire_id,date,noon_temp_c,noon_rh_pct,noon_wind_kmh,noon_wind_direction_deg,rain_24h_mm,ffmc,dmc,dc,isi,bui,fwi,fine_fuel_moisture_pct,days_since_startup
2012_COC10,2012-05-19,18.8,58,12.0,131,3.0,69.8,15.09,62.67,1.14,18.84,0.99,35.52,48
2012_COC10,2012-05-20,27.5,40,17.4,210,0.0,88.03,19.61,70.02,7.77,23.07,12.38,12.94,49
2012_COC10,2012-05-21,6.4,95,15.5,335,6.0,34.22,11.55,64.97,0.02,15.99,0.02,104.88,50
2012_COC25,2012-06-10,25.1,63,12.2,182,1.6,81.18,34.46,161.41,2.39,44.94,6.65,20.74,70
2012_COC25,2012-06-11,31.2,36,34.5,207,0.0,91.36,39.9,170.43,29.6,50.34,46.13,9.41,71
2012_COC25,2012-06-12,10.0,85,14.5,330,15.6,34.55,17.5,141.9,0.02,26.76,0.02,104.01,72
2012_COC32,2012-06-28,27.6,39,8.9,153,0.0,90.32,22.39,177.54,7.02,34.04,14.02,10.5,88
2012_COC32,2012-06-29,23.5,57,19.2,264,2.4,79.73,21.4,185.17,2.91,33.2,6.56,22.49,89
2012_COC32,2012-06-30,13.7,81,15.3,297,11.9,40.98,10.75,164.99,0.09,18.48,0.08,87.94,90
2012_COC32,2012-07-01,15.9,77,11.4,288,1.8,53.69,10.39,171.56,0.44,18.05,0.37,61.53,91
2012_COC32,2012-07-02,19.2,57,11.1,324,0.1,75.75,12.44,178.72,1.4,21.19,1.99,27.49,92
2012_COC32,2012-07-03,26.5,51,14.2,201,0.0,86.34,15.61,187.19,5.2,25.84,9.46,14.79,93
2012_COC32,2012-07-04,16.7,59,15.8,333,2.4,73.96,14.32,193.9,1.61,24.17,2.75,29.82,94
2012_COC32,2012-07-05,26.8,38,13.7,183,0.0,88.5,18.38,202.43,6.9,29.96,12.92,12.43,95
2012_COC32,2012-07-06,25.4,44,18.5,283,1.2,87.01,21.87,210.7,7.1,34.72,14.28,14.05,96
2012_COC32,2012-07-07,13.4,73,11.1,324,0.0,84.67,22.79,216.82,3.52,36.09,8.21,16.68,97
2012_COC32,2012-07-08,17.0,51,15.1,332,0.0,86.22,24.87,223.58,5.35,38.92,12.16,14.93,98
2012_COC32,2012-07-09,18.0,61,13.9,329,0.6,84.8,26.62,230.53,4.13,41.31,10.2,16.52,99
2012_COC32,2012-07-10,19.9,44,12.3,267,0.2,87.66,29.38,237.81,5.7,44.89,13.84,13.34,100
2012_COC32,2012-07-11,25.8,42,20.8,252,1.6,86.45,31.85,246.16,7.36,48.13,17.45,14.68,101
2012_COC32,2012-07-12,28.4,52,9.4,274,0.0,88.13,35.18,254.98,5.26,52.31,14.16,12.83,102
2012_COC32,2012-07-13,30.7,41,10.5,243,3.7,83.19,29.92,257.56,2.81,46.38,7.85,18.37,103
2012_COC32,2012-07-14,31.6,33,16.6,229,0.0,91.85,35.07,266.95,12.89,52.8,27.28,8.9,104
2012_COC32,2012-07-15,20.2,52,9.6,13,0.6,88.76,37.47,274.29,5.82,55.86,15.86,12.15,105
2012_COC32,2012-07-16,23.8,46,15.2,274,0.1,88.81,40.63,282.28,7.78,59.76,20.36,12.1,106
2012_COC32,2012-07-17,14.3,63,10.7,327,0.0,86.62,41.97,288.56,4.53,61.55,13.81,14.48,107
2012_COC32,2012-07-18,13.9,61,11.2,318,0.0,86.24,43.34,294.76,4.4,63.38,13.72,14.91,108
2012_COC32,2012-07-19,16.0,60,6.5,6,0.1,86.28,44.95,301.35,3.5,65.48,11.65,14.86,109
2012_COC32,2012-07-20,22.7,40,7.3,160,0.0,88.95,48.3,309.14,5.33,69.47,16.72,11.94,110
2012_COC32,2012-07-21,19.2,90,12.0,219,10.4,37.22,24.92,286.08,0.04,40.93,0.05,97.07,111
2012_COC32,2012-07-22,26.2,35,15.5,266,1.0,81.18,29.09,294.5,2.83,46.66,7.92,20.74,112
2012_COC32,2012-07-23,23.9,54,8.9,238,3.3,73.57,24.55,296.51,1.12,40.68,2.7,30.34,113
2012_COC32,2012-07-24,17.3,68,18.4,310,2.2,70.49,22.54,303.33,1.61,38.02,3.95,34.55,114
2012_COC32,2012-07-25,25.6,36,15.3,255,0.0,88.09,26.56,311.64,7.05,43.78,16.07,12.87,115
2012_COC32,2012-07-26,16.5,53,8.1,328,1.5,79.38,27.88,318.31,1.61,45.74,4.54,22.92,116
2012_COC32,2012-07-27,20.5,46,7.2,3,0.0,85.93,30.61,325.71,3.44,49.58,9.75,15.26,117
2012_COC32,2012-07-28,25.5,32,10.7,228,0.0,90.86,34.86,334.0,8.32,55.3,20.52,9.92,118
2012_COC32,2012-07-29,28.5,34,11.6,234,0.0,91.68,39.45,342.84,9.77,61.27,24.26,9.08,119
2012_COC32,2012-07-30,28.2,42,15.0,197,0.0,91.73,43.44,351.62,11.68,66.38,28.57,9.03,120
2012_COC32,2012-07-31,19.7,64,14.8,342,25.2,54.93,18.3,275.13,0.58,31.39,0.71,59.26,121
2012_COC32,2012-08-01,24.9,54,11.2,228,0.0,80.11,20.77,282.62,2.02,35.1,4.76,22.03,122
2012_COC32,2012-08-02,7.9,100,15.1,342,10.8,17.29,10.01,257.46,0.0,18.24,0.0,160.45,123
2012_COC32,2012-08-03,15.7,47,7.2,3,5.0,46.84,7.55,252.64,0.16,14.04,0.11,74.98,124
2012_COC32,2012-08-04,23.2,42,18.8,144,0.0,81.41,10.46,259.82,3.43,19.0,5.4,20.47,125
2012_COC32,2012-08-05,23.0,74,10.1,276,8.2,55.28,6.49,246.63,0.48,12.17,0.32,58.64,126
2012_COC32,2012-08-06,22.8,47,16.0,234,6.1,68.82,5.78,240.14,1.35,10.9,0.85,36.91,127
2012_COC32,2012-08-07,17.9,82,10.9,314,5.4,47.52,3.53,235.0,0.21,6.81,0.1,73.56,128
2012_COC32,2012-08-08,15.1,56,10.5,338,1.5,65.35,5.0,240.72,0.91,9.51,0.53,42.03,129
2012_COC32,2012-08-09,16.2,55,11.2,2,0.0,79.13,6.61,246.64,1.83,12.39,1.81,23.22,130
2012_COC32,2012-08-10,20.2,42,13.2,47,0.0,86.82,9.16,253.28,5.29,16.8,7.57,14.26,131
2012_COC32,2012-08-11,23.6,46,10.5,41,0.0,88.35,11.91,260.54,5.75,21.38,9.28,12.59,132
2012_COC32,2012-08-12,23.3,53,9.1,18,0.0,88.4,14.28,267.73,5.39,25.2,9.62,12.54,133
2012_COC32,2012-08-13,27.4,36,4.4,235,0.0,90.73,18.05,275.67,5.94,31.02,11.68,10.06,134
2012_COC32,2012-08-14,21.0,79,4.0,243,2.3,67.67,15.96,282.45,0.71,27.97,0.8,38.57,135
2012_COC32,2012-08-15,20.3,53,6.3,329,11.3,55.05,9.67,258.01,0.39,17.67,0.32,59.04,136
2012_COC32,2012-08-16,25.5,42,22.2,172,0.0,84.98,12.85,265.6,6.43,22.93,10.59,16.32,137
2012_COC32,2012-08-17,12.9,90,17.6,255,44.0,26.58,5.28,154.76,0.0,9.73,0.0,127.26,138
2012_COC32,2012-08-18,14.3,50,21.6,242,2.1,60.14,5.46,160.34,1.23,10.06,0.74,50.27,139
2012_COC32,2012-08-19,8.2,89,16.9,246,4.4,38.16,3.02,157.88,0.06,5.76,0.03,94.71,140
2012_COC32,2012-08-20,11.3,72,8.6,255,2.7,45.68,2.27,162.92,0.14,4.38,0.06,77.41,141
2012_COC32,2012-08-21,15.2,54,6.2,249,0.8,66.9,3.81,168.66,0.77,7.22,0.39,39.71,142
2012_COC32,2012-08-22,19.7,80,12.2,272,13.2,42.62,2.15,147.15,0.1,4.16,0.04,84.16,143
2012_COC32,2012-08-23,20.1,49,4.1,345,3.2,59.43,3.01,149.85,0.49,5.73,0.22,51.45,144
2012_COC32,2012-08-24,23.3,57,13.2,151,0.0,80.25,5.17,157.05,2.27,9.56,2.04,21.86,145
2012_COC32,2012-08-25,26.6,59,17.3,216,2.3,79.63,5.91,164.84,2.62,10.84,2.76,22.6,146
2012_COC32,2012-08-26,27.7,52,16.9,200,0.0,87.19,8.76,172.83,6.72,15.55,8.96,13.86,147
2012_COC32,2012-08-27,20.8,60,16.8,293,14.5,60.96,5.6,148.2,1.01,10.23,0.62,48.93,148
2012_COC32,2012-08-28,15.7,46,18.4,301,0.1,80.16,7.47,154.03,2.92,13.32,3.63,21.97,149
2012_COC32,2012-08-29,23.3,43,15.1,267,0.0,87.7,10.34,161.23,6.6,17.82,9.47,13.3,150
2012_COC32,2012-08-30,24.6,69,13.5,189,2.9,73.35,8.95,165.32,1.4,15.77,1.39,30.63,151
2012_COC32,2012-08-31,16.5,70,9.5,349,2.1,67.27,8.27,171.3,0.92,14.75,0.7,39.17,152
2012_COC32,2012-09-01,17.1,54,6.3,283,0.0,79.46,9.76,176.08,1.48,17.14,1.74,22.81,153
2012_COC32,2012-09-02,20.5,51,3.1,144,0.0,84.77,11.64,181.47,2.39,20.06,3.83,16.56,154
2012_COC32,2012-09-03,25.0,46,19.7,204,0.2,88.39,14.15,187.68,9.18,23.81,14.34,12.55,155
2012_COC32,2012-09-04,26.5,45,12.2,236,0.0,89.22,16.85,194.15,7.09,27.7,12.67,11.66,156
2012_COC32,2012-09-05,28.6,38,11.2,186,0.2,90.81,20.13,201.0,8.46,32.2,15.72,9.98,157
2012_COC32,2012-09-06,20.3,60,24.1,248,9.8,65.88,11.52,184.63,1.84,19.92,2.78,41.23,158
2012_COC36,2012-07-19,19.9,45,4.6,51,0.1,87.56,57.91,293.39,3.81,77.55,13.76,13.45,109
2012_COC36,2012-07-20,24.3,38,10.5,184,0.0,89.85,61.61,301.46,7.12,81.55,22.49,10.99,110
2012_COC36,2012-07-21,25.7,51,15.5,292,3.0,79.99,51.45,304.72,2.48,72.35,9.31,22.18,111
2012_COC36,2012-07-22,27.3,34,15.8,258,0.0,90.31,55.85,313.34,9.94,77.27,27.61,10.5,112
2012_COC36,2012-07-23,20.2,78,18.1,5,2.7,69.62,46.77,320.68,1.54,68.55,5.83,35.77,113
2012_COC36,2012-07-24,21.4,46,14.5,312,0.5,84.44,49.63,328.24,4.06,72.03,13.85,16.93,114
2012_COC36,2012-07-25,26.3,31,14.0,258,0.0,91.11,54.07,336.68,10.18,77.16,28.05,9.66,115
2012_COC36,2012-07-26,16.8,53,10.5,333,0.2,88.76,56.04,343.4,6.09,79.61,19.86,12.16,116
2012_COC36,2012-07-27,20.9,42,3.1,339,0.0,88.92,59.04,350.87,4.29,83.12,15.68,11.98,117
2012_COC36,2012-07-28,26.2,31,14.1,218,0.0,91.63,63.46,359.29,11.01,88.05,31.6,9.12,118
2012_COC36,2012-07-29,27.8,40,10.1,235,0.0,91.68,67.54,368.0,9.07,92.59,28.41,9.07,119
2012_COC36,2012-07-30,20.7,86,7.3,200,2.0,68.68,61.1,375.43,0.87,86.86,3.86,37.11,120
2012_COC36,2012-07-31,20.7,52,5.6,310,9.0,57.0,34.91,352.82,0.44,55.97,0.8,55.59,121
2012_COC36,2012-08-01,24.3,63,4.8,243,0.2,76.07,36.85,360.19,1.04,58.69,3.42,27.07,122
2012_COC36,2012-08-02,11.8,63,11.6,7,18.8,43.61,15.43,301.3,0.12,27.35,0.13,81.94,123
2012_COC36,2012-08-03,17.2,45,3.3,139,0.0,69.51,17.5,307.4,0.73,30.65,0.87,35.94,124
2012_COC36,2012-08-04,21.9,53,18.0,147,0.0,83.63,19.74,314.34,4.34,34.12,9.5,17.87,125
2012_COC36,2012-08-05,14.6,69,16.9,270,10.7,51.36,10.55,288.38,0.45,19.33,0.4,65.91,126
2012_COC36,2012-08-06,23.1,55,16.9,250,0.7,78.35,12.79,295.54,2.28,23.09,4.01,24.18,127
2012_COC36,2012-08-07,15.1,78,13.0,312,1.2,73.63,13.53,301.26,1.38,24.33,2.23,30.26,128
2012_COC36,2012-08-08,18.1,44,5.9,43,0.0,83.73,15.75,307.53,2.39,27.92,4.83,17.74,129
2012_COC36,2012-08-09,17.2,52,10.0,30,0.0,85.78,17.56,313.63,3.89,30.81,8.15,15.42,130
2012_COC36,2012-08-10,18.7,45,10.7,48,0.0,87.52,19.81,320.0,5.15,34.31,11.0,13.5,131
2012_COC36,2012-08-11,22.1,42,6.1,28,0.0,88.8,22.59,326.98,4.91,38.52,11.29,12.11,132
2012_COC36,2012-08-12,24.4,39,3.2,297,0.0,89.83,25.8,334.37,4.91,43.26,12.06,11.02,133
2012_COC36,2012-08-13,25.2,51,10.9,243,0.0,89.67,28.46,341.91,7.09,47.12,16.78,11.18,134
2012_COC36,2012-08-14,20.8,50,10.7,284,0.6,87.43,30.72,348.66,5.09,50.35,13.5,13.59,135
2012_COC36,2012-08-15,22.2,40,2.9,263,0.0,89.01,33.61,355.66,4.31,54.37,12.36,11.88,136
2012_COC36,2012-08-16,18.0,86,18.9,159,2.8,63.17,27.51,356.89,1.26,46.13,3.5,45.4,137
2012_COC36,2012-08-17,7.9,93,19.3,284,8.2,26.79,14.59,335.57,0.0,26.32,0.0,126.59,138
2012_COC38,2012-07-27,21.0,43,4.8,13,0.0,87.22,56.6,384.31,3.67,82.74,13.86,13.82,117
2012_COC38,2012-07-28,26.2,31,13.8,213,0.0,91.43,61.02,392.73,10.54,87.9,30.65,9.34,118
2012_COC38,2012-07-29,28.4,39,11.8,220,0.0,91.48,65.25,401.55,9.59,92.8,29.55,9.28,119
2012_COC38,2012-07-30,24.0,68,12.8,196,0.2,87.16,67.14,409.57,5.44,95.24,20.13,13.89,120
2012_COC38,2012-07-31,20.4,52,7.2,333,8.1,61.75,39.47,388.13,0.65,62.94,1.93,47.65,121
2012_COC38,2012-08-01,24.8,61,9.7,228,0.8,78.57,41.56,395.59,1.61,65.83,5.93,23.92,122
2012_COC38,2012-08-02,9.2,85,11.6,7,22.3,28.59,16.46,318.07,0.0,29.15,0.0,121.0,123
2012_COC38,2012-08-03,17.7,44,2.3,129,0.2,60.62,18.63,324.26,0.48,32.59,0.6,49.49,124
2012_COC38,2012-08-04,23.3,46,16.8,149,0.0,83.47,21.35,331.46,4.0,36.78,9.27,18.05,125
2012_COC38,2012-08-05,19.8,66,17.6,270,20.1,55.48,10.2,273.96,0.71,18.66,0.61,58.28,126
2012_COC38,2012-08-06,22.7,54,16.7,237,0.2,80.17,12.46,281.05,2.69,22.43,4.7,21.95,127
2012_COC38,2012-08-07,16.9,71,16.3,315,5.1,59.23,8.39,275.49,0.89,15.6,0.69,51.78,128
2012_COC38,2012-08-08,17.7,46,4.5,14,0.1,77.51,10.49,281.68,1.14,19.19,1.04,25.23,129
2012_COC38,2012-08-09,17.3,51,11.3,27,0.0,84.18,12.35,287.8,3.33,22.31,5.8,17.24,130
2012_COC38,2012-08-10,19.2,46,13.7,45,0.0,87.13,14.61,294.26,5.67,26.0,10.21,13.92,131
2012_COC38,2012-08-11,23.1,43,10.0,38,0.0,88.78,17.46,301.42,5.96,30.51,11.6,12.13,132
2012_COC38,2012-08-12,24.9,41,6.1,3,0.0,89.63,20.63,308.9,5.53,35.35,11.84,11.22,133
2012_COC38,2012-08-13,26.1,52,8.8,235,0.0,89.62,23.32,316.61,6.33,39.39,13.98,11.23,134
2012_COC38,2012-08-14,22.6,47,4.7,279,0.0,89.67,25.92,323.68,5.18,43.19,12.57,11.18,135
2012_COC38,2012-08-15,22.6,41,2.8,320,0.0,89.72,28.8,330.75,4.74,47.31,12.33,11.13,136
2012_COC38,2012-08-16,24.4,42,24.6,168,0.0,89.77,31.86,338.15,14.33,51.57,29.0,11.07,137
2012_COC38,2012-08-17,9.9,85,18.0,272,14.6,35.97,13.64,296.06,0.04,24.47,0.04,100.26,138
2012_COC43,2012-07-27,20.8,42,5.0,21,0.0,90.0,36.18,346.67,5.51,57.38,15.44,10.83,117
2012_COC43,2012-07-28,25.6,31,12.0,224,0.0,91.64,40.5,354.98,9.92,63.03,24.87,9.11,118
2012_COC43,2012-07-29,27.9,38,11.7,225,0.0,91.69,44.73,363.71,9.84,68.42,25.79,9.06,119
2012_COC43,2012-07-30,24.5,67,14.8,206,1.0,83.84,46.71,371.82,3.8,71.09,13.05,17.62,120
2012_COC43,2012-07-31,18.5,63,8.2,337,23.7,48.72,20.08,296.24,0.21,34.34,0.27,71.11,121
2012_COC43,2012-08-01,24.7,59,12.7,235,0.1,77.25,22.26,303.69,1.68,37.63,4.12,25.57,122
2012_COC43,2012-08-02,7.8,100,14.2,9,24.9,10.57,8.64,233.85,0.0,15.82,0.0,189.99,123
2012_COC43,2012-08-03,17.7,44,2.9,83,1.1,47.73,10.81,240.04,0.14,19.44,0.13,73.14,124
2012_COC43,2012-08-04,24.0,48,17.7,156,0.0,80.52,13.51,247.37,2.93,23.77,5.33,21.53,125
2012_COC43,2012-08-05,18.4,77,17.5,278,12.8,49.07,7.13,220.89,0.35,13.19,0.25,70.4,126
2012_COC43,2012-08-06,22.4,55,17.1,240,0.5,78.02,9.31,227.93,2.23,16.9,3.13,24.6,127
2012_COC43,2012-08-07,18.6,69,15.3,311,1.9,73.02,9.15,234.28,1.51,16.67,1.74,31.09,128
2012_COC43,2012-08-08,16.8,50,6.4,16,0.5,82.23,10.99,240.31,2.02,19.73,3.12,19.5,129
2012_COC43,2012-08-09,18.3,49,10.8,21,0.0,85.98,13.04,246.6,4.16,23.03,7.29,15.2,130
2012_COC43,2012-08-10,19.3,45,15.8,45,0.0,87.72,15.35,253.08,6.85,26.66,12.08,13.28,131
2012_COC43,2012-08-11,22.7,45,11.9,25,0.0,88.54,18.05,260.17,6.34,30.77,12.25,12.39,132
2012_COC43,2012-08-12,24.3,44,8.3,358,0.0,89.06,20.99,267.55,5.69,35.1,12.08,11.83,133
2012_COC43,2012-08-13,26.1,51,10.0,249,0.0,89.11,23.74,275.25,6.24,39.06,13.78,11.78,134
2012_COC43,2012-08-14,21.6,59,3.3,319,1.6,78.4,24.62,282.14,1.15,40.43,2.79,24.13,135
2012_COC43,2012-08-15,22.0,45,1.5,346,0.0,85.37,27.25,289.11,2.39,44.1,6.56,15.88,136
2012_COC43,2012-08-16,24.9,40,24.6,169,0.0,89.51,30.47,296.59,13.8,48.48,27.42,11.35,137
2012_COC43,2012-08-17,9.9,83,19.5,275,21.6,35.68,11.7,237.87,0.04,20.84,0.04,101.03,138
2012_COC43,2012-08-18,13.2,54,21.3,268,4.4,55.2,8.53,234.84,0.83,15.63,0.65,58.78,139
2012_COC43,2012-08-19,7.9,86,17.0,274,2.9,45.25,6.08,235.26,0.2,11.42,0.13,78.34,140
2012_COC43,2012-08-20,9.0,85,9.5,295,2.7,40.71,4.3,239.88,0.06,8.23,0.03,88.57,141
2012_COC43,2012-08-21,15.6,50,9.7,211,0.2,68.99,6.02,245.7,0.99,11.35,0.64,36.67,142
2012_COC43,2012-08-22,18.1,89,9.4,277,6.1,38.59,3.31,238.39,0.04,6.4,0.02,93.66,143
2012_COC43,2012-08-23,21.3,49,1.9,202,0.2,67.52,5.67,245.23,0.64,10.72,0.4,38.79,144
2012_COC43,2012-08-24,24.3,62,10.7,166,1.1,78.44,7.66,252.61,1.68,14.25,1.79,24.07,145
2012_COC43,2012-08-25,27.1,59,17.6,226,7.7,71.56,6.05,241.97,1.6,11.38,1.2,33.07,146
2012_COC43,2012-08-26,27.1,55,18.8,197,0.0,85.4,8.67,249.85,5.74,15.95,7.92,15.85,147
2012_COC43,2012-08-27,19.8,60,16.1,294,7.9,63.14,5.94,237.44,1.09,11.18,0.7,45.44,148
2012_COC43,2012-08-28,16.6,43,18.0,296,0.0,81.76,8.02,243.43,3.43,14.83,4.64,20.05,149
2012_COC43,2012-08-29,23.0,44,15.1,252,0.0,87.75,10.81,250.57,6.64,19.52,9.99,13.25,150
2012_COC43,2012-08-30,27.0,64,26.3,230,1.0,84.72,12.9,258.44,7.64,22.94,12.18,16.61,151
2012_COC43,2012-08-31,21.3,65,13.3,327,1.0,81.86,14.52,265.28,2.74,25.54,5.22,19.93,152
2012_COC9,2012-05-19,18.7,64,12.6,117,3.7,66.0,14.99,67.82,1.03,19.31,0.92,41.05,48
2012_COC9,2012-05-20,28.3,43,17.1,215,0.0,87.19,19.4,75.31,6.78,23.6,11.23,13.86,49
2012_COC9,2012-05-21,7.6,87,7.7,349,6.1,39.0,11.55,70.17,0.04,16.37,0.03,92.66,50
2012_FOR59,2012-09-10,20.8,49,18.6,189,0.0,80.67,18.69,205.33,3.12,30.46,6.63,21.35,162
2012_FOR59,2012-09-11,23.4,50,12.7,173,0.0,86.57,20.87,211.25,4.98,33.48,10.55,14.54,163
2012_FOR59,2012-09-12,16.9,29,25.4,249,0.0,90.11,23.15,216.0,15.67,36.52,26.11,10.71,164
2012_FOR59,2012-09-13,12.4,68,15.9,308,0.3,86.02,23.92,219.93,5.41,37.61,12.05,15.16,165
2012_FOR59,2012-09-14,14.1,51,7.7,319,0.7,84.51,25.25,224.17,2.91,39.4,7.3,16.85,166
2012_FOR59,2012-09-15,18.2,46,11.9,166,0.0,87.01,27.1,229.15,5.09,41.83,12.17,14.06,167
2012_FOR59,2012-09-16,19.6,60,11.8,322,0.3,87.06,28.57,234.39,5.1,43.8,12.5,14.01,168
2012_FOR59,2012-09-17,10.7,57,13.7,346,0.8,82.92,29.48,238.02,3.19,45.02,8.61,18.68,169
2012_FOR59,2012-09-18,8.8,41,13.2,334,0.8,83.22,30.52,241.3,3.23,46.37,8.87,18.34,170
2012_FOR59,2012-09-19,13.7,64,16.0,261,4.6,61.08,21.13,236.41,0.98,34.54,1.88,48.73,171
2012_FOR59,2012-09-20,9.2,80,20.9,311,6.6,41.97,12.35,225.08,0.14,21.72,0.14,85.64,172
2012_FOR59,2012-09-21,9.3,75,9.4,272,2.7,44.95,9.7,228.46,0.13,17.54,0.11,79.0,173
2012_FOR59,2012-09-22,6.5,61,17.8,328,8.8,40.72,5.21,210.84,0.1,9.82,0.06,88.53,174
2012_FOR59,2012-09-23,7.4,56,14.5,312,0.8,61.47,5.88,213.88,0.93,11.0,0.59,48.1,175
2012_FOR59,2012-09-24,15.1,45,24.3,299,0.1,80.9,7.47,218.3,4.27,13.76,5.53,21.07,176
2012_FOR59,2012-09-25,8.1,59,8.8,305,0.0,82.62,8.14,221.46,2.4,14.91,3.11,19.04,177
2012_FOR59,2012-09-26,8.7,55,7.8,326,0.1,83.84,8.92,224.73,2.67,16.23,3.75,17.63,178
2012_FOR59,2012-09-27,14.1,46,9.2,249,0.0,86.1,10.38,228.97,3.9,18.65,6.07,15.06,179
2012_FOR59,2012-09-28,17.6,39,6.1,273,0.0,88.19,12.41,233.85,4.49,21.92,7.59,12.77,180
2012_FOR59,2012-09-29,17.6,41,2.3,51,0.0,88.48,14.38,238.72,3.87,24.99,7.16,12.46,181
2012_FOR59,2012-09-30,17.3,54,11.4,167,0.0,87.99,15.89,243.54,5.7,27.32,10.54,12.99,182
2012_FOR59,2012-10-01,12.5,82,15.3,330,0.0,83.12,16.26,246.49,3.55,27.91,7.07,18.45,183
2012_FOR59,2012-10-02,14.1,52,16.9,169,0.0,85.26,17.36,249.73,5.12,29.58,10.07,16.0,184
2012_FOR59,2012-10-03,18.4,41,2.5,278,0.0,87.63,19.11,253.75,3.46,32.16,7.54,13.37,185
2012_FOR59,2012-10-04,14.1,70,24.1,180,1.7,75.73,18.49,256.99,2.69,31.35,5.87,27.5,186
2012_HEA32,2012-09-12,21.5,27,16.9,236,0.0,91.61,29.02,344.5,12.64,47.95,25.67,9.15,164
2012_HEA32,2012-09-13,15.8,56,5.6,333,0.0,88.59,30.35,349.05,4.65,49.86,12.5,12.33,165
2012_HEA32,2012-09-14,9.7,83,8.8,55,3.1,56.39,23.7,346.41,0.49,40.48,0.71,56.67,166
2012_HEA9,2012-05-24,26.0,36,25.2,197,0.0,90.77,25.27,99.97,17.05,30.97,25.6,10.02,53
2012_HEA9,2012-05-25,18.7,49,35.9,243,0.2,89.18,27.93,105.74,23.28,33.64,32.87,11.7,54
2012_HEA9,2012-05-26,14.2,47,5.4,312,0.0,88.76,30.06,110.7,4.71,35.81,10.47,12.16,55
2012_KEN103,2012-09-11,21.3,62,6.2,263,0.0,84.19,21.28,322.27,2.58,36.53,6.23,17.22,163
2012_KEN103,2012-09-12,16.6,38,33.6,261,0.0,88.2,23.23,326.96,18.01,39.45,29.79,12.75,164
2012_KEN103,2012-09-13,13.1,57,17.1,305,0.0,87.05,24.32,331.03,6.65,41.09,14.86,14.02,165
2012_KEN103,2012-09-14,14.0,50,3.3,229,0.1,87.1,25.66,335.25,3.34,43.08,8.73,13.96,166
2012_KEN103,2012-09-15,18.5,52,22.5,174,0.0,87.14,27.34,340.28,8.85,45.53,19.41,13.91,167
2012_KEN103,2012-09-16,13.2,60,19.5,332,0.0,86.39,28.36,344.36,6.83,47.03,16.31,14.74,168
2012_KEN103,2012-09-17,10.2,57,15.8,339,0.0,86.23,29.22,347.9,5.55,48.3,14.11,14.92,169
2012_KEN103,2012-09-18,10.6,50,12.4,206,0.0,86.28,30.26,351.52,4.71,49.8,12.62,14.86,170
2012_KEN103,2012-09-19,11.7,81,34.3,295,3.9,59.56,21.79,346.11,2.24,37.65,5.55,51.24,171
2012_KEN103,2012-09-20,11.4,58,19.6,296,13.0,48.36,10.86,307.65,0.36,19.95,0.32,71.84,172
2012_KEN103,2012-09-21,9.5,71,23.4,273,2.0,58.02,9.66,311.07,1.16,17.94,0.99,53.84,173
2012_KEN103,2012-09-22,6.5,61,26.3,330,4.8,52.57,6.08,302.48,0.83,11.58,0.54,63.61,174
2012_KEN103,2012-09-23,7.4,55,10.7,282,0.0,69.16,6.76,305.51,1.04,12.81,0.72,36.43,175
2012_KEN103,2012-09-24,10.4,63,23.1,349,0.0,78.43,7.52,309.09,3.13,14.18,4.09,24.09,176
2012_KEN103,2012-09-25,8.8,61,15.4,323,0.0,81.63,8.21,312.38,2.96,15.4,4.06,20.2,177
2012_KEN103,2012-09-26,9.7,52,3.8,253,0.0,83.69,9.13,315.83,2.14,17.03,2.98,17.79,178
2012_KEN103,2012-09-27,14.3,56,11.1,193,0.0,84.88,10.34,320.11,3.63,19.13,5.74,16.43,179
2012_KEN103,2012-09-28,16.2,63,2.1,149,0.0,84.93,11.48,324.73,2.32,21.09,3.84,16.38,180
2012_KEN103,2012-09-29,17.8,60,12.3,159,0.0,85.23,12.82,329.63,4.04,23.37,7.16,16.04,181
2012_KEN103,2012-09-30,18.1,61,18.7,178,0.0,85.28,14.15,334.6,5.62,25.6,10.05,15.99,182
2012_KEN103,2012-10-01,14.5,55,18.2,326,0.0,85.56,15.22,337.91,5.7,27.36,10.54,15.67,183
2012_KEN103,2012-10-02,15.3,50,36.0,177,0.0,86.43,16.46,341.37,15.79,29.38,23.68,14.7,184
2012_KEN36,2012-05-14,17.4,41,13.2,197,0.0,88.22,19.01,99.28,6.46,25.71,11.3,12.74,43
2012_KEN36,2012-05-15,11.4,43,23.0,328,0.9,84.84,20.88,103.73,6.57,27.78,11.94,16.48,44
2012_KEN36,2012-05-16,11.6,43,8.3,185,0.0,86.43,22.79,108.23,3.91,29.86,8.03,14.7,45
2012_KEN36,2012-05-17,16.3,52,20.5,142,0.4,86.48,24.99,113.56,7.28,32.24,14.0,14.64,46
2012_KEN36,2012-05-18,22.6,53,8.7,132,0.0,87.12,27.92,120.04,4.4,35.31,9.81,13.93,47
2012_KEN36,2012-05-19,17.6,75,15.9,295,0.2,84.64,29.15,125.61,4.47,36.9,10.2,16.7,48
2012_KLK11,2012-05-23,21.0,33,13.6,158,0.0,85.86,30.87,112.18,4.71,36.58,10.6,15.33,52
2012_KLK11,2012-05-24,25.2,45,21.2,190,0.0,88.74,34.68,119.12,10.42,40.14,20.5,12.17,53
2012_KLK11,2012-05-25,20.6,66,23.7,222,2.5,75.88,30.94,125.23,2.66,38.25,6.61,27.32,54
2012_KLK13,2012-05-24,25.7,43,23.8,198,0.0,89.21,38.91,120.19,12.7,43.01,24.41,11.67,53
2012_KLK13,2012-05-25,22.0,52,26.6,240,2.1,81.91,37.47,126.56,5.38,43.07,12.94,19.88,54
2012_KLK13,2012-05-26,15.8,44,7.4,309,0.0,85.97,39.97,131.81,3.5,45.47,9.39,15.2,55
2012_KLK13,2012-05-27,13.3,69,7.2,117,3.6,59.64,30.73,131.93,0.58,38.84,0.81,51.1,56
2012_KLK8,2012-05-20,29.1,29,18.4,208,0.0,92.25,53.9,112.59,14.92,53.78,30.42,8.49,49
2012_KLK8,2012-05-21,23.5,56,13.8,237,0.1,89.09,56.75,119.23,7.55,56.63,19.37,11.79,50
2012_KLK8,2012-05-22,18.1,35,10.0,38,14.3,62.91,29.36,97.72,0.8,33.53,1.1,45.8,51
2012_NIP103,2012-09-11,24.9,49,18.8,212,0.0,88.35,27.13,369.91,8.72,45.85,19.28,12.6,163
2012_NIP103,2012-09-12,19.3,28,22.9,237,0.0,90.99,29.74,375.08,15.65,49.64,30.22,9.79,164
2012_NIP103,2012-09-13,15.3,57,6.1,3,0.0,88.23,31.0,379.54,4.52,51.48,12.45,12.73,165
2012_NIP103,2012-09-14,12.8,57,7.6,31,4.1,61.7,22.53,372.85,0.66,39.14,0.94,47.73,166
2012_NIP104,2012-09-15,16.0,45,14.5,203,0.0,76.99,18.66,308.53,1.81,32.42,3.99,25.89,167
2012_NIP104,2012-09-16,14.8,54,14.7,338,0.0,83.19,19.96,312.9,3.47,34.43,7.88,18.37,168
2012_NIP104,2012-09-17,8.5,41,12.2,346,0.0,85.72,20.97,316.14,4.31,35.98,9.74,15.48,169
2012_NIP24,2012-06-10,26.0,54,15.7,196,6.9,73.24,21.77,71.37,1.55,24.7,2.67,30.78,70
2012_NIP24,2012-06-11,22.2,44,17.7,213,1.4,82.71,25.2,78.77,3.8,28.0,7.54,18.93,71
2012_NIP24,2012-06-12,9.8,47,16.9,286,0.7,83.55,26.72,83.93,4.06,29.76,8.29,17.96,72
2012_NIP32,2012-07-11,28.5,35,15.5,267,0.0,91.39,40.67,179.45,11.42,51.93,24.89,9.37,101
2012_NIP32,2012-07-12,28.0,54,9.4,203,4.0,76.71,32.1,181.93,1.37,44.55,3.74,26.25,102
2012_NIP32,2012-07-13,29.1,43,13.2,225,0.2,88.58,36.14,190.87,6.8,49.06,16.62,12.34,103
2012_NIP32,2012-07-14,22.6,81,7.5,253,8.2,48.97,20.18,181.45,0.21,31.58,0.26,70.62,104
2012_NIP32,2012-07-15,24.3,39,8.9,320,2.3,75.18,20.56,189.53,1.21,32.35,2.43,28.22,105
2012_NIP40,2012-07-12,27.5,61,10.8,249,0.0,88.57,52.13,189.64,6.02,61.79,17.18,12.35,102
2012_NIP40,2012-07-13,30.0,50,11.8,243,0.0,89.0,55.78,198.74,6.73,65.56,19.25,11.9,103
2012_NIP40,2012-07-14,21.1,94,9.3,254,5.6,40.03,35.55,195.46,0.06,48.88,0.09,90.16,104
2012_NIP40,2012-07-15,23.0,54,8.2,319,1.0,70.79,38.16,203.31,0.97,51.94,2.81,34.13,105
2012_NIP40,2012-07-16,23.7,42,8.4,263,0.0,85.56,41.54,211.28,3.48,55.7,10.54,15.67,106
2012_NIP40,2012-07-17,16.7,58,14.8,317,0.1,85.61,43.29,217.99,4.83,57.86,14.02,15.61,107
2012_NIP40,2012-07-18,17.4,53,9.8,332,0.0,86.23,45.33,224.82,4.1,60.28,12.6,14.92,108
2012_NIP40,2012-07-19,21.3,45,3.3,103,0.0,87.87,48.23,232.36,3.73,63.5,12.05,13.12,109
2012_NIP40,2012-07-20,25.7,39,15.9,183,0.0,90.03,52.07,240.69,9.59,67.58,25.17,10.8,110
2012_NIP40,2012-07-21,20.6,60,18.8,296,2.3,77.68,46.99,248.1,2.37,63.78,8.25,25.02,111
2012_NIP49,2012-07-15,21.5,42,17.6,285,0.0,87.63,16.53,162.84,7.4,26.37,12.77,13.38,105
2012_NIP49,2012-07-16,20.0,43,11.9,325,0.0,88.43,19.35,170.14,6.23,30.14,11.96,12.51,106
2012_NIP49,2012-07-17,15.2,64,15.8,319,0.0,86.39,20.73,176.58,5.67,32.05,11.45,14.74,107
2012_NIP49,2012-07-18,19.0,51,10.5,338,0.0,86.9,23.04,183.71,4.67,35.09,10.27,14.18,108
2012_NIP49,2012-07-19,21.8,49,12.4,144,0.0,87.68,25.79,191.34,5.74,38.58,12.81,13.32,109
2012_NIP49,2012-07-20,20.5,86,17.3,216,8.4,47.44,14.17,181.02,0.28,23.7,0.28,73.73,110
2012_NIP49,2012-07-21,19.3,57,21.3,289,0.5,75.85,16.23,188.2,2.36,26.7,4.61,27.35,111
2012_NIP49,2012-07-22,23.8,52,9.1,263,0.0,85.06,19.03,196.19,3.36,30.64,7.12,16.23,112
2012_NIP49,2012-07-23,18.3,49,19.5,304,2.7,76.62,17.28,203.18,2.26,28.5,4.63,26.36,113
2012_NIP49,2012-07-24,23.4,39,10.7,310,0.0,87.51,20.79,211.1,5.15,33.37,10.82,13.5,114
2012_NIP49,2012-07-25,16.5,45,9.4,4,0.9,84.89,23.07,217.77,3.33,36.47,7.87,16.42,115
2012_NIP49,2012-07-26,16.5,57,5.1,8,0.0,85.38,24.84,224.45,2.87,38.92,7.17,15.87,116
2012_NIP49,2012-07-27,22.1,41,11.6,248,0.0,88.61,28.06,232.13,6.31,43.09,14.64,12.31,117
2012_NIP49,2012-07-28,21.6,70,9.7,270,3.5,67.24,22.17,234.01,0.93,35.85,1.81,39.22,118
2012_NIP49,2012-07-29,22.3,70,9.8,152,3.4,63.56,17.83,236.28,0.81,30.0,0.96,44.79,119
2012_NIP49,2012-07-30,17.6,42,12.8,11,2.4,72.93,17.12,243.16,1.32,29.11,2.49,31.2,120
2012_NIP49,2012-07-31,21.2,50,17.9,232,0.2,84.68,19.74,250.68,4.97,32.98,10.45,16.66,121
2012_NIP49,2012-08-01,11.5,61,10.5,49,4.7,58.06,13.62,246.17,0.61,23.94,0.62,53.77,122
2012_NIP49,2012-08-02,14.4,46,4.2,340,0.0,75.22,15.35,251.77,0.96,26.64,1.23,28.17,123
2012_NIP49,2012-08-03,17.0,51,4.8,63,0.0,82.69,17.18,257.83,1.98,29.46,4.1,18.96,124
2012_NIP59,2012-07-18,19.3,47,8.5,332,0.0,86.11,38.98,202.64,3.78,52.64,10.91,15.05,108
2012_NIP59,2012-07-19,23.6,41,7.8,167,0.0,88.93,42.4,210.6,5.45,56.41,15.16,11.97,109
2012_NIP59,2012-07-20,23.4,62,16.3,194,0.5,87.66,44.59,218.51,6.97,59.05,18.67,13.35,110
2012_NIP60,2012-07-28,27.0,30,17.2,244,0.0,92.12,70.35,295.46,13.79,88.2,36.71,8.62,118
2012_NIP60,2012-07-29,27.1,46,6.8,212,0.0,91.09,73.92,304.04,7.05,91.95,23.79,9.69,119
2012_NIP60,2012-07-30,19.2,92,13.7,3,8.4,37.94,41.05,287.89,0.05,60.53,0.09,95.27,120
2012_NIP60,2012-07-31,22.7,32,8.8,235,1.7,74.39,42.63,295.68,1.16,62.67,4.06,29.26,121
2012_NIP60,2012-08-01,16.8,100,15.6,38,12.4,14.66,20.0,266.15,0.0,33.67,0.0,171.36,122
2012_NIP60,2012-08-02,16.5,44,8.8,12,4.7,49.88,14.82,262.17,0.25,25.98,0.27,68.8,123
2012_NIP60,2012-08-03,18.4,49,8.9,166,0.0,75.03,16.88,268.49,1.2,29.17,2.17,28.42,124
2012_NIP60,2012-08-04,17.8,97,16.6,158,7.8,26.72,9.05,255.14,0.0,16.62,0.0,126.81,125
2012_NIP60,2012-08-05,11.4,84,19.0,327,8.7,28.8,4.75,238.62,0.01,9.04,0.0,120.35,126
2012_NIP60,2012-08-06,22.9,50,15.2,277,0.6,72.11,7.22,245.74,1.45,13.46,1.18,32.32,127
2012_NIP60,2012-08-07,14.6,67,13.6,343,3.7,60.31,5.36,244.88,0.83,10.16,0.5,49.99,128
2012_NIP60,2012-08-08,19.0,42,5.6,117,0.0,79.81,7.77,251.3,1.48,14.42,1.41,22.39,129
2012_NIP60,2012-08-09,18.8,49,10.0,21,0.0,85.39,9.86,257.69,3.68,18.0,5.61,15.86,130
2012_NIP60,2012-08-10,18.6,42,2.3,141,0.0,87.56,12.22,264.04,3.39,21.91,5.84,13.45,131
2012_NIP60,2012-08-11,23.1,38,2.9,210,0.0,89.48,15.32,271.2,4.6,26.85,8.71,11.38,132
2012_NIP60,2012-08-12,26.2,42,9.1,252,0.0,89.8,18.59,278.92,6.59,31.87,12.88,11.04,133
2012_NIP60,2012-08-13,20.9,60,13.8,290,0.2,87.82,20.4,285.69,6.29,34.63,12.98,13.17,134
2012_NIP60,2012-08-14,19.2,42,12.6,307,0.0,88.51,22.83,292.15,6.53,38.2,14.09,12.43,135
2012_NIP60,2012-08-15,22.9,32,11.9,209,0.0,90.8,26.2,299.27,8.75,43.0,18.7,9.99,136
2012_NIP60,2012-08-16,20.6,63,13.4,207,15.1,57.76,12.86,261.68,0.69,22.9,0.68,54.27,137
2012_NIP60,2012-08-17,11.9,50,23.2,317,8.8,55.22,7.77,244.61,0.92,14.4,0.68,58.74,138
2012_NIP60,2012-08-18,9.6,57,22.4,303,1.2,69.18,8.72,249.34,1.88,16.04,2.4,36.39,139
2012_NIP60,2012-08-19,9.3,68,16.6,312,4.9,52.18,5.56,243.88,0.49,10.53,0.3,64.35,140
2012_NIP60,2012-08-20,9.1,82,11.4,336,1.8,52.24,4.93,248.52,0.38,9.4,0.22,64.24,141
2012_NIP60,2012-08-21,19.5,65,9.7,222,2.1,64.36,5.04,255.03,0.84,9.61,0.49,43.54,142
2012_NIP60,2012-08-22,16.7,64,10.5,8,6.7,53.15,3.54,245.37,0.4,6.83,0.2,62.52,143
2012_NIP60,2012-08-23,21.0,46,10.2,132,0.0,78.94,6.0,252.16,1.71,11.33,1.43,23.45,144
2012_NIP60,2012-08-24,18.2,87,14.6,142,0.0,79.15,6.52,258.44,2.18,12.27,2.36,23.2,145
2012_NIP60,2012-08-25,25.7,66,18.4,186,5.9,69.27,5.1,252.67,1.54,9.7,0.92,36.27,146
2012_NIP60,2012-08-26,24.2,40,23.4,205,6.0,77.02,5.45,246.53,2.84,10.33,2.95,25.85,147
2012_NIP60,2012-08-27,15.6,57,16.6,312,0.2,83.04,6.93,252.34,3.75,12.98,4.69,18.55,148
2012_NIP60,2012-08-28,18.5,53,15.4,286,0.0,85.78,8.84,258.67,5.1,16.28,7.2,15.42,149
2012_NIP60,2012-08-29,24.4,48,13.7,225,0.0,88.03,11.57,266.07,6.45,20.88,10.1,12.94,150
2012_NIP60,2012-08-30,26.8,59,21.7,276,0.1,88.08,13.93,273.9,9.72,24.72,15.27,12.88,151
2012_NIP60,2012-08-31,16.4,69,14.8,319,0.0,85.71,15.05,279.85,4.9,26.54,9.14,15.5,152
2012_NIP60,2012-09-01,21.3,47,6.0,287,0.0,87.53,17.17,285.39,4.07,29.85,8.32,13.48,153
2012_NIP60,2012-09-02,21.6,63,6.8,148,0.2,87.1,18.66,290.98,3.99,32.17,8.54,13.96,154
2012_NIP60,2012-09-03,22.3,63,15.1,245,15.6,60.2,9.73,251.74,0.89,17.75,0.75,50.18,155
2012_NIP60,2012-09-04,25.0,42,14.2,240,0.0,84.66,12.43,257.95,4.11,22.18,7.06,16.68,156
2012_NIP60,2012-09-05,21.5,66,3.6,233,2.1,71.91,11.72,263.52,0.8,21.1,0.75,32.58,157
2012_NIP60,2012-09-06,17.1,54,19.4,288,9.7,60.36,7.16,243.31,1.11,13.34,0.79,49.91,158
2012_NIP60,2012-09-07,11.1,68,14.3,315,0.5,72.91,7.85,247.01,1.43,14.55,1.3,31.23,159
2012_NIP60,2012-09-08,14.2,49,9.4,328,0.0,81.98,9.24,251.27,2.28,16.93,3.22,19.79,160
2012_NIP60,2012-09-09,12.8,48,13.5,335,0.0,85.15,10.53,255.28,4.25,19.09,6.66,16.13,161
2012_NIP60,2012-09-10,18.9,47,16.4,218,0.0,87.2,12.42,260.38,6.56,22.19,10.58,13.85,162
2012_NIP60,2012-09-11,23.7,49,13.1,217,0.0,88.01,14.67,266.35,6.24,25.79,11.0,12.96,163
2012_NIP60,2012-09-12,17.8,29,32.9,241,0.0,90.57,17.06,271.26,24.41,29.48,31.97,10.23,164
2012_NIP60,2012-09-13,10.8,69,7.6,8,0.0,86.25,17.71,274.91,3.68,30.51,7.71,14.9,165
2012_NIP60,2012-09-14,10.5,56,1.9,338,0.0,86.3,18.62,278.5,2.78,31.91,6.12,14.85,166
2012_NIP60,2012-09-15,16.0,43,16.2,212,0.0,87.58,20.36,283.09,6.86,34.51,13.86,13.43,167
2012_NIP60,2012-09-16,14.7,63,14.8,342,0.0,86.29,21.4,287.44,5.32,36.08,11.61,14.85,168
2012_NIP60,2012-09-17,6.9,65,7.8,347,0.9,79.83,21.9,290.38,1.66,36.85,3.99,22.37,169
2012_NIP61,2012-07-21,19.9,52,18.2,295,4.9,71.31,32.33,217.66,1.63,47.15,4.73,33.41,111
2012_NIP61,2012-07-22,23.7,53,15.5,248,0.2,84.41,35.07,225.63,4.24,50.51,11.71,16.97,112
2012_NIP61,2012-07-23,19.6,52,16.4,327,0.4,86.43,37.4,232.86,5.88,53.37,15.59,14.69,113
2012_NIP61,2012-07-24,23.3,31,8.1,328,0.0,90.61,41.35,240.76,7.03,57.86,18.61,10.19,114
2012_NIP61,2012-07-25,24.6,49,13.7,30,0.0,90.01,44.43,248.89,8.56,61.44,22.13,10.82,115
2012_NIP61,2012-07-26,16.0,58,10.9,27,0.2,87.73,46.12,255.48,5.36,63.56,15.99,13.27,116
2012_NIP61,2012-07-27,22.3,35,7.4,247,0.0,89.98,49.69,263.2,6.2,67.52,18.42,10.85,117
2012_NIP61,2012-07-28,25.9,32,15.5,248,0.0,91.53,54.0,271.56,11.65,72.14,29.73,9.23,118
2012_NIP61,2012-07-29,25.2,56,6.1,225,0.6,88.8,56.72,279.8,4.91,75.29,16.43,12.11,119
2012_NIP61,2012-07-30,15.2,99,18.8,3,10.7,21.52,28.59,257.17,0.0,44.74,0.0,144.41,120
2012_NIP62,2012-07-20,25.5,37,13.8,186,0.0,90.34,31.9,225.95,9.02,47.16,20.05,10.47,110
2012_NIP62,2012-07-21,21.9,53,18.2,297,0.6,87.77,34.44,233.6,7.79,50.33,18.64,13.22,111
2012_NIP62,2012-07-22,28.1,31,16.9,243,0.0,91.9,39.17,242.36,13.17,55.8,28.45,8.85,112
2012_NIP62,2012-07-23,18.7,74,15.1,357,0.8,84.18,40.38,249.43,4.03,57.49,12.11,17.23,113
2012_NIP62,2012-07-24,22.9,40,12.2,336,0.0,88.72,43.76,257.26,6.6,61.41,18.32,12.2,114
2012_NIP62,2012-07-25,26.8,36,11.0,251,0.0,90.79,47.96,265.79,8.35,66.1,22.58,10.0,115
2012_NIP62,2012-07-26,18.0,49,11.5,14,0.0,89.3,50.24,272.73,6.92,68.8,20.16,11.58,116
2012_NIP62,2012-07-27,21.0,40,2.2,189,0.0,89.35,53.36,280.21,4.36,72.3,14.68,11.52,117
2012_NIP62,2012-07-28,26.9,33,14.2,246,0.0,91.44,57.76,288.76,10.77,77.01,29.12,9.32,118
2012_NIP62,2012-07-29,27.4,46,9.7,231,0.0,90.98,61.38,297.4,8.04,80.98,24.42,9.8,119
2012_NIP62,2012-07-30,21.8,86,4.4,279,5.4,47.77,39.81,291.94,0.15,59.37,0.29,73.04,120
2012_NIP62,2012-07-31,22.0,40,7.6,262,5.9,64.18,27.63,285.06,0.75,44.49,1.58,43.82,121
2012_NIP62,2012-08-01,20.7,94,9.3,216,5.2,34.1,17.62,279.74,0.02,30.45,0.02,105.2,122
2012_NIP62,2012-08-02,17.3,43,10.0,13,14.5,51.17,10.05,245.34,0.31,18.23,0.27,66.28,123
2012_NIP62,2012-08-03,19.6,46,7.4,166,0.0,76.48,12.36,251.87,1.22,22.02,1.62,26.54,124
2012_NIP62,2012-08-04,18.1,100,15.6,157,3.3,37.54,8.52,252.74,0.05,15.72,0.04,96.26,125
2012_NIP62,2012-08-05,11.6,80,22.8,321,16.3,33.08,4.13,214.84,0.02,7.88,0.01,107.99,126
2012_NIP62,2012-08-06,23.4,47,16.0,278,0.0,75.57,6.81,222.05,1.77,12.65,1.74,27.71,127
2012_NIP62,2012-08-07,15.6,69,14.6,344,0.4,80.62,7.88,227.86,2.53,14.51,3.26,21.41,128
2012_NIP62,2012-08-08,18.8,43,5.8,83,0.3,86.23,10.22,234.25,3.35,18.43,5.19,14.91,129
2012_NIP62,2012-08-09,19.4,49,8.8,35,0.0,87.16,12.38,240.75,4.45,21.94,7.53,13.89,130
2012_NIP62,2012-08-10,18.2,45,6.0,57,0.0,87.76,14.57,247.03,4.21,25.4,7.79,13.24,131
2012_NIP62,2012-08-11,21.5,41,3.1,54,0.0,88.86,17.33,253.9,4.26,29.6,8.61,12.04,132
2012_NIP62,2012-08-12,25.9,40,5.4,266,0.0,89.94,20.67,261.57,5.58,34.52,11.78,10.89,133
2012_NIP62,2012-08-13,22.7,64,10.2,288,0.0,87.49,22.44,268.66,5.0,37.13,11.23,13.53,134
2012_NIP62,2012-08-14,19.7,47,11.0,308,0.0,87.79,24.71,275.21,5.44,40.37,12.58,13.2,135
2012_NIP62,2012-08-15,23.4,33,8.1,201,0.0,90.52,28.1,282.42,6.95,45.01,16.14,10.28,136
2012_NIP62,2012-08-16,21.0,73,11.6,216,26.9,48.94,11.33,212.98,0.26,19.99,0.23,70.66,137
2012_NIP62,2012-08-17,10.7,61,22.7,316,6.3,50.76,7.08,204.85,0.56,13.03,0.39,67.07,138
2012_NIP62,2012-08-18,10.9,49,21.5,310,0.0,73.66,8.34,209.82,2.12,15.17,2.69,30.22,139
2012_NIP62,2012-08-19,10.4,61,17.4,304,3.3,62.27,6.29,209.84,1.12,11.7,0.74,46.82,140
2012_NIP62,2012-08-20,9.8,78,11.1,331,0.0,70.55,6.78,214.6,1.11,12.57,0.76,34.46,141
2012_NIP62,2012-08-21,17.8,63,10.1,215,0.2,79.95,8.22,220.81,1.88,15.05,2.27,22.22,142
2012_NIP62,2012-08-22,16.8,68,10.9,352,1.9,71.82,8.05,226.84,1.15,14.78,0.87,32.7,143
2012_NIP62,2012-08-23,21.6,47,8.2,131,0.0,84.14,10.53,233.73,2.84,18.93,4.44,17.27,144
2012_NIP62,2012-08-24,19.8,84,10.6,156,1.4,73.03,11.22,240.3,1.19,20.1,1.36,31.06,145
2012_NIP62,2012-08-25,27.5,59,17.4,207,3.3,76.78,10.04,243.02,2.06,18.2,2.99,26.16,146
2012_NIP62,2012-08-26,24.3,54,19.2,214,5.1,73.46,8.1,239.83,1.87,14.95,2.23,30.49,147
2012_NIP62,2012-08-27,16.2,58,15.0,316,0.0,81.82,9.6,245.75,2.97,17.5,4.43,19.97,148
2012_NIP62,2012-08-28,18.3,47,13.6,302,0.0,86.26,11.73,252.04,4.99,21.01,8.13,14.88,149
2012_NIP62,2012-08-29,24.5,48,14.7,239,0.0,88.14,14.48,259.46,6.89,25.41,11.83,12.82,150
2012_NIP62,2012-08-30,28.3,55,24.9,266,0.0,88.19,17.21,267.56,11.6,29.65,19.06,12.77,151
2012_NIP62,2012-08-31,19.1,59,18.1,314,0.2,87.43,18.92,274.0,7.39,32.26,14.18,13.59,152
2012_NIP62,2012-09-01,21.3,48,6.3,294,0.0,87.84,20.99,279.54,4.32,35.35,9.66,13.15,153
2012_NIP62,2012-09-02,23.5,58,6.8,212,0.0,87.89,22.83,285.47,4.46,38.05,10.36,13.1,154
2012_NIP62,2012-09-03,25.1,56,13.0,246,2.8,77.97,20.02,291.69,1.81,34.17,4.15,24.66,155
2012_NIP62,2012-09-04,26.5,38,11.5,221,0.0,88.86,23.06,298.17,6.5,38.65,14.13,12.04,156
2012_NIP62,2012-09-05,22.7,66,5.8,202,1.5,78.73,24.5,303.96,1.35,40.79,3.41,23.72,157
2012_NIP62,2012-09-06,18.7,51,20.4,279,4.6,70.42,17.77,298.44,1.77,30.94,3.77,34.65,158
2012_NIP62,2012-09-07,13.4,72,10.9,314,0.0,77.14,18.5,302.56,1.52,32.09,3.25,25.71,159
2012_NIP62,2012-09-08,14.7,45,9.7,318,0.0,84.21,20.04,306.91,3.09,34.46,7.09,17.2,160
2012_NIP62,2012-09-09,13.0,48,15.5,332,0.0,85.91,21.35,310.95,5.22,36.44,11.51,15.28,161
2012_NIP62,2012-09-10,19.4,44,17.6,221,0.0,87.89,23.39,316.15,7.69,39.48,16.25,13.1,162
2012_NIP62,2012-09-11,24.5,48,16.0,216,0.0,88.4,25.76,322.26,7.63,42.94,16.89,12.54,163
2012_NIP62,2012-09-12,18.8,29,25.8,234,0.0,90.75,28.28,327.35,17.51,46.51,31.6,10.04,164
2012_NIP62,2012-09-13,13.6,68,10.0,13,0.0,86.42,29.12,331.5,4.25,47.75,11.35,14.71,165
2012_NIP62,2012-09-14,12.3,49,7.6,5,2.1,73.42,26.88,335.42,1.04,44.79,2.68,30.54,166
2012_PEM25,2012-07-19,20.8,41,8.3,5,0.0,86.78,60.66,351.43,4.11,84.75,15.33,14.31,109
2012_PEM25,2012-07-20,22.7,36,6.0,33,0.0,89.65,64.24,359.22,5.52,88.79,19.6,11.2,110
2012_PEM25,2012-07-21,28.0,27,11.2,222,0.0,92.76,69.23,367.96,11.16,94.17,32.94,7.97,111
2012_PEM25,2012-07-22,28.0,47,6.7,286,0.7,88.95,72.85,376.71,5.17,98.22,19.71,11.95,112
2012_RED103,2012-07-29,26.2,57,3.1,216,0.0,89.06,53.98,324.05,4.38,76.22,15.17,11.84,119
2012_RED103,2012-07-30,20.9,38,10.1,358,0.1,89.59,57.18,331.52,6.72,79.91,21.37,11.27,120
2012_RED103,2012-07-31,23.7,73,14.4,267,2.9,71.82,47.18,334.4,1.37,69.75,5.29,32.7,121
2012_RED103,2012-08-01,17.4,68,14.8,84,48.6,45.97,17.3,193.68,0.2,28.28,0.23,76.79,122
2012_RED28,2012-06-07,21.2,50,9.9,57,0.2,85.13,20.82,89.98,3.53,26.38,6.81,16.15,67
2012_RED28,2012-06-08,21.6,46,11.6,106,0.0,87.71,24.04,97.27,5.54,29.72,10.78,13.29,68
2012_RED28,2012-06-09,20.4,54,8.7,95,0.0,87.76,26.65,104.35,4.82,32.53,10.1,13.24,69
2012_RED34,2012-07-04,25.7,49,21.3,175,0.0,85.08,15.67,143.37,6.23,24.62,10.72,16.21,94
2012_RED34,2012-07-05,21.7,54,28.8,261,0.4,86.7,18.14,150.98,11.42,27.9,18.29,14.39,95
2012_RED34,2012-07-06,16.7,67,15.0,314,0.0,85.75,19.52,157.69,4.98,29.81,9.88,15.46,96
2012_RED34,2012-07-07,19.3,49,5.2,295,0.0,86.96,21.96,164.87,3.61,32.95,7.94,14.11,97
2012_RED34,2012-07-08,21.6,43,7.6,315,0.0,88.48,25.0,172.46,5.05,36.7,11.25,12.46,98
2012_RED34,2012-07-09,22.3,47,4.0,333,0.3,88.53,27.91,180.18,4.25,40.24,10.27,12.4,99
2012_RED38,2012-07-11,30.5,44,15.8,207,0.0,90.94,41.13,164.4,10.87,50.6,23.74,9.84,101
2012_RED38,2012-07-12,28.5,56,8.4,227,0.0,89.56,44.18,173.23,6.14,53.96,16.21,11.3,102
2012_RED38,2012-07-13,25.8,73,1.1,270,9.6,47.46,24.5,161.75,0.12,35.55,0.17,73.68,103
2012_RED41,2012-07-13,27.1,60,6.3,294,1.3,72.79,23.95,142.78,0.95,33.74,1.73,31.39,103
2012_RED41,2012-07-14,23.6,40,12.5,311,0.0,86.79,27.43,150.73,5.09,37.7,11.48,14.29,104
2012_RED41,2012-07-15,23.8,40,7.7,307,0.0,89.25,30.93,158.72,5.68,41.6,13.24,11.62,105
2012_RED41,2012-07-16,22.2,52,9.9,19,0.0,89.03,33.56,166.42,6.14,44.62,14.62,11.86,106
2012_RED41,2012-07-17,18.5,47,11.2,358,0.0,89.08,36.0,173.46,6.6,47.4,15.96,11.81,107
2012_RED41,2012-07-18,22.0,44,3.6,96,0.0,89.13,39.04,181.12,4.53,50.74,12.38,11.76,108
2012_RED41,2012-07-19,26.5,45,14.1,186,0.0,89.33,42.6,189.59,7.93,54.56,19.68,11.54,109
2012_RED49,2012-07-13,28.4,51,5.1,321,3.6,67.34,13.77,173.01,0.74,22.97,0.74,39.06,103
2012_RED49,2012-07-14,24.2,36,11.4,325,0.8,85.51,17.57,181.07,4.02,28.28,7.97,15.72,104
2012_RED49,2012-07-15,25.2,35,5.1,82,0.0,89.99,21.59,189.31,5.54,33.6,11.53,10.84,105
2012_RED49,2012-07-16,22.6,53,12.2,43,2.9,76.84,19.31,193.5,1.59,30.91,3.32,26.09,106
2012_RED50,2012-07-13,28.0,54,5.1,321,4.0,65.14,13.12,169.57,0.69,21.99,0.66,42.35,103
2012_RED50,2012-07-14,23.8,38,11.4,325,0.7,84.82,16.75,177.56,3.65,27.1,7.13,16.5,104
2012_RED50,2012-07-15,25.0,36,5.8,94,0.0,89.69,20.67,185.76,5.49,32.34,11.22,11.16,105
2012_RED50,2012-07-16,22.5,53,13.0,44,4.5,72.56,16.08,185.87,1.32,26.45,2.26,31.7,106
2012_RED50,2012-07-17,21.1,38,12.0,16,0.0,86.23,19.32,193.37,4.58,30.91,9.4,14.92,107
2012_RED50,2012-07-18,23.5,36,8.5,118,0.0,89.76,23.01,201.31,6.36,35.8,13.33,11.08,108
2012_RED50,2012-07-19,26.1,56,18.1,186,0.2,89.03,25.82,209.71,9.29,39.49,18.7,11.86,109
2012_RED50,2012-07-20,24.9,42,20.3,276,4.9,79.33,20.09,208.7,2.96,32.39,6.55,22.98,110
2012_RED50,2012-07-21,24.5,37,15.6,299,0.0,88.94,23.88,216.82,8.08,37.45,16.41,11.96,111
2012_RED50,2012-07-22,25.0,56,14.3,168,2.9,78.08,21.3,221.19,1.95,34.34,4.51,24.53,112
2012_RED50,2012-07-23,24.1,41,10.5,311,4.7,74.7,17.19,220.33,1.28,28.77,2.35,28.85,113
2012_RED50,2012-07-24,26.9,37,4.4,145,0.0,87.84,21.33,228.87,3.93,34.6,8.8,13.15,114
2012_RED50,2012-07-25,24.0,57,16.6,63,0.6,86.58,23.87,236.9,6.07,38.13,13.29,14.53,115
2012_RED50,2012-07-26,18.8,50,13.8,41,1.2,83.07,26.21,243.99,3.27,41.32,8.34,18.51,116
2012_RED50,2012-07-27,23.5,38,10.5,254,0.0,88.92,29.79,251.92,6.23,45.98,15.03,11.98,117
2012_RED50,2012-07-28,26.5,38,12.1,243,0.0,90.43,33.81,260.39,8.39,51.05,19.82,10.38,118
2012_RED50,2012-07-29,26.2,57,3.8,229,4.6,68.98,25.15,259.31,0.73,40.49,1.3,36.68,119
2012_RED50,2012-07-30,21.4,39,11.6,353,1.9,79.4,26.03,266.87,1.92,41.85,5.12,22.89,120
2012_RED51,2012-07-20,24.8,42,20.3,276,4.9,79.26,20.24,209.82,2.94,32.62,6.54,23.07,110
2012_RED51,2012-07-21,24.5,36,15.6,299,0.0,89.11,24.09,217.93,8.28,37.75,16.78,11.78,111
2012_RED51,2012-07-22,25.7,50,14.3,168,2.9,80.14,21.93,222.42,2.37,35.19,5.6,21.99,112
2012_RED51,2012-07-23,24.1,40,10.5,311,4.7,75.26,17.69,221.53,1.32,29.49,2.51,28.12,113
2012_RED51,2012-07-24,26.9,37,4.4,145,0.0,87.96,21.83,230.08,3.99,35.29,9.03,13.02,114
2012_RED51,2012-07-25,24.2,55,16.6,63,0.6,86.92,24.5,238.14,6.37,38.98,13.97,14.15,115
2012_RED51,2012-07-26,19.2,48,13.8,41,1.2,83.63,26.98,245.3,3.51,42.32,9.01,17.87,116
2012_RED51,2012-07-27,23.5,37,10.5,254,0.0,89.19,30.62,253.23,6.48,47.03,15.67,11.69,117
2012_RED51,2012-07-28,26.5,37,12.1,243,0.0,90.64,34.71,261.71,8.64,52.13,20.46,10.16,118
2012_RED51,2012-07-29,26.4,55,3.8,229,4.6,69.94,25.98,260.63,0.76,41.59,1.47,35.32,119
2012_RED51,2012-07-30,21.4,40,11.6,353,1.9,79.35,26.75,268.18,1.91,42.82,5.18,22.95,120
2012_RED51,2012-07-31,27.0,51,14.1,264,0.0,87.05,29.98,276.75,5.72,47.18,14.25,14.01,121
2012_RED51,2012-08-01,18.7,66,15.0,63,18.0,53.67,13.21,232.68,0.52,23.14,0.52,61.56,122
2012_RED52,2012-07-13,28.3,51,4.8,312,0.8,80.09,22.37,198.54,1.46,34.9,3.32,22.04,103
2012_RED52,2012-07-14,23.6,37,11.0,322,1.0,86.57,26.02,206.49,4.57,39.58,10.81,14.54,104
2012_RED52,2012-07-15,24.7,37,4.7,90,0.0,89.76,29.84,214.64,5.25,44.29,12.87,11.09,105
2012_RED52,2012-07-16,22.0,56,12.3,40,1.5,81.95,32.23,222.3,2.63,47.31,7.5,19.83,106
2012_RED52,2012-07-17,20.7,38,11.9,14,0.0,88.14,35.4,229.73,5.98,51.11,15.42,12.82,107
2012_RED52,2012-07-18,23.2,36,8.2,113,0.0,90.06,39.05,237.61,6.53,55.36,17.21,10.77,108
2012_RED52,2012-07-19,25.6,58,17.7,186,0.4,88.69,41.69,245.93,8.67,58.56,21.78,12.23,109
2012_RED53,2012-07-13,28.5,50,5.6,310,0.0,88.65,35.59,208.3,4.69,49.87,12.58,12.27,103
2012_RED53,2012-07-14,23.6,37,11.5,316,0.0,90.09,39.24,216.26,7.75,53.99,19.26,10.74,104
2012_RED53,2012-07-15,24.9,36,3.3,103,0.0,90.63,43.15,224.44,5.54,58.29,15.64,10.16,105
2012_RED53,2012-07-16,21.9,55,11.7,34,0.4,88.83,45.58,232.09,6.54,61.14,18.16,12.08,106
2012_RED53,2012-07-17,20.8,38,10.7,14,0.0,89.53,48.77,239.54,6.87,64.64,19.4,11.33,107
2012_RED53,2012-07-18,23.3,35,8.9,117,0.0,90.49,52.5,247.43,7.21,68.6,20.72,10.31,108
2012_RED53,2012-07-19,25.5,58,18.0,183,0.0,88.73,55.12,255.73,8.85,71.64,24.51,12.19,109
2012_RED53,2012-07-20,24.6,40,22.0,267,3.7,81.72,44.08,257.2,4.18,61.72,12.97,20.09,110
2012_RED53,2012-07-21,24.2,38,15.1,298,0.0,89.03,47.76,265.26,7.98,65.87,21.83,11.86,111
2012_RED53,2012-07-22,21.7,82,11.1,144,3.8,60.43,35.78,265.73,0.74,53.54,1.95,49.79,112
2012_RED53,2012-07-23,24.0,38,10.0,308,2.5,77.47,33.61,273.76,1.49,51.43,4.6,25.28,113
2012_RED53,2012-07-24,26.4,37,5.8,158,0.0,88.45,37.68,282.21,4.59,56.5,13.3,12.49,114
2012_RED53,2012-07-25,22.8,59,16.6,68,1.2,83.34,39.98,290.02,3.89,59.47,12.0,18.2,115
2012_RED53,2012-07-26,18.0,52,11.2,40,0.2,85.83,42.13,296.97,4.15,62.2,12.97,15.37,116
2012_RED53,2012-07-27,23.3,39,10.2,247,0.0,89.2,45.63,304.86,6.39,66.41,18.67,11.68,117
2012_RED53,2012-07-28,26.1,40,11.3,248,0.0,90.07,49.46,313.27,7.65,70.93,22.02,10.76,118
2012_RED53,2012-07-29,26.1,56,3.3,221,0.3,89.18,52.27,321.67,4.5,74.34,15.27,11.7,119
2012_RED53,2012-07-30,21.0,36,9.7,356,0.4,89.93,55.59,329.15,6.92,78.18,21.57,10.9,120
2012_RED53,2012-07-31,24.2,70,14.4,267,3.0,72.98,45.67,331.78,1.44,67.95,5.42,31.13,121
2012_RED53,2012-08-01,17.8,67,13.8,84,49.5,46.51,16.67,189.61,0.21,27.33,0.23,75.65,122
2012_RED57,2012-07-16,22.3,54,10.8,30,0.0,88.89,50.1,243.26,6.3,66.14,18.44,12.01,106
2012_RED57,2012-07-17,19.9,41,12.0,7,0.0,88.97,53.01,250.54,6.77,69.34,19.92,11.93,107
2012_RED57,2012-07-18,22.8,40,6.7,106,0.0,89.52,56.38,258.35,5.61,72.95,17.84,11.34,108
2012_RED57,2012-07-19,26.9,50,15.8,179,0.0,89.57,59.67,266.9,8.93,76.55,25.54,11.29,109
2012_RED57,2012-07-20,25.1,41,19.8,273,1.8,85.9,58.98,275.12,6.48,76.8,20.37,15.29,110
2012_RED57,2012-07-21,24.0,39,18.4,296,0.0,89.5,62.58,283.14,10.08,80.61,28.47,11.37,111
2012_RED57,2012-07-22,20.7,86,10.0,159,3.5,57.95,47.2,284.1,0.59,66.7,1.75,53.96,112
2012_RED57,2012-07-23,23.1,41,12.0,311,3.1,74.55,40.31,286.77,1.37,59.66,4.69,29.04,113
2012_RED57,2012-07-24,25.9,37,4.8,132,0.0,87.55,44.31,295.14,3.84,64.43,12.45,13.46,114
2012_RED57,2012-07-25,22.8,57,15.1,62,0.0,87.6,46.72,302.95,6.5,67.44,19.06,13.41,115
2012_RED57,2012-07-26,17.2,58,8.9,40,0.5,87.25,48.53,309.75,4.53,69.74,14.8,13.79,116
2012_RED57,2012-07-27,23.3,40,10.2,252,0.0,89.3,51.96,317.64,6.48,73.76,19.95,11.57,117
2012_RED57,2012-07-28,26.3,40,12.2,256,0.0,90.12,55.83,326.08,8.06,78.19,24.03,10.7,118
2012_RED57,2012-07-29,26.0,57,3.4,238,0.0,89.03,58.56,334.47,4.43,81.47,15.88,11.86,119
2012_RED57,2012-07-30,20.6,39,9.7,360,0.2,89.39,61.67,341.88,6.4,85.01,21.32,11.48,120
2012_RED57,2012-07-31,22.7,79,13.7,267,7.7,55.48,35.72,326.65,0.58,56.1,1.29,58.28,121
2012_RED57,2012-08-01,16.3,74,15.9,84,47.6,39.36,11.75,190.69,0.07,20.36,0.06,91.78,122
2012_RED58,2012-07-14,23.6,38,11.5,321,0.6,88.13,27.03,206.99,5.85,40.76,13.4,12.83,104
2012_RED58,2012-07-15,24.5,38,3.4,58,0.0,89.85,30.76,215.11,4.98,45.32,12.51,10.99,105
2012_RED58,2012-07-16,22.1,54,11.6,36,1.1,84.39,33.27,222.79,3.48,48.45,9.7,16.99,106
2012_RED58,2012-07-17,20.0,41,12.1,10,0.0,88.04,36.19,230.09,5.96,51.95,15.51,12.93,107
2012_RED58,2012-07-18,22.9,38,7.4,104,0.0,89.66,39.69,237.92,5.93,56.01,16.1,11.19,108
2012_RED58,2012-07-19,26.6,51,16.7,186,0.2,89.71,42.87,246.41,9.54,59.76,23.55,11.14,109
2012_RED58,2012-07-20,24.9,40,20.2,274,2.0,85.51,42.35,254.6,6.26,59.82,17.37,15.72,110
2012_RED58,2012-07-21,24.0,39,16.9,297,0.0,89.42,45.95,262.62,9.24,63.93,23.84,11.45,111
2012_RED58,2012-07-22,20.6,87,11.4,145,2.7,62.61,38.36,270.03,0.84,56.62,2.53,46.28,112
2012_RED58,2012-07-23,23.3,40,10.7,310,4.0,73.29,30.65,270.08,1.21,47.75,3.43,30.71,113
2012_RED58,2012-07-24,26.0,36,4.4,125,0.0,87.43,34.72,278.47,3.7,52.94,10.76,13.6,114
2012_RED58,2012-07-25,22.7,58,15.8,63,0.4,87.48,37.07,286.26,6.62,56.0,17.48,13.55,115
2012_RED58,2012-07-26,17.2,57,10.5,41,0.1,87.34,38.91,293.06,4.97,58.43,14.4,13.69,116
2012_RED58,2012-07-27,23.3,39,10.5,254,0.0,89.48,42.41,300.95,6.75,62.72,18.85,11.38,117
2012_RED58,2012-07-28,26.2,40,12.2,251,0.0,90.13,46.26,309.37,8.08,67.34,22.26,10.7,118
2012_RED58,2012-07-29,25.9,57,3.4,238,0.5,89.03,48.98,317.74,4.42,70.71,14.66,11.87,119
2012_RED58,2012-07-30,20.6,38,11.2,356,0.2,89.54,52.14,325.15,7.06,74.44,21.32,11.32,120
2012_RED58,2012-07-31,22.9,77,15.5,269,1.8,75.89,49.79,332.98,1.76,72.48,6.89,27.3,121
2012_RED58,2012-08-01,16.6,71,16.1,74,34.5,45.33,19.29,231.08,0.19,31.92,0.24,78.18,122
2012_RED60,2012-07-14,23.3,38,12.8,308,0.0,89.32,36.01,199.69,7.41,49.64,17.83,11.56,104
2012_RED60,2012-07-15,23.8,39,6.0,295,0.0,89.88,39.58,207.68,5.7,53.61,15.26,10.96,105
2012_RED60,2012-07-16,22.1,44,9.7,15,0.0,89.93,42.63,215.36,6.92,57.03,18.24,10.91,106
2012_RED60,2012-07-17,18.7,44,11.5,358,0.0,89.81,45.23,222.43,7.45,59.97,19.77,11.03,107
2012_RED60,2012-07-18,22.5,40,4.9,126,0.0,89.86,48.56,230.18,5.38,63.58,16.04,10.98,108
2012_RED60,2012-07-19,26.1,47,16.3,174,0.0,89.91,51.94,238.59,9.62,67.27,25.17,10.92,109
2012_RED60,2012-07-20,24.7,40,19.1,270,2.1,85.02,49.77,246.74,5.54,66.17,16.75,16.27,110
2012_RED60,2012-07-21,23.2,39,20.0,293,0.0,89.25,53.25,254.62,10.54,69.94,27.34,11.63,111
2012_RED60,2012-07-22,18.9,99,8.3,175,4.2,37.95,37.45,253.56,0.04,54.7,0.06,95.23,112
2012_RED60,2012-07-23,22.2,42,14.8,313,3.9,68.92,29.94,254.03,1.27,46.25,3.55,36.78,113
2012_RED60,2012-07-24,25.3,38,4.7,157,0.0,85.82,33.78,262.29,2.99,51.11,8.81,15.38,114
2012_RED60,2012-07-25,20.9,51,13.8,57,0.0,87.05,36.32,269.75,5.63,54.34,15.23,14.01,115
2012_RED60,2012-07-26,17.4,53,7.9,39,0.0,87.1,38.36,276.59,4.21,56.97,12.47,13.96,116
2012_RED60,2012-07-27,23.3,38,11.3,248,0.0,89.61,41.91,284.49,7.17,61.26,19.44,11.24,117
2012_RED60,2012-07-28,25.9,46,12.7,262,0.0,89.66,45.34,292.85,7.75,65.37,21.28,11.19,118
2012_RED60,2012-07-29,25.7,55,3.9,248,0.8,86.12,48.17,301.18,3.0,68.82,10.58,15.05,119
2012_RED60,2012-07-30,20.0,37,8.3,2,0.1,88.94,51.29,308.49,5.6,72.46,17.74,11.96,120
2012_RED60,2012-07-31,22.7,76,12.6,265,8.9,55.64,28.82,291.05,0.56,46.2,0.89,57.98,121
2012_RED61,2012-07-13,27.9,53,6.1,310,0.0,84.79,27.04,168.35,2.79,38.59,6.93,16.53,103
2012_RED61,2012-07-14,23.4,38,14.0,305,0.0,89.3,30.61,176.26,7.86,42.69,17.2,11.57,104
2012_RED61,2012-07-15,24.0,40,6.9,298,0.0,89.76,34.15,184.29,5.86,46.67,14.45,11.09,105
2012_RED61,2012-07-16,22.1,45,10.2,10,0.0,89.81,37.14,191.97,6.97,50.07,17.11,11.04,106
2012_RED61,2012-07-17,19.0,44,11.9,357,0.0,89.82,39.79,199.09,7.61,53.06,18.83,11.02,107
2012_RED61,2012-07-18,22.9,40,4.7,113,0.0,89.87,43.17,206.92,5.33,56.74,14.95,10.97,108
2012_RED61,2012-07-19,25.9,51,15.5,168,0.2,89.77,46.28,215.28,9.06,60.2,22.8,11.07,109
2012_RED61,2012-07-20,24.7,41,19.4,271,2.8,83.01,41.09,223.43,4.3,56.3,12.59,18.58,110
2012_RED61,2012-07-21,23.4,41,20.5,294,0.0,88.67,44.48,231.35,9.96,60.08,24.34,12.25,111
2012_RED61,2012-07-22,18.7,100,3.7,119,6.0,28.16,27.33,225.61,0.0,41.96,0.0,122.3,112
2012_RED61,2012-07-23,22.7,42,13.3,308,6.0,64.48,19.46,220.76,1.01,31.89,1.8,43.36,113
2012_RED61,2012-07-24,25.8,38,4.5,166,0.0,84.88,23.38,229.11,2.6,37.25,6.36,16.43,114
2012_RED61,2012-07-25,20.8,51,13.6,58,0.0,86.83,25.9,236.56,5.4,40.66,12.57,14.25,115
2012_RED61,2012-07-26,18.0,53,7.8,34,0.0,86.88,28.0,243.5,4.06,43.5,10.36,14.2,116
2012_RED61,2012-07-27,23.8,39,12.0,249,0.0,89.51,31.57,251.49,7.32,48.06,17.36,11.35,117
2012_RED61,2012-07-28,26.2,49,11.2,276,0.0,89.56,34.84,259.91,7.08,52.19,17.69,11.3,118
2012_RED61,2012-07-29,25.8,56,3.6,270,6.2,65.42,23.29,253.9,0.64,37.9,0.89,41.93,119
2012_RED61,2012-07-30,20.2,37,7.6,360,0.4,83.58,26.45,261.24,2.55,42.21,6.77,17.92,120
2012_RED61,2012-07-31,23.1,76,11.2,274,15.9,50.31,12.48,226.36,0.3,21.93,0.29,67.96,121
2012_RED61,2012-08-01,16.7,66,12.1,78,22.1,43.31,6.46,177.17,0.12,11.84,0.08,82.6,122
2012_RED62,2012-07-13,27.6,54,5.9,313,0.0,83.19,23.33,192.22,2.23,35.8,5.33,18.37,103
2012_RED62,2012-07-14,23.5,39,14.7,298,0.0,88.92,26.85,200.16,7.7,40.22,16.42,11.98,104
2012_RED62,2012-07-15,23.9,41,10.5,301,0.0,89.53,30.32,208.16,6.81,44.45,15.78,11.33,105
2012_RED62,2012-07-16,22.2,43,10.5,6,0.0,89.58,33.44,215.86,6.85,48.21,16.56,11.27,106
2012_RED62,2012-07-17,18.6,46,11.4,347,0.0,89.45,35.93,222.91,7.04,51.23,17.45,11.41,107
2012_RED62,2012-07-18,22.9,40,3.3,84,0.0,89.63,39.32,230.74,4.8,55.14,13.57,11.23,108
2012_RED62,2012-07-19,26.6,45,16.1,170,0.0,89.67,42.89,239.23,9.21,59.24,22.87,11.18,109
2012_RED62,2012-07-20,24.7,41,19.5,267,4.7,79.55,32.41,238.07,2.9,48.36,8.29,22.71,110
2012_RED62,2012-07-21,23.3,41,22.0,288,0.0,88.19,35.79,245.97,10.02,52.49,22.83,12.76,111
2012_RED62,2012-07-22,19.0,92,0.8,333,2.1,60.09,32.11,253.1,0.43,48.75,0.71,50.36,112
2012_RED62,2012-07-23,22.3,43,15.6,308,5.0,71.41,23.67,250.28,1.44,38.29,3.51,33.27,113
2012_RED62,2012-07-24,25.7,38,3.7,209,0.0,86.34,27.58,258.61,3.06,43.55,8.14,14.8,114
2012_RED62,2012-07-25,20.3,49,12.0,57,0.0,87.34,30.14,265.97,5.36,46.97,13.53,13.69,115
2012_RED62,2012-07-26,18.0,52,6.6,29,0.0,87.39,32.29,272.91,4.11,49.84,11.33,13.64,116
2012_RED62,2012-07-27,23.9,38,12.6,246,0.0,89.78,35.93,280.92,7.84,54.45,19.51,11.06,117
2012_RED62,2012-07-28,26.1,50,12.0,286,0.0,89.83,39.13,289.32,7.66,58.48,19.91,11.01,118
2012_RED62,2012-07-29,25.8,56,3.6,276,5.7,66.33,27.02,283.87,0.66,43.65,1.12,40.56,119
2012_RED62,2012-07-30,20.1,38,5.8,7,3.8,68.85,22.25,283.72,0.81,37.2,1.43,36.87,120
2012_RED62,2012-07-31,23.3,75,10.4,270,12.4,49.97,11.69,257.05,0.28,21.0,0.26,68.63,121
2012_RED62,2012-08-01,15.9,64,12.8,68,16.3,44.91,6.36,219.48,0.15,11.86,0.1,79.07,122
2012_RED63,2012-07-13,27.6,54,6.1,310,0.0,83.49,23.09,193.35,2.34,35.57,5.57,18.02,103
2012_RED63,2012-07-14,23.5,39,15.1,298,0.0,88.98,26.62,201.29,7.92,40.01,16.73,11.92,104
2012_RED63,2012-07-15,23.8,41,9.5,299,0.0,89.52,30.07,209.27,6.46,44.24,15.13,11.34,105
2012_RED63,2012-07-16,22.1,44,10.5,6,0.0,89.57,33.12,216.96,6.85,47.94,16.5,11.28,106
2012_RED63,2012-07-17,18.7,46,11.4,349,0.0,89.46,35.63,224.03,7.05,50.99,17.42,11.4,107
2012_RED63,2012-07-18,22.8,40,3.3,96,0.0,89.62,39.0,231.83,4.79,54.91,13.52,11.24,108
2012_RED63,2012-07-19,26.4,46,15.9,167,0.0,89.66,42.49,240.29,9.1,58.92,22.62,11.19,109
2012_RED63,2012-07-20,24.7,41,19.8,267,4.5,79.9,32.59,239.69,3.05,48.64,8.7,22.28,110
2012_RED63,2012-07-21,23.3,41,21.7,289,0.0,88.23,35.97,247.59,9.93,52.77,22.75,12.72,111
2012_RED63,2012-07-22,18.7,97,1.5,45,2.5,52.87,30.26,254.66,0.24,46.66,0.39,63.05,112
2012_RED63,2012-07-23,22.4,43,14.9,307,4.1,71.45,24.08,254.53,1.39,38.95,3.42,33.22,113
2012_RED63,2012-07-24,25.7,38,3.8,197,0.0,86.37,27.98,262.86,3.09,44.2,8.29,14.76,114
2012_RED63,2012-07-25,20.3,49,12.6,59,0.0,87.35,30.55,270.22,5.54,47.63,13.98,13.68,115
2012_RED63,2012-07-26,18.1,52,6.6,29,0.0,87.4,32.71,277.18,4.12,50.52,11.43,13.63,116
2012_RED63,2012-07-27,23.8,39,13.0,246,0.0,89.61,36.28,285.17,7.8,55.05,19.55,11.25,117
2012_RED63,2012-07-28,26.0,50,11.3,287,0.0,89.66,39.46,293.56,7.21,59.07,19.16,11.19,118
2012_RED63,2012-07-29,25.8,56,3.6,270,6.0,65.77,26.77,286.97,0.65,43.41,0.99,41.4,119
2012_RED63,2012-07-30,20.1,38,5.8,4,3.7,69.02,22.25,287.09,0.81,37.28,1.45,36.63,120
2012_RED63,2012-07-31,23.3,75,10.4,272,13.9,49.32,11.36,255.57,0.25,20.45,0.23,69.92,121
2012_RED63,2012-08-01,16.1,64,12.1,67,14.8,45.02,6.3,222.38,0.15,11.77,0.1,78.83,122
2012_RED64,2012-07-13,27.8,54,6.1,310,0.0,83.6,23.28,195.11,2.37,35.86,5.68,17.9,103
2012_RED64,2012-07-14,23.6,39,15.1,298,0.0,89.01,26.82,203.07,7.96,40.32,16.87,11.88,104
2012_RED64,2012-07-15,24.0,41,9.5,299,0.0,89.56,30.3,211.09,6.5,44.59,15.25,11.3,105
2012_RED64,2012-07-16,22.3,44,10.5,6,0.0,89.61,33.37,218.81,6.88,48.32,16.63,11.25,106
2012_RED64,2012-07-17,18.8,46,11.4,349,0.0,89.48,35.9,225.9,7.07,51.38,17.53,11.38,107
2012_RED64,2012-07-18,23.0,40,3.3,96,0.0,89.65,39.29,233.74,4.81,55.33,13.62,11.21,108
2012_RED64,2012-07-19,26.6,46,15.9,167,0.0,89.7,42.81,242.23,9.14,59.38,22.79,11.15,109
2012_RED64,2012-07-20,24.8,41,19.8,267,4.5,79.99,32.83,241.61,3.08,49.01,8.81,22.17,110
2012_RED64,2012-07-21,23.4,41,21.7,289,0.0,88.27,36.23,249.52,9.99,53.16,22.92,12.68,111
2012_RED64,2012-07-22,18.9,97,1.5,45,2.5,52.9,30.49,256.63,0.25,47.01,0.4,62.99,112
2012_RED64,2012-07-23,22.6,43,14.9,307,4.1,71.68,24.27,256.5,1.4,39.25,3.47,32.9,113
2012_RED64,2012-07-24,25.9,39,3.8,197,0.0,86.31,28.14,264.87,3.06,44.47,8.25,14.84,114
2012_RED64,2012-07-25,20.4,49,12.6,59,0.0,87.35,30.71,272.25,5.54,47.91,14.02,13.68,115
2012_RED64,2012-07-26,18.2,52,6.6,29,0.0,87.4,32.89,279.23,4.12,50.81,11.47,13.63,116
2012_RED64,2012-07-27,24.0,39,13.0,246,0.0,89.64,36.49,287.25,7.84,55.38,19.68,11.21,117
2012_RED64,2012-07-28,26.2,50,11.3,287,0.0,89.69,39.69,295.67,7.25,59.44,19.29,11.16,118
2012_RED64,2012-07-29,25.9,56,3.6,270,6.0,65.87,26.93,289.03,0.65,43.69,1.0,41.24,119
2012_RED66,2012-07-14,23.7,38,11.7,317,0.2,89.47,44.2,225.08,7.17,59.29,19.11,11.39,104
2012_RED66,2012-07-15,24.5,38,1.8,11,0.0,90.12,47.93,233.2,4.78,63.32,14.61,10.7,105
2012_RED66,2012-07-16,22.2,53,10.8,30,0.0,89.06,50.5,240.9,6.46,66.27,18.78,11.83,106
2012_RED66,2012-07-17,19.9,41,12.0,9,0.0,89.11,53.41,248.18,6.91,69.45,20.23,11.78,107
2012_RED66,2012-07-18,22.8,39,7.5,107,0.0,89.7,56.83,255.99,5.99,73.1,18.75,11.15,108
2012_RED66,2012-07-19,26.6,51,16.2,179,0.0,89.75,60.02,264.48,9.36,76.59,26.38,11.09,109
2012_RED66,2012-07-20,24.9,40,19.8,271,2.0,85.47,57.58,272.67,6.1,75.37,19.3,15.77,110
2012_RED66,2012-07-21,24.1,39,17.4,297,0.0,89.44,61.19,280.71,9.51,79.21,27.12,11.43,111
2012_RED66,2012-07-22,20.2,92,10.3,151,3.6,51.6,45.48,281.29,0.33,64.78,0.67,65.44,112
2012_RED66,2012-07-23,23.3,40,11.0,311,3.0,73.62,39.45,284.36,1.24,58.58,4.18,30.28,113
2012_RED66,2012-07-24,25.9,37,5.1,135,0.0,87.4,43.44,292.73,3.82,63.37,12.26,13.63,114
2012_RED66,2012-07-25,22.5,58,15.0,63,0.3,87.45,45.77,300.48,6.33,66.3,18.52,13.58,115
2012_RED66,2012-07-26,17.2,58,9.4,40,0.5,87.21,47.58,307.28,4.62,68.6,14.88,13.84,116
2012_RED66,2012-07-27,23.4,40,10.2,252,0.0,89.31,51.03,315.2,6.49,72.65,19.81,11.56,117
2012_RED66,2012-07-28,26.2,40,11.9,256,0.0,90.1,54.88,323.62,7.93,77.08,23.57,10.72,118
2012_RED66,2012-07-29,25.9,57,2.8,230,0.0,89.03,57.6,331.98,4.3,80.35,15.4,11.86,119
2012_RED69,2012-07-17,20.1,41,12.0,9,0.0,89.0,53.88,249.34,6.8,69.96,20.09,11.89,107
2012_RED69,2012-07-18,22.9,38,7.5,107,0.0,89.85,57.38,257.17,6.12,73.66,19.12,10.99,108
2012_RED69,2012-07-19,26.5,52,16.2,179,0.0,89.71,60.49,265.64,9.3,77.09,26.35,11.14,109
2012_RED69,2012-07-20,24.9,40,19.8,271,2.0,85.47,57.98,273.83,6.1,75.83,19.36,15.77,110
2012_RED69,2012-07-21,24.1,39,17.4,297,0.0,89.44,61.59,281.87,9.51,79.67,27.2,11.43,111
2012_RED69,2012-07-22,20.3,92,10.3,151,3.6,51.64,45.76,282.44,0.33,65.13,0.68,65.37,112
2012_RED69,2012-07-23,23.5,39,11.0,311,3.0,74.13,39.76,285.54,1.27,58.98,4.31,29.6,113
2012_RED69,2012-07-24,26.0,37,5.1,135,0.0,87.54,43.77,293.92,3.9,63.79,12.51,13.47,114
2012_RED69,2012-07-25,22.5,59,15.0,63,0.3,87.59,46.04,301.68,6.46,66.65,18.85,13.42,115
2012_RED69,2012-07-26,17.3,57,9.4,40,0.5,87.38,47.9,308.49,4.73,69.01,15.22,13.64,116
2012_RED69,2012-07-27,23.4,39,10.2,252,0.0,89.5,51.41,316.41,6.67,73.12,20.27,11.36,117
2012_RED69,2012-07-28,26.3,40,11.9,256,0.0,90.15,55.27,324.85,7.97,77.55,23.74,10.68,118
2012_RED69,2012-07-29,26.0,57,2.8,230,0.0,89.05,58.0,333.23,4.31,80.83,15.48,11.84,119
2012_RED70,2012-07-13,28.7,50,4.8,312,0.1,89.18,38.35,209.58,4.86,52.63,13.34,11.7,103
2012_RED70,2012-07-14,23.8,37,11.7,317,0.0,90.2,42.04,217.57,7.96,56.69,20.14,10.62,104
2012_RED70,2012-07-15,24.8,37,1.8,53,0.0,90.48,45.87,225.74,5.03,60.83,14.87,10.32,105
2012_RED70,2012-07-16,22.1,52,11.0,32,0.3,89.26,48.48,233.42,6.71,63.82,18.94,11.62,106
2012_RED70,2012-07-17,20.4,40,11.7,9,0.0,89.31,51.51,240.8,7.0,67.13,20.06,11.56,107
2012_RED70,2012-07-18,23.3,37,7.6,109,0.0,90.12,55.12,248.7,6.4,70.94,19.36,10.7,108
2012_RED70,2012-07-19,26.3,54,16.9,180,0.0,89.41,58.08,257.13,9.23,74.24,25.71,11.46,109
2012_RED70,2012-07-20,25.0,39,20.2,269,2.2,85.21,54.44,265.34,6.0,71.97,18.61,16.06,110
2012_RED70,2012-07-21,24.4,38,16.6,297,0.0,89.62,58.15,273.43,9.37,75.93,26.28,11.24,111
2012_RED70,2012-07-22,20.4,92,10.3,144,3.6,51.74,43.39,274.17,0.34,62.18,0.66,65.19,112
2012_RED70,2012-07-23,23.9,38,10.5,311,3.5,73.52,36.16,275.83,1.21,54.47,3.82,30.41,113
2012_RED70,2012-07-24,26.4,36,5.1,141,0.0,87.74,40.3,284.29,4.01,59.51,12.3,13.25,114
2012_RED70,2012-07-25,22.3,59,15.3,63,1.3,82.46,42.55,292.01,3.26,62.38,10.69,19.23,115
2012_RED70,2012-07-26,17.7,54,10.0,41,0.0,85.22,44.58,298.9,3.6,64.94,11.86,16.05,116
2012_RED70,2012-07-27,23.8,38,10.2,252,0.0,89.36,48.21,306.89,6.54,69.23,19.4,11.52,117
2012_RED70,2012-07-28,26.5,41,11.6,254,0.0,89.99,52.03,315.36,7.68,73.67,22.52,10.84,118
2012_RED71,2012-07-13,27.9,54,5.5,337,2.8,69.3,19.76,198.51,0.81,31.65,0.99,36.22,103
2012_RED71,2012-07-14,24.5,36,11.3,333,0.9,85.66,23.61,206.63,4.08,36.73,9.42,15.56,104
2012_RED71,2012-07-15,25.2,37,7.0,111,0.0,89.77,27.5,214.87,5.9,41.67,13.65,11.08,105
2012_RED71,2012-07-16,22.2,54,15.0,60,7.9,68.01,17.18,205.15,1.25,28.41,2.24,38.08,106
2012_RED71,2012-07-17,21.7,40,10.5,31,0.0,84.82,20.39,212.76,3.49,32.9,7.7,16.5,107
2012_RED71,2012-07-18,23.8,38,9.4,130,0.0,89.26,24.02,220.74,6.19,37.77,13.44,11.62,108
2012_RED71,2012-07-19,26.8,54,18.8,183,0.0,89.31,27.03,229.27,10.01,41.76,20.32,11.57,109
2012_RED71,2012-07-20,25.6,41,18.9,278,0.3,89.87,30.73,237.58,10.9,46.45,22.78,10.97,110
2012_RED71,2012-07-21,25.2,35,13.6,302,0.0,90.87,34.75,245.82,9.63,51.35,21.95,9.92,111
2012_RED71,2012-07-22,26.0,52,15.7,200,0.7,87.69,37.8,254.21,6.79,55.12,17.67,13.31,112
2012_RED71,2012-07-23,24.4,43,9.2,318,4.3,75.78,29.46,253.85,1.27,45.67,3.51,27.44,113
2012_RED71,2012-07-24,27.3,40,4.3,156,0.0,87.61,33.46,262.47,3.78,50.75,10.68,13.4,114
2012_RED71,2012-07-25,25.2,50,12.3,75,0.0,88.15,36.55,270.71,6.11,54.65,16.26,12.81,115
2012_RED71,2012-07-26,20.2,46,15.6,40,4.4,73.47,27.58,268.93,1.56,43.91,4.27,30.48,116
2012_RED71,2012-07-27,23.3,38,10.5,254,0.0,87.01,31.14,276.82,4.74,48.61,12.52,14.05,117
2012_RED71,2012-07-28,26.5,39,11.6,240,0.0,90.0,35.09,285.3,7.69,53.68,19.1,10.83,118
2012_RED71,2012-07-29,26.0,60,4.1,225,1.4,81.67,37.64,293.68,1.68,57.01,5.59,20.16,119
2012_RED71,2012-07-30,22.2,47,11.0,349,5.2,70.85,26.97,289.08,1.12,43.73,2.89,34.05,120
2012_RED72,2012-07-13,28.9,48,6.4,317,0.0,88.78,42.46,241.23,4.97,58.97,14.47,12.14,103
2012_RED72,2012-07-14,24.1,36,11.0,322,0.2,90.35,46.25,249.27,7.84,63.19,21.09,10.46,104
2012_RED72,2012-07-15,25.4,34,6.8,115,0.0,91.1,50.36,257.55,7.07,67.65,20.29,9.67,105
2012_RED72,2012-07-16,22.3,55,13.2,43,2.3,78.91,45.97,265.26,1.99,64.15,7.08,23.49,106
2012_RED72,2012-07-17,22.0,36,9.9,19,0.0,88.06,49.45,272.93,5.34,68.06,16.56,12.91,107
2012_RED72,2012-07-18,23.9,35,10.0,120,0.0,90.35,53.26,280.93,7.46,72.27,21.84,10.46,108
2012_RED72,2012-07-19,25.1,63,17.4,186,0.2,87.88,55.54,289.16,7.6,75.04,22.57,13.1,109
2012_RED72,2012-07-20,24.6,42,22.3,269,8.7,76.35,33.49,273.85,2.56,51.3,7.7,26.71,110
2012_RED72,2012-07-21,24.7,37,13.4,301,0.0,88.4,37.31,282.0,6.7,56.07,17.65,12.54,111
2012_RED72,2012-07-22,24.9,60,13.4,175,3.1,75.92,31.47,285.03,1.59,49.32,4.75,27.26,112
2012_RED72,2012-07-23,24.7,42,8.2,308,6.6,70.89,21.48,276.64,0.97,35.98,1.95,33.99,113
2012_RED72,2012-07-24,27.0,40,5.6,165,0.0,86.71,25.44,285.2,3.55,41.61,9.01,14.38,114
2012_RED72,2012-07-25,23.4,63,17.3,69,0.9,83.95,27.57,293.12,4.37,44.64,11.17,17.49,115
2012_RED72,2012-07-26,19.5,47,13.2,43,1.3,82.71,30.14,300.33,3.03,48.18,8.59,18.93,116
2012_RED72,2012-07-27,23.3,42,10.0,244,0.0,88.12,33.46,308.23,5.42,52.63,14.53,12.84,117
2012_RED72,2012-07-28,26.1,43,10.7,237,0.0,89.43,37.1,316.63,6.77,57.39,18.02,11.44,118
2012_RED72,2012-07-29,26.5,59,4.0,207,2.4,76.37,34.19,325.1,1.02,54.14,3.11,26.69,119
2012_RED72,2012-07-30,21.5,42,9.7,356,3.4,74.26,28.63,325.85,1.2,46.94,3.35,29.43,120
2012_RED94,2012-07-25,23.1,62,17.0,69,2.9,75.68,24.49,289.74,1.88,40.44,4.88,27.57,115
2012_RED94,2012-07-26,19.1,48,12.3,40,0.6,84.12,26.96,296.88,3.47,43.95,9.14,17.3,116
2012_RED94,2012-07-27,23.5,41,10.5,243,0.0,88.61,30.37,304.81,5.96,48.63,14.97,12.31,117
2012_RED94,2012-07-28,26.0,42,10.1,243,0.0,89.64,34.06,313.2,6.77,53.56,17.37,11.21,118
2012_RED94,2012-07-29,26.6,57,3.6,217,0.1,89.01,36.86,321.69,4.46,57.3,13.09,11.89,119
2012_RED94,2012-07-30,21.3,40,9.4,358,0.5,89.33,40.02,329.23,6.25,61.38,17.6,11.54,120
2012_RED94,2012-07-31,24.7,69,13.0,265,2.4,75.64,35.95,337.38,1.53,56.78,5.07,27.62,121
2012_RED94,2012-08-01,17.7,72,12.0,81,35.8,43.35,12.71,230.89,0.12,22.35,0.11,82.52,122
2012_SLK101,2012-07-29,24.9,55,7.5,215,0.5,89.54,73.07,288.26,5.85,89.45,20.54,11.32,119
2012_SLK101,2012-07-30,20.5,45,11.5,2,1.1,85.39,75.86,295.66,3.97,92.43,15.69,15.86,120
2012_SLK101,2012-07-31,25.3,54,13.6,258,0.4,87.21,78.71,303.92,5.7,95.55,20.86,13.84,121
2012_SLK101,2012-08-01,11.9,97,15.8,63,25.7,17.6,33.83,232.47,0.0,49.61,0.0,159.23,122
2012_SLK105,2012-08-10,21.3,41,4.2,211,0.0,82.2,10.1,164.42,1.81,17.51,2.44,19.52,131
2012_SLK105,2012-08-11,23.6,48,7.9,223,0.0,87.03,12.75,171.67,4.17,21.51,7.02,14.03,132
2012_SLK105,2012-08-12,22.5,57,10.6,235,0.0,87.08,14.84,178.73,4.81,24.58,8.61,13.98,133
2012_SLK105,2012-08-13,19.7,52,14.1,308,4.0,71.66,11.82,179.02,1.35,20.28,1.77,32.92,134
2012_SLK26,2012-06-06,23.6,41,10.0,105,0.4,86.59,21.79,83.02,4.36,26.31,8.21,14.52,66
2012_SLK26,2012-06-07,21.1,48,8.9,27,0.0,87.63,24.83,90.22,4.78,29.42,9.47,13.38,67
2012_SLK26,2012-06-08,22.0,36,8.2,128,0.0,89.76,28.72,97.59,6.26,33.09,12.62,11.08,68
2012_SLK26,2012-06-09,19.3,53,9.9,80,0.0,88.66,31.24,104.46,5.83,35.75,12.44,12.26,69
2012_SLK26,2012-06-10,20.1,83,3.3,139,3.5,55.69,23.96,107.33,0.35,30.76,0.42,57.91,70
2012_SLK29,2012-06-07,21.6,48,8.7,38,0.4,87.28,18.66,86.47,4.5,24.24,8.05,13.76,67
2012_SLK29,2012-06-08,22.7,41,9.7,117,0.0,89.04,22.36,93.96,6.09,28.04,11.29,11.85,68
2012_SLK29,2012-06-09,21.0,52,9.4,90,0.0,88.83,25.15,101.14,5.82,31.02,11.5,12.08,69
2012_SLK32,2012-06-08,20.5,37,9.0,127,0.5,89.43,32.21,70.12,6.22,32.14,12.36,11.43,68
2012_SLK32,2012-06-09,21.9,45,11.2,138,0.0,89.48,35.54,77.47,7.0,35.47,14.29,11.38,69
2012_SLK32,2012-06-10,26.5,56,14.9,195,7.7,72.0,22.42,73.59,1.42,25.45,2.42,32.47,70
2012_SLK47,2012-07-11,28.9,36,16.3,242,0.0,91.33,58.19,174.28,11.78,63.43,28.09,9.44,101
2012_SLK47,2012-07-12,30.3,36,12.5,224,0.0,91.66,62.91,183.44,10.19,67.74,26.28,9.1,102
2012_SLK47,2012-07-13,29.0,46,10.5,196,0.0,91.23,66.72,192.36,8.68,71.47,24.16,9.54,103
2012_SLK47,2012-07-14,26.8,65,6.6,338,4.6,68.72,47.11,192.86,0.84,58.5,2.59,37.06,104
2012_SLK72,2012-07-17,18.7,45,11.9,357,0.0,83.63,19.09,184.9,3.19,30.35,6.75,17.86,107
2012_SLK72,2012-07-18,22.4,38,2.2,81,0.0,88.28,22.51,192.64,3.74,34.84,8.47,12.68,108
2012_SLK72,2012-07-19,27.1,37,13.2,202,0.0,90.63,26.68,201.22,9.13,40.08,18.61,10.16,109
2012_SLK72,2012-07-20,25.3,60,11.6,263,1.3,83.37,29.16,209.48,3.04,43.27,8.06,18.16,110
2012_SLK72,2012-07-21,23.5,37,19.0,295,0.0,89.4,32.8,217.41,10.25,47.64,22.09,11.47,111
2012_SLK72,2012-07-22,22.7,59,11.4,193,1.4,81.95,35.1,225.2,2.52,50.51,7.51,19.82,112
2012_SLK72,2012-07-23,22.5,34,16.0,324,0.6,89.03,38.75,232.96,8.36,54.74,20.49,11.86,113
2012_SLK72,2012-07-24,26.0,28,2.2,351,0.0,91.89,43.34,241.34,6.27,59.82,17.4,8.86,114
2012_SLK72,2012-07-25,25.3,41,13.8,47,0.0,91.51,46.99,249.6,10.66,63.91,26.32,9.25,115
2012_SLK72,2012-07-26,17.6,49,11.7,47,0.2,89.44,49.23,256.47,7.14,66.54,20.25,11.42,116
2012_SLK72,2012-07-27,23.1,35,8.3,272,0.0,90.44,52.93,264.33,6.94,70.54,20.47,10.36,117
2012_SLK72,2012-07-28,26.9,30,13.9,253,0.0,92.11,57.53,272.88,11.66,75.35,30.4,8.63,118
2012_SLK72,2012-07-29,25.1,55,7.6,225,0.8,86.71,60.3,281.1,3.93,78.5,14.19,14.38,119
2012_SLK72,2012-07-30,21.0,43,11.9,355,1.6,82.99,60.84,288.58,2.94,79.69,11.36,18.61,120
2012_SLK72,2012-07-31,25.2,56,14.1,255,0.3,86.47,63.56,296.82,5.27,82.8,18.24,14.65,121
2012_SLK72,2012-08-01,12.3,94,16.1,66,21.3,23.4,26.25,239.38,0.0,41.2,0.0,137.78,122
2012_SLK73,2012-07-17,17.5,52,11.8,348,0.0,88.63,37.39,192.1,6.38,50.3,16.05,12.3,107
2012_SLK73,2012-07-18,21.9,39,4.0,27,0.0,89.44,40.68,199.75,4.84,53.91,13.49,11.43,108
2012_SLK73,2012-07-19,26.7,36,13.0,186,0.0,90.88,44.86,208.26,9.36,58.31,22.95,9.91,109
2012_SLK73,2012-07-20,24.4,62,13.7,270,2.4,77.97,40.53,216.35,1.87,55.2,6.06,24.66,110
2012_SLK73,2012-07-21,22.8,40,20.5,288,0.0,87.95,43.9,224.16,8.98,58.94,22.4,13.03,111
2012_SLK73,2012-07-22,21.4,69,12.3,220,2.7,71.84,37.64,231.72,1.24,53.54,3.87,32.68,112
2012_SLK74,2012-07-17,17.6,50,11.8,348,0.0,88.92,38.64,193.27,6.65,51.53,16.78,11.99,107
2012_SLK74,2012-07-18,21.9,38,4.0,27,0.0,89.66,41.99,200.91,4.99,55.16,13.99,11.2,108
2012_SLK74,2012-07-19,26.9,34,13.0,186,0.0,91.29,46.33,209.46,9.92,59.67,24.19,9.48,109
2012_SLK74,2012-07-20,25.0,58,13.7,270,2.4,79.41,42.08,217.66,2.14,56.74,6.98,22.88,110
2012_SLK74,2012-07-21,23.0,38,20.5,288,0.0,88.58,45.59,225.51,9.82,60.57,24.21,12.35,111
2012_SLK74,2012-07-22,21.5,67,12.3,220,2.7,72.7,39.16,233.08,1.28,55.15,4.1,31.52,112
2012_SLK74,2012-07-23,21.3,37,18.2,321,0.9,85.52,42.47,240.62,5.67,58.94,16.0,15.71,113
2012_SLK74,2012-07-24,25.3,29,2.6,326,0.0,90.89,46.88,248.88,5.55,63.74,16.43,9.9,114
2012_SLK74,2012-07-25,22.9,48,14.0,46,0.0,89.98,49.81,256.7,8.66,67.08,23.34,10.85,115
2012_SLK74,2012-07-26,16.6,54,9.4,43,0.0,88.33,51.72,263.4,5.42,69.38,16.91,12.62,116
2012_SLK74,2012-07-27,23.0,34,10.1,274,0.0,90.42,55.45,271.24,7.57,73.4,22.24,10.39,117
2012_SLK74,2012-07-28,27.0,31,15.2,265,0.0,91.95,60.01,279.8,12.17,78.13,31.84,8.8,118
2012_SLK74,2012-07-29,25.6,52,5.2,236,0.4,90.04,63.02,288.12,5.6,81.48,18.91,10.79,119
2012_SLK74,2012-07-30,20.6,38,11.9,3,0.2,90.09,66.18,295.53,7.91,84.85,24.72,10.74,120
2012_SLK74,2012-07-31,20.4,85,12.7,241,4.5,55.4,45.57,292.87,0.55,65.61,1.48,58.42,121
2012_SLK74,2012-08-01,11.8,95,16.9,63,38.8,14.13,16.13,187.98,0.0,26.56,0.0,173.67,122
2012_SLK79,2012-07-20,24.5,49,17.9,261,7.2,73.9,33.18,226.87,1.79,48.59,5.29,29.9,110
2012_SLK79,2012-07-21,22.4,39,23.5,285,0.0,87.51,36.54,234.61,9.81,52.6,22.51,13.5,111
2012_SLK79,2012-07-22,22.7,56,7.2,264,0.0,87.56,39.0,242.4,4.34,55.63,12.61,13.45,112
2012_SLK82,2012-07-20,24.6,61,14.8,273,2.6,77.82,43.63,211.87,1.96,57.6,6.5,24.85,110
2012_SLK82,2012-07-21,22.9,40,20.5,288,0.0,87.96,47.01,219.7,8.98,61.25,22.86,13.02,111
2012_SLK82,2012-07-22,21.6,70,10.9,214,2.8,70.66,39.71,227.29,1.11,55.27,3.49,34.31,112
2012_SLK82,2012-07-23,21.2,40,18.4,320,0.4,86.04,42.85,234.81,6.16,58.85,17.02,15.13,113
2012_SLK82,2012-07-24,25.2,33,2.2,351,0.0,90.25,46.99,243.05,4.96,63.36,15.05,10.57,114
2012_SLK82,2012-07-25,22.4,51,14.0,48,0.0,89.37,49.69,250.79,7.93,66.46,21.83,11.5,115
2012_SLK82,2012-07-26,16.5,57,9.4,47,0.0,87.77,51.47,257.46,5.0,68.64,15.82,13.23,116
2012_SLK82,2012-07-27,22.8,37,10.5,274,0.0,89.8,55.01,265.27,7.07,72.45,21.03,11.05,117
2012_SLK82,2012-07-28,26.5,36,14.8,264,0.0,90.9,59.15,273.74,10.28,76.81,28.17,9.89,118
2012_SLK82,2012-07-29,25.6,55,5.2,245,0.6,88.31,61.98,282.06,4.37,80.0,15.56,12.64,119
2012_SLK82,2012-07-30,20.4,40,11.5,4,0.1,89.07,65.01,289.43,6.7,83.26,21.77,11.82,120
2012_SLK82,2012-07-31,20.2,88,12.4,240,6.4,46.49,39.38,280.69,0.19,58.31,0.36,75.7,121
2012_SLK82,2012-08-01,12.0,93,16.4,64,38.1,15.62,13.35,180.5,0.0,22.53,0.0,167.31,122
2012_SLK85,2012-07-21,19.7,53,20.5,288,4.5,70.45,24.13,183.28,1.78,36.31,4.28,34.61,111
2012_SLK85,2012-07-22,23.5,54,15.9,252,0.0,84.01,26.79,191.21,4.1,39.68,9.9,17.43,112
2012_SLK85,2012-07-23,17.7,54,16.5,316,3.8,70.26,21.02,192.16,1.45,33.01,3.13,34.87,113
2012_SLK85,2012-07-24,22.8,38,9.2,301,0.0,85.98,24.5,199.97,3.84,37.51,9.06,15.19,114
2012_SLK85,2012-07-25,17.6,58,11.4,35,0.0,86.03,26.34,206.84,4.32,39.96,10.38,15.14,115
2012_SLK91,2012-07-26,19.4,42,13.8,49,0.7,88.11,49.44,305.09,6.56,70.37,19.62,12.85,116
2012_SLK91,2012-07-27,23.0,35,8.4,260,0.0,90.19,53.12,312.94,6.72,74.59,20.6,10.63,117
2012_SLK91,2012-07-28,26.4,31,14.6,250,0.0,91.82,57.58,321.39,11.59,79.53,31.1,8.93,118
2012_SLK91,2012-07-29,24.0,61,8.7,210,1.9,79.33,54.9,329.42,1.65,77.51,6.78,22.97,119
2012_SLK91,2012-07-30,18.9,64,11.5,360,7.5,57.74,32.93,314.9,0.63,52.21,1.37,54.32,120
2012_SLK91,2012-07-31,26.9,47,14.7,259,0.0,84.09,36.42,323.44,3.91,56.83,11.73,17.33,121
2012_SLK91,2012-08-01,13.3,92,19.4,55,18.1,28.18,14.62,272.26,0.01,25.78,0.01,122.26,122
2012_SLK97,2012-07-27,23.4,35,9.7,272,0.0,90.49,62.35,253.06,7.5,77.17,22.68,10.31,117
2012_SLK97,2012-07-28,26.9,32,13.2,259,0.0,91.74,66.82,261.61,10.69,81.56,29.81,9.01,118
2012_SLK97,2012-07-29,25.7,54,6.1,242,0.1,89.69,69.72,269.94,5.58,84.73,19.26,11.16,119
2012_SLK97,2012-07-30,21.4,42,11.5,356,0.2,89.74,72.78,277.5,7.38,87.92,23.99,11.1,120
2012_SLK97,2012-07-31,26.1,53,13.4,246,3.3,78.41,57.72,280.15,1.92,76.2,7.69,24.11,121
2012_SLK97,2012-08-01,13.8,86,16.4,61,26.4,32.12,23.05,211.17,0.01,36.22,0.02,110.66,122
2012_THU35,2012-07-12,30.4,36,12.5,224,0.0,91.67,63.17,184.49,10.22,68.07,26.39,9.08,102
2012_THU35,2012-07-13,29.2,46,10.5,196,0.0,91.27,67.01,193.45,8.72,71.82,24.29,9.5,103
2012_THU35,2012-07-14,27.0,65,6.6,338,4.6,68.89,47.33,193.96,0.84,58.79,2.63,36.81,104
2012_THU35,2012-07-15,25.5,35,6.9,351,0.7,86.17,51.39,202.25,3.51,62.85,11.41,14.98,105
2012_THU35,2012-07-16,15.1,100,15.8,89,26.1,11.88,20.05,147.11,0.0,29.91,0.0,183.78,106
2012_THU35,2012-07-17,21.4,49,11.2,345,1.0,59.83,22.74,154.66,0.71,33.26,0.9,50.78,107
2012_THU35,2012-07-18,21.6,45,1.6,153,0.0,78.41,25.67,162.25,1.06,36.79,2.27,24.11,108
2012_THU35,2012-07-19,24.0,41,8.7,187,0.0,87.53,29.15,170.28,4.66,40.83,11.18,13.49,109
2012_THU35,2012-07-20,23.8,68,17.6,221,0.2,86.58,31.02,178.27,6.38,43.24,14.79,14.53,110
2012_THU35,2012-07-21,22.9,44,16.4,299,1.8,83.49,31.92,186.09,3.93,44.68,10.24,18.02,111
2012_THU35,2012-07-22,25.9,46,8.4,200,0.3,88.09,35.34,194.46,4.98,48.6,13.01,12.87,112
2012_THU35,2012-07-23,22.1,49,15.2,329,2.1,80.91,34.1,202.14,2.7,47.97,7.73,21.07,113
2012_THU35,2012-07-24,25.6,38,3.9,326,0.0,88.53,37.99,210.45,4.23,52.35,11.91,12.4,114
2012_THU35,2012-07-25,27.2,38,0.4,180,0.0,90.22,42.11,219.05,4.51,56.88,13.16,10.6,115
2012_THU35,2012-07-26,18.2,53,11.4,66,2.6,75.02,37.09,226.03,1.36,52.6,4.24,28.42,116
2012_THU35,2012-07-27,22.4,36,5.8,263,0.0,86.87,40.62,233.77,3.67,56.64,11.12,14.21,117
2012_THU35,2012-07-28,25.0,38,15.3,251,0.0,89.94,44.42,241.97,9.18,60.89,23.15,10.9,118
2012_THU35,2012-07-29,19.8,91,14.5,226,6.2,44.0,27.4,235.51,0.15,42.45,0.22,81.06,119
2012_THU65,2012-09-09,14.9,41,12.6,323,0.0,87.36,21.25,334.96,5.54,36.69,12.11,13.67,161
2012_THU65,2012-09-10,19.3,53,14.6,189,0.0,87.41,22.96,340.14,6.17,39.29,13.69,13.62,162
2012_THU65,2012-09-11,25.8,39,9.7,228,0.0,89.9,25.88,346.49,6.89,43.62,15.77,10.93,163
2012_THU65,2012-09-12,17.1,30,31.6,246,0.0,90.55,28.15,351.27,22.8,46.9,37.77,10.25,164
2012_THU65,2012-09-13,9.9,99,9.0,16,1.3,71.88,28.17,354.75,1.05,47.01,2.84,32.63,165
2012_THU65,2012-09-14,12.2,62,5.2,335,2.9,59.7,23.06,353.26,0.52,39.66,0.75,51.0,166
2012_TIM27,2012-06-26,21.6,37,13.1,344,0.0,86.8,19.76,170.96,5.25,30.66,10.49,14.29,86
2012_TIM27,2012-06-27,22.0,49,8.6,268,0.7,86.52,22.86,178.33,4.02,34.63,8.99,14.59,87
2012_TIM27,2012-06-28,26.2,51,9.7,219,0.1,87.95,26.39,186.45,5.21,38.98,11.92,13.03,88
2012_TIM47,2012-07-29,25.0,34,8.5,234,0.0,90.77,18.98,298.33,7.35,32.75,14.23,10.02,119
2012_TIM47,2012-07-30,23.2,67,16.7,217,0.7,85.64,20.87,306.21,5.34,35.66,11.58,15.58,120
2012_TIM47,2012-07-31,17.9,91,13.2,349,13.6,32.51,9.81,272.84,0.01,18.01,0.01,109.57,121
2012_TIM47,2012-08-01,24.1,48,7.2,273,0.7,71.25,12.52,280.18,0.94,22.52,0.92,33.5,122
2012_TIM47,2012-08-02,22.6,83,16.7,245,11.1,47.14,6.73,256.93,0.26,12.64,0.18,74.34,123
2012_TIM47,2012-08-03,19.3,41,8.2,67,3.4,65.34,6.56,257.64,0.81,12.33,0.55,42.04,124
2012_TIM47,2012-08-04,27.8,55,18.1,175,0.0,84.57,9.24,265.65,4.95,17.0,7.18,16.78,125
2012_TIM7,2012-05-14,22.0,29,22.2,227,0.0,91.55,26.65,70.38,16.37,27.38,23.5,9.21,43
2012_TIM7,2012-05-15,21.1,41,12.9,210,0.0,90.91,30.1,76.58,9.35,30.36,16.45,9.88,44
2012_TIM7,2012-05-16,8.7,46,17.3,329,1.0,83.62,31.49,80.55,4.18,31.85,8.85,17.88,45
2012_TIM9,2012-05-19,25.3,37,10.7,213,0.5,86.92,35.39,107.25,4.73,38.79,10.99,14.15,48
2012_TIM9,2012-05-20,29.0,33,21.6,208,0.0,91.67,40.7,114.88,16.16,43.17,28.89,9.08,49
2012_TIM9,2012-05-21,11.5,94,18.9,329,3.7,48.35,30.03,114.65,0.34,36.29,0.46,71.86,50
2012_TIM9,2012-05-22,18.7,34,8.1,45,1.3,74.36,33.47,120.42,1.11,39.49,2.62,29.3,51
2012_TIM9,2012-05-23,22.3,29,13.6,163,0.0,88.85,37.84,126.84,7.22,43.35,16.27,12.05,52
2012_TIM9,2012-05-24,25.7,41,27.0,196,0.0,89.85,42.0,133.87,16.36,47.08,30.36,10.99,53
2012_TIM9,2012-05-25,20.5,43,32.6,250,0.2,89.9,45.24,139.97,21.85,50.05,37.85,10.94,54
2012_TIM9,2012-05-26,15.9,43,6.1,298,0.0,89.63,47.8,145.23,5.53,52.44,14.73,11.22,55
2012_TIM9,2012-05-27,13.8,72,8.8,109,2.1,70.16,43.59,150.12,0.98,50.51,2.78,35.01,56
2012_TIM9,2012-05-28,11.8,91,14.2,114,13.2,26.86,20.4,127.82,0.0,29.17,0.0,126.36,57
2012_TIM9,2012-05-29,18.6,67,10.8,249,0.3,58.85,22.11,133.57,0.65,31.28,0.79,52.43,58
2012_TIM9,2012-05-30,8.3,59,10.8,334,0.8,69.85,23.13,137.47,1.07,32.56,2.04,35.45,59
2012_TIM9,2012-05-31,15.1,35,5.7,288,0.0,82.9,25.9,142.59,2.13,35.62,5.07,18.71,60
2012_TIM9,2012-06-01,18.3,32,16.3,115,0.0,88.99,29.37,149.29,8.43,39.38,17.38,11.91,61
2012_TIM9,2012-06-02,15.3,71,22.3,142,19.5,50.45,12.61,114.93,0.53,19.8,0.48,67.67,62
2012_TIM9,2012-06-03,14.8,74,10.4,34,3.4,50.61,9.71,116.94,0.3,16.08,0.24,67.36,63
2012_TIM9,2012-06-04,15.8,60,14.2,74,3.5,59.24,8.06,118.9,0.8,13.78,0.58,51.76,64
2012_TIM9,2012-06-05,20.9,37,12.1,30,0.2,83.08,11.71,126.07,3.0,19.0,4.72,18.5,65
2012_TIM9,2012-06-06,22.4,38,11.7,351,0.0,88.73,15.54,133.5,6.44,24.08,10.89,12.18,66
2012_TIM9,2012-06-07,22.7,34,16.5,344,0.2,90.5,19.68,140.99,10.57,29.18,17.67,10.31,67
2012_TIM9,2012-06-08,19.8,48,10.0,339,1.3,83.6,22.54,147.96,2.89,32.65,6.44,17.9,68
2012_TIM9,2012-06-09,21.5,44,12.3,130,0.0,87.7,25.87,155.24,5.73,36.52,12.41,13.3,69
2012_TIM9,2012-06-10,28.4,49,14.7,205,3.6,80.69,22.64,158.8,2.57,33.38,5.85,21.33,70
2012_TIM9,2012-06-11,29.0,36,28.5,196,0.0,90.74,27.71,167.42,20.05,39.2,31.92,10.05,71
2012_TIM9,2012-06-12,19.2,60,16.9,272,2.1,77.69,26.53,174.28,2.15,38.43,5.41,25.01,72
2012_WAW17,2012-05-23,19.4,38,23.6,187,0.0,88.29,19.28,94.17,11.01,25.5,17.04,12.66,52
2012_WAW17,2012-05-24,21.5,47,27.5,194,0.0,88.34,22.43,100.44,13.5,28.79,20.98,12.61,53
2012_WAW17,2012-05-25,15.9,58,31.8,257,1.5,80.81,24.31,105.71,6.16,30.87,12.0,21.18,54
2012_WAW4,2012-05-11,20.0,30,10.0,229,0.0,88.99,18.58,51.37,6.14,19.51,9.35,11.91,40
2012_WAW4,2012-05-12,16.4,37,12.7,331,0.1,89.12,21.48,56.73,7.17,22.07,11.34,11.77,41
2012_WAW4,2012-05-13,18.3,26,17.2,241,0.0,91.26,25.26,62.42,12.22,25.25,18.32,9.51,42
2012_WAW4,2012-05-14,19.9,37,19.4,230,0.0,91.24,28.74,68.41,13.61,28.72,21.07,9.53,43
2012_WAW4,2012-05-15,17.1,65,17.7,178,1.5,79.42,30.42,73.89,2.62,30.4,5.59,22.87,44
2012_WAW4,2012-05-16,8.9,47,14.7,329,2.1,71.79,28.25,77.9,1.39,29.63,2.71,32.75,45
2012_WAW4,2012-05-17,13.5,35,10.1,268,0.0,83.7,30.75,82.73,2.94,31.88,6.46,17.78,46
2012_WAW4,2012-05-18,12.3,86,16.6,185,2.7,59.16,25.41,87.35,0.89,29.42,1.23,51.9,47
2013_COC19,2013-07-06,15.7,43,13.6,348,7.9,63.31,31.21,186.41,0.97,44.0,2.41,45.17,96
2013_COC19,2013-07-07,18.1,36,7.1,66,0.0,82.04,34.1,193.37,2.05,47.33,5.94,19.72,97
2013_COC19,2013-07-08,20.3,39,15.6,146,0.0,88.05,37.16,200.73,7.11,50.81,17.51,12.92,98
2013_COC19,2013-07-09,24.5,57,12.8,238,0.3,88.1,39.75,208.84,6.22,53.87,16.34,12.87,99
2013_COC19,2013-07-10,15.4,66,18.4,332,12.8,53.63,19.48,185.43,0.62,30.86,0.74,61.64,100
2013_COC23,2013-07-04,30.1,40,17.1,224,0.0,91.24,46.6,267.96,12.11,64.96,28.97,9.53,94
2013_COC23,2013-07-05,26.8,55,11.9,265,1.6,83.7,47.77,276.49,3.22,66.72,11.02,17.78,95
2013_COC23,2013-07-06,13.8,48,14.7,332,0.0,85.87,49.59,282.68,4.99,68.95,15.83,15.32,96
2013_COC23,2013-07-07,17.6,39,5.5,23,0.0,88.1,52.27,289.55,4.31,72.03,14.51,12.86,97
2013_COC23,2013-07-08,19.3,45,15.5,149,0.0,88.15,54.91,296.73,7.18,75.08,21.68,12.81,98
2013_COC23,2013-07-09,21.9,65,13.6,259,4.4,68.2,39.78,294.65,1.17,59.48,3.96,37.8,99
2013_COC23,2013-07-10,11.2,77,19.1,324,0.0,75.26,40.44,300.37,2.04,60.51,6.97,28.11,100
2013_COC23,2013-07-11,26.0,38,17.9,248,0.0,88.7,44.39,308.75,8.77,65.3,23.23,12.22,101
2013_COC23,2013-07-12,28.6,41,20.6,209,0.1,90.29,48.5,317.6,12.63,70.2,30.96,10.52,102
2013_COC23,2013-07-13,27.0,60,18.6,252,7.0,73.12,30.91,306.87,1.79,49.38,5.35,30.95,103
2013_COC23,2013-07-14,23.7,48,12.4,330,0.0,85.42,33.94,314.84,4.17,53.47,11.94,15.82,104
2013_COC23,2013-07-15,22.0,41,2.6,196,1.5,81.75,37.14,322.5,1.58,57.67,5.28,20.07,105
2013_COC23,2013-07-16,23.5,68,21.3,178,0.1,84.21,38.99,330.44,5.54,60.21,15.9,17.2,106
2013_COC23,2013-07-17,17.6,47,17.9,279,9.5,64.43,22.12,308.62,1.27,37.52,2.96,43.44,107
2013_COC23,2013-07-18,19.6,50,10.1,272,0.0,80.97,24.55,315.85,2.1,41.11,5.53,20.99,108
2013_COC23,2013-07-19,12.6,87,10.7,57,3.4,51.54,18.47,315.15,0.34,32.22,0.42,65.57,109
2013_COC23,2013-07-20,11.0,59,17.7,294,1.8,63.8,18.01,320.83,1.22,31.59,2.41,44.41,110
2013_COC23,2013-07-21,14.3,56,15.8,305,0.0,78.29,19.6,327.11,2.14,34.09,4.95,24.26,111
2013_COC23,2013-07-22,18.6,52,10.7,76,0.0,84.51,21.82,334.16,3.38,37.52,8.11,16.85,112
2013_COC23,2013-07-23,13.0,58,20.7,340,1.0,81.29,23.21,340.2,3.72,39.66,9.11,20.61,113
2013_COC23,2013-07-24,14.1,52,14.2,333,0.0,84.65,24.93,346.45,4.11,42.25,10.28,16.69,114
2013_COC23,2013-07-25,10.9,58,4.3,48,0.0,84.7,26.11,352.11,2.51,44.05,6.86,16.64,115
2013_COC23,2013-07-26,15.2,44,11.8,40,0.0,86.85,28.25,358.55,4.95,47.21,12.74,14.23,116
2013_COC23,2013-07-27,16.7,49,16.0,36,0.0,87.0,30.39,365.26,6.24,50.31,15.8,14.07,117
2013_COC23,2013-07-28,17.1,46,11.0,19,0.0,87.47,32.69,372.04,5.19,53.61,14.2,13.55,118
2013_COC23,2013-07-29,22.5,36,10.8,323,0.0,89.86,36.24,379.8,7.24,58.52,19.12,10.98,119
2013_COC23,2013-07-30,24.8,43,9.9,226,0.0,89.91,39.71,387.97,6.97,63.24,19.37,10.93,120
2013_COC23,2013-07-31,17.6,86,10.2,212,4.7,50.99,27.17,381.41,0.31,46.12,0.49,66.62,121
2013_COC23,2013-08-01,14.4,88,15.5,295,11.6,29.3,12.98,346.44,0.01,23.74,0.01,118.86,122
2013_COC26,2013-07-26,10.2,69,9.0,337,0.0,82.35,12.6,257.49,2.34,22.46,4.06,19.36,116
2013_COC26,2013-07-27,11.9,65,18.2,34,0.0,83.14,13.67,263.34,4.11,24.2,7.42,18.44,117
2013_COC26,2013-07-28,13.3,68,21.8,344,0.0,83.21,14.75,269.43,4.98,25.95,9.14,18.35,118
2013_COC26,2013-07-29,17.9,59,4.0,265,0.0,84.68,16.58,276.36,2.47,28.84,5.09,16.67,119
2013_COC26,2013-07-30,22.6,50,11.4,198,0.0,87.19,19.37,284.13,5.09,33.09,10.68,13.86,120
2013_COC3,2013-06-08,23.2,43,1.1,72,0.2,89.56,20.18,104.12,4.26,27.19,8.19,11.3,68
2013_COC3,2013-06-09,23.0,37,4.6,315,0.8,88.41,24.18,111.66,4.3,31.38,8.99,12.53,69
2013_COC3,2013-06-10,22.2,38,16.1,110,0.0,89.7,27.98,119.06,9.24,35.25,17.58,11.15,70
2013_COC3,2013-06-11,15.0,75,7.0,102,3.5,59.72,21.57,120.86,0.57,29.83,0.67,50.97,71
2013_COC3,2013-06-12,12.6,67,15.9,4,6.6,49.67,13.44,115.48,0.35,20.82,0.33,69.21,72
2013_COC3,2013-06-13,12.8,37,11.2,4,0.0,74.66,15.74,121.19,1.32,23.77,2.04,28.91,73
2013_COC3,2013-06-14,19.2,35,15.8,305,0.0,86.93,19.22,128.05,6.13,27.95,11.32,14.14,74
2013_COC3,2013-06-15,14.1,46,8.7,83,0.0,87.08,21.38,133.99,4.37,30.56,8.98,13.98,75
2013_COC3,2013-06-16,11.7,42,9.9,46,0.0,87.34,23.33,139.5,4.82,32.91,10.18,13.69,76
2013_COC3,2013-06-17,13.1,39,6.0,17,0.0,87.95,25.61,145.26,4.32,35.55,9.7,13.03,77
2013_COC3,2013-06-18,19.4,33,8.8,305,0.0,89.9,29.23,152.16,6.58,39.49,14.44,10.94,78
2013_COC3,2013-06-19,13.0,99,13.3,218,5.4,32.29,18.14,148.76,0.01,27.81,0.01,110.19,79
2013_COC3,2013-06-20,10.1,44,7.9,321,6.3,44.03,12.0,142.83,0.11,19.84,0.09,81.0,80
2013_COC4,2013-06-13,13.3,34,11.3,7,0.0,83.87,29.19,141.54,3.2,38.52,7.84,17.59,73
2013_COC4,2013-06-14,19.7,34,19.1,306,0.0,89.2,32.8,148.49,10.01,42.27,20.44,11.68,74
2013_COC4,2013-06-15,13.7,46,8.8,78,0.0,88.8,34.91,154.36,5.63,44.6,13.65,12.11,75
2013_COC4,2013-06-16,11.8,42,9.7,48,0.0,88.85,36.88,159.89,5.93,46.78,14.6,12.05,76
2013_COC4,2013-06-17,13.3,37,6.2,21,0.0,88.9,39.27,165.69,5.01,49.31,13.17,12.0,77
2013_COC4,2013-06-18,19.2,31,7.5,305,0.0,90.38,42.95,172.55,6.61,52.95,16.95,10.43,78
2013_COC4,2013-06-19,14.7,90,11.7,198,3.7,51.51,31.96,173.18,0.35,43.74,0.54,65.62,79
2013_COC4,2013-06-20,10.5,43,8.7,318,7.1,49.25,19.44,164.68,0.23,30.02,0.27,70.05,80
2013_COC4,2013-06-21,18.9,32,8.0,207,0.0,78.74,23.02,171.49,1.5,34.48,3.39,23.7,81
2013_COC4,2013-06-22,24.7,31,5.4,323,0.0,89.28,27.71,179.34,5.07,39.98,11.84,11.6,82
2013_COC4,2013-06-23,27.3,33,4.0,190,0.0,91.36,32.72,187.65,6.37,45.57,15.2,9.41,83
2013_COC4,2013-06-24,21.2,80,2.6,236,10.2,41.62,16.78,172.85,0.05,27.0,0.06,86.44,84
2013_COC4,2013-06-25,17.8,60,13.4,66,11.0,49.95,10.03,156.3,0.32,17.29,0.27,68.65,85
2013_COC4,2013-06-26,22.1,39,9.5,65,0.0,80.04,13.76,163.68,1.84,22.74,3.11,22.11,86
2013_COC4,2013-06-27,22.8,43,16.6,108,0.0,87.62,17.34,171.19,7.04,27.68,12.58,13.39,87
2013_COC4,2013-06-28,23.8,34,15.8,66,0.0,90.52,21.67,178.88,10.24,33.27,18.42,10.28,88
2013_COC4,2013-06-29,20.7,30,10.9,354,0.0,91.13,25.69,186.01,8.73,38.19,17.56,9.64,89
2013_COC4,2013-06-30,11.5,54,13.0,357,0.0,88.21,27.21,191.48,6.38,40.16,14.22,12.75,90
2013_COC4,2013-07-01,21.9,34,8.4,245,0.0,90.19,30.78,199.13,6.72,44.4,15.62,10.63,91
2013_COC4,2013-07-02,26.6,31,13.2,227,0.0,91.84,35.27,207.62,10.84,49.51,23.43,8.91,92
2013_COC4,2013-07-03,28.6,42,8.9,249,0.0,91.82,39.31,216.47,8.7,54.08,20.95,8.93,93
2013_COC4,2013-07-04,27.9,44,16.3,221,0.0,91.39,43.13,225.2,11.89,58.33,27.12,9.37,94
2013_COC4,2013-07-05,27.3,52,11.6,265,0.5,90.04,46.33,233.82,7.74,61.96,20.68,10.78,95
2013_COC4,2013-07-06,15.5,43,14.0,342,5.0,68.33,32.76,230.27,1.2,48.33,3.44,37.62,96
2013_COC4,2013-07-07,18.1,37,5.9,38,0.0,83.23,35.6,237.23,2.24,51.77,6.86,18.33,97
2013_COC4,2013-07-08,20.4,40,14.3,141,0.0,88.1,38.63,244.61,6.71,55.39,17.55,12.87,98
2013_COC4,2013-07-09,24.9,56,13.2,241,0.3,88.15,41.31,252.79,6.39,58.66,17.46,12.81,99
2013_COC4,2013-07-10,14.5,70,19.2,330,4.2,62.77,30.01,250.98,1.26,46.2,3.49,46.03,100
2013_COC4,2013-07-11,26.1,37,18.8,258,0.0,87.21,34.03,259.38,7.41,51.25,18.14,13.83,101
2013_COC4,2013-07-12,28.7,41,20.7,219,0.0,90.18,38.16,268.25,12.49,56.3,27.56,10.64,102
2013_COC4,2013-07-13,28.6,48,17.1,245,4.1,81.12,30.43,268.98,3.04,47.44,8.54,20.81,103
2013_COC4,2013-07-14,29.0,52,10.7,250,0.0,87.46,33.82,277.9,5.1,51.86,13.76,13.57,104
2013_COC4,2013-07-15,23.4,44,2.8,230,0.5,88.63,37.04,285.82,4.05,55.95,11.97,12.29,105
2013_COC4,2013-07-16,24.9,64,23.9,192,0.0,87.47,39.24,294.0,9.95,58.85,24.07,13.55,106
2013_COC4,2013-07-17,20.4,47,16.5,280,2.3,79.75,36.54,301.38,2.54,56.08,8.11,22.47,107
2013_COC4,2013-07-18,24.4,35,16.9,236,0.0,89.39,40.43,309.48,9.21,60.96,23.21,11.47,108
2013_COC4,2013-07-19,17.5,82,12.5,44,2.2,68.22,36.19,316.33,1.11,56.29,3.56,37.77,109
2013_NIP11,2013-05-28,21.2,31,16.7,199,0.0,91.86,30.53,92.36,12.97,33.43,21.91,8.89,57
2013_NIP11,2013-05-29,22.3,44,11.8,207,0.0,90.7,33.98,98.78,8.59,36.54,16.96,10.09,58
2013_NIP11,2013-05-30,12.4,55,6.4,27,4.0,62.26,25.43,98.28,0.64,30.88,0.77,46.84,59
2013_NIP19,2013-06-07,23.1,36,5.8,266,0.0,90.14,25.99,93.3,5.86,30.64,11.48,10.68,67
2013_NIP19,2013-06-08,23.8,34,5.0,30,0.8,89.26,30.31,100.99,4.96,34.64,10.72,11.62,68
2013_NIP19,2013-06-09,24.7,30,3.4,162,0.0,91.41,35.07,108.84,6.23,38.85,13.7,9.35,69
2013_NIP19,2013-06-10,13.9,85,7.3,123,1.1,77.84,35.66,114.75,1.34,40.14,3.36,24.83,70
2013_NIP19,2013-06-11,16.7,77,4.4,81,9.0,41.24,19.2,105.22,0.05,26.37,0.06,87.32,71
2013_NIP19,2013-06-12,11.6,78,15.2,4,0.6,58.76,19.93,110.71,0.81,27.49,0.9,52.57,72
2013_NIP19,2013-06-13,13.5,30,9.0,5,0.3,79.67,22.62,116.55,1.73,30.46,3.62,22.55,73
2013_NIP19,2013-06-14,19.6,25,7.4,309,0.0,89.38,26.71,123.48,5.69,34.67,12.0,11.49,74
2013_NIP19,2013-06-15,15.5,52,14.2,106,0.4,88.26,28.81,129.67,6.83,37.04,14.35,12.69,75
2013_NIP19,2013-06-16,13.5,41,11.2,48,12.9,56.68,15.06,110.61,0.57,22.47,0.55,56.15,76
2013_NIP19,2013-06-17,14.9,38,7.9,3,0.0,77.75,17.67,116.69,1.37,25.63,2.33,24.93,77
2013_NIP19,2013-06-18,19.4,29,7.0,235,0.0,88.05,21.5,123.59,4.62,29.97,9.3,12.91,78
2013_NIP19,2013-06-19,17.4,78,12.7,262,3.1,63.84,17.28,126.65,0.95,25.77,1.12,44.35,79
2013_NIP19,2013-06-20,12.0,40,5.9,322,0.5,78.41,19.35,132.21,1.31,28.33,2.41,24.11,80
2013_NIP19,2013-06-21,20.5,44,5.4,184,0.0,85.8,22.53,139.31,3.09,32.09,6.79,15.4,81
2013_NIP19,2013-06-22,24.4,32,7.6,98,0.0,90.52,27.1,147.1,6.77,37.11,14.27,10.28,82
2013_NIP19,2013-06-23,26.1,44,10.0,154,0.0,90.57,31.11,155.2,7.7,41.45,16.68,10.23,83
2013_NIP19,2013-06-24,21.8,49,17.6,239,6.0,72.39,21.55,151.91,1.65,31.81,3.54,31.94,84
2013_NIP19,2013-06-25,14.0,84,7.8,22,3.3,50.82,16.5,153.63,0.27,26.02,0.29,66.95,85
2013_NIP19,2013-06-26,22.0,48,15.5,103,0.0,79.64,19.67,160.99,2.39,30.13,5.09,22.6,86
2013_NIP19,2013-06-27,20.6,59,14.8,89,1.9,77.07,19.98,168.1,1.85,30.81,3.93,25.79,87
2013_NIP19,2013-06-28,22.7,40,12.8,52,0.0,87.38,23.74,175.59,5.61,35.49,12.01,13.65,88
2013_NIP19,2013-06-29,22.2,32,10.2,350,0.0,90.45,27.91,182.99,7.65,40.42,16.38,10.35,89
2013_NIP19,2013-06-30,15.6,43,12.6,13,0.0,89.74,30.42,189.21,7.79,43.4,17.24,11.11,90
2013_NIP19,2013-07-01,22.8,35,7.5,235,0.0,90.45,34.07,197.01,6.67,47.57,16.11,10.36,91
2013_NIP19,2013-07-02,27.0,33,9.0,233,0.0,91.55,38.49,205.58,8.42,52.44,20.14,9.21,92
2013_NIP19,2013-07-03,28.9,38,12.4,240,0.0,91.6,42.86,214.48,10.06,57.16,23.91,9.16,93
2013_NIP19,2013-07-04,29.0,39,20.1,227,0.0,91.65,47.17,223.41,14.94,61.75,32.55,9.1,94
2013_NIP19,2013-07-05,27.7,35,7.1,255,0.2,91.7,51.57,232.1,7.81,66.31,21.57,9.05,95
2013_NIP19,2013-07-06,16.1,41,12.4,8,0.2,90.42,53.95,238.7,8.51,68.94,23.39,10.38,96
2013_NIP19,2013-07-07,18.3,36,11.5,104,0.0,90.47,56.87,245.7,8.19,72.05,23.29,10.33,97
2013_NIP19,2013-07-08,15.5,73,14.0,168,2.1,72.03,51.45,252.19,1.36,68.15,5.13,32.42,98
2013_NIP19,2013-07-09,22.7,43,11.6,275,1.1,83.14,54.64,259.98,2.95,71.64,10.7,18.43,99
2013_NIP19,2013-07-10,16.5,63,20.3,337,0.4,84.22,56.17,266.66,5.27,73.59,17.12,17.18,100
2013_NIP19,2013-07-11,25.9,35,20.9,246,0.0,90.42,60.29,275.02,13.04,77.89,33.31,10.39,101
2013_NIP19,2013-07-12,26.1,54,19.6,206,0.0,89.41,63.23,283.42,10.57,81.18,29.52,11.46,102
2013_NIP23,2013-06-08,23.3,37,2.7,293,1.0,87.06,21.29,47.28,3.22,21.23,5.45,14.0,68
2013_NIP23,2013-06-09,24.0,35,4.9,163,0.6,89.55,25.58,55.01,5.14,25.5,9.31,11.31,69
2013_NIP23,2013-06-10,10.6,100,16.6,103,4.7,33.72,16.65,54.42,0.02,18.87,0.02,106.25,70
2013_NIP25,2013-06-08,23.3,35,1.6,333,0.8,88.49,21.6,47.25,3.74,21.53,6.35,12.44,68
2013_NIP25,2013-06-09,23.7,36,6.3,167,1.2,86.74,25.78,54.92,3.69,25.7,6.98,14.35,69
2013_NIP25,2013-06-10,9.9,100,20.0,116,8.8,21.32,13.23,46.7,0.0,15.49,0.0,145.13,70
2013_NIP40,2013-07-01,19.1,51,9.9,237,0.0,87.01,23.95,186.25,4.6,36.25,10.33,14.06,91
2013_NIP40,2013-07-02,22.3,47,9.7,225,0.0,88.04,26.86,193.97,5.27,39.91,12.2,12.93,92
2013_NIP40,2013-07-03,24.3,51,12.6,239,0.0,88.09,29.78,202.05,6.15,43.53,14.43,12.88,93
2013_NIP43,2013-07-01,21.2,35,4.3,246,0.0,89.7,24.24,138.55,5.1,33.73,10.81,11.15,91
2013_NIP43,2013-07-02,25.7,33,8.7,225,0.0,91.23,28.46,146.88,7.93,38.35,16.37,9.54,92
2013_NIP43,2013-07-03,28.0,42,12.1,240,0.0,91.28,32.43,155.62,9.48,42.64,19.73,9.48,93
2013_NIP43,2013-07-04,27.9,43,18.1,226,0.0,91.33,36.31,164.35,12.91,46.78,25.74,9.43,94
2013_NIP43,2013-07-05,25.3,60,12.3,212,1.4,83.09,38.79,172.6,3.04,49.67,8.77,18.49,95
2013_NIP44,2013-07-04,27.2,45,15.0,228,0.0,91.05,30.01,123.62,10.61,37.35,20.04,9.72,94
2013_NIP44,2013-07-05,21.8,80,10.2,228,6.4,54.31,18.44,120.55,0.44,26.68,0.48,60.38,95
2013_NIP44,2013-07-06,17.6,45,10.2,18,22.5,52.68,9.93,83.6,0.37,15.31,0.29,63.4,96
2013_NIP48,2013-07-04,29.0,40,18.3,225,0.0,91.74,48.54,234.55,13.81,63.98,31.43,9.01,94
2013_NIP48,2013-07-05,27.8,37,10.9,264,1.2,88.92,52.82,243.26,6.36,68.47,18.9,11.98,95
2013_NIP48,2013-07-06,15.6,42,12.6,357,3.5,72.25,41.87,243.91,1.27,58.59,4.29,32.13,96
2013_NIP48,2013-07-07,18.1,35,9.4,97,0.0,85.36,44.8,250.87,3.56,61.95,11.43,15.89,97
2013_NIP48,2013-07-08,18.6,46,17.7,163,0.6,86.84,47.3,257.92,6.65,64.86,18.98,14.24,98
2013_NIP48,2013-07-09,22.4,51,11.9,265,3.0,76.31,40.16,261.1,1.51,58.01,5.08,26.76,99
2013_NIP48,2013-07-10,16.1,62,22.0,339,0.3,82.42,41.7,267.71,4.55,60.02,13.65,19.27,100
2013_NIP48,2013-07-11,25.4,37,19.8,251,0.0,89.71,45.62,275.98,11.16,64.56,27.31,11.13,101
2013_NIP48,2013-07-12,27.9,49,20.1,207,0.0,89.76,49.09,284.71,11.41,68.61,28.58,11.08,102
2013_NIP48,2013-07-13,26.4,59,15.0,259,5.3,73.46,34.35,280.81,1.51,52.61,4.73,30.49,103
2013_NIP50,2013-07-05,27.3,33,11.8,293,0.5,91.73,53.88,245.5,9.94,69.58,26.18,9.03,95
2013_NIP50,2013-07-06,16.0,39,11.9,3,0.0,90.69,56.33,252.08,8.62,72.28,24.19,10.1,96
2013_NIP50,2013-07-07,18.3,37,11.3,117,0.0,90.74,59.2,259.08,8.43,75.35,24.32,10.05,97
2013_NIP50,2013-07-08,15.6,80,16.7,173,3.9,59.73,43.27,258.26,0.93,60.99,3.1,50.95,98
2013_NIP50,2013-07-09,20.0,54,14.6,280,0.6,79.19,45.55,265.56,2.19,63.76,7.7,23.15,99
2013_NIP50,2013-07-10,17.2,53,18.5,339,0.0,84.66,47.57,272.36,5.11,66.22,15.77,16.68,100
2013_NIP50,2013-07-11,25.2,41,21.0,248,0.0,89.26,51.21,280.6,11.11,70.33,28.43,11.61,101
2013_NIP50,2013-07-12,25.3,58,20.3,205,0.5,88.55,53.82,288.86,9.68,73.43,26.42,12.38,102
2013_NIP51,2013-07-04,29.8,35,20.9,238,0.0,91.74,44.32,252.95,15.76,61.64,33.7,9.01,94
2013_NIP51,2013-07-05,27.6,35,13.7,288,2.3,86.51,42.69,261.62,5.19,60.64,15.2,14.61,95
2013_NIP51,2013-07-06,15.5,40,12.5,348,0.0,87.95,45.03,268.11,6.0,63.43,17.37,13.03,96
2013_NIP51,2013-07-07,18.8,34,8.1,103,0.0,89.63,48.11,275.2,6.12,66.96,18.16,11.22,97
2013_NIP51,2013-07-08,17.1,61,16.8,165,1.4,80.35,49.78,281.98,2.75,69.07,9.88,21.73,98
2013_NIP52,2013-07-06,14.6,45,14.4,338,0.0,87.19,46.64,258.29,5.92,64.27,17.34,13.85,96
2013_NIP52,2013-07-07,18.0,40,5.9,76,0.0,88.41,49.33,265.23,4.59,67.35,14.67,12.53,97
2013_NIP52,2013-07-08,18.7,51,19.0,155,0.8,85.72,51.61,272.3,6.07,70.03,18.49,15.48,98
2013_NIP53,2013-07-10,16.4,63,20.5,336,0.3,86.24,50.71,258.57,7.04,68.05,20.28,14.91,100
2013_NIP53,2013-07-11,25.7,36,19.3,256,0.0,90.39,54.74,266.9,11.99,72.37,30.36,10.42,101
2013_NIP53,2013-07-12,28.1,49,19.6,206,0.0,90.44,58.24,275.66,12.26,76.22,31.62,10.37,102
2013_NIP53,2013-07-13,26.8,58,14.5,264,2.9,78.94,49.16,279.75,2.13,68.31,7.85,23.45,103
2013_NIP53,2013-07-14,26.0,40,11.0,328,0.0,88.49,52.98,288.14,6.01,72.59,18.71,12.45,104
2013_NIP53,2013-07-15,23.7,42,4.5,166,0.4,89.23,56.36,296.11,4.82,76.37,16.33,11.65,105
2013_NIP57,2013-07-22,18.5,52,12.0,83,0.0,85.23,23.07,337.56,3.98,39.4,9.62,16.04,112
2013_NIP57,2013-07-23,13.5,55,20.7,343,1.7,77.65,23.16,343.7,2.6,39.65,6.61,25.06,113
2013_NIP57,2013-07-24,14.6,52,12.9,337,0.0,83.55,24.93,350.03,3.32,42.33,8.59,17.96,114
2013_NIP57,2013-07-25,10.5,59,5.6,40,0.0,84.01,26.05,355.62,2.44,44.04,6.69,17.43,115
2013_NIP57,2013-07-26,15.2,45,12.3,32,0.0,86.53,28.16,362.06,4.85,47.15,12.53,14.58,116
2013_NIP57,2013-07-27,16.7,51,17.3,31,0.0,86.66,30.2,368.77,6.35,50.14,15.98,14.44,117
2013_NIP57,2013-07-28,17.3,46,11.2,21,0.0,87.41,32.54,375.59,5.2,53.49,14.2,13.62,118
2013_NIP57,2013-07-29,22.8,36,10.0,334,0.0,89.89,36.13,383.4,6.98,58.48,18.61,10.95,119
2013_NIP57,2013-07-30,24.8,41,8.4,230,0.0,89.94,39.72,391.57,6.49,63.37,18.4,10.9,120
2013_RED24,2013-07-03,28.2,40,12.5,229,1.8,86.82,25.87,156.6,5.1,36.62,11.32,14.27,93
2013_RED24,2013-07-04,25.1,51,17.1,224,0.4,87.88,28.89,164.82,7.49,40.17,16.08,13.1,94
2013_RED24,2013-07-05,26.3,51,4.7,9,1.2,84.39,32.04,173.26,2.46,43.82,6.71,16.99,95
2013_RED24,2013-07-06,24.1,48,15.3,105,0.1,87.78,35.12,181.3,6.74,47.32,16.19,13.22,96
2013_RED24,2013-07-07,18.5,76,19.9,132,0.7,82.87,36.22,188.33,4.33,48.92,11.68,18.74,97
2013_RED24,2013-07-08,24.9,45,12.5,226,2.4,81.09,34.12,196.52,2.4,47.58,6.93,20.84,98
2013_RED24,2013-07-09,19.1,53,11.3,323,0.5,85.27,36.35,203.66,3.87,50.27,10.83,15.99,99
2013_RED24,2013-07-10,22.7,36,12.7,313,0.0,89.55,39.92,211.45,7.63,54.24,19.08,11.3,100
2013_RED24,2013-07-11,26.4,40,19.4,230,0.0,90.19,43.8,219.91,11.7,58.48,26.86,10.63,101
2013_RED24,2013-07-12,21.4,95,13.6,212,14.0,28.23,20.09,193.63,0.0,31.9,0.01,122.08,102
2013_RED31,2013-07-02,26.5,44,8.1,257,0.0,91.31,23.77,153.94,7.77,34.3,15.22,9.46,92
2013_RED31,2013-07-03,28.3,40,13.0,228,0.9,89.48,27.92,162.74,7.66,39.07,16.12,11.38,93
2013_RED31,2013-07-04,24.5,54,16.3,225,0.5,89.08,30.68,170.85,8.54,42.35,18.22,11.81,94
2013_RED31,2013-07-05,27.0,45,5.8,4,1.5,84.86,34.31,179.42,2.77,46.43,7.75,16.46,95
2013_RED31,2013-07-06,24.3,47,16.0,104,0.0,88.06,37.47,187.49,7.27,49.98,17.63,12.91,96
2013_RED31,2013-07-07,18.4,80,18.6,133,1.3,77.05,38.39,194.51,2.23,51.41,6.81,25.81,97
2013_RED31,2013-07-08,24.9,45,13.5,228,3.2,78.37,32.93,198.28,1.92,46.54,5.51,24.17,98
2013_RED31,2013-07-09,18.9,55,12.1,323,0.3,84.23,35.04,205.39,3.49,49.13,9.81,17.17,99
2013_RED31,2013-07-10,23.0,36,11.8,308,0.1,89.41,38.66,213.23,7.14,53.21,17.99,11.46,100
2013_RED31,2013-07-11,26.6,40,19.6,229,0.0,90.2,42.57,221.73,11.85,57.53,26.87,10.62,101
2013_RED31,2013-07-12,21.5,96,13.0,214,14.8,25.61,19.03,193.23,0.0,30.54,0.0,130.39,102
2013_RED31,2013-07-13,26.5,36,10.4,270,2.4,73.56,19.78,201.71,1.2,31.77,2.37,30.35,103
2013_RED31,2013-07-14,21.6,47,7.3,351,5.2,66.86,15.0,199.49,0.82,25.26,0.86,39.77,104
2013_RED31,2013-07-15,25.4,40,13.0,183,0.0,86.38,18.74,207.77,4.92,30.58,9.93,14.75,105
2013_RED31,2013-07-16,22.8,71,20.1,279,4.9,67.39,13.36,206.43,1.58,22.99,2.58,38.99,106
2013_RED31,2013-07-17,21.9,38,14.8,276,0.0,85.68,16.71,214.07,4.88,27.96,9.38,15.53,107
2013_RED32,2013-07-02,26.2,45,7.6,251,0.0,91.12,24.2,168.04,7.38,35.58,14.92,9.65,92
2013_RED32,2013-07-03,28.2,40,13.5,228,0.6,90.33,28.33,176.82,8.88,40.45,18.32,10.48,93
2013_RED32,2013-07-04,24.1,55,15.3,225,0.7,86.85,30.99,184.86,5.91,43.67,14.02,14.23,94
2013_RED32,2013-07-05,26.9,43,6.5,357,2.5,81.26,29.56,193.41,1.81,42.77,4.9,20.64,95
2013_RED32,2013-07-06,24.2,48,17.0,103,0.0,87.33,32.65,201.47,6.88,46.47,16.29,13.71,96
2013_RED32,2013-07-07,18.2,82,17.1,134,2.2,68.87,29.25,208.45,1.43,43.31,3.84,36.84,97
2013_RED32,2013-07-08,24.8,45,15.0,228,3.2,77.62,25.58,212.05,1.95,39.3,4.96,25.09,98
2013_RED32,2013-07-09,18.8,55,13.1,323,1.2,79.99,27.68,219.13,2.2,42.08,5.87,22.17,99
2013_RED32,2013-07-10,23.0,36,11.3,301,0.1,88.62,31.3,226.98,6.22,46.56,15.1,12.3,100
2013_RED32,2013-07-11,26.5,40,19.9,226,0.0,90.1,35.19,235.45,11.86,51.24,25.39,10.72,101
2013_RED32,2013-07-12,21.1,99,13.3,213,10.7,22.01,16.68,216.83,0.0,27.98,0.0,142.65,102
2013_RED41,2013-07-05,26.9,31,10.1,358,3.7,73.23,16.06,198.16,1.17,26.71,1.89,30.8,95
2013_RED41,2013-07-06,19.2,41,13.7,76,0.0,85.37,18.88,205.32,4.42,30.7,9.09,15.88,96
2013_RED41,2013-07-07,21.1,47,20.0,120,0.0,87.64,21.64,212.82,8.37,34.51,16.15,13.37,97
2013_RED41,2013-07-08,23.8,50,20.4,222,3.5,78.56,18.51,215.37,2.76,30.47,5.91,23.93,98
2013_RED41,2013-07-09,18.5,59,11.6,296,3.6,67.28,14.89,216.65,1.03,25.41,1.38,39.15,99
2013_RED41,2013-07-10,22.7,41,12.3,310,0.2,85.1,18.18,224.44,3.97,30.24,8.21,16.18,100
2013_RED41,2013-07-11,26.4,50,20.5,239,0.2,88.05,21.41,232.9,9.1,34.82,17.28,12.92,101
2013_RED41,2013-07-12,24.4,75,16.6,222,0.8,82.85,22.91,240.99,3.65,37.02,8.61,18.77,102
2013_RED41,2013-07-13,25.0,34,16.8,247,1.0,88.61,26.96,249.2,8.19,42.44,17.69,12.31,103
2013_RED41,2013-07-14,21.1,40,11.2,303,4.3,74.61,21.34,248.35,1.32,35.14,2.94,28.96,104
2013_RED41,2013-07-15,24.6,41,9.5,191,0.0,87.01,24.91,256.48,4.51,40.08,10.76,14.06,105
2013_RED41,2013-07-16,22.0,60,22.7,281,7.2,68.89,15.93,246.93,1.9,27.43,3.71,36.81,106
2013_RED41,2013-07-17,19.6,43,16.8,260,0.0,84.39,18.7,254.16,4.52,31.59,9.41,17.0,107
2013_RED41,2013-07-18,23.7,46,19.8,251,0.0,88.09,21.84,262.13,8.85,36.16,17.24,12.87,108
2013_RED41,2013-07-19,14.4,58,20.1,324,3.5,69.24,17.28,262.28,1.68,29.67,3.43,36.31,109
2013_RED56,2013-07-17,19.7,42,15.9,266,0.0,85.08,23.01,262.7,4.75,37.75,10.86,16.21,107
2013_RED56,2013-07-18,25.0,38,16.6,246,0.0,89.72,26.81,270.9,9.5,42.98,19.86,11.13,108
2013_RED56,2013-07-19,13.9,57,19.7,325,5.1,64.6,18.46,265.79,1.4,31.45,2.88,43.17,109
2013_SLK16,2013-06-08,24.1,32,2.6,326,0.1,91.57,46.51,124.76,6.11,48.15,15.17,9.19,68
2013_SLK16,2013-06-09,24.8,33,7.2,143,0.7,90.5,51.08,132.63,6.62,52.05,16.81,10.31,69
2013_SLK16,2013-06-10,11.7,98,23.1,95,4.1,40.73,36.29,132.34,0.13,43.06,0.19,88.52,70
2013_SLK16,2013-06-11,15.7,78,1.5,194,4.6,33.67,25.23,131.64,0.01,34.11,0.01,106.39,71
2013_SLK16,2013-06-12,12.0,80,13.6,22,1.6,47.2,24.84,137.21,0.23,34.2,0.29,74.22,72
2013_SLK16,2013-06-13,16.6,23,7.2,18,0.0,78.01,28.43,143.6,1.36,38.03,3.25,24.61,73
2013_SLK16,2013-06-14,21.1,26,1.5,346,0.0,88.23,32.75,150.8,3.59,42.45,9.2,12.72,74
2013_SLK16,2013-06-15,15.0,67,17.0,96,2.0,74.07,30.82,156.91,1.72,41.34,4.53,29.68,75
2013_SLK18,2013-06-08,20.7,43,2.8,40,0.2,89.47,29.54,106.84,4.58,34.93,10.08,11.39,68
2013_SLK18,2013-06-09,21.3,40,4.4,125,0.0,89.52,33.07,114.08,5.0,38.35,11.43,11.34,69
2013_SLK18,2013-06-10,14.3,55,15.9,155,0.0,87.77,34.9,120.06,6.94,40.42,15.23,13.22,70
2013_SLK19,2013-06-08,23.7,32,4.0,360,0.4,91.23,25.96,66.57,6.25,26.29,11.13,9.54,68
2013_SLK19,2013-06-09,24.4,34,6.7,164,1.9,84.85,27.99,74.37,2.89,28.84,5.96,16.47,69
2013_SLK19,2013-06-10,10.5,100,20.5,114,8.2,21.87,14.7,66.75,0.0,18.96,0.0,143.16,70
2013_SLK21,2013-06-07,22.8,31,7.9,223,0.2,91.31,45.25,119.28,7.69,46.45,17.7,9.46,67
2013_SLK21,2013-06-08,23.3,30,3.8,253,0.0,91.63,49.74,126.88,6.55,50.24,16.36,9.13,68
2013_SLK21,2013-06-09,24.7,30,10.6,145,0.0,91.89,54.5,134.73,9.58,54.49,22.54,8.85,69
2013_SLK21,2013-06-10,13.0,87,20.2,93,2.0,68.11,49.57,140.47,1.63,52.67,5.11,37.94,70
2013_SLK23,2013-06-08,22.3,43,2.2,81,0.0,90.27,35.53,112.84,4.98,39.76,11.62,10.55,68
2013_SLK23,2013-06-09,22.9,40,5.9,128,0.8,88.14,39.32,120.37,4.42,43.29,11.08,12.82,69
2013_SLK23,2013-06-10,19.7,44,16.1,160,0.0,88.36,42.39,127.32,7.63,46.27,17.55,12.58,70
2013_SLK23,2013-06-11,13.7,84,10.3,102,11.0,38.39,21.33,112.46,0.04,28.94,0.05,94.15,71
2013_SLK23,2013-06-12,11.7,62,16.3,25,1.7,58.04,21.23,117.97,0.81,29.28,0.95,53.8,72
2013_SLK23,2013-06-13,13.0,32,5.2,348,0.0,77.59,23.75,123.72,1.18,32.1,2.34,25.13,73
2013_SLK23,2013-06-14,18.9,31,2.8,40,0.0,86.88,27.39,130.52,3.16,35.93,7.43,14.2,74
2013_SLK23,2013-06-15,13.3,52,18.1,97,1.0,82.76,29.21,136.32,3.9,38.04,9.25,18.87,75
2013_SLK23,2013-06-16,14.0,44,9.0,53,7.9,58.19,17.77,127.87,0.57,26.38,0.62,53.55,76
2013_SLK23,2013-06-17,14.1,44,7.5,17,0.0,76.65,20.01,133.81,1.24,29.13,2.27,26.33,77
2013_SLK23,2013-06-18,18.5,36,11.0,221,0.0,86.65,23.31,140.55,4.62,32.96,9.82,14.46,78
2013_SLK23,2013-06-19,18.0,74,14.3,280,3.5,64.4,18.2,142.65,1.06,27.6,1.64,43.49,79
2013_SLK24,2013-06-08,22.2,42,1.9,68,0.0,90.17,34.74,112.14,4.83,39.15,11.25,10.65,68
2013_SLK24,2013-06-09,22.9,40,4.3,132,0.9,87.41,38.53,119.66,3.68,42.69,9.42,13.61,69
2013_SLK24,2013-06-10,19.6,44,15.4,164,0.0,88.2,41.58,126.59,7.2,45.66,16.69,12.76,70
2013_SLK24,2013-06-11,13.8,84,10.3,102,10.5,38.88,21.21,112.86,0.05,28.86,0.05,92.94,71
2013_SLK25,2013-06-08,24.0,35,3.6,37,0.3,91.6,44.41,121.75,6.46,46.46,15.52,9.16,68
2013_SLK25,2013-06-09,24.9,34,3.8,139,0.1,91.65,48.93,129.63,6.57,50.35,16.42,9.1,69
2013_SLK25,2013-06-10,18.5,48,13.7,150,0.1,89.66,51.61,136.37,8.15,53.04,19.78,11.19,70
2013_SLK25,2013-06-11,15.3,81,7.3,101,9.0,42.3,28.37,125.72,0.08,36.27,0.1,84.87,71
2013_SLK27,2013-06-08,24.4,31,1.8,259,0.0,91.66,48.29,124.03,5.95,48.94,14.99,9.1,68
2013_SLK27,2013-06-09,25.1,29,6.3,156,0.0,92.13,53.19,131.95,7.97,53.19,19.5,8.61,69
2013_SLK27,2013-06-10,16.8,61,17.4,120,0.5,87.7,55.03,138.38,7.4,55.19,18.84,13.3,70
2013_SLK31,2013-06-21,20.8,43,1.3,146,0.0,85.46,27.76,166.43,2.4,39.18,6.08,15.78,81
2013_SLK31,2013-06-22,24.6,37,7.8,146,0.0,89.64,32.02,174.26,6.03,43.89,14.29,11.21,82
2013_SLK31,2013-06-23,26.2,40,11.2,138,0.0,90.15,36.34,182.38,7.7,48.51,18.12,10.67,83
2013_SLK31,2013-06-24,18.5,72,9.7,222,7.5,54.17,21.4,174.01,0.42,32.73,0.53,60.64,84
2013_SLK31,2013-06-25,9.9,79,8.4,65,0.0,64.67,22.01,179.2,0.79,33.67,1.11,43.07,85
2013_SLK31,2013-06-26,21.4,46,18.3,105,0.0,83.7,25.2,186.46,4.45,37.68,10.28,17.78,86
2013_SLK31,2013-06-27,19.7,58,15.6,97,0.6,84.87,27.5,193.41,4.54,40.58,10.91,16.45,87
2013_SLK31,2013-06-28,23.4,35,11.0,52,0.0,89.75,31.7,201.02,7.2,45.47,16.66,11.1,88
2013_SLK31,2013-06-29,23.9,33,13.1,339,0.0,90.99,36.11,208.73,9.55,50.41,21.62,9.79,89
2013_SLK31,2013-06-30,17.1,39,7.7,11,0.0,90.6,39.03,215.21,6.89,53.71,17.61,10.2,90
2013_SLK31,2013-07-01,26.6,35,13.8,242,0.0,91.18,43.26,223.7,10.17,58.32,24.33,9.6,91
2013_SLK31,2013-07-02,25.8,50,9.0,272,0.0,90.14,46.42,232.05,6.89,61.89,18.98,10.68,92
2013_SLK31,2013-07-03,29.5,39,18.1,227,2.3,87.08,44.51,241.06,7.02,60.9,19.09,13.98,93
2013_SLK31,2013-07-04,22.4,75,16.6,252,1.3,79.04,45.89,248.8,2.39,62.81,8.24,23.33,94
2013_SLK31,2013-07-05,26.0,38,12.8,322,2.8,82.04,41.14,253.34,2.73,58.52,8.86,19.72,95
2013_SLK31,2013-07-06,16.7,39,9.2,26,0.3,87.01,43.69,260.05,4.44,61.54,13.59,14.05,96
2013_SLK31,2013-07-07,19.0,38,14.2,120,0.0,88.92,46.62,267.17,7.51,64.92,20.74,11.98,97
2013_SLK31,2013-07-08,23.1,50,11.0,232,1.9,81.38,45.55,275.03,2.3,64.43,8.12,20.51,98
2013_SLK31,2013-07-09,18.9,59,14.4,274,1.3,79.77,47.48,282.14,2.29,66.84,8.28,22.44,99
2013_SLK31,2013-07-10,20.7,41,12.8,322,0.1,87.23,50.5,289.57,5.49,70.34,17.22,13.81,100
2013_SLK31,2013-07-11,24.6,54,19.9,250,0.1,87.43,53.28,297.7,8.08,73.62,23.34,13.59,101
2013_SLK31,2013-07-12,27.5,55,19.6,224,0.0,87.73,56.3,306.36,8.31,77.15,24.37,13.27,102
2013_SLK31,2013-07-13,26.0,30,21.3,251,2.1,87.9,54.37,314.74,9.28,75.94,26.11,13.08,103
2013_SLK31,2013-07-14,21.7,42,13.9,291,1.1,86.17,57.48,322.35,5.0,79.51,17.16,14.98,104
2013_SLK31,2013-07-15,24.0,35,9.4,223,0.0,90.04,61.31,330.37,6.93,83.76,22.37,10.79,105
2013_SLK31,2013-07-16,22.4,79,22.6,241,7.3,59.66,36.17,317.14,1.25,56.29,4.07,51.06,106
2013_SLK31,2013-07-17,18.3,38,21.6,268,0.4,83.03,38.99,324.14,4.81,59.95,14.25,18.56,107
2013_SLK31,2013-07-18,24.6,44,18.8,250,2.4,82.44,36.56,332.27,3.88,57.35,11.72,19.25,108
2013_SLK31,2013-07-19,14.9,82,17.1,305,14.6,40.93,16.24,292.43,0.1,28.52,0.11,88.04,109
2013_SLK35,2013-07-09,21.6,44,11.6,286,1.5,80.37,36.44,237.23,2.12,52.65,6.6,21.71,99
2013_SLK35,2013-07-10,18.4,49,18.7,341,0.3,85.81,38.77,244.25,6.05,55.51,16.26,15.39,100
2013_SLK35,2013-07-11,25.4,40,21.1,245,0.0,89.61,42.5,252.52,11.74,59.83,27.22,11.24,101
2013_SLK35,2013-07-12,25.9,58,21.1,205,0.0,88.67,45.17,260.89,10.25,63.05,25.45,12.25,102
2013_SLK37,2013-07-05,27.5,33,6.7,306,2.2,85.58,34.86,249.58,3.2,51.67,9.4,15.64,95
2013_SLK37,2013-07-06,18.0,37,9.2,42,0.0,88.5,37.68,256.53,5.49,55.12,15.06,12.44,96
2013_SLK37,2013-07-07,20.5,35,16.9,124,0.0,89.94,40.98,263.92,9.96,59.04,24.13,10.9,97
2013_SLK37,2013-07-08,23.7,47,10.3,234,3.9,75.7,32.55,264.47,1.34,49.78,3.99,27.55,98
2013_SLK37,2013-07-09,18.4,58,12.2,284,0.7,81.62,34.47,271.48,2.52,52.33,7.69,20.22,99
2013_SLK37,2013-07-10,21.1,40,13.8,327,0.1,87.91,37.6,278.99,6.37,56.25,17.03,13.07,100
2013_SLK37,2013-07-11,25.0,49,20.9,246,0.1,88.34,40.73,287.19,9.68,60.13,23.87,12.61,101
2013_SLK37,2013-07-12,25.5,63,21.2,201,0.4,87.69,43.04,295.48,8.96,63.1,23.18,13.31,102
2013_SLK37,2013-07-13,27.0,32,18.3,255,0.3,91.51,47.53,304.05,13.37,68.34,31.76,9.25,103
2013_SLK37,2013-07-14,20.2,52,8.7,300,3.6,71.88,37.72,304.22,1.03,57.59,3.34,32.62,104
2013_SLK37,2013-07-15,24.6,35,10.7,200,0.0,87.74,41.64,312.35,5.32,62.46,15.73,13.26,105
2013_SLK37,2013-07-16,20.8,88,19.2,236,6.0,50.14,26.07,304.16,0.44,42.94,0.66,68.29,106
2013_SLK41,2013-07-28,21.0,41,5.4,340,0.0,88.92,17.33,278.77,4.82,30.0,9.66,11.98,118
2013_SLK41,2013-07-29,24.0,32,12.5,252,0.0,91.05,21.34,286.8,9.36,35.98,17.93,9.72,119
2013_SLK41,2013-07-30,21.0,54,13.3,237,0.0,88.94,23.73,294.28,7.2,39.49,15.46,11.96,120
2013_SLK41,2013-07-31,17.1,79,12.4,240,3.3,62.22,18.5,295.07,0.87,31.99,1.32,46.91,121
2013_SLK43,2013-07-06,16.7,39,10.5,6,0.0,84.49,35.0,239.49,3.33,51.26,9.68,16.88,96
2013_SLK43,2013-07-07,19.6,34,11.5,122,0.0,89.09,38.2,246.73,6.72,55.09,17.52,11.8,97
2013_SLK43,2013-07-08,21.6,58,12.4,210,4.0,71.12,29.33,246.91,1.21,45.22,3.29,33.67,98
2013_SLK43,2013-07-09,19.8,56,15.4,281,2.9,71.61,25.28,250.05,1.43,40.35,3.64,33.0,99
2013_SLK43,2013-07-10,20.4,41,12.4,324,0.0,85.26,28.26,257.43,4.08,44.34,10.51,16.01,100
2013_SLK43,2013-07-11,24.7,51,20.5,252,0.0,87.62,31.22,265.58,8.56,48.26,19.53,13.39,101
2013_SLK43,2013-07-12,27.1,58,21.5,230,0.5,87.67,34.01,274.16,9.06,51.91,21.13,13.34,102
2013_SLK43,2013-07-13,26.6,29,21.5,249,1.9,88.86,35.68,282.65,10.76,54.24,24.4,12.04,103
2013_SLK43,2013-07-14,22.2,38,14.6,290,1.1,87.26,39.07,290.35,6.04,58.48,16.71,13.78,104
2013_SLK43,2013-07-15,23.4,37,10.7,228,0.0,89.81,42.7,298.27,7.15,62.89,19.69,11.03,105
2013_SLK43,2013-07-16,23.3,76,21.7,241,6.5,63.37,26.75,289.4,1.47,43.46,3.96,45.08,106
2013_SLK43,2013-07-17,17.9,38,19.8,269,1.4,79.85,29.52,296.33,3.04,47.27,8.5,22.34,107
2013_SLK43,2013-07-18,20.5,71,11.2,255,5.9,58.34,19.12,289.02,0.64,32.81,0.81,53.29,108
2013_SLK43,2013-07-19,14.1,86,7.4,321,21.5,25.12,8.32,233.14,0.0,15.28,0.0,132.0,109
2013_SLK43,2013-07-20,15.6,42,17.9,292,8.4,54.6,6.23,220.04,0.66,11.64,0.43,59.86,110
2013_SLK43,2013-07-21,18.7,45,5.7,288,0.0,76.86,8.79,227.11,1.15,16.03,0.91,26.06,111
2013_SLK43,2013-07-22,17.7,57,12.1,73,0.0,83.22,10.69,234.0,3.06,19.19,4.84,18.34,112
2013_SLK43,2013-07-23,18.9,54,10.0,322,1.2,81.15,12.85,241.11,2.13,22.68,3.69,20.78,113
2013_SLK43,2013-07-24,17.3,49,10.5,22,5.5,64.38,9.59,236.24,0.87,17.42,0.73,43.51,114
2013_SLK43,2013-07-25,14.4,51,14.4,37,0.0,79.27,11.38,242.54,2.18,20.37,3.5,23.05,115
2013_SLK43,2013-07-26,17.7,42,12.5,46,0.0,86.21,13.94,249.43,4.68,24.46,8.38,14.94,116
2013_SLK43,2013-07-27,19.7,37,11.8,31,0.0,88.99,17.02,256.68,6.72,29.19,12.49,11.9,117
2013_SLK43,2013-07-28,22.5,37,6.0,327,0.0,89.93,20.51,264.43,5.74,34.35,12.02,10.9,118
2013_SLK43,2013-07-29,24.4,30,13.2,248,0.0,91.63,24.7,272.53,10.51,40.27,20.67,9.13,119
2013_SLK43,2013-07-30,19.7,64,12.7,227,0.6,86.97,26.46,279.78,5.27,42.8,12.67,14.1,120
2013_SLK45,2013-07-11,24.5,46,20.9,251,0.0,88.25,35.81,259.92,9.56,53.27,22.25,12.7,101
2013_SLK45,2013-07-12,25.0,60,20.0,203,0.0,88.08,38.26,268.12,8.92,56.4,21.8,12.89,102
2013_SLK45,2013-07-13,26.0,35,15.8,269,1.9,86.68,39.16,276.5,5.91,57.84,16.35,14.41,103
2013_SLK45,2013-07-14,18.8,63,8.4,277,3.7,65.99,30.37,276.58,0.84,47.65,2.09,41.07,104
2013_SLK45,2013-07-15,23.5,38,7.4,227,0.0,84.94,33.95,284.51,3.04,52.3,9.05,16.36,105
2013_SLK45,2013-07-16,21.0,89,22.9,225,8.9,44.89,17.67,268.19,0.26,30.35,0.31,79.12,106
2013_SLK45,2013-07-17,17.9,41,21.3,276,0.5,77.86,20.31,275.12,2.72,34.28,6.29,24.8,107
2013_SLK45,2013-07-18,24.0,43,22.3,249,0.6,87.48,23.67,283.14,9.18,39.15,18.47,13.54,108
2013_SLK45,2013-07-19,15.3,80,10.2,302,9.9,43.43,12.45,262.77,0.11,22.27,0.1,82.34,109
2014_COC12,2014-08-05,20.2,70,15.5,356,4.9,63.07,6.82,257.66,1.06,12.8,0.73,45.56,126
2014_COC12,2014-08-06,20.9,58,11.8,218,0.0,79.77,8.73,264.42,2.01,16.13,2.64,22.44,127
2014_COC12,2014-08-07,26.5,49,21.3,210,0.0,87.58,11.64,272.2,8.86,21.03,13.11,13.43,128
2014_COC12,2014-08-08,24.0,69,22.9,248,1.4,81.12,13.24,279.52,4.07,23.68,7.27,20.82,129
2014_COC4,2014-06-06,19.4,67,12.9,210,2.1,74.8,24.24,64.66,1.45,25.03,2.47,28.71,66
2014_COC4,2014-06-07,13.1,34,25.3,244,1.3,81.69,26.71,70.42,4.91,27.42,9.33,20.13,67
2014_COC4,2014-06-08,9.9,47,23.9,263,0.3,84.93,28.25,75.6,6.96,29.21,12.83,16.38,68
2014_COC4,2014-06-09,16.2,31,9.7,268,0.1,88.96,31.39,81.92,6.02,32.06,12.03,11.94,69
2014_COC4,2014-06-10,19.8,43,15.8,159,0.0,89.01,34.52,88.89,8.25,35.03,16.09,11.89,70
2014_COC4,2014-06-11,23.1,38,17.9,218,0.7,89.2,38.47,96.45,9.43,38.53,18.67,11.68,71
2014_COC4,2014-06-12,6.7,75,15.2,346,1.1,77.9,38.99,101.06,2.01,39.69,5.16,24.75,72
2014_COC4,2014-06-13,5.8,70,18.7,335,2.1,65.48,35.17,105.51,1.38,38.37,3.34,41.84,73
2014_COC4,2014-06-14,15.2,34,5.5,259,0.0,81.45,38.0,111.65,1.76,41.06,4.62,20.42,74
2014_COC4,2014-06-15,19.0,33,15.2,126,0.0,88.64,41.55,118.48,7.58,44.28,17.08,12.28,75
2014_COC4,2014-06-16,14.3,86,14.2,117,8.8,41.22,22.52,108.79,0.09,29.68,0.1,87.36,76
2014_COC8,2014-06-28,28.5,46,15.1,198,0.0,91.22,54.23,156.73,10.93,58.15,25.54,9.55,88
2014_COC8,2014-06-29,30.5,46,20.8,194,0.1,91.27,58.72,165.63,14.67,62.26,32.28,9.5,89
2014_COC8,2014-06-30,27.5,48,24.0,197,6.6,79.42,38.78,161.64,3.59,48.48,9.97,22.87,90
2014_COC8,2014-07-01,26.6,49,10.1,243,0.5,87.1,42.1,170.13,4.71,52.02,12.93,13.96,91
2014_COC8,2014-07-02,9.0,69,22.0,269,2.9,65.49,34.42,172.05,1.63,45.89,4.62,41.82,92
2014_COC8,2014-07-03,18.9,34,15.1,298,0.0,84.79,37.52,179.15,4.38,49.25,11.85,16.53,93
2014_COC8,2014-07-04,19.7,41,9.4,220,0.0,88.0,40.4,186.4,5.17,52.41,13.98,12.97,94
2014_COC8,2014-07-05,24.5,45,16.7,237,0.0,88.88,43.71,194.52,8.47,55.97,20.93,12.02,95
2014_COC8,2014-07-06,18.5,52,11.0,58,1.0,84.11,45.92,201.55,3.25,58.51,10.27,17.31,96
2014_COC8,2014-07-07,17.7,53,17.1,49,0.0,85.94,47.99,208.44,5.69,60.92,16.33,15.24,97
2014_COC8,2014-07-08,17.4,52,16.2,347,0.4,86.47,50.08,215.28,5.85,63.33,17.05,14.65,98
2014_COC8,2014-07-09,15.5,54,24.6,335,5.7,66.73,33.29,210.27,1.94,47.7,5.67,39.97,99
2014_COC8,2014-07-10,21.9,37,18.3,254,0.0,86.09,36.69,217.91,6.17,51.64,15.88,15.07,100
2014_COC8,2014-07-11,25.3,42,16.3,205,0.0,89.23,40.29,226.17,8.73,55.75,21.34,11.65,101
2014_COC8,2014-07-12,21.9,70,12.2,251,1.4,79.48,41.91,233.82,1.99,57.88,6.64,22.79,102
2014_RED17,2014-07-21,25.3,46,12.3,275,6.1,71.65,7.92,116.9,1.23,13.55,0.88,32.94,111
2014_RED17,2014-07-22,19.4,56,14.9,352,0.3,82.54,10.04,124.1,3.23,16.7,4.69,19.13,112
2014_RED17,2014-07-23,20.8,39,5.5,349,0.2,87.79,13.18,131.55,4.12,21.08,6.86,13.2,113
2014_RED17,2014-07-24,23.0,41,8.7,210,0.0,89.18,16.52,139.39,5.91,25.49,10.45,11.7,114
2014_RED17,2014-07-25,22.3,55,9.8,144,0.0,88.61,18.99,147.11,5.76,28.71,10.92,12.31,115
2014_RED17,2014-07-26,23.4,58,12.2,90,1.6,81.36,20.49,155.03,2.44,30.8,5.27,20.53,116
2014_RED29,2014-08-15,23.2,71,10.5,286,3.9,66.94,22.61,258.89,0.96,37.12,1.98,39.65,136
2014_RED29,2014-08-16,18.1,41,8.9,32,6.2,63.17,15.5,250.84,0.76,26.85,0.84,45.4,137
2014_RED29,2014-08-17,20.7,36,11.1,155,0.0,84.04,18.38,257.57,3.24,31.2,6.96,17.39,138
2014_RED29,2014-08-18,21.1,54,6.4,164,0.3,86.11,20.49,264.37,3.4,34.33,7.71,15.05,139
2014_RED29,2014-08-19,23.2,47,3.5,156,0.0,87.85,23.15,271.55,3.76,38.16,8.98,13.13,140
2014_RED29,2014-08-20,24.5,44,9.9,136,0.0,88.97,26.11,278.96,6.09,42.31,14.12,11.92,141
2014_RED29,2014-08-21,23.1,52,11.2,176,0.0,89.02,28.51,286.13,6.55,45.64,15.55,11.87,142
2014_RED29,2014-08-22,24.0,52,3.3,139,0.4,89.07,30.99,293.45,4.43,49.04,11.92,11.82,143
2014_RED29,2014-08-23,14.8,80,14.3,47,0.1,83.9,31.65,299.12,3.73,50.06,10.49,17.55,144
2014_RED8,2014-06-12,9.8,55,18.1,6,0.0,83.22,35.44,155.91,4.14,45.19,10.75,18.34,72
2014_RED8,2014-06-13,14.0,40,8.6,360,0.0,86.67,37.82,161.83,4.11,47.75,11.03,14.43,73
2014_RED8,2014-06-14,17.0,41,15.1,118,0.6,87.52,40.63,168.3,6.43,50.68,16.21,13.5,74
2014_SLK13,2014-08-10,21.7,68,16.9,258,1.1,77.04,29.46,351.43,2.05,48.72,6.05,25.83,131
2014_SLK13,2014-08-11,14.8,49,8.9,328,0.0,83.55,31.14,357.1,2.71,51.13,8.1,17.96,132
2014_SLK13,2014-08-12,14.9,90,7.9,300,3.1,52.11,24.34,356.57,0.31,41.58,0.46,64.49,133
2014_SLK13,2014-08-13,15.7,44,9.4,342,0.4,75.54,26.28,362.4,1.27,44.49,3.42,27.75,134
2014_SLK13,2014-08-14,20.6,39,11.0,238,0.0,86.48,29.01,369.11,4.51,48.5,12.01,14.64,135
2014_SLK13,2014-08-15,21.0,69,7.7,307,0.0,85.94,30.43,375.9,3.54,50.61,10.11,15.24,136
2015_COC10,2015-06-24,16.0,38,4.5,284,0.0,75.87,20.99,156.95,1.01,31.46,1.78,27.33,84
2015_COC10,2015-06-25,22.2,33,7.6,239,0.0,87.79,25.1,164.35,4.58,36.33,10.31,13.2,85
2015_COC10,2015-06-26,24.0,44,5.9,308,0.3,88.85,28.8,172.08,4.89,40.61,11.6,12.06,86
2015_COC10,2015-06-27,25.2,44,6.2,187,2.7,79.35,27.16,180.02,1.46,39.44,3.64,22.95,87
2015_COC10,2015-06-28,26.2,47,5.9,259,0.0,87.02,30.96,188.14,3.76,43.88,9.77,14.05,88
2015_COC10,2015-06-29,9.8,84,19.0,15,14.5,36.68,13.5,160.75,0.05,22.31,0.04,98.43,89
2015_COC12,2015-06-27,24.6,43,8.0,234,0.0,88.78,17.62,93.15,5.38,23.93,9.34,12.13,87
2015_COC12,2015-06-28,24.0,40,10.5,176,1.4,85.85,21.59,100.87,4.03,28.13,7.96,15.34,88
2015_COC12,2015-06-29,24.2,50,11.0,212,0.0,87.68,24.92,108.63,5.35,31.67,10.85,13.32,89
2015_COC12,2015-06-30,7.6,100,12.8,11,8.0,22.92,13.24,99.77,0.0,19.88,0.0,139.44,90
2015_COC13,2015-06-28,27.0,37,12.5,226,3.1,83.33,28.58,153.22,3.16,38.98,7.83,18.21,88
2015_COC13,2015-06-29,26.4,44,10.2,203,0.1,88.56,32.64,161.38,5.83,43.35,13.82,12.37,89
2015_COC13,2015-06-30,7.0,83,11.3,351,5.7,44.06,20.15,155.97,0.13,30.46,0.15,80.93,90
2015_COC6,2015-06-10,22.1,32,11.3,81,0.0,90.92,42.28,131.81,8.64,46.93,19.37,9.87,70
2015_COC6,2015-06-11,18.1,52,10.0,319,0.0,88.96,44.71,138.48,6.11,49.48,15.41,11.94,71
2015_COC6,2015-06-12,9.0,76,8.5,324,0.0,84.63,45.35,143.5,3.08,50.67,8.98,16.71,72
2015_COC6,2015-06-13,16.6,51,12.5,134,0.0,86.12,47.63,149.89,4.63,53.09,12.9,15.04,73
2015_COC6,2015-06-14,23.9,43,18.0,178,0.0,88.84,51.38,157.6,8.99,56.62,21.97,12.06,74
2015_COC6,2015-06-15,16.9,52,23.6,278,0.8,85.42,53.66,164.04,7.34,59.04,19.39,15.82,75
2015_COC6,2015-06-16,12.6,47,13.7,293,0.0,86.33,55.57,169.72,5.06,61.11,14.97,14.81,76
2015_COC6,2015-06-17,20.5,43,14.8,241,1.0,85.88,58.81,176.81,5.02,64.22,15.3,15.31,77
2015_COC6,2015-06-18,10.1,67,17.4,288,13.4,46.61,28.5,152.94,0.25,38.89,0.35,75.45,78
2015_COC6,2015-06-19,16.3,37,17.3,253,0.9,75.75,31.39,159.28,1.91,42.06,5.12,27.48,79
2015_COC6,2015-06-20,13.8,42,7.4,299,0.0,83.73,33.67,165.17,2.58,44.6,7.09,17.74,80
2015_COC6,2015-06-21,21.1,39,14.8,269,0.0,88.51,37.23,172.37,7.3,48.35,17.39,12.42,81
2015_KEN28,2015-05-22,19.4,39,12.4,202,0.0,88.82,11.66,23.59,6.77,11.56,7.76,12.08,51
2015_KEN28,2015-05-23,23.3,31,8.9,243,0.1,91.05,16.1,30.19,7.8,15.96,10.3,9.73,52
2015_KEN28,2015-05-24,23.6,37,4.3,222,0.0,91.1,20.19,36.84,6.23,20.04,9.6,9.68,53
2015_KEN5,2015-04-14,13.4,25,8.8,282,0.0,90.24,11.14,25.14,6.91,11.09,7.74,10.58,29
2015_KEN5,2015-04-15,16.9,37,26.0,174,0.0,90.29,13.89,29.14,16.55,13.81,17.37,10.53,30
2015_KEN5,2015-04-16,11.7,56,11.5,314,0.0,87.74,15.26,32.2,5.54,15.18,7.46,13.25,31
2015_KEN5,2015-04-17,15.0,37,26.2,286,0.0,88.69,17.72,35.85,13.31,17.61,16.46,12.23,32
2015_KEN5,2015-04-18,11.0,38,17.3,144,0.0,88.74,19.53,38.78,8.56,19.42,12.26,12.17,33
2015_NIP17,2015-06-16,14.8,49,13.7,267,0.0,85.17,15.4,92.06,4.3,21.71,7.26,16.11,76
2015_NIP17,2015-06-17,20.2,46,17.0,234,1.4,83.38,18.42,99.1,3.99,25.16,7.4,18.16,77
2015_NIP17,2015-06-18,10.9,59,17.3,293,14.3,49.67,9.55,78.59,0.38,14.65,0.28,69.22,78
2015_NIP17,2015-06-19,17.3,36,19.0,243,0.1,79.65,12.65,85.11,2.86,18.45,4.4,22.59,79
2015_NIP17,2015-06-20,15.8,43,6.5,289,0.0,85.33,15.19,91.35,3.06,21.46,5.21,15.93,80
2015_NIP17,2015-06-21,20.9,44,14.8,273,0.0,87.99,18.43,98.52,6.77,25.12,11.59,12.99,81
2015_NIP17,2015-06-22,7.6,88,14.2,74,7.8,36.98,10.08,90.4,0.04,15.77,0.03,97.67,82
2015_NIP17,2015-06-23,14.2,70,8.9,284,2.1,51.18,9.41,96.36,0.3,15.13,0.23,66.27,83
2015_NIP17,2015-06-24,16.4,40,7.9,246,0.0,75.99,12.18,102.71,1.21,18.79,1.27,27.18,84
2015_NIP17,2015-06-25,22.7,34,8.2,247,0.0,87.85,16.31,110.2,4.76,23.81,8.38,13.13,85
2015_NIP17,2015-06-26,23.1,51,4.8,13,0.0,87.9,19.43,117.76,4.04,27.52,7.88,13.08,86
2015_NIP17,2015-06-27,25.0,51,13.0,178,0.0,88.03,22.8,125.67,6.22,31.37,12.2,12.94,87
2015_NIP17,2015-06-28,21.8,76,2.6,286,1.1,78.69,24.25,133.0,1.14,33.31,2.29,23.77,88
2015_NIP17,2015-06-29,7.2,83,17.7,20,15.6,33.25,10.75,106.86,0.02,17.18,0.02,107.53,89
2015_NIP17,2015-06-30,13.0,50,3.3,311,0.0,58.82,12.61,112.6,0.45,19.7,0.4,52.48,90
2015_NIP17,2015-07-01,20.3,39,5.8,187,0.0,80.66,15.67,119.96,1.63,23.63,2.75,21.36,91
2015_NIP17,2015-07-02,23.0,39,9.0,233,0.0,88.09,19.13,127.81,5.13,27.84,9.76,12.87,92
2015_NIP17,2015-07-03,16.6,79,16.4,345,0.9,80.28,20.0,134.5,2.68,29.16,5.57,21.82,93
2015_NIP17,2015-07-04,19.5,46,7.9,150,0.0,85.99,22.61,141.71,3.6,32.33,7.84,15.18,94
2015_NIP17,2015-07-05,19.4,85,8.8,279,3.0,59.48,18.05,145.5,0.62,27.55,0.69,51.36,95
2015_NIP17,2015-07-06,11.9,61,23.7,279,3.6,60.62,13.83,146.51,1.4,22.38,2.11,49.49,96
2015_NIP17,2015-07-07,20.1,49,11.4,257,0.1,80.45,16.37,153.83,2.12,25.86,4.02,21.62,97
2015_NIP17,2015-07-08,13.4,100,10.8,356,4.4,32.15,10.51,153.12,0.01,17.94,0.01,110.58,98
2015_NIP17,2015-07-09,20.3,40,11.5,224,0.8,71.7,13.53,160.48,1.18,22.34,1.56,32.88,99
2015_NIP17,2015-07-10,22.9,61,13.6,287,4.0,68.89,10.97,162.32,1.2,18.77,1.23,36.81,100
2015_NIP17,2015-07-11,22.2,44,8.7,132,0.0,84.21,14.04,170.02,2.93,23.27,5.26,17.2,101
2015_NIP17,2015-07-12,22.9,76,8.2,131,2.4,69.3,12.56,177.85,0.92,21.35,0.87,36.23,102
2015_NIP17,2015-07-13,20.1,52,15.2,14,4.7,68.01,9.99,177.17,1.26,17.51,1.26,38.09,103
2015_NIP17,2015-07-14,10.6,63,11.0,341,0.0,76.86,11.0,182.78,1.5,19.13,2.0,26.05,104
2015_NIP17,2015-07-15,16.4,53,2.0,135,0.0,82.4,12.94,189.44,1.66,22.1,2.64,19.3,105
2015_NIP17,2015-07-16,20.7,58,8.1,167,0.3,85.1,15.09,196.87,3.21,25.32,6.07,16.19,106
2015_NIP17,2015-07-17,18.8,71,10.5,63,0.5,85.08,16.44,203.96,3.62,27.37,7.12,16.2,107
2015_NIP17,2015-07-18,20.0,70,18.2,155,0.0,85.13,17.93,211.26,5.37,29.58,10.48,16.15,108
2015_NIP17,2015-07-19,15.3,100,25.0,298,20.9,12.89,7.43,167.36,0.0,13.37,0.0,179.17,109
2015_NIP23,2015-06-16,14.4,55,14.0,270,0.0,85.17,16.37,70.06,4.37,20.67,7.15,16.11,76
2015_NIP23,2015-06-17,20.1,44,19.5,231,0.1,87.89,19.5,77.09,8.46,23.89,13.48,13.1,77
2015_NIP23,2015-06-18,10.7,53,21.3,304,13.2,54.15,10.35,59.94,0.75,14.46,0.56,60.68,78
2015_NIP23,2015-06-19,17.5,35,19.8,243,0.3,81.47,13.54,66.49,3.63,17.94,5.52,20.39,79
2015_NIP23,2015-06-20,16.9,44,6.3,294,0.0,85.99,16.19,72.94,3.32,20.83,5.55,15.19,80
2015_NIP23,2015-06-21,21.2,40,14.5,277,0.0,88.78,19.71,80.16,7.47,24.42,12.37,12.13,81
2015_NIP23,2015-06-22,8.6,81,15.1,72,7.2,44.09,11.29,73.95,0.15,16.34,0.12,80.86,82
2015_NIP23,2015-06-23,16.0,64,10.5,308,1.9,60.11,11.37,80.23,0.7,16.79,0.57,50.32,83
2015_NIP23,2015-06-24,16.4,39,7.0,249,0.1,79.44,14.18,86.59,1.53,20.12,2.17,22.84,84
2015_NIP23,2015-06-25,22.6,32,7.0,258,0.0,88.82,18.42,94.06,5.15,24.73,9.16,12.09,85
2015_NIP23,2015-06-26,24.0,46,4.7,360,0.0,88.87,21.99,101.79,4.62,28.55,9.05,12.04,86
2015_NIP23,2015-06-27,25.2,49,11.5,184,0.2,88.91,25.52,109.73,6.55,32.27,12.9,11.99,87
2015_NIP23,2015-06-28,22.1,73,2.3,288,0.6,85.48,27.17,117.11,2.53,34.39,5.87,15.76,88
2015_NIP23,2015-06-29,7.9,80,17.7,20,11.7,39.2,13.03,100.26,0.07,19.68,0.07,92.16,89
2015_NIP23,2015-06-30,13.0,48,2.4,333,0.0,62.36,14.97,106.01,0.53,22.12,0.51,46.67,90
2015_NIP23,2015-07-01,20.6,38,4.0,190,0.0,81.6,18.12,113.42,1.66,25.9,3.03,20.24,91
2015_NIP23,2015-07-02,23.1,38,9.9,226,0.0,88.53,21.65,121.28,5.72,29.94,11.1,12.4,92
2015_NIP23,2015-07-03,16.7,79,17.7,348,1.5,75.32,22.53,127.99,1.9,31.29,4.11,28.04,93
2015_NIP24,2015-06-30,13.4,50,5.0,21,0.0,55.4,12.6,143.37,0.37,20.66,0.34,58.41,90
2015_NIP24,2015-07-01,20.5,40,3.0,194,0.0,78.07,15.64,150.76,1.1,24.84,1.56,24.53,91
2015_NIP24,2015-07-02,22.5,46,8.8,192,0.3,86.22,18.63,158.52,3.89,28.8,7.83,14.93,92
2015_NIP24,2015-07-03,18.6,81,19.0,345,3.0,64.84,14.92,162.02,1.37,24.25,2.19,42.8,93
2015_NIP24,2015-07-04,21.7,42,6.2,187,3.1,71.32,13.93,165.8,0.89,23.03,0.89,33.4,94
2015_NIP24,2015-07-05,19.6,85,10.0,257,2.3,59.96,12.04,173.03,0.68,20.51,0.62,50.57,95
2015_NIP24,2015-07-06,13.3,54,20.3,293,25.2,49.77,6.5,123.57,0.44,11.49,0.29,69.01,96
2015_NIP30,2015-06-29,8.5,87,18.4,17,12.9,28.88,8.75,135.02,0.01,15.06,0.0,120.11,89
2015_NIP30,2015-06-30,14.2,44,3.9,22,0.0,59.24,11.01,140.98,0.47,18.42,0.41,51.77,90
2015_NIP30,2015-07-01,20.9,40,1.3,304,0.0,78.66,14.11,148.45,1.07,22.8,1.25,23.8,91
2015_NIP31,2015-06-29,7.8,91,20.4,14,16.0,26.64,12.56,132.34,0.0,20.3,0.0,127.08,89
2015_NIP31,2015-06-30,13.0,48,4.9,17,0.0,56.34,14.49,138.08,0.4,22.96,0.4,56.76,90
2015_NIP31,2015-07-01,20.7,36,4.7,176,0.0,80.27,17.77,145.51,1.48,27.22,2.73,21.83,91
2015_NIP31,2015-07-02,22.9,40,8.4,200,0.0,87.78,21.15,153.34,4.76,31.45,9.81,13.21,92
2015_NIP31,2015-07-03,18.2,78,18.8,343,3.1,66.03,16.92,156.57,1.41,26.64,2.52,41.01,93
2015_NIP31,2015-07-04,21.4,41,5.8,176,1.9,76.08,18.17,164.13,1.09,28.46,1.82,27.06,94
2015_NIP31,2015-07-05,19.5,87,9.8,264,3.9,50.63,12.98,165.55,0.29,21.71,0.28,67.32,95
2015_NIP38,2015-07-01,20.3,40,4.7,180,0.0,79.13,15.26,146.7,1.32,24.22,2.08,23.22,91
2015_NIP38,2015-07-02,22.4,45,8.0,198,0.0,86.54,18.29,154.44,3.91,28.22,7.78,14.57,92
2015_NIP38,2015-07-03,18.3,81,18.9,346,2.7,66.37,15.19,161.43,1.44,24.59,2.4,40.49,93
2015_RED10,2015-05-26,24.7,30,8.7,265,0.0,91.9,26.84,47.7,8.71,26.66,14.59,8.85,55
2015_RED10,2015-05-27,14.1,43,11.4,18,0.0,90.07,29.12,52.64,7.69,28.95,13.82,10.75,56
2015_RED10,2015-05-28,14.1,73,12.5,141,0.9,81.5,30.2,57.58,2.52,30.06,5.35,20.36,57
2015_RED10,2015-05-29,5.7,67,19.5,330,2.8,62.71,24.73,58.63,1.27,24.71,2.0,46.13,58
2015_RED11,2015-05-26,24.6,30,8.7,265,0.0,91.83,27.77,48.55,8.63,27.58,14.73,8.92,55
2015_RED11,2015-05-27,14.3,45,11.6,22,0.0,89.8,30.0,53.52,7.48,29.82,13.73,11.04,56
2015_RED11,2015-05-28,13.8,78,11.8,142,1.4,75.53,30.86,58.41,1.43,30.71,2.9,27.76,57
2015_RED11,2015-05-29,6.0,65,19.8,331,2.5,63.53,26.35,61.9,1.34,26.32,2.31,44.84,58
2015_RED16,2015-06-15,12.9,40,20.0,321,0.0,83.8,17.74,137.98,4.91,26.85,9.21,17.67,75
2015_RED16,2015-06-16,19.9,33,24.1,250,0.0,89.51,21.44,144.96,13.47,31.31,21.8,11.35,76
2015_RED16,2015-06-17,19.4,57,13.0,312,0.1,88.04,23.76,151.86,6.23,34.16,12.79,12.93,77
2015_RED16,2015-06-18,13.6,39,16.3,295,5.1,67.81,17.29,149.27,1.33,26.81,2.31,38.37,78
2015_RED16,2015-06-19,19.2,36,17.4,264,0.0,85.34,20.71,156.13,5.31,31.1,10.68,15.91,79
2015_RED16,2015-06-20,20.8,38,7.6,295,0.0,88.73,24.28,163.28,5.24,35.4,11.36,12.18,80
2015_RED16,2015-06-21,22.3,35,10.1,264,0.0,90.21,28.29,170.7,7.35,40.0,15.81,10.61,81
2015_RED16,2015-06-22,17.9,65,9.5,11,2.4,72.29,25.56,177.33,1.09,37.58,2.43,32.07,82
2015_RED16,2015-06-23,18.5,59,7.8,347,1.0,77.74,27.68,184.06,1.37,40.23,3.43,24.95,83
2015_RED16,2015-06-24,19.6,41,3.8,311,1.4,79.77,30.9,190.99,1.34,44.0,3.63,22.44,84
2015_RED16,2015-06-25,24.8,31,7.3,261,0.0,89.69,35.6,198.86,5.93,49.19,15.0,11.15,85
2015_RED16,2015-06-26,26.3,41,5.8,266,0.0,90.0,39.86,207.0,5.74,53.81,15.37,10.83,86
2015_RED16,2015-06-27,18.4,92,13.8,219,6.8,40.26,23.51,199.52,0.07,36.32,0.1,89.62,87
2015_RED16,2015-06-28,24.6,59,7.3,327,4.3,60.39,18.53,199.97,0.61,30.09,0.72,49.86,88
2015_RED16,2015-06-29,17.1,59,11.8,23,6.7,55.65,12.34,192.76,0.54,21.27,0.5,57.98,89
2015_RED17,2015-06-16,20.2,32,24.9,248,0.0,89.5,20.7,136.59,13.99,30.02,21.96,11.36,76
2015_RED17,2015-06-17,20.9,48,14.4,267,0.5,89.45,23.71,143.76,8.19,33.57,15.66,11.41,77
2015_RED17,2015-06-18,13.7,39,15.5,295,8.6,62.71,14.66,133.41,1.04,23.0,1.18,46.12,78
2015_RED24,2015-06-24,21.6,46,8.0,275,0.9,80.07,14.33,129.07,1.72,22.44,2.8,22.07,84
2015_RED24,2015-06-25,25.1,32,4.7,293,0.0,89.39,19.02,137.0,4.98,28.24,9.59,11.48,85
2015_RED24,2015-06-26,26.6,38,6.7,254,0.0,90.47,23.54,145.19,6.43,33.5,12.97,10.33,86
2015_RED24,2015-06-27,21.8,75,14.4,202,3.2,68.61,19.17,148.61,1.24,28.99,2.25,37.21,87
2015_RED24,2015-06-28,24.1,61,7.7,349,8.1,59.83,12.68,141.09,0.6,20.71,0.55,50.78,88
2015_RED25,2015-06-23,16.9,82,13.5,299,3.4,46.51,11.16,131.5,0.2,18.41,0.18,75.66,83
2015_RED25,2015-06-24,21.7,52,5.1,274,0.1,73.41,14.04,138.81,0.92,22.42,0.89,30.56,84
2015_RED25,2015-06-25,24.5,36,4.8,297,0.0,87.01,18.36,146.62,3.56,27.96,7.1,14.06,85
2015_RED25,2015-06-26,25.8,41,7.6,245,0.0,89.47,22.53,154.67,5.83,33.04,11.91,11.39,86
2015_RED25,2015-06-27,20.6,78,13.7,194,3.9,62.97,16.89,156.12,0.96,26.58,1.24,45.71,87
2015_RED25,2015-06-28,23.0,71,7.2,342,5.6,55.18,11.81,153.96,0.41,19.82,0.37,58.81,88
2015_RED25,2015-06-29,20.2,68,14.3,18,2.0,67.17,11.8,161.0,1.17,19.94,1.29,39.31,89
2015_RED25,2015-06-30,19.1,52,1.5,76,0.0,78.92,14.35,167.84,1.1,23.65,1.45,23.48,90
2015_RED25,2015-07-01,22.6,59,7.0,258,0.0,84.24,16.63,175.61,2.71,26.9,5.34,17.16,91
2015_RED25,2015-07-02,20.9,80,10.3,245,8.9,48.72,9.49,164.82,0.23,16.58,0.19,71.12,92
2015_RED25,2015-07-03,22.6,50,10.9,352,4.1,66.58,8.53,166.31,0.97,15.12,0.74,40.18,93
2015_RED25,2015-07-04,26.3,49,19.5,196,0.0,85.54,11.81,174.74,6.06,20.2,9.42,15.69,94
2015_RED25,2015-07-05,19.0,76,5.3,28,10.0,45.05,6.81,161.0,0.11,12.31,0.07,78.78,95
2015_RED25,2015-07-06,13.6,53,15.6,331,0.9,68.76,8.43,167.15,1.32,14.97,1.03,37.0,96
2015_RED25,2015-07-07,20.3,42,14.2,234,0.0,84.54,11.34,174.51,4.05,19.52,6.45,16.82,97
2015_RED25,2015-07-08,17.3,81,9.0,275,4.7,52.65,7.57,173.4,0.35,13.66,0.25,63.47,98
2015_RED25,2015-07-09,21.7,47,17.0,216,9.8,64.87,6.26,160.69,1.24,11.41,0.8,42.76,99
2015_RED25,2015-07-10,27.4,50,14.4,238,0.0,84.97,9.61,169.32,4.34,16.83,6.31,16.33,100
2015_RED25,2015-07-11,28.4,45,14.2,187,0.0,89.13,13.42,178.14,7.74,22.58,12.21,11.76,101
2015_RED25,2015-07-12,25.8,64,11.2,174,0.3,87.71,15.69,186.49,5.43,25.93,9.83,13.29,102
2015_RED25,2015-07-13,24.8,70,7.1,45,1.4,79.22,17.52,194.66,1.5,28.6,2.9,23.12,103
2015_RED44,2015-06-30,19.2,52,0.4,360,0.0,79.27,17.07,171.23,1.08,27.33,1.69,23.04,90
2015_RED44,2015-07-01,21.3,76,6.3,246,2.4,66.14,15.16,178.77,0.76,25.02,0.79,40.84,91
2015_RED44,2015-07-02,20.2,88,11.4,252,11.7,34.76,7.74,160.94,0.02,13.81,0.01,103.46,92
2015_RED44,2015-07-03,22.2,52,9.7,356,2.7,64.26,7.98,168.64,0.83,14.27,0.62,43.7,93
2015_RED44,2015-07-04,26.6,48,19.6,200,0.0,85.49,11.36,177.13,6.05,19.58,9.25,15.75,94
2015_RED44,2015-07-05,18.5,85,2.2,351,13.4,31.81,5.81,155.06,0.01,10.62,0.0,111.54,95
2015_RED44,2015-07-06,13.3,55,15.7,328,0.3,63.32,7.33,161.15,1.08,13.16,0.76,45.16,96
2015_RED44,2015-07-07,20.9,41,15.6,232,0.0,83.84,10.38,168.62,3.95,17.99,6.01,17.62,97
2015_RED44,2015-07-08,16.2,89,5.6,345,5.6,40.74,6.19,165.23,0.05,11.31,0.03,88.5,98
2015_RED44,2015-07-09,22.0,47,17.4,214,0.3,77.3,9.06,172.89,2.14,16.02,2.85,25.5,99
2015_RED44,2015-07-10,28.0,50,10.1,243,0.0,86.91,12.48,181.64,4.58,21.3,7.6,14.17,100
2015_RED44,2015-07-11,29.2,43,13.0,194,0.1,89.82,16.54,190.6,8.04,27.18,13.85,11.02,101
2015_RED44,2015-07-12,27.1,58,9.7,165,0.0,88.91,19.32,199.18,5.97,31.09,11.75,12.0,102
2015_RED44,2015-07-13,21.5,85,10.8,30,8.4,46.38,10.85,188.7,0.17,18.97,0.15,75.93,103
2015_RED44,2015-07-14,21.3,40,8.7,95,2.8,69.61,11.0,196.24,0.96,19.3,0.85,35.79,104
2015_RED44,2015-07-15,18.1,87,15.0,138,10.0,38.2,5.83,181.21,0.05,10.8,0.03,94.61,105
2015_RED46,2015-06-29,20.4,65,13.2,22,1.3,72.91,14.75,149.1,1.35,23.65,2.1,31.23,89
2015_RED46,2015-06-30,19.5,53,1.4,360,0.0,81.3,17.3,156.01,1.41,27.09,2.54,20.59,90
2015_RED46,2015-07-01,22.5,68,6.6,248,1.4,77.02,19.08,163.77,1.22,29.55,2.24,25.85,91
2015_RED46,2015-07-02,20.1,87,10.3,258,13.2,36.44,9.36,143.36,0.03,16.09,0.02,99.05,92
2015_RED46,2015-07-03,23.0,50,9.4,356,1.8,68.77,10.98,151.21,0.97,18.58,0.84,36.99,93
2015_RED46,2015-07-04,27.0,48,19.3,201,0.0,86.3,14.41,159.77,6.68,23.52,11.08,14.84,94
2015_RED46,2015-07-05,18.3,83,2.9,353,18.0,32.22,6.98,128.53,0.01,12.29,0.0,110.38,95
2015_RED46,2015-07-06,13.5,54,14.7,329,0.4,63.66,8.55,134.67,1.04,14.76,0.79,44.63,96
2015_RED46,2015-07-07,21.2,41,15.4,233,0.0,84.03,11.64,142.19,4.01,19.33,6.36,17.41,97
2015_RED46,2015-07-08,16.1,86,4.7,356,6.6,40.05,6.8,137.14,0.04,12.1,0.03,90.12,98
2015_RED46,2015-07-09,22.5,46,18.0,213,0.0,77.88,9.79,144.9,2.31,16.76,3.24,24.77,99
2015_RED46,2015-07-10,28.3,50,9.5,241,0.0,87.04,13.25,153.69,4.53,21.8,7.62,14.02,100
2015_RED46,2015-07-11,29.5,42,12.9,193,0.2,90.06,17.41,162.71,8.28,27.48,14.24,10.77,101
2015_RED46,2015-07-12,27.3,58,9.6,167,0.1,88.97,20.22,171.33,6.0,31.22,11.81,11.93,102
2015_RED46,2015-07-13,21.9,80,10.6,28,6.7,53.7,12.46,166.21,0.42,20.98,0.39,61.5,103
2015_RED50,2015-07-09,21.8,45,16.1,220,11.1,65.77,6.47,148.86,1.22,11.67,0.8,41.39,99
2015_RED50,2015-07-10,27.7,47,15.0,243,0.0,85.92,10.05,157.55,5.1,17.34,7.45,15.27,100
2015_RED50,2015-07-11,28.0,45,13.8,195,0.0,89.16,13.81,166.3,7.62,22.88,12.14,11.72,101
2015_RED50,2015-07-12,25.2,66,10.7,168,0.0,87.33,15.91,174.54,5.02,25.92,9.19,13.7,102
2015_RED50,2015-07-13,26.0,62,6.9,39,4.1,70.14,12.87,176.48,0.89,21.77,0.85,35.04,103
2015_RED50,2015-07-14,21.7,40,8.6,90,5.0,69.81,10.86,175.37,0.96,18.81,0.84,35.5,104
2015_RED50,2015-07-15,20.0,86,15.6,142,9.5,41.72,5.93,162.98,0.1,10.86,0.07,86.22,105
2015_RED58,2015-07-13,21.8,49,16.1,24,1.3,78.35,12.19,226.53,2.18,21.48,3.64,24.19,103
2015_RED58,2015-07-14,16.7,50,7.7,41,0.0,84.18,14.28,233.24,2.78,24.76,5.19,17.23,104
2015_RED58,2015-07-15,21.2,51,9.5,143,0.0,86.66,16.84,240.76,4.29,28.67,8.51,14.44,105
2015_RED58,2015-07-16,23.8,52,7.0,201,0.0,87.45,19.65,248.75,4.23,32.82,9.1,13.57,106
2015_RED59,2015-07-22,20.9,37,0.4,90,0.0,89.14,27.28,295.7,3.86,44.33,10.05,11.75,112
2015_RED59,2015-07-23,25.1,49,15.5,158,0.0,89.18,30.42,303.92,8.33,48.66,19.23,11.7,113
2015_RED59,2015-07-24,18.5,100,7.3,279,36.6,10.97,9.87,204.09,0.0,17.62,0.0,188.04,114
2015_RED59,2015-07-25,22.6,50,16.4,296,0.3,64.37,12.66,211.86,1.17,22.02,1.51,43.53,115
2015_RED59,2015-07-26,24.9,43,7.0,159,0.0,84.05,16.14,220.05,2.64,27.27,5.25,17.38,116
2015_RED59,2015-07-27,26.7,46,17.0,266,0.3,88.57,19.66,228.56,8.23,32.36,15.42,12.36,117
2015_RED59,2015-07-28,27.0,51,16.4,109,0.0,88.62,22.9,237.12,8.04,36.89,16.21,12.3,118
2015_RED59,2015-07-29,19.4,77,3.3,264,15.9,39.15,10.93,203.95,0.03,19.27,0.03,92.29,119
2015_RED7,2015-05-26,24.5,32,8.0,260,0.0,91.68,27.77,48.56,8.15,27.58,14.1,9.07,55
2015_RED7,2015-05-27,14.6,44,11.3,17,0.0,89.91,30.08,53.6,7.48,29.9,13.76,10.92,56
2015_RED7,2015-05-28,13.1,82,11.9,125,2.3,65.71,26.43,58.36,0.99,26.36,1.32,41.49,57
2015_RED7,2015-05-29,6.0,66,19.2,330,2.6,59.32,22.2,61.84,1.03,23.4,1.19,51.64,58
2015_SLK19,2015-06-15,9.3,56,21.9,297,0.0,86.75,20.06,70.86,8.12,23.49,12.94,14.34,75
2015_SLK19,2015-06-16,17.9,47,16.5,247,0.5,87.4,22.71,77.48,6.78,26.21,11.87,13.63,76
2015_SLK19,2015-06-17,19.3,51,17.2,290,0.7,86.12,25.34,84.36,5.86,28.94,11.12,15.05,77
2015_SLK21,2015-06-26,25.6,41,5.0,300,0.0,89.5,29.67,156.68,5.14,40.27,12.0,11.36,86
2015_SLK21,2015-06-27,26.7,41,15.1,205,1.9,85.79,31.34,164.89,5.03,42.49,12.17,15.41,87
2015_SLK21,2015-06-28,23.1,62,6.9,354,3.0,71.37,26.89,168.84,0.93,38.46,1.94,33.33,88
2015_SLK21,2015-06-29,14.3,64,16.1,20,1.5,72.85,27.72,174.82,1.56,39.7,3.95,31.3,89
2015_SLK21,2015-06-30,17.5,36,0.4,90,0.0,82.92,30.85,181.37,1.63,43.29,4.43,18.69,90
2015_SLK21,2015-07-01,21.5,47,4.8,297,0.0,86.77,33.66,188.95,3.44,46.58,9.38,14.32,91
2015_SLK21,2015-07-02,17.6,93,12.3,230,9.2,33.21,16.99,176.21,0.01,27.39,0.02,107.64,92
2015_SLK21,2015-07-03,19.0,54,15.3,351,7.8,55.51,11.17,167.73,0.63,19.15,0.56,58.23,93
2015_SLK30,2015-06-27,26.2,43,10.5,211,1.6,85.45,25.5,157.76,3.81,36.32,8.82,15.79,87
2015_SLK30,2015-06-28,22.6,69,2.6,286,2.7,67.04,22.42,165.23,0.65,33.48,0.82,39.51,88
2015_SLK30,2015-06-29,9.9,83,17.2,20,3.6,49.35,16.51,165.34,0.36,26.43,0.39,69.84,89
2015_SLK30,2015-06-30,15.7,39,2.5,45,0.0,72.25,19.21,171.57,0.77,30.02,0.91,32.12,90
2015_SLK30,2015-07-01,21.4,41,2.6,326,0.0,84.16,22.33,179.13,2.14,34.05,4.95,17.25,91
2015_SLK30,2015-07-02,22.4,49,11.3,197,0.0,87.19,25.14,186.86,5.07,37.63,11.43,13.85,92
2015_SLK30,2015-07-03,16.4,79,18.0,360,12.2,47.16,12.41,166.63,0.28,20.93,0.26,74.3,93
2015_SLK32,2015-06-27,26.0,47,14.0,206,1.6,85.24,36.45,184.72,4.41,48.82,11.85,16.02,87
2015_SLK32,2015-06-28,24.5,55,7.6,335,3.4,73.47,30.41,187.72,1.04,43.29,2.61,30.48,88
2015_SLK32,2015-06-29,15.5,53,10.8,21,2.8,68.35,26.37,193.91,1.02,39.36,2.32,37.59,89
2015_SLK41,2015-06-30,17.4,35,2.2,180,0.0,83.57,26.99,152.21,1.94,37.4,4.78,17.94,90
2015_SLK41,2015-07-01,21.9,40,4.6,321,0.0,88.06,30.24,159.86,4.09,41.06,10.08,12.91,91
2015_SLK41,2015-07-02,21.2,65,7.9,223,1.7,77.35,30.34,167.38,1.33,41.76,3.43,25.44,92
2015_SLK53,2015-07-11,24.2,79,7.0,168,4.2,59.42,11.41,195.43,0.56,19.91,0.51,51.46,101
2015_SLK53,2015-07-12,29.5,44,6.3,193,1.1,82.76,15.43,204.44,2.15,25.96,4.1,18.88,102
2015_SLK53,2015-07-13,22.9,55,16.6,27,2.7,77.26,14.41,212.27,2.05,24.64,3.74,25.55,103
2015_SLK53,2015-07-14,17.8,44,7.8,34,0.0,85.02,16.9,219.18,3.13,28.33,6.36,16.27,104
2015_SLK53,2015-07-15,23.2,38,10.4,166,0.0,89.21,20.43,227.06,6.46,33.36,13.0,11.67,105
2015_SLK53,2015-07-16,22.7,59,5.5,247,0.0,88.15,22.73,234.85,4.34,36.6,9.9,12.81,106
2015_SLK53,2015-07-17,24.9,45,7.8,22,2.0,82.1,23.52,243.03,2.14,37.88,5.32,19.65,107
2015_SLK55,2015-07-12,25.4,59,5.5,148,0.2,85.96,20.38,227.59,3.18,33.3,7.13,15.22,102
2015_SLK55,2015-07-13,19.1,43,16.6,13,1.8,81.75,21.36,234.73,3.19,34.81,7.36,20.06,103
2015_SLK55,2015-07-14,13.0,57,6.8,3,0.0,83.78,22.79,240.78,2.52,36.86,6.12,17.69,104
2015_SLK55,2015-07-15,19.9,43,9.2,141,0.0,87.49,25.6,248.06,4.76,40.7,11.35,13.53,105
2015_SLK55,2015-07-16,24.3,46,7.2,186,0.2,88.55,28.82,256.14,5.01,44.99,12.51,12.38,106
2015_SLK55,2015-07-17,25.2,43,5.2,155,0.0,89.32,32.34,264.38,5.05,49.53,13.3,11.55,107
2015_SLK55,2015-07-18,18.8,100,9.5,189,11.3,18.78,14.83,241.69,0.0,25.72,0.0,154.62,108
2015_SLK55,2015-07-19,16.0,70,12.9,288,0.4,50.74,16.04,248.27,0.34,27.62,0.38,67.11,109
2015_SLK55,2015-07-20,17.9,46,23.2,327,0.0,78.9,18.45,255.2,3.28,31.25,7.06,23.51,110
2015_SLK55,2015-07-21,17.5,37,19.3,323,0.0,87.21,21.2,262.05,7.6,35.27,15.19,13.83,111
2015_SLK55,2015-07-22,20.2,37,4.6,321,0.0,89.14,24.35,269.39,4.78,39.72,11.24,11.75,112
2015_SLK55,2015-07-23,24.3,44,14.6,142,0.0,89.19,27.69,277.47,7.96,44.32,17.72,11.69,113
2015_SLK57,2015-07-13,22.7,49,15.6,23,0.7,86.25,21.64,248.59,5.51,35.55,11.85,14.89,103
2015_SLK57,2015-07-14,16.8,48,6.9,28,0.0,86.94,23.83,255.32,3.91,38.64,9.37,14.13,104
2015_SLK57,2015-07-15,21.6,47,9.9,136,0.0,87.92,26.65,262.91,5.24,42.53,12.58,13.06,105
2015_SLK57,2015-07-16,22.8,57,6.0,205,0.0,87.97,29.07,270.72,4.34,45.83,11.27,13.0,106
2015_SLK57,2015-07-17,25.2,42,6.0,57,0.0,89.37,32.65,278.96,5.3,50.52,13.95,11.5,107
2015_SLK57,2015-07-18,18.5,96,6.1,208,11.0,25.49,15.3,256.06,0.0,26.62,0.0,130.78,108
2015_SUD38,2015-07-22,18.8,44,19.7,310,0.0,88.95,50.95,279.05,9.95,69.97,26.28,11.95,112
2015_SUD38,2015-07-23,22.6,32,19.1,317,0.0,90.88,54.74,286.82,12.73,74.11,31.98,9.91,113
2015_SUD38,2015-07-24,26.6,30,4.0,270,0.0,92.03,59.29,295.31,7.0,78.95,21.87,8.71,114
2015_SUD38,2015-07-25,19.5,89,10.0,257,8.9,40.01,32.21,278.1,0.06,49.96,0.1,90.22,115
2015_SUD38,2015-07-26,27.1,42,12.3,273,0.0,80.94,36.05,286.68,2.34,54.86,7.42,21.03,116
2015_SUD38,2015-07-27,27.9,37,6.4,344,0.0,89.53,40.34,295.4,5.53,60.15,15.88,11.33,117
2015_SUD38,2015-07-28,30.9,37,6.0,287,0.0,91.35,45.08,304.67,7.03,65.81,19.92,9.42,118
2015_SUD38,2015-07-29,29.2,41,24.8,208,0.0,91.4,49.28,313.63,18.27,70.76,39.66,9.37,119
2015_SUD38,2015-07-30,22.5,51,22.4,265,0.2,89.51,51.99,321.38,12.36,74.04,31.34,11.35,120
2015_SUD38,2015-07-31,23.6,44,16.7,263,0.0,89.56,55.24,329.34,9.34,77.84,26.56,11.3,121
2015_SUD38,2015-08-01,21.8,50,9.0,270,6.9,66.92,34.74,316.76,0.89,54.53,2.63,39.68,122
2015_SUD38,2015-08-02,18.8,83,13.8,213,6.2,46.72,21.14,306.65,0.21,36.07,0.29,75.21,123
2016_APK20,2016-08-09,28.9,26,12.7,195,0.0,93.38,54.89,343.81,13.12,78.46,33.55,7.34,130
2016_APK20,2016-08-10,31.8,32,12.2,251,0.0,93.43,59.51,352.54,12.88,83.69,34.21,7.29,131
2016_APK20,2016-08-11,30.4,43,4.4,235,0.0,92.23,63.21,361.02,7.35,87.93,23.93,8.51,132
2016_HEA5,2016-05-24,14.8,81,12.5,18,2.5,65.86,37.8,112.99,1.02,41.17,2.42,41.26,53
2016_HEA5,2016-05-25,15.8,38,8.8,99,1.5,76.05,40.56,118.24,1.27,43.67,3.37,27.1,54
2016_HEA5,2016-05-26,13.0,73,12.0,97,1.3,72.36,41.56,122.99,1.24,45.06,3.37,31.97,55
2016_KEN18,2016-05-05,24.8,39,11.8,247,0.1,90.13,31.27,60.76,7.91,31.13,14.67,10.69,34
2016_KEN18,2016-05-06,17.7,47,23.0,325,0.0,89.3,33.89,66.35,12.35,33.76,21.26,11.58,35
2016_KEN18,2016-05-07,14.2,29,22.7,313,0.2,90.17,36.75,71.31,13.79,36.61,23.91,10.65,36
2016_KEN18,2016-05-08,16.5,36,11.5,136,0.0,90.22,39.72,76.69,7.9,39.57,16.6,10.6,37
2016_KEN18,2016-05-09,19.8,36,13.8,141,0.0,90.27,43.24,82.66,8.93,43.08,19.0,10.55,38
2016_KEN18,2016-05-10,16.3,40,20.7,129,0.0,90.13,45.99,87.99,12.39,45.82,24.76,10.7,39
2016_KEN18,2016-05-11,9.8,95,10.1,153,3.8,44.49,33.65,87.57,0.13,34.33,0.16,79.99,40
2016_NIP12,2016-05-24,15.7,64,11.2,50,0.1,87.15,42.49,118.79,5.01,44.86,12.5,13.91,53
2016_NIP12,2016-05-25,17.4,44,8.0,95,0.0,87.79,45.22,124.33,4.68,47.37,12.2,13.2,54
2016_NIP12,2016-05-26,11.1,94,11.2,94,5.3,38.02,29.33,120.41,0.04,36.46,0.06,95.06,55
2016_NIP15,2016-05-22,22.4,40,16.8,208,0.0,87.1,22.0,64.84,6.59,23.81,11.03,13.96,51
2016_NIP15,2016-05-23,21.8,46,17.8,201,0.5,88.18,25.25,71.17,8.1,26.76,13.81,12.78,52
2016_NIP15,2016-05-24,9.1,56,10.5,52,0.7,84.07,26.43,75.21,3.15,28.14,6.37,17.36,53
2016_NIP23,2016-07-08,18.6,58,14.0,67,0.3,83.85,18.48,170.04,3.65,29.06,7.44,17.61,98
2016_NIP23,2016-07-09,20.9,43,8.0,5,0.0,87.65,21.42,177.51,4.58,32.92,9.75,13.35,99
2016_NIP23,2016-07-10,23.8,37,13.2,169,0.0,89.98,25.11,185.5,8.31,37.52,16.78,10.85,100
2016_NIP23,2016-07-11,24.5,51,16.6,150,0.0,89.59,28.05,193.61,9.33,41.19,19.17,11.26,101
2016_NIP23,2016-07-12,17.9,92,10.7,140,0.6,80.3,28.41,200.54,2.01,41.96,5.38,21.79,102
2016_NOR32,2016-08-01,26.0,38,3.2,63,0.0,90.48,31.07,296.29,5.4,49.24,13.96,10.32,122
2016_NOR32,2016-08-02,29.0,32,5.1,184,0.0,92.02,35.3,304.52,7.39,54.73,18.73,8.72,123
2016_NOR32,2016-08-03,26.8,53,13.8,221,0.0,89.89,38.01,312.35,8.46,58.28,21.35,10.95,124
2016_NOR32,2016-08-04,29.1,43,14.5,235,0.1,90.13,41.56,320.59,9.07,62.77,23.32,10.69,125
2016_RED3,2016-05-04,10.3,42,2.3,288,0.0,88.37,29.67,53.73,3.81,29.5,7.79,12.58,33
2016_RED3,2016-05-05,24.1,38,9.4,238,0.0,89.94,33.79,60.48,6.82,33.6,13.61,10.9,34
2016_RED3,2016-05-06,16.2,43,20.6,327,0.0,89.63,36.38,65.8,11.48,36.2,20.87,11.23,35
2016_RED3,2016-05-07,13.4,27,22.7,316,0.0,90.47,39.17,70.61,14.39,38.98,25.4,10.34,36
2016_RED3,2016-05-08,16.1,35,9.7,132,0.0,90.52,42.11,75.91,7.53,41.92,16.5,10.28,37
2016_RED3,2016-05-09,21.9,33,13.6,163,0.0,90.8,46.17,82.26,9.54,45.96,20.61,9.99,38
2016_RED3,2016-05-10,18.3,35,17.3,138,0.0,90.85,49.49,87.96,11.58,49.27,24.48,9.93,39
2016_RED3,2016-05-11,13.2,76,14.1,174,2.8,65.27,41.01,92.74,1.08,40.95,2.61,42.15,40
2016_RED3,2016-05-12,7.7,90,26.7,305,10.0,30.34,20.85,79.45,0.01,25.18,0.02,115.77,41
2016_RED3,2016-05-13,2.2,51,22.8,344,4.2,43.07,14.39,76.96,0.19,19.61,0.17,83.14,42
2016_RED3,2016-05-14,2.8,40,18.9,320,0.6,65.18,15.01,79.87,1.38,20.42,1.86,42.28,43
2016_RED3,2016-05-15,6.3,79,8.2,322,4.4,42.31,9.94,77.72,0.08,15.07,0.06,84.85,44
2016_RED3,2016-05-16,10.6,40,7.6,357,2.1,59.25,9.93,82.04,0.57,15.24,0.44,51.76,45
2016_RED3,2016-05-17,17.7,31,7.6,245,0.0,81.6,13.34,87.63,1.99,19.33,3.01,20.24,46
2016_RED3,2016-05-18,20.1,30,14.6,190,0.0,89.44,17.25,93.65,8.26,23.62,13.16,11.42,47
2016_RED3,2016-05-19,21.4,33,15.9,175,0.0,90.56,21.22,99.9,10.36,27.72,16.96,10.24,48
2016_RED3,2016-05-20,23.4,36,5.7,235,0.0,90.61,25.34,106.52,6.24,31.78,12.31,10.18,49
2016_RED3,2016-05-21,24.9,31,6.4,207,0.0,91.58,30.07,113.41,7.41,36.16,15.09,9.18,50
2016_RED3,2016-05-22,24.0,37,24.3,186,0.0,91.63,34.23,120.13,18.4,39.98,30.41,9.13,51
2016_RED3,2016-05-23,22.5,67,14.0,244,3.9,70.0,26.31,121.39,1.27,34.13,2.72,35.24,52
2016_RED3,2016-05-24,23.8,37,6.1,140,0.0,85.99,30.44,128.08,3.29,38.19,8.0,15.18,53
2016_RED3,2016-05-25,21.6,52,13.4,98,5.4,70.0,21.74,125.75,1.23,30.36,2.33,35.23,54
2016_SLK23,2016-07-20,27.4,60,17.9,220,0.2,86.29,17.0,237.42,6.22,28.84,11.65,14.85,110
2016_SLK23,2016-07-21,26.9,47,17.2,281,0.0,88.73,20.49,245.97,8.5,33.91,16.19,12.18,111
2016_SLK23,2016-07-22,22.9,65,13.0,272,5.0,67.53,14.8,243.44,1.11,25.7,1.66,38.78,112
2016_SLK29,2016-07-20,28.2,58,20.0,219,0.0,87.13,18.08,186.74,7.79,29.11,14.0,13.92,110
2016_SLK29,2016-07-21,27.3,45,17.7,276,1.3,86.95,21.75,195.36,6.75,34.03,13.6,14.13,111
2016_SLK29,2016-07-22,23.4,53,18.3,286,1.8,82.15,22.67,203.27,3.65,35.46,8.38,19.59,112
2016_SLK6,2016-05-21,12.8,40,4.3,90,3.6,66.44,17.33,80.28,0.69,22.51,0.68,40.39,50
2016_SLK6,2016-05-22,24.1,31,23.8,231,0.0,88.58,21.91,87.02,11.6,26.89,18.17,12.35,51
2016_SLK6,2016-05-23,17.8,78,15.0,201,3.7,62.11,16.56,88.24,0.98,22.55,0.96,47.07,52
2016_SUD35,2016-06-20,21.1,76,24.6,219,1.6,78.69,46.62,246.14,3.46,63.28,11.31,23.77,80
2016_SUD35,2016-06-21,19.6,32,14.8,284,8.0,70.42,29.53,233.98,1.34,44.9,3.66,34.65,81
2016_SUD35,2016-06-22,16.8,47,9.2,296,0.1,82.24,32.03,240.41,2.33,48.06,6.78,19.49,82
2016_THU19,2016-05-22,24.1,28,15.8,221,0.0,92.14,44.15,130.51,12.89,47.84,25.99,8.6,51
2016_THU19,2016-05-23,23.8,42,25.8,199,0.0,91.15,47.96,137.19,18.54,51.18,34.35,9.62,52
2016_THU19,2016-05-24,20.1,63,11.5,88,0.0,87.59,50.02,143.22,5.42,53.41,14.65,13.42,53
2017_COC10,2017-07-06,12.5,74,29.5,321,0.9,77.74,31.33,215.15,4.08,45.94,10.73,24.95,96
2017_COC10,2017-07-07,19.3,48,14.4,274,0.0,85.37,33.82,222.33,4.58,49.0,12.24,15.88,97
2017_COC10,2017-07-08,9.6,52,27.2,7,4.8,64.09,23.23,218.55,2.0,36.7,4.86,43.97,98
2017_COC10,2017-07-09,15.4,62,24.0,240,0.0,78.58,24.7,225.03,3.32,38.76,8.14,23.9,99
2017_COC10,2017-07-10,10.8,52,33.1,314,6.7,61.97,15.36,216.12,2.43,26.08,4.69,47.29,100
2017_COC10,2017-07-11,9.2,71,37.2,317,0.0,74.62,16.06,221.48,4.89,27.19,9.24,28.95,101
2017_COC10,2017-07-12,16.9,45,16.9,259,0.0,84.58,18.38,228.22,4.66,30.6,9.49,16.78,102
2017_COC10,2017-07-13,22.4,37,23.1,256,0.0,89.42,21.86,235.96,12.64,35.5,22.15,11.45,103
2017_COC10,2017-07-14,24.3,44,33.4,248,0.0,89.47,25.2,244.04,21.38,40.06,33.66,11.39,104
2017_COC10,2017-07-15,15.3,49,16.5,316,4.0,69.93,19.41,243.14,1.43,32.36,3.04,35.34,105
2017_COC10,2017-07-16,23.1,42,25.9,238,0.0,86.69,22.71,251.0,9.84,37.04,18.89,14.41,106
2017_COC10,2017-07-17,24.4,46,40.6,209,0.0,88.64,25.94,259.09,27.29,41.5,40.13,12.28,107
2017_COC10,2017-07-18,11.6,60,15.2,306,0.1,86.67,27.14,264.89,5.73,43.21,13.61,14.43,108
2017_COC10,2017-07-19,18.3,49,25.8,229,0.3,87.18,29.46,271.88,10.51,46.36,22.18,13.86,109
2017_COC10,2017-07-20,14.2,66,30.4,311,7.1,60.97,17.57,260.58,2.01,30.08,4.23,48.92,110
2017_COC10,2017-07-21,12.7,46,27.8,313,1.6,74.46,18.44,266.57,3.02,31.44,6.56,29.17,111
2017_COC10,2017-07-22,14.2,52,9.7,338,0.0,82.11,20.16,272.83,2.36,34.03,5.44,19.63,112
2017_COC10,2017-07-23,17.1,49,4.5,194,0.0,85.43,22.34,279.61,2.81,37.24,6.82,15.81,113
2017_COC10,2017-07-24,24.1,43,21.7,195,0.0,88.83,25.71,287.65,10.81,42.03,21.54,12.08,114
2017_COC10,2017-07-25,24.3,57,28.3,211,0.1,88.5,28.28,295.73,14.38,45.65,27.4,12.44,115
2017_COC10,2017-07-26,20.1,73,18.9,291,1.6,77.5,28.46,303.05,2.35,46.1,6.63,25.24,116
2017_COC10,2017-07-27,19.2,55,18.5,297,3.3,72.21,23.5,304.09,1.71,39.39,4.35,32.18,117
2017_COC10,2017-07-28,24.1,54,14.3,198,0.1,84.44,26.22,312.13,4.01,43.34,10.23,16.94,118
2017_COC10,2017-07-29,28.7,50,21.9,213,3.3,82.4,23.09,314.74,4.52,39.02,10.62,19.29,119
2017_COC10,2017-07-30,13.9,63,16.2,343,7.2,56.29,14.04,301.1,0.71,25.15,0.74,56.84,120
2017_COC10,2017-07-31,20.0,57,25.1,148,0.0,79.51,16.17,308.4,3.83,28.59,7.69,22.76,121
2017_COC10,2017-08-01,10.3,82,32.4,307,16.9,40.58,7.45,262.35,0.2,13.91,0.14,88.87,122
2017_COC10,2017-08-02,10.0,79,26.6,297,1.0,57.31,7.93,267.16,1.3,14.76,0.97,55.05,123
2017_COC10,2017-08-03,14.0,51,24.4,284,0.6,77.42,9.45,272.68,3.07,17.4,4.57,25.36,124
2017_COC10,2017-08-04,11.6,73,19.5,309,0.0,80.19,10.16,277.77,3.1,18.62,4.82,21.92,125
2017_COC10,2017-08-05,8.9,82,19.4,345,0.0,80.24,10.53,282.38,3.1,19.27,4.93,21.87,126
2017_COC10,2017-08-06,10.6,75,11.6,344,0.0,80.9,11.14,287.29,2.25,20.31,3.61,21.08,127
2017_COC10,2017-08-07,20.5,46,18.9,194,0.0,86.84,13.55,293.98,7.07,24.29,11.79,14.24,128
2017_COC10,2017-08-08,14.4,61,23.5,295,5.6,63.41,9.05,285.95,1.61,16.77,1.97,45.02,129
2017_COC10,2017-08-09,11.4,75,25.7,307,6.3,49.54,5.36,275.38,0.57,10.22,0.35,69.47,130
2017_COC10,2017-08-10,12.1,71,8.7,287,0.2,65.35,6.15,280.57,0.83,11.65,0.54,42.03,131
2017_COC10,2017-08-11,21.3,51,9.5,261,0.1,81.65,8.41,287.4,2.21,15.68,2.91,20.17,132
2017_COC10,2017-08-12,11.0,70,4.7,23,0.9,77.46,9.16,292.39,1.14,16.99,0.94,25.3,133
2017_COC10,2017-08-13,13.9,65,7.2,90,0.0,81.18,10.25,297.89,1.86,18.87,2.7,20.74,134
2017_COC10,2017-08-14,13.6,67,13.1,21,0.0,82.62,11.25,303.35,2.98,20.59,4.93,19.04,135
2017_COC10,2017-08-15,12.6,68,3.2,27,0.0,82.89,12.15,308.62,1.87,22.13,3.09,18.72,136
2017_COC10,2017-08-16,21.2,56,11.6,240,0.0,85.69,14.18,315.44,4.16,25.49,7.74,15.52,137
2017_COC10,2017-08-17,24.8,45,15.5,185,0.0,88.58,17.12,322.91,7.64,30.23,14.06,12.34,138
2017_COC10,2017-08-18,16.1,82,12.4,158,8.4,45.68,9.5,304.41,0.17,17.63,0.14,77.43,139
2017_COC11,2017-07-06,19.7,59,16.6,300,4.0,66.05,14.6,174.27,1.27,24.15,1.94,40.98,96
2017_COC11,2017-07-07,19.9,40,8.6,303,1.3,79.25,17.56,181.56,1.63,28.29,3.17,23.08,97
2017_COC11,2017-07-08,9.7,93,19.5,348,7.7,32.25,9.53,171.44,0.02,16.74,0.01,110.29,98
2017_COC11,2017-07-09,15.2,44,19.1,227,0.2,69.4,11.68,177.88,1.61,20.06,2.33,36.09,99
2017_COC11,2017-07-10,15.8,57,20.9,314,11.0,57.16,7.19,160.99,0.96,12.94,0.67,55.32,100
2017_COC11,2017-07-11,10.2,62,23.6,309,0.8,71.78,8.2,166.53,2.18,14.6,2.71,32.76,101
2017_COC11,2017-07-12,18.0,38,5.4,262,0.0,84.04,10.98,173.48,2.43,18.96,3.75,17.4,102
2017_COC11,2017-07-13,23.1,35,11.6,263,0.0,89.56,14.68,181.34,7.22,24.41,12.03,11.3,103
2017_COC11,2017-07-14,25.9,31,20.6,243,0.0,91.7,19.05,189.71,15.43,30.46,23.7,9.05,104
2017_COC11,2017-07-15,16.2,39,9.5,351,1.8,81.03,19.87,196.33,2.05,31.72,4.51,20.91,105
2017_COC12,2017-07-06,19.7,63,16.1,294,10.1,57.06,10.24,164.95,0.75,17.73,0.63,55.49,96
2017_COC12,2017-07-07,19.4,44,4.1,315,2.1,69.14,11.05,172.15,0.75,19.04,0.66,36.45,97
2017_COC12,2017-07-08,9.0,96,20.9,345,9.3,23.3,5.45,158.41,0.0,10.04,0.0,138.13,98
2017_COC12,2017-07-09,16.6,36,19.4,227,0.0,68.83,8.11,165.1,1.6,14.45,1.67,36.89,99
2017_COC12,2017-07-10,16.1,58,21.9,318,6.3,61.56,5.83,160.1,1.35,10.69,0.85,47.95,100
2017_COC12,2017-07-11,9.8,66,23.8,297,2.3,63.29,5.0,165.56,1.62,9.3,0.94,45.21,101
2017_COC12,2017-07-12,17.7,41,5.2,254,0.0,80.35,7.6,172.45,1.53,13.7,1.43,21.73,102
2017_COC12,2017-07-13,23.2,36,10.5,264,0.0,88.7,11.26,180.33,6.04,19.47,9.2,12.22,103
2017_COC12,2017-07-14,26.0,33,19.0,233,0.0,91.25,15.52,188.72,13.36,25.75,19.73,9.52,104
2017_COC12,2017-07-15,15.8,43,8.3,360,2.1,77.87,15.46,195.27,1.42,25.82,2.45,24.78,105
2017_COC12,2017-07-16,23.4,35,13.2,253,0.0,88.65,19.2,203.18,6.87,31.07,13.12,12.28,106
2017_COC12,2017-07-17,24.4,36,29.3,205,0.0,90.49,23.04,211.28,20.13,36.2,30.85,10.31,107
2017_COC12,2017-07-18,21.9,50,11.8,329,0.0,89.51,25.74,218.92,7.25,39.78,15.6,11.35,108
2017_COC12,2017-07-19,17.8,42,12.4,216,2.1,79.77,25.16,225.83,2.07,39.36,5.3,22.44,109
2017_COC12,2017-07-20,20.4,42,22.7,274,2.5,80.14,23.69,233.21,3.62,37.78,8.65,22.0,110
2017_COC12,2017-07-21,12.9,46,21.7,306,1.1,81.47,25.47,239.23,3.99,40.23,9.76,20.39,111
2017_COC12,2017-07-22,16.7,41,9.3,347,0.0,86.56,27.93,245.94,4.19,43.51,10.62,14.55,112
2017_COC12,2017-07-23,16.6,45,4.8,117,0.0,87.36,30.22,252.64,3.74,46.52,10.06,13.67,113
2017_COC12,2017-07-24,22.5,42,14.4,180,0.0,88.92,33.43,260.39,7.59,50.62,18.33,11.98,114
2017_COC12,2017-07-25,27.7,43,17.7,213,0.0,89.82,37.29,269.08,10.19,55.39,23.74,11.02,115
2017_COC13,2017-07-11,9.2,71,40.0,313,0.0,74.22,18.04,241.79,5.52,30.4,10.88,29.49,101
2017_COC13,2017-07-12,17.3,42,17.8,262,0.0,85.15,20.54,248.61,5.28,34.05,11.17,16.12,102
2017_COC13,2017-07-13,23.0,35,23.5,259,0.0,89.97,24.22,256.45,13.96,39.19,24.93,10.86,103
2017_COC13,2017-07-14,24.8,40,34.8,249,0.0,90.02,27.87,264.62,24.84,44.13,38.83,10.81,104
2017_COC13,2017-07-15,15.4,47,17.6,314,4.5,69.57,20.59,261.8,1.5,34.41,3.37,35.84,105
2017_COC13,2017-07-16,23.6,37,25.5,241,0.1,87.74,24.24,269.75,11.21,39.59,21.45,13.26,106
2017_COC13,2017-07-17,24.5,42,41.7,208,0.0,89.42,27.73,277.87,32.27,44.38,46.05,11.44,107
2017_COC13,2017-07-18,12.6,57,18.0,307,0.3,87.31,29.11,283.84,7.22,46.34,16.87,13.72,108
2017_COC13,2017-07-19,18.7,46,26.8,228,0.4,87.79,31.62,290.91,12.05,49.73,25.29,13.2,109
2017_COC13,2017-07-20,14.1,63,32.6,311,5.6,64.89,20.64,283.62,2.71,34.92,6.35,42.73,110
2017_COC13,2017-07-21,13.0,43,30.3,312,0.2,81.85,22.52,289.66,6.44,37.72,13.85,19.94,111
2017_COC13,2017-07-22,14.8,47,11.3,338,0.0,85.53,24.5,296.03,4.01,40.6,9.84,15.7,112
2017_COC13,2017-07-23,17.3,47,5.5,191,0.0,86.88,26.79,302.85,3.62,43.88,9.45,14.19,113
2017_COC13,2017-07-24,24.5,39,21.5,198,0.0,89.75,30.46,310.96,12.22,48.94,25.33,11.1,114
2017_COC13,2017-07-25,25.3,52,28.5,215,0.5,89.51,33.44,319.22,16.8,53.0,32.71,11.35,115
2017_COC13,2017-07-26,22.8,56,15.1,282,0.9,85.38,35.91,327.03,4.76,56.35,13.64,15.87,116
2017_COC13,2017-07-27,18.9,52,20.9,306,3.9,73.0,27.83,325.46,2.0,45.85,5.67,31.11,117
2017_COC13,2017-07-28,22.3,53,15.6,173,0.4,84.34,30.41,333.18,4.23,49.52,11.54,17.05,118
2017_COC13,2017-07-29,29.3,48,20.9,207,4.1,82.04,24.76,332.61,4.11,41.74,10.21,19.71,119
2017_COC13,2017-07-30,13.9,61,18.3,340,7.2,57.82,15.05,318.09,0.89,26.91,0.97,54.18,120
2017_COC13,2017-07-31,19.3,54,23.6,146,0.0,80.03,17.25,325.27,3.75,30.46,7.83,22.12,121
2017_COC13,2017-08-01,10.8,80,35.1,299,15.6,43.95,8.09,281.47,0.41,15.1,0.31,81.18,122
2017_COC13,2017-08-02,10.7,75,28.4,294,0.4,64.63,8.7,286.4,2.17,16.17,2.92,43.13,123
2017_COC13,2017-08-03,14.4,49,25.3,281,0.3,80.89,10.33,292.0,4.48,18.98,6.97,21.09,124
2017_COC13,2017-08-04,12.0,71,20.9,306,0.0,81.9,11.12,297.16,4.04,20.33,6.59,19.88,125
2017_COC13,2017-08-05,8.9,81,19.4,345,0.0,81.51,11.51,301.77,3.57,21.01,5.99,20.35,126
2017_COC13,2017-08-06,10.0,76,14.6,340,0.0,81.55,12.06,306.57,2.82,21.96,4.87,20.29,127
2017_COC13,2017-08-07,20.2,42,17.1,195,0.0,87.49,14.61,313.21,7.08,26.17,12.28,13.53,128
2017_COC13,2017-08-08,14.7,56,23.5,297,5.2,66.15,10.15,305.95,1.8,18.74,2.57,40.82,129
2017_COC14,2017-07-05,21.8,78,16.6,275,4.2,63.89,28.86,241.22,1.16,44.43,3.07,44.28,95
2017_COC14,2017-07-06,16.2,73,24.5,313,3.0,63.2,23.55,243.47,1.68,37.93,4.13,45.35,96
2017_COC14,2017-07-07,18.9,46,11.2,291,0.0,81.25,26.09,250.58,2.29,41.4,6.05,20.65,97
2017_COC14,2017-07-08,7.9,72,26.3,1,6.0,52.44,16.05,242.27,0.82,27.54,0.91,63.85,98
2017_COC14,2017-07-09,14.8,54,27.4,232,0.2,76.45,17.77,248.63,3.33,30.15,7.0,26.58,99
2017_COC14,2017-07-10,9.7,66,27.2,313,9.1,51.58,9.86,231.7,0.78,17.82,0.66,65.49,100
2017_COC14,2017-07-11,8.5,74,33.0,306,0.1,68.4,10.44,236.93,3.14,18.82,4.91,37.52,101
2017_COC14,2017-07-12,17.3,43,13.1,262,0.0,82.99,12.91,243.75,3.12,22.8,5.52,18.6,102
2017_COC14,2017-07-13,23.0,37,18.1,263,0.0,89.22,16.47,251.59,9.54,28.31,16.11,11.66,103
2017_COC14,2017-07-14,25.2,38,28.1,247,0.0,90.32,20.3,259.83,18.5,33.97,28.28,10.49,104
2017_COC14,2017-07-15,15.2,47,15.3,321,3.5,71.79,16.57,260.16,1.44,28.59,2.74,32.75,105
2017_COC14,2017-07-16,23.5,36,19.5,247,0.0,87.88,20.27,268.09,8.44,34.09,16.16,13.11,106
2017_COC14,2017-07-17,24.6,39,35.2,203,0.0,89.95,23.95,276.22,25.08,39.37,37.09,10.89,107
2017_COC14,2017-07-18,14.2,58,17.1,309,0.1,87.46,25.46,282.48,7.05,41.56,15.63,13.56,108
2017_COC14,2017-07-19,18.3,45,20.9,224,1.2,84.52,27.97,289.48,5.66,45.05,13.79,16.84,109
2017_COC14,2017-07-20,13.5,73,29.0,316,5.8,58.55,17.75,281.48,1.6,30.66,3.33,52.94,110
2017_COC14,2017-07-21,12.7,45,27.1,310,0.2,79.12,19.53,287.47,4.08,33.39,8.91,23.23,111
2017_COC14,2017-07-22,15.5,45,12.1,337,0.0,85.18,21.67,293.96,3.97,36.6,9.19,16.1,112
2017_COC14,2017-07-23,17.0,47,5.1,188,0.0,86.72,23.93,300.73,3.47,39.92,8.61,14.37,113
2017_COC14,2017-07-24,23.8,40,17.9,195,0.0,89.4,27.44,308.72,9.69,44.9,20.59,11.47,114
2017_COC14,2017-07-25,26.2,50,23.9,217,0.0,89.45,30.64,317.14,13.21,49.36,26.85,11.42,115
2017_COC14,2017-07-26,22.5,56,15.3,289,2.0,80.2,29.92,324.89,2.51,48.65,7.31,21.92,116
2017_COC15,2017-07-13,22.5,36,11.6,254,0.0,88.72,14.38,182.1,6.41,24.02,10.82,12.19,103
2017_COC15,2017-07-14,25.1,38,20.9,246,0.0,90.23,18.2,190.32,12.7,29.37,20.27,10.59,104
2017_COC15,2017-07-15,15.8,42,10.2,350,1.3,83.26,20.5,196.87,2.79,32.53,6.23,18.29,105
2017_COC15,2017-07-16,23.1,38,15.1,258,0.0,89.02,24.02,204.73,7.98,37.15,16.18,11.87,106
2017_COC15,2017-07-17,24.4,35,27.0,201,0.0,90.7,27.91,212.83,18.46,42.04,31.21,10.1,107
2017_COC15,2017-07-18,17.6,60,10.0,330,0.2,87.77,29.67,219.7,5.16,44.36,12.71,13.22,108
2017_COC21,2017-07-28,25.4,40,9.4,270,0.0,87.19,33.01,229.21,4.6,48.54,12.22,13.86,118
2017_COC21,2017-07-29,29.9,40,10.7,228,0.0,90.46,37.38,238.29,7.85,53.7,19.38,10.35,119
2017_COC21,2017-07-30,20.6,57,10.1,343,5.1,67.07,26.26,235.26,0.95,41.06,2.16,39.47,120
2017_COC21,2017-07-31,18.0,60,12.8,142,0.0,79.7,28.05,242.2,2.1,43.51,5.75,22.53,121
2017_COC23,2017-08-06,14.2,52,7.6,329,0.1,86.86,39.18,290.93,4.01,58.63,12.2,14.22,127
2017_COC23,2017-08-07,20.4,36,6.4,223,0.0,89.29,42.02,297.61,5.34,62.12,15.75,11.59,128
2017_COC23,2017-08-08,15.1,50,15.5,324,5.6,65.22,28.07,289.58,1.16,45.19,3.12,42.23,129
2017_COC23,2017-08-09,18.3,43,18.3,292,0.0,83.11,30.35,295.88,4.12,48.32,11.13,18.47,130
2017_COC23,2017-08-10,17.9,41,8.6,345,0.0,87.22,32.67,302.1,4.44,51.43,12.26,13.83,131
2017_COC23,2017-08-11,21.2,37,1.8,281,0.0,89.19,35.57,308.92,4.18,55.24,12.17,11.7,132
2017_COC23,2017-08-12,19.2,50,7.9,344,0.0,88.91,37.66,315.38,5.46,58.01,15.42,11.99,133
2017_COC26,2017-08-15,15.3,64,2.3,141,0.0,84.22,17.31,308.97,2.13,30.37,4.53,17.19,136
2017_COC26,2017-08-16,23.3,52,11.5,238,0.0,86.92,19.73,316.17,4.92,34.14,10.57,14.15,137
2017_COC26,2017-08-17,25.4,43,16.9,179,0.0,89.2,22.85,323.75,8.96,38.85,18.06,11.68,138
2017_COC26,2017-08-18,18.3,79,10.7,166,2.8,65.22,18.82,325.41,0.91,32.89,1.55,42.23,139
2017_COC26,2017-08-19,22.0,67,9.3,234,1.0,75.45,20.4,332.38,1.26,35.37,2.77,27.87,140
2017_COC26,2017-08-20,20.2,78,13.8,160,1.7,70.86,20.02,339.02,1.29,34.88,2.83,34.03,141
2017_COC26,2017-08-21,20.1,59,24.7,241,6.3,66.84,13.3,327.85,1.96,24.15,3.5,39.8,142
2017_COC26,2017-08-22,10.8,94,26.3,359,2.6,47.47,10.35,332.8,0.44,19.21,0.39,73.67,143
2017_COC26,2017-08-23,13.8,48,22.5,347,0.7,73.65,11.95,338.29,2.23,21.97,3.78,30.23,144
2017_COC26,2017-08-24,11.6,79,13.5,331,0.0,77.23,12.5,343.38,1.75,22.92,2.93,25.59,145
2017_COC26,2017-08-25,14.3,63,6.1,177,0.0,81.33,13.68,348.96,1.79,24.92,3.22,20.56,146
2017_COC26,2017-08-26,20.4,49,20.6,184,0.0,86.48,15.94,355.63,7.31,28.67,13.22,14.65,147
2017_COC26,2017-08-27,22.1,41,22.1,199,0.0,88.95,18.77,362.61,11.22,33.24,19.69,11.95,148
2017_COC26,2017-08-28,21.9,63,25.6,208,0.0,87.27,20.53,369.56,10.53,36.05,19.57,13.77,149
2017_COC26,2017-08-29,20.3,67,7.3,9,1.9,74.73,19.91,376.22,1.09,35.17,2.27,28.8,150
2017_COC26,2017-08-30,10.2,58,24.5,332,4.5,61.08,13.92,368.82,1.5,25.44,2.62,48.73,151
2017_COC26,2017-08-31,13.7,50,6.8,273,0.1,76.37,15.45,374.29,1.17,28.0,2.0,26.69,152
2017_COC26,2017-09-01,19.9,52,27.7,189,0.0,85.15,17.24,379.58,8.69,30.97,15.71,16.13,153
2017_COC26,2017-09-02,14.9,92,12.7,235,4.6,43.9,11.18,371.21,0.13,20.8,0.12,81.29,154
2017_COC26,2017-09-03,17.7,68,11.9,268,3.0,56.21,8.96,370.07,0.57,16.9,0.46,56.98,155
2017_COC26,2017-09-04,10.9,71,11.3,292,7.9,41.35,5.0,348.31,0.08,9.66,0.05,87.07,156
2017_COC26,2017-09-05,10.7,94,22.6,346,0.7,47.56,5.13,351.94,0.37,9.9,0.22,73.48,157
2017_COC26,2017-09-06,10.8,55,14.0,271,0.0,69.26,6.08,355.59,1.24,11.67,0.81,36.28,158
2017_COC26,2017-09-07,10.4,65,16.2,12,0.4,77.6,6.8,359.17,2.06,12.99,2.28,25.13,159
2017_COC26,2017-09-08,13.4,56,16.4,220,0.1,82.88,7.94,363.28,3.63,15.05,4.97,18.74,160
2017_COC26,2017-09-09,20.0,48,29.4,234,0.0,86.99,9.89,368.59,12.25,18.54,15.83,14.08,161
2017_COC26,2017-09-10,20.2,56,18.9,198,0.0,87.03,11.56,373.93,7.27,21.46,11.3,14.03,162
2017_COC26,2017-09-11,18.9,69,31.8,260,3.7,70.86,8.64,370.1,3.19,16.33,4.57,34.03,163
2017_COC26,2017-09-12,12.8,54,31.0,283,2.7,70.89,7.25,374.11,3.07,13.82,3.94,33.99,164
2017_COC5,2017-06-24,12.3,46,23.8,350,0.0,85.53,17.96,149.55,7.53,27.63,13.26,15.7,84
2017_COC5,2017-06-25,15.4,39,13.3,273,0.4,87.84,20.61,155.72,6.15,30.98,12.0,13.15,85
2017_COC5,2017-06-26,14.4,48,9.8,253,5.2,63.32,14.85,152.97,0.8,23.9,0.82,45.15,86
2017_COC8,2017-07-03,17.7,50,11.5,319,0.0,86.86,20.05,180.12,4.88,31.37,10.0,14.22,93
2017_COC8,2017-07-04,22.9,34,16.2,192,0.0,90.25,23.77,187.95,10.06,36.12,18.95,10.56,94
2017_COC8,2017-07-05,24.0,61,20.9,291,2.1,80.34,23.08,195.97,3.38,35.66,7.86,21.75,95
2017_COC8,2017-07-06,12.4,70,29.5,330,1.8,73.07,22.19,201.91,3.09,34.81,7.14,31.02,96
2017_COC8,2017-07-07,20.4,45,14.4,273,0.0,85.08,24.96,209.28,4.4,38.46,10.31,16.21,97
2017_COC8,2017-07-08,10.6,45,25.6,11,4.9,66.07,17.48,205.71,2.0,28.84,4.08,40.95,98
2017_COC8,2017-07-09,16.7,59,19.3,246,0.8,78.18,19.2,212.42,2.53,31.32,5.52,24.39,99
2017_COC8,2017-07-10,11.5,47,31.6,316,6.4,64.07,12.51,204.88,2.49,21.71,4.25,43.99,100
2017_COC8,2017-07-11,9.9,67,32.9,325,0.1,76.26,13.36,210.37,4.34,23.06,7.58,26.83,101
2017_COC8,2017-07-12,17.6,44,15.3,255,0.0,85.26,15.82,217.24,4.72,26.77,8.89,16.0,102
2017_COC8,2017-07-13,23.0,35,21.7,251,0.0,89.96,19.5,225.09,12.72,32.06,21.18,10.87,103
2017_COC8,2017-07-14,25.1,43,31.0,248,0.0,90.01,23.01,233.31,20.47,36.91,31.48,10.82,104
2017_COC8,2017-07-15,16.5,46,16.3,315,3.8,72.32,18.37,233.39,1.54,30.71,3.18,32.03,105
2017_COC8,2017-07-16,23.9,41,25.8,234,0.0,87.48,21.84,241.4,10.97,35.62,20.04,13.54,106
2017_COC8,2017-07-17,25.2,47,37.5,208,0.0,88.67,25.11,249.64,23.44,40.13,35.8,12.25,107
2017_COC8,2017-07-18,12.2,56,12.5,303,0.4,87.27,26.49,255.54,5.44,42.07,12.88,13.77,108
2017_COC9,2017-07-06,20.9,53,18.5,307,4.1,72.38,19.83,152.63,1.73,29.94,3.56,31.95,96
2017_COC9,2017-07-07,20.6,37,9.0,307,0.2,85.86,23.04,160.04,3.74,33.89,8.33,15.33,97
2017_COC9,2017-07-08,11.2,93,14.5,341,6.9,34.9,13.11,152.88,0.02,21.59,0.02,103.07,98
2017_COC9,2017-07-09,16.3,39,16.8,235,0.0,72.18,15.6,159.52,1.57,25.07,2.75,32.22,99
2017_COC9,2017-07-10,17.3,51,23.8,288,9.4,63.54,9.9,147.62,1.64,16.95,2.06,44.82,100
2017_COC9,2017-07-11,11.7,53,19.4,318,0.8,76.24,11.31,153.43,2.2,19.1,3.35,26.85,101
2017_COC9,2017-07-12,18.3,37,2.5,262,0.0,85.19,14.18,160.43,2.45,23.23,4.37,16.09,102
2017_COC9,2017-07-13,23.2,33,9.3,257,0.0,90.05,18.0,168.31,6.9,28.41,12.57,10.78,103
2017_COC9,2017-07-14,26.4,29,19.7,246,0.0,92.21,22.59,176.77,15.84,34.24,25.52,8.53,104
2017_COC9,2017-07-15,16.9,38,9.8,6,0.4,91.09,25.21,183.51,8.21,37.53,16.63,9.68,105
2017_COC9,2017-07-16,23.6,33,13.7,265,0.0,91.14,29.1,191.47,10.06,42.17,20.5,9.63,106
2017_COC9,2017-07-17,24.8,31,26.8,202,0.0,91.69,33.29,199.63,21.06,46.99,35.89,9.06,107
2017_COC9,2017-07-18,24.6,39,14.1,283,0.0,91.67,36.98,207.77,11.08,51.18,24.19,9.08,108
2017_NIP105,2017-08-07,22.9,43,11.3,197,0.0,88.47,20.9,290.55,6.09,35.43,12.81,12.46,128
2017_NIP105,2017-08-08,15.6,55,17.4,304,7.8,61.51,12.73,275.72,1.08,22.82,1.29,48.03,129
2017_NIP105,2017-08-09,13.3,59,20.1,314,0.0,76.99,13.95,281.12,2.4,24.82,4.46,25.89,130
2017_NIP105,2017-08-10,17.2,47,5.7,305,0.0,84.1,15.95,287.22,2.48,28.01,5.03,17.33,131
2017_NIP105,2017-08-11,23.6,41,7.6,251,0.0,88.52,18.96,294.47,5.09,32.66,10.59,12.41,132
2017_NIP105,2017-08-12,15.5,49,6.2,10,0.7,85.73,20.71,300.27,3.19,35.32,7.42,15.47,133
2017_NIP105,2017-08-13,18.3,53,5.7,108,0.2,86.34,22.59,306.57,3.39,38.15,8.2,14.79,134
2017_NIP105,2017-08-14,16.6,63,9.2,42,0.2,86.22,23.94,312.56,3.97,40.19,9.7,14.93,135
2017_NIP105,2017-08-15,17.3,56,2.7,293,0.0,86.27,25.61,318.68,2.88,42.66,7.62,14.88,136
2017_NIP105,2017-08-16,23.7,47,6.5,251,0.0,88.05,28.33,325.95,4.49,46.54,11.7,12.92,137
2017_NIP105,2017-08-17,25.0,40,12.3,175,0.0,89.74,31.56,333.45,7.67,51.04,18.56,11.11,138
2017_NIP105,2017-08-18,18.3,76,8.6,158,6.0,53.73,19.7,323.28,0.38,34.19,0.49,61.45,139
2017_NIP105,2017-08-19,23.2,54,8.7,265,0.1,78.09,22.01,330.46,1.47,37.73,3.56,24.51,140
2017_NIP105,2017-08-20,22.7,61,9.4,173,0.2,83.89,23.92,337.55,2.91,40.65,7.46,17.56,141
2017_NIP105,2017-08-21,21.2,45,20.5,255,7.4,71.73,15.61,322.67,1.86,27.85,3.68,32.83,142
2017_NIP105,2017-08-22,12.2,93,19.7,339,0.8,69.08,15.8,327.87,1.64,28.2,3.2,36.55,143
2017_NIP105,2017-08-23,14.1,43,17.7,340,2.7,71.34,13.98,333.41,1.6,25.3,2.82,33.37,144
2017_NIP105,2017-08-24,14.1,63,9.2,339,0.0,79.1,15.14,338.95,1.65,27.24,3.14,23.26,145
2017_NIP105,2017-08-25,15.7,55,3.1,144,0.0,83.12,16.7,344.78,1.92,29.79,4.0,18.45,146
2017_NIP105,2017-08-26,20.4,46,13.3,177,0.0,87.11,19.1,351.46,5.54,33.62,11.54,13.95,147
2017_NIP105,2017-08-27,21.4,35,14.6,196,0.0,89.83,22.12,358.32,8.73,38.32,17.6,11.01,148
2017_NIP105,2017-08-28,21.7,58,16.9,204,0.0,88.18,24.09,365.23,7.74,41.36,16.73,12.78,149
2017_NIP105,2017-08-29,21.8,58,8.3,270,0.3,87.94,26.08,372.15,4.85,44.38,12.1,13.04,150
2017_NIP105,2017-08-30,10.3,68,17.3,339,2.8,66.34,21.45,371.79,1.33,37.49,3.13,40.54,151
2017_NIP105,2017-08-31,14.0,45,3.7,281,0.0,78.83,23.16,377.31,1.22,40.16,2.99,23.59,152
2017_NIP105,2017-09-01,20.2,48,20.2,191,0.0,86.09,25.14,382.65,6.79,43.18,15.5,15.08,153
2017_NIP105,2017-09-02,13.1,99,10.2,225,8.6,23.1,13.04,357.72,0.0,23.89,0.0,138.81,154
2017_NIP12,2017-07-06,24.1,43,17.9,292,0.4,82.86,19.72,170.13,3.91,30.58,8.15,18.76,96
2017_NIP12,2017-07-07,20.3,39,13.6,323,0.0,88.14,22.79,177.49,6.52,34.5,13.32,12.82,97
2017_NIP12,2017-07-08,13.8,95,14.8,337,3.8,45.46,16.15,177.93,0.19,26.33,0.2,77.89,98
2017_NIP12,2017-07-09,18.0,41,8.7,204,1.4,70.81,18.8,184.88,1.0,29.97,1.63,34.11,99
2017_NIP12,2017-07-10,20.1,42,21.1,287,2.1,79.54,19.11,192.2,3.14,30.6,6.69,22.72,100
2017_NIP12,2017-07-11,16.4,31,8.1,347,0.0,87.45,21.94,198.86,4.48,34.39,9.8,13.57,101
2017_NIP12,2017-07-12,17.8,44,7.3,101,0.0,87.93,24.43,205.76,4.6,37.67,10.57,13.05,102
2017_NIP12,2017-07-13,21.5,33,3.1,144,0.0,90.09,27.98,213.34,5.08,42.15,12.2,10.74,103
2017_NIP12,2017-07-14,25.9,34,11.4,246,0.0,91.17,32.17,221.7,9.0,47.21,20.02,9.61,104
2017_NIP12,2017-07-15,12.5,100,11.6,5,5.6,30.28,19.65,216.25,0.01,32.02,0.01,115.95,105
2017_NIP12,2017-07-16,21.8,37,8.4,290,0.5,72.67,23.04,223.88,1.05,36.64,2.23,31.55,106
2017_NIP12,2017-07-17,23.5,31,21.3,202,0.0,89.1,27.02,231.81,11.02,41.85,21.79,11.79,107
2017_NIP12,2017-07-18,26.0,34,14.3,252,0.0,91.08,31.22,240.19,10.28,47.13,22.02,9.7,108
2017_NIP12,2017-07-19,20.2,42,9.2,249,0.0,90.57,34.12,247.53,7.4,50.76,18.01,10.23,109
2017_NIP12,2017-07-20,22.1,38,15.8,287,2.8,81.43,30.77,251.38,2.95,47.12,8.29,20.44,110
2017_NIP12,2017-07-21,18.2,36,16.4,334,0.0,87.98,33.67,258.36,7.33,50.8,17.91,12.99,111
2017_NIP12,2017-07-22,21.3,37,4.6,321,0.0,89.5,36.99,265.9,5.03,54.89,14.04,11.36,112
2017_NIP12,2017-07-23,20.7,41,6.2,80,0.0,89.55,40.01,273.33,5.49,58.58,15.57,11.31,113
2017_NIP12,2017-07-24,25.7,36,11.5,180,0.0,90.72,44.04,281.66,8.49,63.32,22.34,10.07,114
2017_NIP12,2017-07-25,25.9,42,17.6,211,0.1,90.77,47.72,290.03,11.62,67.62,28.73,10.02,115
2017_NIP12,2017-07-26,20.8,64,24.1,280,4.6,70.87,34.3,287.25,2.17,52.83,6.75,34.02,116
2017_NIP12,2017-07-27,21.9,39,9.0,358,0.1,85.58,37.6,294.9,3.59,57.02,10.98,15.65,117
2017_NIP12,2017-07-28,27.2,31,11.1,257,0.0,91.36,42.18,303.5,9.11,62.61,23.36,9.4,118
2017_NIP12,2017-07-29,29.7,37,14.7,245,0.0,91.41,46.74,312.55,11.0,68.04,27.77,9.35,119
2017_NIP12,2017-07-30,23.0,70,12.3,357,0.3,86.74,48.44,320.39,4.99,70.3,16.02,14.36,120
2017_NIP12,2017-07-31,26.7,47,13.2,169,0.2,88.71,51.9,328.9,6.93,74.43,21.04,12.2,121
2017_NIP12,2017-08-01,23.1,59,15.7,302,2.9,76.31,43.58,331.0,1.83,65.57,6.67,26.76,122
2017_NIP12,2017-08-02,15.7,49,13.9,301,0.1,83.9,45.35,336.83,3.66,67.86,12.33,17.56,123
2017_NIP12,2017-08-03,19.7,36,15.0,249,0.0,88.76,48.1,343.38,7.64,71.24,22.05,12.15,124
2017_NIP12,2017-08-04,18.1,37,11.8,20,0.0,89.29,50.59,349.64,7.02,74.31,21.21,11.58,125
2017_NIP12,2017-08-05,12.7,60,13.4,354,0.0,86.97,51.73,354.93,5.46,75.83,17.85,14.1,126
2017_NIP12,2017-08-06,13.9,51,6.1,310,0.0,87.02,53.25,360.44,3.8,77.77,13.77,14.05,127
2017_NIP12,2017-08-07,21.8,36,2.3,231,0.0,89.4,56.28,367.37,4.42,81.38,15.84,11.46,128
2017_NIP12,2017-08-08,15.2,52,14.7,332,6.5,62.85,35.29,353.26,1.01,56.48,3.17,45.91,129
2017_NIP12,2017-08-09,20.1,39,15.6,293,0.0,83.75,37.96,359.89,3.91,60.08,12.12,17.72,130
2017_NIP12,2017-08-10,18.2,40,7.3,9,0.0,87.54,40.35,366.17,4.35,63.27,13.59,13.47,131
2017_NIP12,2017-08-11,21.0,36,3.3,354,0.0,89.46,43.27,372.95,4.68,67.09,14.87,11.41,132
2017_NIP12,2017-08-12,22.9,50,6.2,350,0.0,89.44,45.75,380.08,5.41,70.33,17.01,11.43,133
2017_NIP12,2017-08-13,21.9,42,2.3,129,0.8,87.09,48.5,387.02,3.17,73.86,11.56,13.97,134
2017_NIP12,2017-08-14,18.2,90,7.2,53,5.4,43.01,31.5,377.0,0.09,52.12,0.15,83.27,135
2017_NIP12,2017-08-15,19.0,43,9.7,329,1.0,72.37,33.87,383.42,1.11,55.48,3.51,31.95,136
2017_NIP18,2017-07-24,25.8,33,8.0,175,0.0,91.27,52.96,307.88,7.69,74.07,22.6,9.5,114
2017_NIP18,2017-07-25,26.7,39,19.0,209,0.0,91.32,56.94,316.39,13.49,78.54,34.19,9.45,115
2017_NIP18,2017-07-26,23.0,51,23.9,276,2.1,82.57,53.24,324.23,5.1,75.49,16.93,19.09,116
2017_NIP18,2017-07-27,22.0,39,11.2,358,0.2,88.36,56.55,331.89,5.96,79.31,19.51,12.58,117
2017_NIP29,2017-07-29,28.2,49,10.8,266,0.9,87.05,30.2,237.05,4.84,45.8,12.3,14.02,119
2017_NIP29,2017-07-30,21.3,66,5.4,8,0.8,83.11,31.98,244.59,2.15,48.21,6.3,18.47,120
2017_NIP29,2017-07-31,24.6,60,14.6,232,0.6,85.33,34.4,252.72,4.6,51.33,12.61,15.93,121
2017_NIP29,2017-08-01,15.7,64,22.3,322,1.6,77.59,34.3,258.55,2.8,51.52,8.37,25.14,122
2017_NIP29,2017-08-02,12.9,46,16.1,309,0.0,84.17,35.86,263.88,4.24,53.54,12.09,17.24,123
2017_NIP29,2017-08-03,17.2,57,13.2,299,0.0,85.32,37.49,269.98,4.28,55.66,12.47,15.94,124
2017_NIP29,2017-08-04,19.2,40,14.2,330,0.0,88.29,40.0,276.44,6.86,58.75,18.42,12.65,125
2017_NIP29,2017-08-05,12.5,59,10.8,4,0.0,86.84,41.15,281.69,4.7,60.29,14.03,14.25,126
2017_NIP29,2017-08-06,18.0,48,1.5,346,0.0,87.22,43.2,287.94,3.1,62.84,10.31,13.83,127
2017_NIP29,2017-08-07,24.7,47,12.3,267,0.0,88.46,46.03,295.39,6.39,66.25,18.63,12.48,128
2017_NIP29,2017-08-08,16.7,48,13.0,316,1.7,80.07,45.45,301.4,2.21,66.02,7.93,22.08,129
2017_NIP29,2017-08-09,18.4,45,16.3,317,0.1,86.27,47.67,307.71,5.72,68.72,17.52,14.87,130
2017_NIP29,2017-08-10,18.8,39,5.2,344,0.0,88.4,50.17,314.1,4.43,71.71,14.78,12.55,131
2017_NIP29,2017-08-11,23.7,36,8.9,310,0.0,90.2,53.45,321.37,6.9,75.5,21.14,10.62,132
2017_NIP29,2017-08-12,21.5,50,8.4,353,0.0,89.43,55.78,328.25,6.03,78.3,19.55,11.44,133
2017_NIP29,2017-08-13,21.8,48,4.1,165,0.2,89.48,58.24,335.17,4.89,81.2,17.08,11.38,134
2017_NIP29,2017-08-14,19.4,58,15.6,50,9.6,62.28,32.14,312.3,1.02,51.12,2.97,46.8,135
2017_NIP29,2017-08-15,20.5,40,8.4,301,0.0,82.36,34.81,318.99,2.28,54.7,7.22,19.34,136
2017_NIP29,2017-08-16,24.6,36,6.8,183,0.0,89.19,38.21,326.42,5.38,59.12,15.39,11.69,137
2017_NIP29,2017-08-17,23.0,43,8.0,162,0.0,89.24,41.04,333.57,5.75,62.78,16.74,11.64,138
2017_NIP29,2017-08-18,21.8,55,5.8,187,0.0,88.59,43.17,340.49,4.69,65.56,14.7,12.33,139
2017_NIP29,2017-08-19,23.3,51,12.3,263,3.5,75.85,34.82,340.22,1.5,55.45,4.87,27.36,140
2017_NIP29,2017-08-20,19.3,85,15.9,232,3.6,55.99,26.13,338.86,0.68,43.82,1.21,57.37,141
2017_NIP29,2017-08-21,21.4,39,19.7,255,2.2,77.99,25.42,345.72,2.54,42.95,6.82,24.63,142
2017_NIP29,2017-08-22,12.0,91,25.2,2,1.8,62.54,23.7,350.88,1.68,40.56,4.36,46.39,143
2017_NIP29,2017-08-23,13.9,33,13.9,335,0.5,81.63,25.78,356.39,2.75,43.66,7.41,20.2,144
2017_NIP29,2017-08-24,17.2,42,10.8,339,0.0,86.63,27.97,362.49,4.56,46.9,11.89,14.48,145
2017_NIP29,2017-08-25,19.8,39,4.3,156,0.0,88.62,30.6,369.06,4.37,50.7,12.01,12.3,146
2017_NIP29,2017-08-26,21.4,35,15.3,172,0.0,90.09,33.62,375.91,9.39,54.96,22.32,10.73,147
2017_NIP29,2017-08-27,21.0,48,9.5,189,0.0,89.61,35.99,382.7,6.54,58.28,17.71,11.25,148
2017_NIP29,2017-08-28,21.7,57,14.5,207,0.0,88.31,38.02,389.61,6.98,61.13,19.05,12.64,149
2017_NIP29,2017-08-29,19.6,79,11.6,275,1.4,76.2,38.92,396.14,1.48,62.49,5.25,26.9,150
2017_NIP29,2017-08-30,11.4,56,14.0,348,1.7,72.91,37.93,401.19,1.4,61.36,4.92,31.22,151
2017_NIP32,2017-07-31,28.8,38,18.6,224,0.0,90.99,51.92,340.61,12.61,75.19,32.0,9.79,121
2017_NIP32,2017-08-01,21.8,61,15.9,308,5.3,68.98,35.37,333.36,1.35,55.91,4.4,36.69,122
2017_NIP32,2017-08-02,15.4,49,13.2,313,0.0,81.44,37.11,339.13,2.59,58.28,8.45,20.43,123
2017_NIP32,2017-08-03,20.7,36,15.2,266,0.0,88.52,39.99,345.86,7.45,62.05,20.14,12.42,124
2017_NIP32,2017-08-04,18.1,34,14.6,16,0.0,89.72,42.61,352.12,8.6,65.42,22.92,11.13,125
2017_NIP32,2017-08-05,15.7,58,11.6,7,0.1,87.62,44.06,357.95,5.47,67.39,16.75,13.39,126
2017_NIP32,2017-08-06,15.9,43,8.2,331,0.0,87.87,46.06,363.82,4.78,69.98,15.45,13.11,127
2017_NIP32,2017-08-07,23.9,39,8.0,278,0.0,89.64,49.21,371.13,6.09,73.92,19.09,11.22,128
2017_NIP32,2017-08-08,16.0,48,11.9,335,6.2,64.15,31.84,358.17,0.93,52.1,2.66,43.87,129
2017_NIP32,2017-08-09,20.6,34,15.6,293,0.0,85.29,34.79,364.88,4.82,56.19,13.75,15.97,130
2017_NIP32,2017-08-10,19.1,36,9.3,28,0.0,88.78,37.46,371.32,5.75,59.83,16.31,12.13,131
2017_NIP32,2017-08-11,21.6,33,4.7,4,0.0,90.35,40.6,378.21,5.72,64.02,16.84,10.46,132
2017_NIP32,2017-08-12,24.1,40,8.2,345,0.0,90.4,43.72,385.55,6.87,68.13,19.94,10.41,133
2017_NIP32,2017-08-13,23.9,47,1.4,180,0.2,90.22,46.46,392.86,4.74,71.72,15.58,10.6,134
2017_NIP37,2017-07-28,26.8,40,12.0,254,0.0,86.62,26.01,248.46,4.84,41.23,11.59,14.49,118
2017_NIP37,2017-07-29,28.2,44,18.1,239,0.0,89.5,29.86,257.24,9.93,46.29,21.28,11.36,119
2017_NIP37,2017-07-30,21.5,68,8.3,2,0.2,86.72,31.56,264.81,4.07,48.63,11.08,14.37,120
2017_NIP37,2017-07-31,26.4,51,14.5,215,0.0,88.06,34.72,273.27,6.73,52.7,17.14,12.91,121
2017_NIP37,2017-08-01,18.2,64,20.1,314,11.4,59.12,17.37,248.83,1.06,29.58,1.81,51.98,122
2017_NIP37,2017-08-02,12.7,51,14.8,304,0.0,76.56,18.77,254.12,1.78,31.69,3.85,26.44,123
2017_NIP37,2017-08-03,18.4,49,15.5,288,0.0,84.76,20.82,260.43,4.45,34.71,9.81,16.57,124
2017_NIP37,2017-08-04,18.7,39,13.4,340,0.0,88.22,23.31,266.8,6.53,38.27,14.1,12.73,125
2017_NIP37,2017-08-05,11.6,68,11.6,5,0.2,85.58,24.15,271.9,4.1,39.53,9.86,15.65,126
2017_NIP37,2017-08-06,16.5,47,5.4,340,0.0,86.79,26.08,277.87,3.55,42.25,9.1,14.3,127
2017_NIP37,2017-08-07,23.7,49,8.4,245,0.0,87.9,28.69,285.14,4.84,45.85,12.32,13.08,128
2017_NIP37,2017-08-08,15.5,54,13.0,326,5.2,64.05,19.61,278.89,0.98,33.36,1.79,44.02,129
2017_NIP37,2017-08-09,18.1,46,17.4,308,0.0,82.04,21.75,285.15,3.44,36.53,8.11,19.72,130
2017_NIP37,2017-08-10,17.5,43,8.7,5,0.0,86.56,23.94,291.3,4.06,39.72,9.82,14.56,131
2017_NIP37,2017-08-11,22.9,37,6.1,320,0.0,89.48,27.06,298.43,5.41,44.12,13.17,11.38,132
2017_NIP37,2017-08-12,21.3,56,8.4,350,0.1,88.43,29.1,305.27,5.23,46.99,13.27,12.51,133
2017_NIP37,2017-08-13,20.3,51,5.3,152,0.8,85.46,31.26,311.92,2.93,49.99,8.54,15.78,134
2017_NIP37,2017-08-14,18.2,71,13.7,45,10.9,52.59,15.76,286.13,0.44,27.7,0.49,63.57,135
2017_NIP37,2017-08-15,19.5,44,8.9,310,0.0,77.92,18.14,292.65,1.47,31.41,3.04,24.72,136
2017_NIP37,2017-08-16,24.0,39,5.0,201,0.0,87.4,21.3,299.97,3.8,36.18,8.78,13.63,137
2017_NIP37,2017-08-17,22.1,48,7.4,133,0.0,87.94,23.79,306.95,4.63,39.86,10.97,13.04,138
2017_NIP37,2017-08-18,20.3,64,1.9,158,2.2,70.88,22.06,313.61,0.71,37.53,0.97,34.0,139
2017_NIP37,2017-08-19,23.9,45,11.9,270,0.1,85.52,24.9,320.92,4.13,41.71,10.24,15.71,140
2017_NIP37,2017-08-20,23.2,61,17.4,236,0.0,85.94,26.86,328.1,5.77,44.59,13.92,15.25,141
2017_NIP37,2017-08-21,21.0,41,17.9,255,6.8,72.59,17.86,315.79,1.69,31.3,3.59,31.66,142
2017_NIP37,2017-08-22,12.2,82,25.0,353,0.7,74.88,18.36,320.99,2.68,32.12,5.94,28.61,143
2017_NIP37,2017-08-23,13.6,40,16.2,339,2.6,72.97,16.41,326.44,1.57,29.16,3.12,31.14,144
2017_NIP37,2017-08-24,16.6,46,11.6,334,0.0,83.44,18.38,332.44,3.06,32.3,6.77,18.09,145
2017_NIP37,2017-08-25,19.0,44,1.5,104,0.0,86.62,20.71,338.86,2.85,35.93,6.77,14.49,146
2017_NIP37,2017-08-26,20.9,42,13.8,173,0.0,88.53,23.34,345.63,6.96,39.94,15.15,12.4,147
2017_NIP37,2017-08-27,20.0,49,10.6,190,0.0,88.58,25.56,352.23,5.96,43.28,14.05,12.35,148
2017_NIP37,2017-08-28,19.1,66,14.6,218,0.2,86.52,26.98,358.67,5.44,45.42,13.43,14.6,149
2017_NIP38,2017-08-02,12.5,51,15.0,305,0.3,76.29,18.02,238.53,1.76,30.31,3.69,26.78,123
2017_NIP38,2017-08-03,18.5,49,15.7,290,0.0,84.73,20.08,244.86,4.48,33.33,9.63,16.61,124
2017_NIP38,2017-08-04,18.6,39,13.7,342,0.0,88.21,22.56,251.21,6.61,36.85,13.95,12.75,125
2017_NIP38,2017-08-05,12.0,67,12.2,2,0.1,85.72,23.46,256.38,4.31,38.18,10.08,15.49,126
2017_NIP38,2017-08-06,16.9,47,6.5,341,0.0,86.91,25.42,262.42,3.82,40.93,9.5,14.17,127
2017_NIP38,2017-08-07,23.8,51,9.3,242,0.0,87.66,27.94,269.71,4.9,44.39,12.21,13.34,128
2017_NIP38,2017-08-08,15.4,55,13.0,326,6.3,61.43,17.8,260.48,0.86,30.41,1.14,48.17,129
2017_NIP38,2017-08-09,18.4,45,17.4,308,0.0,81.64,20.01,266.79,3.28,33.71,7.39,20.19,130
2017_NIP38,2017-08-10,17.6,43,8.0,10,0.0,86.43,22.22,272.96,3.85,36.92,8.99,14.7,131
2017_NIP38,2017-08-11,22.8,38,6.7,324,0.0,89.3,25.27,280.07,5.43,41.24,12.72,11.58,132
2017_NIP38,2017-08-12,21.6,57,8.4,353,0.0,88.29,27.29,286.96,5.12,44.1,12.6,12.66,133
2017_NIP38,2017-08-13,20.8,53,5.5,157,0.4,88.34,29.41,293.71,4.46,47.05,11.69,12.61,134
2017_NIP38,2017-08-14,18.3,72,13.8,43,11.1,52.47,14.86,268.68,0.44,26.12,0.47,63.8,135
2017_NIP38,2017-08-15,19.7,43,8.3,304,0.1,78.04,17.31,275.23,1.44,29.92,2.85,24.58,136
2017_NIP38,2017-08-16,24.0,38,5.8,187,0.0,87.7,20.53,282.56,4.13,34.74,9.21,13.3,137
2017_NIP38,2017-08-17,21.8,49,7.6,135,0.0,87.84,22.94,289.49,4.61,38.29,10.68,13.15,138
2017_NIP38,2017-08-18,20.3,61,3.0,166,0.7,84.59,24.66,296.14,2.32,40.82,6.05,16.77,139
2017_NIP38,2017-08-19,23.9,44,11.9,268,0.3,88.33,27.55,303.45,6.15,44.91,14.68,12.61,140
2017_NIP38,2017-08-20,22.6,64,18.7,240,0.1,87.16,29.31,310.52,7.32,47.43,17.24,13.9,141
2017_NIP38,2017-08-21,21.0,41,18.0,254,7.9,71.75,18.29,295.3,1.64,31.68,3.52,32.8,142
2017_NIP38,2017-08-22,12.4,82,24.2,355,1.2,70.18,18.79,300.54,2.13,32.5,4.76,34.98,143
2017_NIP38,2017-08-23,13.6,39,15.7,340,2.0,74.78,18.36,305.99,1.67,31.93,3.6,28.75,144
2017_NIP38,2017-08-24,16.6,46,11.4,336,0.0,83.96,20.33,311.98,3.25,34.97,7.5,17.48,145
2017_NIP38,2017-08-25,19.1,43,2.3,129,0.0,87.04,22.71,318.42,3.15,38.55,7.74,14.03,146
2017_NIP38,2017-08-26,20.8,41,14.9,172,0.0,88.76,25.38,325.17,7.6,42.47,16.73,12.16,147
2017_NIP38,2017-08-27,19.9,52,10.5,188,0.0,88.63,27.46,331.76,5.98,45.5,14.46,12.3,148
2017_NIP38,2017-08-28,19.0,66,13.9,217,0.2,86.53,28.87,338.18,5.26,47.58,13.42,14.59,149
2017_NIP38,2017-08-29,21.1,68,11.7,259,0.6,84.35,30.33,344.98,3.48,49.74,9.85,17.04,150
2017_NIP39,2017-07-29,28.9,41,18.0,233,0.0,90.35,30.68,253.66,11.16,47.11,23.33,10.46,119
2017_NIP39,2017-07-30,22.8,65,7.3,9,0.7,85.26,32.64,261.46,3.15,49.76,9.07,16.01,120
2017_NIP39,2017-07-31,26.9,51,15.1,230,0.0,87.93,35.87,270.01,6.82,53.85,17.51,13.05,121
2017_NIP39,2017-08-01,19.3,60,19.9,318,10.6,62.4,18.79,248.39,1.28,31.6,2.56,46.61,122
2017_NIP39,2017-08-02,13.0,48,14.7,306,0.0,78.53,20.3,253.74,2.07,33.84,4.75,23.96,123
2017_NIP39,2017-08-03,19.1,46,16.2,291,0.0,85.92,22.56,260.18,5.42,37.08,11.96,15.26,124
2017_NIP39,2017-08-04,19.1,35,13.3,341,0.0,89.18,25.27,266.62,7.45,40.85,16.15,11.71,125
2017_NIP39,2017-08-05,13.0,61,12.2,360,0.0,86.85,26.4,271.97,5.05,42.49,12.21,14.23,126
2017_NIP40,2017-07-30,23.7,62,7.3,11,1.9,78.42,29.26,249.99,1.41,45.27,3.92,24.11,120
2017_NIP40,2017-07-31,26.5,52,15.6,236,0.9,85.3,32.37,258.47,4.82,49.3,12.78,15.96,121
2017_NIP40,2017-08-01,19.9,60,18.9,320,8.1,64.22,18.7,245.08,1.32,31.41,2.67,43.76,122
2017_NIP40,2017-08-02,13.1,47,13.0,309,0.0,79.19,20.26,250.44,2.02,33.7,4.62,23.15,123
2017_NIP40,2017-08-03,19.6,43,15.8,291,0.0,86.65,22.69,256.97,5.89,37.18,12.8,14.45,124
2017_NIP40,2017-08-04,19.1,34,12.5,348,0.0,89.48,25.45,263.41,7.47,40.99,16.21,11.39,125
2017_NIP40,2017-08-05,14.0,59,12.6,360,0.0,87.26,26.72,268.94,5.47,42.81,13.05,13.78,126
2017_NIP40,2017-08-06,18.2,42,8.7,336,0.0,88.21,29.03,275.22,5.14,45.95,12.93,12.75,127
2017_NIP40,2017-08-07,24.5,46,10.0,257,0.0,88.74,31.89,282.63,5.92,49.75,15.08,12.18,128
2017_NIP40,2017-08-08,15.9,53,12.2,326,12.9,56.28,15.58,252.51,0.58,27.0,0.63,56.86,129
2017_NIP40,2017-08-09,19.4,40,15.8,305,0.0,81.48,18.12,259.0,2.97,30.85,6.38,20.38,130
2017_NIP40,2017-08-10,18.5,37,8.7,17,0.0,87.54,20.67,265.34,4.67,34.6,10.2,13.47,131
2017_NIP40,2017-08-11,23.2,34,7.6,341,0.0,90.26,23.98,272.52,6.53,39.32,14.31,10.55,132
2017_NIP40,2017-08-12,22.8,51,7.2,354,0.0,89.47,26.4,279.63,5.71,42.72,13.49,11.39,133
2017_NIP40,2017-08-13,23.7,45,4.0,175,0.3,89.52,29.22,286.9,4.9,46.57,12.54,11.34,134
2017_NIP46,2017-08-04,18.9,38,13.3,341,0.0,88.48,23.56,250.34,6.74,38.15,14.43,12.46,125
2017_NIP46,2017-08-05,12.5,61,11.9,2,0.0,86.62,24.66,255.6,4.82,39.74,11.31,14.48,126
2017_NIP46,2017-08-06,18.3,45,6.9,332,0.0,87.63,26.86,261.9,4.32,42.76,10.79,13.38,127
2017_NIP46,2017-08-07,24.6,47,10.9,261,0.0,88.5,29.67,269.33,5.99,46.53,14.67,12.43,128
2017_NIP46,2017-08-08,16.0,54,12.3,322,11.8,56.65,15.17,243.59,0.6,26.25,0.65,56.2,129
2017_NIP46,2017-08-09,18.9,42,16.6,311,0.0,81.03,17.56,250.0,2.93,29.88,6.18,20.92,130
2017_NIP46,2017-08-10,18.5,39,7.0,12,0.0,86.99,20.03,256.33,3.96,33.51,8.71,14.08,131
2017_NIP46,2017-08-11,23.3,37,7.7,332,0.0,89.69,23.2,263.53,6.04,38.04,13.23,11.16,132
2017_NIP46,2017-08-12,22.2,56,7.2,354,0.0,88.59,25.32,270.53,5.03,41.04,11.94,12.33,133
2017_NIP46,2017-08-13,23.0,49,4.0,175,0.1,88.64,27.86,277.68,4.31,44.54,11.04,12.28,134
2017_NIP46,2017-08-14,18.8,69,11.9,35,7.2,57.46,16.67,265.93,0.62,28.82,0.72,54.8,135
2017_NIP46,2017-08-15,20.3,40,6.0,295,0.1,80.05,19.32,272.59,1.55,32.82,3.37,22.1,136
2017_NIP46,2017-08-16,24.2,36,6.2,170,0.0,88.58,22.66,279.95,4.78,37.69,10.91,12.35,137
2017_NIP46,2017-08-17,21.8,48,7.7,143,0.0,88.63,25.12,286.88,5.19,41.21,12.26,12.29,138
2017_NIP46,2017-08-18,21.5,54,3.4,198,0.0,88.55,27.26,293.75,4.13,44.26,10.61,12.38,139
2017_NIP46,2017-08-19,24.2,44,11.9,270,1.9,83.33,27.7,301.11,3.07,45.04,8.33,18.22,140
2017_NIP46,2017-08-20,19.5,87,15.4,237,2.7,61.35,22.9,307.63,0.96,38.62,2.07,48.29,141
2017_NIP46,2017-08-21,21.1,39,18.0,258,4.6,72.95,17.73,303.75,1.72,30.94,3.64,31.17,142
2017_NIP46,2017-08-22,12.6,81,22.7,357,2.1,63.98,15.77,309.02,1.59,27.97,3.05,44.13,143
2017_NIP46,2017-08-23,13.9,34,13.9,339,1.2,78.08,17.81,314.53,1.91,31.21,4.12,24.53,144
2017_NIP46,2017-08-24,17.2,43,10.4,340,0.0,85.48,19.97,320.63,3.8,34.55,8.55,15.76,145
2017_NIP46,2017-08-25,19.7,40,3.5,156,0.0,88.11,22.54,327.18,3.9,38.46,9.31,12.86,146
2017_NIP46,2017-08-26,21.0,34,15.3,172,0.0,90.11,25.55,333.96,9.41,42.9,19.7,10.72,147
2017_NIP46,2017-08-27,20.2,50,9.0,182,0.0,89.26,27.75,340.6,6.06,46.11,14.74,11.62,148
2017_NIP46,2017-08-28,21.0,57,13.1,212,0.0,88.17,29.72,347.39,6.38,48.96,15.82,12.79,149
2017_NIP46,2017-08-29,20.2,80,10.8,266,1.7,73.37,28.89,354.03,1.22,47.99,3.47,30.61,150
2017_NIP46,2017-08-30,11.5,54,12.4,350,7.0,53.92,17.33,338.01,0.47,30.72,0.56,61.1,151
2017_NIP54,2017-08-12,21.8,56,8.4,353,0.1,88.55,33.25,309.32,5.31,52.41,14.28,12.38,133
2017_NIP54,2017-08-13,21.8,51,5.8,158,0.3,88.6,35.56,316.24,4.69,55.52,13.39,12.33,134
2017_NIP54,2017-08-14,18.6,69,14.8,45,11.0,55.05,17.94,289.86,0.59,31.07,0.71,59.04,135
2017_NIP54,2017-08-15,20.0,42,8.3,304,0.0,79.34,20.47,296.47,1.62,34.91,3.73,22.96,136
2017_NIP54,2017-08-16,24.1,37,6.2,187,0.0,88.23,23.74,303.81,4.54,39.72,10.78,12.73,137
2017_NIP54,2017-08-17,21.9,48,7.6,149,0.0,88.28,26.21,310.75,4.91,43.29,12.06,12.67,138
2017_NIP54,2017-08-18,21.0,56,3.6,186,0.3,88.14,28.22,317.54,3.94,46.18,10.45,12.82,139
2017_NIP54,2017-08-19,24.0,45,12.0,263,1.4,84.98,31.07,324.86,3.85,50.15,10.76,16.32,140
2017_NIP54,2017-08-20,20.7,78,16.8,239,1.6,75.08,30.82,331.59,1.79,50.01,5.42,28.35,141
2017_NIP54,2017-08-21,21.0,40,18.3,254,6.6,71.99,20.34,319.83,1.68,35.1,3.91,32.48,142
2017_NIP54,2017-08-22,12.3,80,24.1,359,1.0,72.6,20.89,325.05,2.31,36.0,5.54,31.64,143
2017_NIP54,2017-08-23,13.8,36,14.7,338,0.5,84.37,22.86,330.54,4.06,38.99,9.71,17.01,144
2017_NIP54,2017-08-24,16.9,44,11.3,338,0.0,87.03,24.94,336.59,4.95,42.09,11.94,14.04,145
2017_NIP54,2017-08-25,19.4,41,3.1,144,0.0,88.36,27.44,343.08,3.96,45.74,10.45,12.58,146
2017_NIP54,2017-08-26,20.9,37,15.3,172,0.0,89.64,30.3,349.85,8.8,49.82,20.26,11.21,147
2017_NIP54,2017-08-27,20.1,50,10.2,188,0.0,89.12,32.49,356.47,6.32,52.92,16.39,11.76,148
2017_NIP54,2017-08-28,20.3,60,14.0,209,0.0,87.63,34.26,363.13,6.18,55.44,16.52,13.37,149
2017_NIP54,2017-08-29,20.4,77,12.6,267,1.4,76.92,35.28,369.8,1.63,56.97,5.42,25.99,150
2017_NIP64,2017-08-10,17.4,42,9.0,358,0.0,86.87,27.22,296.13,4.31,44.26,10.99,14.21,131
2017_NIP64,2017-08-11,23.2,36,6.1,310,0.0,89.76,30.43,303.31,5.63,48.65,14.34,11.08,132
2017_NIP64,2017-08-12,21.1,51,9.5,349,0.2,89.14,32.67,310.12,6.12,51.72,15.79,11.74,133
2017_NIP64,2017-08-13,20.6,45,5.8,150,0.3,89.19,35.14,316.83,5.11,55.02,14.24,11.69,134
2017_NIP64,2017-08-14,18.3,68,14.0,46,6.8,59.2,21.23,304.55,0.79,36.16,1.27,51.83,135
2017_NIP64,2017-08-15,19.5,45,9.4,310,0.0,80.1,23.57,311.07,1.85,39.63,4.73,22.03,136
2017_NIP64,2017-08-16,24.5,38,4.6,219,0.0,88.16,26.84,318.48,4.15,44.34,10.66,12.8,137
2017_NIP64,2017-08-17,22.4,47,7.5,145,0.0,88.29,29.42,325.52,4.89,47.99,12.75,12.66,138
2017_NIP64,2017-08-18,20.3,65,3.2,153,1.3,78.85,30.96,332.17,1.19,50.22,3.52,23.57,139
2017_NIP64,2017-08-19,23.9,44,11.6,265,0.5,87.27,33.85,339.48,5.2,54.19,14.3,13.77,140
2017_NIP64,2017-08-20,24.4,55,16.3,235,0.0,87.32,36.22,346.88,6.63,57.45,17.75,13.72,141
2017_NIP64,2017-08-21,21.3,40,18.5,249,6.9,73.45,23.33,333.36,1.8,39.72,4.62,30.51,142
2017_NIP64,2017-08-22,12.4,81,26.1,353,0.6,76.51,23.86,338.59,3.13,40.58,7.95,26.51,143
2017_NIP64,2017-08-23,13.7,40,16.6,338,3.9,68.8,18.46,335.14,1.39,32.44,2.93,36.94,144
2017_NIP64,2017-08-24,16.6,46,12.1,333,0.0,82.2,20.43,341.13,2.69,35.54,6.36,19.53,145
2017_NIP64,2017-08-25,18.9,44,1.4,90,0.0,86.14,22.74,347.54,2.65,39.09,6.68,15.01,146
2017_NIP64,2017-08-26,21.2,41,13.7,175,0.0,88.64,25.46,354.36,7.04,43.16,15.93,12.28,147
2017_NIP64,2017-08-27,20.3,46,11.2,195,0.0,88.69,27.84,361.01,6.25,46.68,15.17,12.23,148
2017_NIP64,2017-08-28,19.2,65,14.7,216,0.0,86.7,29.31,367.47,5.61,48.87,14.32,14.4,149
2017_NIP64,2017-08-29,21.9,62,13.5,261,0.7,84.74,31.11,374.42,4.01,51.52,11.32,16.6,150
2017_NIP64,2017-08-30,12.1,53,16.2,348,4.1,64.95,22.83,369.04,1.19,39.54,2.86,42.64,151
2017_NIP64,2017-08-31,14.4,44,3.2,207,0.1,78.37,24.62,374.63,1.14,42.29,2.88,24.16,152
2017_NIP64,2017-09-01,19.2,41,21.6,198,0.0,86.96,26.75,379.79,8.23,45.49,18.41,14.12,153
2017_NIP64,2017-09-02,15.1,92,8.8,282,12.2,29.21,12.44,341.52,0.0,22.81,0.0,119.12,154
2017_NIP65,2017-08-09,18.1,45,17.1,311,0.0,83.24,25.85,290.59,3.94,42.29,9.93,18.32,130
2017_NIP65,2017-08-10,17.6,41,9.0,358,0.0,87.21,28.12,296.76,4.52,45.47,11.61,13.84,131
2017_NIP65,2017-08-11,23.6,34,6.1,310,0.0,90.23,31.49,304.01,6.03,50.03,15.33,10.59,132
2017_NIP65,2017-08-12,21.2,48,9.5,349,0.2,89.67,33.88,310.83,6.6,53.25,16.97,11.19,133
2017_NIP65,2017-08-13,20.7,44,5.8,150,0.3,89.71,36.4,317.56,5.51,56.59,15.32,11.13,134
2017_NIP65,2017-08-14,18.6,64,14.0,46,6.8,61.3,22.27,305.31,0.9,37.67,1.78,48.38,135
2017_NIP65,2017-08-15,19.8,43,9.4,310,0.0,81.34,24.73,311.88,2.12,41.28,5.58,20.55,136
2017_NIP65,2017-08-16,24.7,37,4.6,219,0.0,88.65,28.08,319.33,4.45,46.04,11.54,12.27,137
2017_NIP65,2017-08-17,22.8,45,7.5,145,0.0,88.73,30.8,326.44,5.21,49.84,13.68,12.19,138
2017_NIP65,2017-08-18,20.7,59,3.2,153,1.3,80.24,32.64,333.17,1.37,52.44,4.25,21.87,139
2017_NIP65,2017-08-19,24.2,43,11.6,265,0.5,87.77,35.62,340.53,5.59,56.47,15.46,13.22,140
2017_NIP65,2017-08-20,24.2,55,16.3,235,0.0,87.82,37.97,347.89,7.13,59.66,19.1,13.17,141
2017_NIP65,2017-08-21,21.6,38,18.5,249,6.9,74.38,24.63,334.37,1.88,41.6,5.0,29.27,142
2017_NIP65,2017-08-22,12.0,84,26.1,353,0.6,76.1,25.07,339.54,3.05,42.32,7.97,27.03,143
2017_NIP65,2017-08-23,13.9,37,16.6,338,3.9,69.64,19.47,336.09,1.43,34.01,3.15,35.74,144
2017_NIP65,2017-08-24,16.8,44,12.1,333,0.0,82.88,21.54,342.12,2.93,37.22,7.09,18.73,145
2017_NIP65,2017-08-25,19.2,42,1.4,90,0.0,86.72,23.97,348.58,2.88,40.91,7.41,14.38,146
2017_NIP65,2017-08-26,21.4,39,13.7,175,0.0,89.1,26.8,355.44,7.51,45.1,17.12,11.79,147
2017_NIP65,2017-08-27,20.5,43,11.2,195,0.0,89.14,29.35,362.13,6.67,48.8,16.33,11.74,148
2017_NIP65,2017-08-28,19.9,61,14.7,216,0.0,87.44,31.04,368.72,6.23,51.28,15.93,13.58,149
2017_NIP65,2017-08-29,22.0,61,13.5,261,0.7,85.06,32.9,375.68,4.2,53.98,12.06,16.23,150
2017_NIP65,2017-08-30,12.1,53,16.2,348,4.1,65.01,24.09,370.26,1.19,41.44,2.99,42.54,151
2017_NIP67,2017-08-10,17.7,40,9.3,16,0.0,86.75,20.72,272.75,4.3,34.83,9.55,14.34,131
2017_NIP67,2017-08-11,22.6,35,6.3,329,0.0,89.8,23.9,279.82,5.72,39.39,12.92,11.04,132
2017_NIP67,2017-08-12,22.0,54,8.0,355,0.0,88.86,26.1,286.79,5.45,42.52,12.96,12.05,133
2017_NIP67,2017-08-13,22.4,48,4.6,162,0.1,88.91,28.62,293.82,4.62,46.03,11.89,11.99,134
2017_NIP68,2017-08-07,24.2,47,9.0,265,0.0,88.54,36.12,316.9,5.47,56.21,15.17,12.39,128
2017_NIP68,2017-08-08,15.5,55,12.4,330,11.8,55.79,18.1,287.26,0.56,31.28,0.68,57.72,129
2017_NIP68,2017-08-09,19.4,43,15.6,299,0.0,80.67,20.52,293.75,2.68,34.93,6.28,21.35,130
2017_NIP68,2017-08-10,18.2,39,9.8,17,0.0,87.01,22.95,300.03,4.58,38.53,10.66,14.06,131
2017_NIP68,2017-08-11,22.8,34,5.8,338,0.0,90.04,26.2,307.14,5.77,43.19,13.69,10.79,132
2017_NIP68,2017-08-12,22.7,52,8.0,355,0.0,89.27,28.56,314.23,5.77,46.55,14.26,11.61,133
2017_NIP68,2017-08-13,23.3,47,3.6,174,0.8,86.72,31.23,321.43,3.22,50.26,9.28,14.37,134
2017_NIP68,2017-08-14,19.0,78,11.4,35,8.8,49.74,16.78,302.17,0.28,29.48,0.33,69.08,135
2017_NIP73,2017-08-08,16.1,51,12.6,329,8.9,60.08,19.52,285.21,0.78,33.33,0.98,50.38,129
2017_NIP73,2017-08-09,19.7,40,11.3,297,0.0,81.92,22.09,291.76,2.49,37.15,6.1,19.86,130
2017_NIP73,2017-08-10,18.5,37,10.5,27,0.0,87.75,24.64,298.1,5.27,40.85,12.34,13.25,131
2017_NIP73,2017-08-11,22.7,35,6.6,351,0.0,90.03,27.84,305.19,6.0,45.34,14.49,10.8,132
2017_NIP73,2017-08-12,23.0,48,8.0,352,0.0,89.85,30.42,312.33,6.28,48.93,15.62,10.99,133
2017_NIP75,2017-08-09,20.7,34,17.1,292,0.0,85.47,37.77,393.34,5.33,60.91,15.54,15.76,130
2017_NIP75,2017-08-10,19.1,37,8.9,27,0.0,88.65,40.39,399.78,5.53,64.49,16.51,12.27,131
2017_NIP75,2017-08-11,21.6,33,4.4,9,0.0,90.32,43.53,406.67,5.6,68.68,17.24,10.49,132
2017_NIP75,2017-08-12,24.2,40,7.8,347,0.0,90.37,46.67,414.03,6.69,72.81,20.28,10.44,133
2017_NIP75,2017-08-13,23.8,47,2.0,135,0.8,86.92,49.39,421.32,3.05,76.39,11.44,14.15,134
2017_NIP75,2017-08-14,19.2,88,7.9,24,9.0,38.68,26.82,394.23,0.04,45.85,0.06,93.43,135
2017_NIP75,2017-08-15,20.2,41,9.5,331,5.4,61.63,19.17,384.28,0.73,34.09,0.94,47.85,136
2017_NIP75,2017-08-16,24.1,38,7.6,225,0.0,84.17,22.4,391.62,2.76,39.19,6.95,17.24,137
2017_NIP75,2017-08-17,19.8,59,10.4,110,1.3,80.21,24.17,398.19,1.96,41.97,5.24,21.91,138
2017_NIP75,2017-08-18,19.2,75,4.3,360,4.8,52.87,16.6,390.45,0.28,30.01,0.33,63.05,139
2017_NIP75,2017-08-19,24.1,43,12.1,297,0.0,81.89,19.57,397.79,2.59,34.85,6.06,19.9,140
2017_NIP75,2017-08-20,25.9,47,22.3,214,0.0,88.08,22.52,405.46,10.01,39.55,19.76,12.89,141
2017_NIP75,2017-08-21,22.4,37,18.9,257,1.5,86.25,25.58,412.49,6.5,44.29,15.2,14.9,142
2017_NIP75,2017-08-22,13.7,93,11.7,317,2.5,56.32,21.34,417.96,0.56,37.85,0.78,56.79,143
2017_NIP75,2017-08-23,14.3,44,17.9,350,4.0,64.3,16.37,412.23,1.26,29.79,2.38,43.64,144
2017_NIP75,2017-08-24,17.5,43,11.4,332,0.0,81.59,18.56,418.38,2.41,33.41,5.5,20.25,145
2017_NIP75,2017-08-25,19.6,40,2.0,45,0.0,86.74,21.12,424.92,2.97,37.58,7.24,14.35,146
2017_NIP75,2017-08-26,21.3,41,11.3,163,0.0,88.74,23.85,431.75,6.32,41.92,14.45,12.18,147
2017_NIP75,2017-08-27,20.8,51,12.4,170,0.0,88.79,26.07,438.5,6.73,45.39,15.82,12.12,148
2017_NIP75,2017-08-28,18.5,73,15.1,208,0.8,82.53,27.16,444.84,3.26,47.13,9.02,19.14,149
2017_NIP75,2017-08-29,25.2,48,11.5,274,0.3,87.57,29.98,452.38,5.4,51.44,14.31,13.44,150
2017_NIP75,2017-08-30,12.3,67,11.1,13,14.8,45.25,13.52,395.49,0.15,24.92,0.16,78.35,151
2017_NIP75,2017-08-31,13.8,44,0.4,90,0.0,65.0,15.25,400.98,0.54,27.85,0.6,42.56,152
2017_NIP75,2017-09-01,18.5,48,20.1,204,0.0,82.38,17.06,406.02,4.11,30.88,8.57,19.32,153
2017_NIP75,2017-09-02,14.4,92,12.6,246,5.6,39.34,10.31,392.37,0.06,19.34,0.05,91.82,154
2017_NIP75,2017-09-03,21.7,42,12.6,257,0.0,76.51,12.66,397.98,1.59,23.46,2.63,26.5,155
2017_NIP75,2017-09-04,14.5,50,17.5,289,4.8,64.91,9.0,388.1,1.27,17.02,1.22,42.71,156
2017_NIP75,2017-09-05,11.6,85,12.8,322,2.9,50.49,6.55,386.03,0.33,12.56,0.23,67.59,157
2017_NIP75,2017-09-06,10.4,56,8.7,343,1.3,63.56,7.45,389.61,0.77,14.22,0.57,44.79,158
2017_NIP75,2017-09-07,12.9,46,7.6,25,0.0,78.03,8.79,393.63,1.39,16.66,1.48,24.58,159
2017_NIP75,2017-09-08,13.4,47,5.6,320,0.5,83.57,10.16,397.75,2.31,19.1,3.55,17.93,160
2017_NIP75,2017-09-09,19.1,44,17.9,232,0.0,87.37,12.18,402.89,7.25,22.64,11.6,13.66,161
2017_NIP75,2017-09-10,20.7,59,17.7,207,0.0,87.42,13.77,408.32,7.23,25.39,12.29,13.6,162
2017_NIP75,2017-09-11,19.9,80,15.6,247,3.6,62.75,10.07,404.33,1.05,18.96,0.92,46.06,163
2017_NIP75,2017-09-12,23.3,40,16.1,250,0.0,85.06,12.68,410.23,4.78,23.53,8.36,16.23,164
2017_NIP75,2017-09-13,16.8,47,11.0,23,0.0,86.78,14.36,414.95,4.7,26.44,8.8,14.31,165
2017_NIP75,2017-09-14,11.1,57,12.2,90,0.0,86.46,15.3,418.66,4.78,28.04,9.22,14.66,166
2017_NIP77,2017-08-09,19.5,40,12.6,301,0.0,81.37,18.04,248.8,2.5,30.54,5.36,20.51,130
2017_NIP77,2017-08-10,18.5,37,9.5,25,0.0,87.56,20.59,255.13,4.88,34.26,10.51,13.45,131
2017_NIP77,2017-08-11,22.9,36,8.0,350,0.0,89.89,23.76,262.26,6.32,38.74,13.84,10.94,132
2017_NIP77,2017-08-12,23.1,48,7.6,352,0.0,89.83,26.35,269.42,6.14,42.35,14.2,11.01,133
2017_NIP77,2017-08-13,24.4,43,2.2,189,0.6,88.84,29.36,276.81,4.05,46.41,10.74,12.07,134
2017_NIP77,2017-08-14,19.4,77,9.4,18,7.2,52.07,17.18,265.22,0.33,29.57,0.39,64.55,135
2017_NIP77,2017-08-15,20.3,38,3.6,307,0.4,77.43,19.92,271.88,1.08,33.67,2.14,25.33,136
2017_NIP77,2017-08-16,24.0,40,6.3,167,0.0,87.27,23.03,279.2,3.98,38.18,9.43,13.78,137
2017_NIP77,2017-08-17,19.1,57,7.7,118,0.0,87.31,24.82,285.64,4.3,40.78,10.46,13.72,138
2017_NIP77,2017-08-18,21.2,54,0.8,243,0.9,83.35,26.94,292.46,1.76,43.79,4.84,18.18,139
2017_NIP77,2017-08-19,24.1,41,13.3,283,1.2,86.0,30.01,299.81,4.73,48.0,12.41,15.17,140
2017_NIP77,2017-08-20,20.7,77,15.8,246,1.4,76.94,31.04,306.54,1.92,49.54,5.76,25.96,141
2017_NIP77,2017-08-21,21.2,39,18.3,260,6.2,73.14,21.0,297.26,1.76,35.69,4.17,30.92,142
2017_NIP77,2017-08-22,15.3,80,15.1,332,3.6,55.9,15.6,295.97,0.65,27.57,0.72,57.54,143
2017_NIP77,2017-08-23,14.1,34,14.5,341,2.4,70.4,14.66,301.52,1.32,26.15,2.23,34.67,144
2017_NIP77,2017-08-24,17.2,44,10.4,340,0.0,83.05,16.78,307.62,2.74,29.53,5.75,18.54,145
2017_NIP77,2017-08-25,19.8,39,3.1,144,0.0,87.53,19.41,314.18,3.52,33.63,7.85,13.49,146
2017_NIP77,2017-08-26,20.4,32,14.5,174,0.0,90.24,22.43,320.86,9.21,38.19,18.27,10.58,147
2017_NIP77,2017-08-27,20.5,54,11.2,176,0.0,88.75,24.48,327.55,6.3,41.25,14.29,12.16,148
2017_NIP77,2017-08-28,18.6,69,11.7,223,3.0,68.6,20.13,328.5,1.08,34.91,2.22,37.23,149
2017_NIP78,2017-08-09,19.3,42,12.6,301,0.0,80.71,17.73,248.81,2.32,30.09,4.92,21.3,130
2017_NIP78,2017-08-10,18.5,37,9.5,25,0.0,87.39,20.27,255.15,4.76,33.83,10.23,13.63,131
2017_NIP78,2017-08-11,23.0,36,8.0,350,0.0,89.88,23.46,262.29,6.31,38.34,13.74,10.96,132
2017_NIP78,2017-08-12,23.0,49,7.6,352,0.0,89.68,26.0,269.43,6.01,41.89,13.88,11.17,133
2017_NIP78,2017-08-13,24.4,43,2.2,189,0.6,88.8,29.0,276.83,4.03,45.96,10.63,12.11,134
2017_NIP9,2017-07-02,18.3,52,15.8,360,0.9,84.24,21.48,141.24,4.21,31.12,8.79,17.16,92
2017_NIP9,2017-07-03,20.1,39,5.4,323,0.0,88.08,24.51,148.57,4.28,34.71,9.48,12.88,93
2017_NIP9,2017-07-04,25.1,37,15.8,210,0.0,90.29,28.39,156.79,9.91,39.09,19.5,10.52,94
2017_NIP9,2017-07-05,23.7,65,16.3,276,5.8,68.44,19.12,154.56,1.35,29.21,2.58,37.46,95
2017_NIP9,2017-07-06,21.9,47,16.8,312,0.0,84.4,21.98,162.21,4.53,32.84,9.64,16.98,96
2017_NIP9,2017-07-07,18.9,46,13.2,313,0.0,87.12,24.52,169.32,5.52,36.0,11.95,13.93,97
2017_NIP9,2017-07-08,16.5,75,11.6,338,5.3,55.71,16.24,166.69,0.53,26.12,0.57,57.87,98
2017_NIP9,2017-07-09,17.3,57,5.8,248,0.7,72.58,18.1,173.51,0.92,28.71,1.26,31.68,99
2017_NIP9,2017-07-10,19.2,42,20.9,299,4.2,73.44,14.72,174.0,2.03,24.3,3.67,30.51,100
2017_NIP9,2017-07-11,15.7,39,6.5,19,0.0,83.84,17.13,180.53,2.5,27.69,5.02,17.62,101
2017_NIP9,2017-07-12,16.4,44,9.8,107,0.0,86.76,19.43,187.18,4.42,30.85,9.11,14.33,102
2017_NIP9,2017-07-13,20.9,32,4.0,185,0.0,89.89,22.94,194.65,5.17,35.44,11.23,10.94,103
2017_NIP9,2017-07-14,24.6,36,17.0,257,0.0,90.62,26.81,202.78,11.03,40.29,21.4,10.18,104
2017_NIP9,2017-07-15,12.6,83,13.1,8,5.1,50.22,17.49,199.18,0.33,28.68,0.37,68.13,105
2017_NIP9,2017-07-16,22.0,37,8.9,243,0.0,80.34,20.91,206.85,1.85,33.38,4.17,21.75,106
2017_NIP9,2017-07-17,22.2,44,19.5,208,0.0,87.46,23.97,214.55,7.96,37.47,16.23,13.56,107
2017_NIP9,2017-07-18,24.0,37,17.0,265,0.0,90.03,27.68,222.57,10.14,42.23,20.63,10.8,108
2017_NIP9,2017-07-19,18.6,49,10.7,237,0.6,87.47,30.04,229.62,5.12,45.28,12.78,13.55,109
2017_NIP9,2017-07-20,20.5,42,23.5,293,4.8,76.16,22.46,227.64,2.68,36.04,6.41,26.96,110
2017_NIP9,2017-07-21,17.4,38,9.4,356,0.0,85.72,25.16,234.48,3.74,39.67,9.15,15.49,111
2017_NIP9,2017-07-22,21.4,35,3.7,61,0.0,89.23,28.59,242.04,4.63,44.15,11.62,11.65,112
2017_NIP9,2017-07-23,21.9,35,5.4,48,0.0,90.2,32.1,249.68,5.79,48.59,14.63,10.62,113
2017_NIP9,2017-07-24,26.0,34,10.2,252,0.0,91.19,36.3,258.07,8.5,53.71,20.54,9.58,114
2017_NIP9,2017-07-25,24.0,53,19.5,182,0.0,89.38,39.07,266.09,10.49,57.16,24.61,11.48,115
2017_NIP9,2017-07-26,18.9,76,20.5,301,15.7,51.69,17.7,230.53,0.56,29.7,0.66,65.28,116
2017_NIP9,2017-07-27,21.8,40,4.7,360,0.1,78.37,20.93,238.16,1.23,34.32,2.63,24.16,117
2017_NIP9,2017-07-28,27.3,36,10.7,250,0.0,89.46,25.2,246.77,6.81,40.15,14.94,11.4,118
2017_NIP9,2017-07-29,28.5,39,18.0,241,0.0,90.68,29.44,255.61,11.71,45.71,23.77,10.11,119
2017_NIP9,2017-07-30,24.1,62,8.8,9,1.4,81.72,31.69,263.65,2.15,48.73,6.34,20.09,120
2017_NIP9,2017-07-31,26.5,52,16.6,229,1.2,84.86,34.8,272.12,4.77,52.74,13.17,16.46,121
2017_NIP9,2017-08-01,19.9,63,18.6,317,5.0,67.18,23.98,267.67,1.46,39.18,3.63,39.3,122
2017_NIP9,2017-08-02,12.9,49,12.7,313,0.0,79.84,25.45,272.99,2.12,41.28,5.6,22.36,123
2017_NIP9,2017-08-03,19.8,43,15.3,285,0.0,86.82,27.91,279.56,5.88,44.67,14.14,14.27,124
2017_NIP9,2017-08-04,18.8,36,12.6,360,0.0,89.14,30.54,285.95,7.15,48.21,17.1,11.75,125
2017_NIP9,2017-08-05,14.7,60,13.0,360,0.0,87.1,31.85,291.6,5.44,50.03,14.18,13.96,126
2017_NIP9,2017-08-06,17.9,41,9.6,340,0.0,88.27,34.16,297.83,5.43,53.1,14.62,12.68,127
2017_NIP9,2017-08-07,24.1,49,9.4,263,0.0,88.32,36.81,305.17,5.41,56.57,15.11,12.62,128
2017_NIP9,2017-08-08,15.6,54,12.1,330,12.0,55.95,18.46,275.88,0.56,31.63,0.68,57.44,129
2017_NIP9,2017-08-09,19.3,42,14.8,299,0.0,80.73,20.9,282.36,2.59,35.27,6.12,21.28,130
2017_NIP9,2017-08-10,18.2,39,9.9,19,0.0,87.03,23.33,288.64,4.61,38.82,10.78,14.03,131
2017_NIP9,2017-08-11,22.7,35,6.5,341,0.0,89.88,26.53,295.73,5.85,43.33,13.85,10.96,132
2017_NIP9,2017-08-12,22.7,51,8.0,355,0.0,89.37,28.93,302.82,5.86,46.71,14.45,11.5,133
2017_NIP9,2017-08-13,23.6,46,3.2,180,0.6,88.22,31.69,310.07,3.9,50.48,10.93,12.74,134
2017_NIP9,2017-08-14,19.1,77,11.1,29,5.9,55.17,19.9,301.31,0.5,34.16,0.64,58.84,135
2017_NIP95,2017-08-11,23.9,34,8.9,310,0.0,90.64,55.56,326.73,7.36,77.98,22.49,10.16,132
2017_NIP95,2017-08-12,21.9,51,8.4,353,0.0,89.44,57.89,333.68,6.04,80.75,19.89,11.43,133
2017_NIP95,2017-08-13,22.7,46,4.1,165,0.2,89.49,60.54,340.77,4.9,83.85,17.4,11.37,134
2017_NIP95,2017-08-14,19.6,60,15.6,50,9.6,61.73,33.19,317.53,0.99,52.63,2.94,47.69,135
2017_NIP98,2017-08-10,17.5,41,7.9,3,0.0,87.3,30.05,292.17,4.34,47.81,11.54,13.74,131
2017_NIP98,2017-08-11,23.5,34,6.9,317,0.0,90.25,33.41,299.41,6.29,52.24,16.22,10.56,132
2017_NIP98,2017-08-12,21.1,48,9.1,351,0.1,89.66,35.79,306.21,6.46,55.39,17.07,11.19,133
2017_NIP98,2017-08-13,20.7,44,6.1,152,0.4,89.71,38.31,312.94,5.59,58.66,15.8,11.14,134
2017_NIP98,2017-08-14,18.6,64,14.5,46,8.7,59.26,21.51,294.46,0.81,36.37,1.39,51.74,135
2017_NIP98,2017-08-15,19.7,43,9.0,307,0.0,80.55,23.96,301.01,1.9,39.96,4.89,21.5,136
2017_NIP98,2017-08-16,24.7,37,5.2,205,0.0,88.54,27.31,308.46,4.52,44.72,11.49,12.39,137
2017_NIP98,2017-08-17,22.8,45,7.3,147,0.0,88.7,30.03,315.57,5.14,48.51,13.33,12.21,138
2017_NIP98,2017-08-18,20.7,59,3.4,162,0.5,87.85,31.87,322.3,3.74,51.11,10.63,13.14,139
2017_NIP98,2017-08-19,24.1,43,12.0,263,0.3,89.08,34.84,329.64,6.88,55.11,17.84,11.81,140
2017_NIP98,2017-08-20,24.1,55,17.1,235,0.0,88.81,37.18,336.99,8.56,58.28,21.53,12.09,141
2017_NIP98,2017-08-21,21.6,38,18.3,250,7.7,73.71,23.2,321.13,1.81,39.3,4.59,30.15,142
2017_NIP98,2017-08-22,11.9,84,25.7,354,0.8,73.85,23.63,326.27,2.64,40.01,6.75,29.98,143
2017_NIP98,2017-08-23,13.8,37,15.8,339,3.2,71.11,19.67,325.64,1.44,34.18,3.19,33.69,144
2017_NIP98,2017-08-24,16.8,44,11.9,335,0.0,83.3,21.74,331.67,3.06,37.35,7.4,18.24,145
2017_NIP98,2017-08-25,19.1,42,1.9,112,0.0,86.91,24.16,338.11,3.03,40.99,7.78,14.16,146
2017_NIP98,2017-08-26,21.4,39,14.5,174,0.0,89.14,26.99,344.97,7.87,45.15,17.74,11.74,147
2017_NIP98,2017-08-27,20.5,43,11.1,193,0.0,89.19,29.53,351.66,6.68,48.81,16.35,11.69,148
2017_NIP98,2017-08-28,19.8,61,14.6,213,0.0,87.44,31.21,358.23,6.2,51.26,15.87,13.58,149
2017_NIP98,2017-08-29,21.9,61,13.1,262,0.6,85.62,33.07,365.18,4.44,53.92,12.61,15.6,150
2017_NIP98,2017-08-30,12.1,53,15.7,349,6.1,59.98,20.68,352.17,0.9,36.07,1.71,50.53,151
2017_NIP99,2017-08-12,23.8,37,6.8,302,0.0,88.95,24.94,292.95,5.19,41.13,12.26,11.95,133
2017_NIP99,2017-08-13,24.4,44,8.2,255,0.0,89.15,27.89,300.35,5.74,45.27,13.97,11.74,134
2017_NIP99,2017-08-14,21.7,53,7.1,240,1.3,82.63,30.1,307.26,2.2,48.36,6.46,19.02,135
2017_NIP99,2017-08-15,19.1,45,3.3,13,5.5,62.53,20.81,299.96,0.56,35.47,0.74,46.4,136
2017_NIP99,2017-08-16,19.5,51,13.7,162,0.0,80.75,22.89,306.47,2.46,38.58,6.17,21.26,137
2017_RED103,2017-08-25,21.2,33,12.2,166,0.0,90.11,35.49,401.16,8.05,58.13,20.58,10.71,146
2017_RED103,2017-08-26,22.5,45,14.3,190,0.0,90.16,38.17,408.22,9.02,61.88,23.04,10.66,147
2017_RED103,2017-08-27,21.3,55,8.1,212,0.2,88.72,40.26,415.06,5.37,64.8,16.17,12.19,148
2017_RED103,2017-08-28,26.6,36,16.1,246,0.0,90.8,43.92,422.85,10.82,69.73,27.79,9.99,149
2017_RED103,2017-08-29,19.4,79,7.4,331,6.4,51.25,27.2,407.08,0.28,46.62,0.44,66.12,150
2017_RED103,2017-08-30,14.7,43,8.3,18,2.7,63.44,23.79,412.73,0.75,41.58,1.44,44.96,151
2017_RED103,2017-08-31,19.9,39,12.6,175,0.0,83.39,26.43,419.31,3.2,45.66,8.72,18.14,152
2017_RED103,2017-09-01,22.5,55,23.6,199,0.0,86.37,28.32,425.07,8.38,48.55,19.29,14.76,153
2017_RED103,2017-09-02,22.9,37,14.8,276,15.1,70.61,14.65,371.38,1.35,26.67,2.35,34.38,154
2017_RED103,2017-09-03,19.2,49,14.7,281,0.3,83.4,16.49,376.54,3.57,29.73,7.38,18.13,155
2017_RED103,2017-09-04,10.4,81,18.6,306,2.8,60.66,12.99,374.83,1.09,23.91,1.43,49.42,156
2017_RED103,2017-09-05,8.2,87,21.3,338,9.3,32.15,6.62,346.86,0.02,12.64,0.01,110.59,157
2017_RED103,2017-09-06,13.0,47,5.6,285,0.0,60.73,7.95,350.9,0.57,15.06,0.43,49.3,158
2017_RED103,2017-09-07,13.3,57,9.5,25,2.6,62.31,6.74,355.0,0.75,12.86,0.52,46.75,159
2017_RED103,2017-09-08,17.6,41,12.2,225,0.0,81.53,8.7,359.87,2.49,16.41,3.49,20.33,160
2017_RED103,2017-09-09,20.2,40,18.8,206,0.0,87.86,10.98,365.21,8.14,20.42,12.07,13.12,161
2017_RED103,2017-09-10,24.2,54,21.8,196,0.0,87.91,13.05,371.27,9.53,23.99,14.82,13.07,162
2017_RED103,2017-09-11,20.0,39,28.0,263,4.1,78.64,10.63,366.09,4.09,19.83,6.57,23.82,163
2017_RED103,2017-09-12,24.1,40,7.5,235,0.0,87.67,13.33,372.13,4.48,24.46,8.07,13.33,164
2017_RED103,2017-09-13,15.7,49,10.3,36,0.0,87.72,14.85,376.66,5.2,27.04,9.7,13.28,165
2017_RED103,2017-09-14,13.9,49,9.7,63,0.0,87.77,16.21,380.87,5.08,29.31,9.95,13.22,166
2017_RED23,2017-07-26,22.0,62,14.1,308,0.7,85.17,16.76,176.82,4.39,27.1,8.41,16.1,116
2017_RED23,2017-07-27,24.2,52,4.5,299,0.0,87.11,19.61,184.88,3.55,31.0,7.55,13.95,117
2017_RED23,2017-07-28,27.3,47,11.5,226,0.0,88.85,23.15,193.5,6.49,35.64,13.51,12.06,118
2017_RED23,2017-07-29,26.9,56,14.9,255,0.7,86.93,26.04,202.04,5.85,39.39,13.16,14.14,119
2017_RED23,2017-07-30,28.3,35,2.3,252,2.8,80.97,25.15,210.84,1.42,38.75,3.48,20.98,120
2017_RED23,2017-07-31,26.7,61,17.2,237,0.8,84.55,27.7,219.35,4.71,42.11,11.49,16.81,121
2017_RED23,2017-08-01,20.8,66,11.5,360,22.8,52.71,11.95,170.08,0.4,20.33,0.36,63.35,122
2017_RED34,2017-07-29,21.6,87,10.1,270,3.6,57.13,20.11,240.94,0.56,33.27,0.7,55.38,119
2017_RED34,2017-07-30,25.7,40,9.2,296,0.0,83.85,23.89,249.27,2.87,38.54,7.11,17.61,120
2017_RED34,2017-07-31,25.3,63,21.4,225,7.1,70.48,15.55,240.91,1.87,26.77,3.58,34.56,121
2017_RED34,2017-08-01,18.9,50,18.6,345,0.3,83.43,17.61,247.31,4.36,29.9,8.84,18.1,122
2017_RED34,2017-08-02,16.2,37,10.2,337,0.0,87.64,19.86,253.23,5.11,33.21,10.73,13.37,123
2017_RED34,2017-08-03,19.1,64,6.8,302,0.0,86.7,21.36,259.68,3.77,35.44,8.61,14.4,124
2017_RED34,2017-08-04,19.2,43,8.3,358,0.3,88.07,23.75,266.14,4.94,38.84,11.39,12.9,125
2017_RED34,2017-08-05,18.7,42,15.2,4,0.0,88.5,26.12,272.51,7.43,42.14,16.39,12.44,126
2017_RED34,2017-08-06,22.0,50,7.7,307,0.0,88.55,28.51,279.47,5.13,45.43,12.83,12.38,127
2017_RED34,2017-08-07,23.4,54,14.0,270,2.5,78.79,25.99,286.69,2.04,42.38,5.5,23.65,128
2017_RED34,2017-08-08,18.4,50,13.4,306,5.6,66.02,17.83,279.61,1.08,30.76,1.93,41.02,129
2017_RED34,2017-08-09,19.8,41,11.3,343,0.0,83.45,20.38,286.18,3.03,34.6,6.98,18.07,130
2017_RED34,2017-08-10,21.7,34,5.1,352,0.0,88.99,23.48,293.09,4.8,39.13,11.18,11.9,131
2017_RED34,2017-08-11,23.9,42,9.0,307,0.0,89.39,26.48,300.4,6.18,43.39,14.47,11.48,132
2017_RED34,2017-08-12,23.8,51,8.3,326,0.5,89.4,29.0,307.68,5.98,46.94,14.72,11.46,133
2017_RED34,2017-08-13,20.4,73,5.9,256,1.4,77.37,30.2,314.36,1.2,48.7,3.47,25.42,134
2017_RED34,2017-08-14,21.5,55,11.5,46,3.9,70.0,23.4,312.83,1.12,39.43,2.62,35.23,135
2017_RED34,2017-08-15,23.0,43,3.7,119,0.0,83.99,26.24,319.97,2.21,43.55,6.05,17.45,136
2017_RED34,2017-08-16,22.2,63,4.7,176,0.0,85.04,28.02,326.97,2.68,46.15,7.51,16.26,137
2017_RED34,2017-08-17,20.6,64,3.2,207,2.7,68.01,24.23,333.68,0.69,41.02,1.08,38.09,138
2017_RED34,2017-08-18,23.8,45,9.4,293,0.2,84.52,27.06,340.97,3.17,45.16,8.58,16.84,139
2017_RED34,2017-08-19,25.4,39,12.8,260,0.5,89.46,30.39,348.55,7.57,49.91,18.16,11.4,140
2017_RED34,2017-08-20,21.8,40,23.3,278,2.2,83.68,29.26,355.47,5.71,48.53,14.46,17.8,141
2017_RED34,2017-08-21,20.1,42,18.9,261,0.0,87.92,31.8,362.1,8.24,52.15,19.78,13.06,142
2017_RED34,2017-08-22,14.7,69,19.2,5,3.3,66.67,24.98,360.66,1.48,42.58,3.93,40.05,143
2017_RED34,2017-08-23,15.6,35,9.2,349,0.3,82.65,27.22,366.47,2.46,45.91,6.91,19.0,144
2017_RED34,2017-08-24,18.3,39,2.5,45,0.0,87.04,29.66,372.77,3.18,49.48,9.11,14.02,145
2017_RED34,2017-08-25,21.3,34,12.0,164,0.0,89.93,32.71,379.61,7.77,53.83,19.26,10.91,146
2017_RED34,2017-08-26,22.5,44,12.0,187,0.0,89.98,35.44,386.66,7.82,57.67,20.07,10.86,147
2017_RED34,2017-08-27,19.6,70,9.3,216,1.2,80.13,36.72,393.19,1.84,59.54,6.28,22.0,148
2017_RED34,2017-08-28,26.4,38,15.0,246,0.2,89.33,40.24,400.95,8.29,64.34,22.15,11.55,149
2017_RED34,2017-08-29,19.4,82,8.1,339,7.3,47.54,23.48,382.55,0.18,40.72,0.26,73.52,150
2017_RED54,2017-08-11,23.7,38,6.6,299,0.0,89.84,25.13,313.42,5.84,41.87,13.58,11.0,132
2017_RED54,2017-08-12,24.8,39,7.4,293,0.0,90.12,28.39,320.89,6.34,46.5,15.31,10.7,133
2017_RED54,2017-08-13,25.7,43,6.2,263,0.0,90.17,31.55,328.52,6.01,50.88,15.43,10.65,134
2017_RED54,2017-08-14,23.4,57,10.2,42,4.5,70.94,23.23,324.85,1.08,39.42,2.5,33.93,135
2017_RED54,2017-08-15,24.8,42,3.9,146,0.0,85.16,26.33,332.32,2.62,43.96,7.13,16.12,136
2017_RED54,2017-08-16,18.9,80,9.5,155,6.0,51.29,16.44,322.31,0.31,29.16,0.36,66.05,137
2017_RED54,2017-08-17,22.3,56,1.6,207,0.5,72.23,18.56,329.33,0.73,32.54,0.91,32.16,138
2017_RED54,2017-08-18,22.0,58,10.5,274,0.6,82.15,20.56,336.29,2.46,35.68,5.87,19.59,139
2017_RED54,2017-08-19,26.2,40,14.3,229,0.0,89.17,23.95,344.01,7.82,40.79,16.74,11.72,140
2017_RED54,2017-08-20,20.7,48,22.5,276,7.9,71.04,15.12,326.87,2.01,27.11,3.93,33.78,141
2017_RED54,2017-08-21,16.8,69,15.0,235,1.4,73.12,16.27,332.9,1.49,28.99,2.91,30.94,142
2017_RED54,2017-08-22,15.5,68,16.0,351,6.7,54.79,10.11,319.74,0.61,18.73,0.53,59.52,143
2017_RED54,2017-08-23,16.8,42,5.9,43,0.6,75.99,12.25,325.76,1.09,22.39,1.3,27.17,144
2017_RED54,2017-08-24,19.0,37,5.8,112,0.0,85.9,14.86,332.19,3.2,26.74,6.25,15.29,145
2017_RED54,2017-08-25,20.8,43,16.2,163,0.0,88.25,17.44,338.94,7.55,30.91,14.09,12.7,146
2017_RED54,2017-08-26,19.5,66,12.8,158,0.0,86.52,18.89,345.45,4.97,33.23,10.49,14.6,147
2017_RED54,2017-08-27,19.7,73,4.2,301,5.7,53.11,12.36,336.16,0.29,22.64,0.28,62.61,148
2017_RED54,2017-08-28,26.3,40,16.5,247,0.0,84.73,15.75,343.9,4.66,28.27,9.07,16.61,149
2017_RED54,2017-08-29,24.1,58,11.2,315,0.7,85.25,17.94,351.24,3.83,31.81,8.2,16.02,150
2017_RED54,2017-08-30,17.6,47,8.8,19,0.0,86.91,19.98,357.41,4.29,35.07,9.57,14.17,151
2017_RED54,2017-08-31,22.1,47,16.3,172,0.0,88.04,22.52,364.39,7.35,39.02,15.61,12.93,152
2017_RED54,2017-09-01,20.1,75,23.1,195,0.7,83.11,23.47,369.71,5.25,40.51,12.25,18.46,153
2017_RED54,2017-09-02,22.3,49,14.0,269,20.6,63.93,11.52,303.74,1.02,21.04,0.96,44.2,154
2017_RED54,2017-09-03,20.7,54,11.7,281,0.0,80.76,13.31,309.17,2.23,24.03,4.03,21.24,155
2017_RED54,2017-09-04,13.6,60,24.7,318,0.0,83.58,14.35,313.32,6.04,25.76,10.71,17.92,156
2017_RED54,2017-09-05,13.3,52,16.8,345,3.6,67.86,11.0,310.09,1.36,20.21,1.81,38.3,157
2017_RED54,2017-09-06,14.9,44,4.3,294,0.0,80.17,12.6,314.47,1.44,22.9,2.24,21.95,158
2017_RED54,2017-09-07,14.9,61,14.0,61,0.6,82.49,13.71,318.86,3.06,24.76,5.72,19.19,159
2017_RED54,2017-09-08,17.4,45,13.0,199,0.0,86.53,15.52,323.69,5.02,27.72,9.56,14.59,160
2017_RED54,2017-09-09,19.6,49,18.0,183,0.0,87.32,17.4,328.93,7.23,30.74,13.59,13.72,161
2017_RED54,2017-09-10,23.9,58,23.1,184,0.0,87.37,19.27,334.93,9.41,33.69,17.42,13.67,162
2017_RED54,2017-09-11,20.3,38,24.5,260,0.3,89.28,21.63,340.29,13.29,37.33,23.53,11.59,163
2017_RED54,2017-09-12,24.9,44,8.8,215,0.0,89.33,24.22,346.48,6.07,41.24,13.88,11.54,164
2017_RED54,2017-09-13,17.9,47,12.3,40,0.0,89.17,26.02,351.4,7.07,43.91,16.14,11.71,165
2017_RED54,2017-09-14,13.4,63,9.8,54,0.0,86.67,26.97,355.52,4.36,45.34,11.26,14.43,166
2017_RED54,2017-09-15,12.9,54,15.9,52,0.0,86.72,28.12,359.54,5.98,47.04,14.73,14.37,167
2017_RED56,2017-08-09,19.9,40,11.2,6,0.0,82.68,22.81,320.98,2.72,38.74,6.81,18.97,130
2017_RED56,2017-08-10,21.4,38,2.5,352,0.0,87.83,25.69,327.84,3.56,42.97,9.21,13.15,131
2017_RED56,2017-08-11,24.4,40,8.1,302,0.0,89.55,28.85,335.23,6.05,47.49,14.94,11.3,132
2017_RED56,2017-08-12,24.3,49,7.3,327,1.2,84.88,31.53,342.61,2.99,51.26,8.83,16.44,133
2017_RED56,2017-08-13,20.0,78,5.7,235,0.8,80.27,32.48,349.21,1.56,52.71,4.89,21.84,134
2017_RED69,2017-08-24,18.5,37,2.6,56,0.0,86.9,31.44,393.3,3.13,52.41,9.31,14.18,145
2017_RED69,2017-08-25,21.3,33,12.2,166,0.0,90.07,34.54,400.14,8.01,56.82,20.26,10.75,146
2017_RED69,2017-08-26,22.6,44,14.3,190,0.0,90.12,37.28,407.21,8.97,60.68,22.73,10.7,147
2017_RED69,2017-08-27,20.5,63,8.1,212,0.2,87.51,38.93,413.91,4.51,63.04,13.94,13.51,148
2017_RED69,2017-08-28,26.6,36,16.1,246,0.0,90.66,42.59,421.7,10.61,68.01,27.08,10.13,149
2017_RED69,2017-08-29,19.6,79,7.4,331,6.4,51.38,26.35,406.03,0.28,45.35,0.44,65.88,150
2017_RED69,2017-08-30,14.6,44,8.3,18,2.7,63.11,23.02,411.66,0.74,40.39,1.31,45.48,151
2017_RED87,2017-08-11,24.2,41,8.4,301,0.0,89.45,33.25,263.91,6.05,50.57,15.46,11.42,132
2017_RED87,2017-08-12,23.4,49,6.5,326,1.1,85.01,35.82,271.12,2.93,53.86,8.93,16.29,133
2017_RED87,2017-08-13,21.6,62,4.5,256,0.8,83.04,37.61,278.01,2.04,56.2,6.63,18.55,134
2017_RED87,2017-08-14,21.4,54,9.4,58,1.3,81.36,39.74,284.87,2.12,58.93,7.11,20.53,135
2017_RED87,2017-08-15,22.7,40,6.9,137,0.0,87.87,42.69,291.96,4.47,62.52,13.78,13.12,136
2017_RED87,2017-08-16,19.2,74,7.8,167,0.8,82.04,43.78,298.42,2.12,64.06,7.51,19.72,137
2017_RED87,2017-08-17,22.7,62,5.4,184,3.1,68.99,36.12,300.14,0.8,55.54,2.29,36.67,138
2017_RED87,2017-08-18,23.4,50,9.0,275,2.6,74.53,32.38,307.35,1.18,51.26,3.52,29.08,139
2017_RED87,2017-08-19,24.8,49,8.4,239,0.0,85.49,35.11,314.82,3.44,54.91,10.36,15.75,140
2017_RED87,2017-08-20,19.8,50,24.2,275,8.9,68.84,20.0,295.77,2.04,34.22,4.73,36.89,141
2017_RED87,2017-08-21,20.4,44,16.2,270,0.2,84.43,22.49,302.45,4.41,37.93,10.25,16.95,142
2017_RED87,2017-08-22,13.2,72,17.3,5,2.3,68.9,19.82,307.83,1.44,34.14,3.21,36.79,143
2017_RED87,2017-08-23,15.5,42,7.6,355,0.0,81.86,21.81,313.62,2.06,37.15,5.04,19.93,144
2017_RED87,2017-08-24,18.2,40,3.9,124,0.0,86.76,24.2,319.9,3.28,40.7,8.31,14.33,145
2017_RED87,2017-08-25,20.6,38,16.5,160,0.0,89.16,26.97,326.62,8.73,44.72,19.05,11.72,146
2017_RED87,2017-08-26,21.9,51,14.8,186,0.0,89.1,29.3,333.56,7.95,48.05,18.45,11.79,147
2017_RED87,2017-08-27,20.9,67,5.6,207,1.4,78.67,30.8,340.33,1.33,50.23,3.97,23.78,148
2017_RED87,2017-08-28,25.7,43,15.0,259,0.0,88.05,33.95,347.96,6.9,54.59,17.78,12.92,149
2017_RED87,2017-08-29,21.5,34,12.4,338,2.9,80.51,29.99,349.52,2.24,49.38,6.66,21.55,150
2017_RED87,2017-08-30,14.0,45,5.2,12,0.0,84.87,31.7,355.05,2.69,51.83,8.1,16.45,151
2017_RED87,2017-08-31,19.7,47,16.5,164,0.0,87.27,33.98,361.6,6.66,55.03,17.39,13.77,152
2017_RED87,2017-09-01,19.5,72,25.1,207,0.4,85.31,35.0,366.81,7.79,56.52,19.8,15.95,153
2017_SLK102,2017-08-10,20.5,35,5.9,11,0.0,88.58,25.76,247.76,4.71,40.9,11.29,12.34,131
2017_SLK102,2017-08-11,23.5,36,8.3,304,0.0,90.19,29.01,255.0,6.69,45.18,15.71,10.63,132
2017_SLK102,2017-08-12,22.9,51,8.4,329,0.4,89.46,31.44,262.12,6.06,48.38,15.11,11.41,133
2017_SLK102,2017-08-13,21.7,59,6.9,279,0.3,88.08,33.37,269.03,4.61,50.95,12.56,12.89,134
2017_SLK102,2017-08-14,19.7,62,12.5,46,7.4,61.43,19.71,257.22,0.84,33.09,1.27,48.17,135
2017_SLK102,2017-08-15,21.6,40,0.7,90,0.0,79.34,22.52,264.11,1.1,37.13,2.43,22.97,136
2017_SLK102,2017-08-16,24.1,44,8.8,192,0.0,87.23,25.44,271.45,4.49,41.22,10.91,13.81,137
2017_SLK102,2017-08-17,21.6,48,8.6,165,1.0,85.0,27.87,278.35,3.25,44.59,8.71,16.3,138
2017_SLK102,2017-08-18,23.8,45,8.0,280,0.0,88.13,30.7,285.63,4.91,48.4,12.83,12.83,139
2017_SLK102,2017-08-19,24.7,37,13.4,276,0.3,90.21,34.06,293.08,8.67,52.78,20.65,10.61,140
2017_SLK103,2017-08-11,23.4,38,9.2,296,0.0,89.79,30.72,254.9,6.61,47.21,15.94,11.05,132
2017_SLK103,2017-08-12,22.7,53,7.9,330,0.3,89.08,33.02,261.99,5.59,50.22,14.5,11.81,133
2017_SLK103,2017-08-13,21.1,64,6.1,270,0.4,87.24,34.67,268.79,3.93,52.44,11.24,13.8,134
2017_SLK103,2017-08-14,20.2,58,12.0,46,5.5,65.99,23.28,262.92,1.0,38.12,2.18,41.07,135
2017_SLK103,2017-08-15,21.6,41,0.4,90,0.0,80.65,26.04,269.82,1.24,41.96,3.18,21.37,136
2017_SLK103,2017-08-16,24.2,45,8.4,190,0.0,87.34,28.92,277.18,4.47,45.87,11.55,13.7,137
2017_SLK103,2017-08-17,21.7,52,8.1,167,0.3,87.39,31.18,284.09,4.43,48.93,11.91,13.64,138
2017_SLK103,2017-08-18,23.8,47,8.4,277,0.0,88.32,33.9,291.37,5.15,52.52,13.94,12.62,139
2017_SLK103,2017-08-19,24.4,42,12.3,273,0.0,89.36,36.95,298.77,7.27,56.45,18.82,11.51,140
2017_SLK103,2017-08-20,20.2,57,20.6,286,6.0,69.13,24.16,290.29,1.72,39.99,4.42,36.47,141
2017_SLK115,2017-08-26,21.2,37,14.8,179,0.0,89.77,34.33,367.38,8.74,55.66,21.35,11.08,147
2017_SLK115,2017-08-27,21.5,55,7.6,188,0.0,88.66,36.43,374.25,5.19,58.6,14.92,12.26,148
2017_SLK115,2017-08-28,22.3,55,14.1,212,0.0,88.5,38.6,381.27,7.04,61.61,19.25,12.43,149
2017_SLK115,2017-08-29,17.4,93,8.7,263,4.5,43.91,26.45,375.01,0.11,44.97,0.17,81.28,150
2017_SLK115,2017-08-30,11.4,53,11.0,349,0.7,66.2,27.67,380.07,0.96,46.81,2.52,40.76,151
2017_SLK122,2017-08-11,23.8,35,9.4,272,0.0,90.3,28.38,290.66,7.18,45.62,16.66,10.52,132
2017_SLK122,2017-08-12,20.6,48,6.9,354,0.0,89.63,30.71,297.38,5.76,48.81,14.61,11.22,133
2017_SLK122,2017-08-13,21.1,54,1.8,143,1.1,82.69,32.82,304.18,1.7,51.69,5.26,18.95,134
2017_SLK122,2017-08-14,19.1,51,13.3,49,6.4,65.73,21.0,293.95,1.06,35.64,2.21,41.46,135
2017_SLK122,2017-08-15,20.7,40,8.2,308,0.0,83.42,23.7,300.68,2.58,39.6,6.56,18.11,136
2017_SLK129,2017-08-11,25.3,37,8.4,280,0.0,90.43,26.99,327.09,6.97,44.75,16.11,10.37,132
2017_SLK129,2017-08-12,23.2,43,4.4,325,0.3,90.48,29.85,334.27,5.73,48.8,14.56,10.32,133
2017_SLK129,2017-08-13,22.2,64,1.8,259,3.4,65.18,23.92,334.28,0.58,40.58,0.84,42.29,134
2017_SLK129,2017-08-14,20.5,49,8.5,62,7.8,60.88,15.1,318.02,0.66,27.0,0.73,49.07,135
2017_SLK129,2017-08-15,23.0,37,4.0,243,0.0,82.53,18.24,325.17,1.86,31.99,4.08,19.14,136
2017_SLK129,2017-08-16,23.9,51,9.0,185,0.0,86.75,20.77,332.47,4.24,35.92,9.6,14.34,137
2017_SLK129,2017-08-17,19.3,82,7.3,189,3.2,59.66,16.18,332.73,0.58,28.85,0.67,51.07,138
2017_SLK129,2017-08-18,24.3,44,8.7,253,0.0,82.74,19.12,340.11,2.42,33.52,5.54,18.9,139
2017_SLK129,2017-08-19,23.5,48,10.4,268,1.2,83.95,21.76,347.35,3.09,37.62,7.49,17.5,140
2017_SLK129,2017-08-20,19.6,63,22.7,274,9.2,63.05,12.6,325.08,1.52,22.97,2.43,45.58,141
2017_SLK129,2017-08-21,20.5,49,23.1,268,0.0,82.85,14.87,331.77,5.07,26.75,9.45,18.77,142
2017_SLK129,2017-08-22,12.0,70,18.8,3,1.6,73.69,14.86,336.94,1.85,26.77,3.54,30.18,143
2017_SLK129,2017-08-23,15.7,43,10.4,346,0.0,83.75,16.84,342.77,3.01,29.99,6.34,17.73,144
2017_SLK129,2017-08-24,18.4,37,3.7,11,0.0,87.81,19.37,349.08,3.78,34.02,8.42,13.18,145
2017_SLK129,2017-08-25,21.0,38,13.0,174,0.0,89.38,22.2,355.87,7.55,38.41,15.8,11.49,146
2017_SLK129,2017-08-26,22.5,46,16.6,198,0.0,89.43,24.83,362.92,9.12,42.41,19.14,11.43,147
2017_SLK162,2017-08-17,20.9,51,7.5,163,1.4,81.72,27.38,274.66,2.01,43.84,5.54,20.1,138
2017_SLK162,2017-08-18,23.6,45,8.0,280,0.0,87.4,30.19,281.91,4.42,47.63,11.7,13.62,139
2017_SLK162,2017-08-19,24.7,35,13.4,275,0.2,90.45,33.65,289.36,8.98,52.14,21.03,10.36,140
2017_SLK162,2017-08-20,21.0,47,20.3,287,3.9,76.57,26.23,288.24,2.35,42.73,6.32,26.42,141
2017_SLK162,2017-08-21,20.7,38,19.8,268,0.0,87.46,29.02,294.97,8.08,46.58,18.39,13.56,142
2017_SLK162,2017-08-22,14.6,80,15.6,353,6.8,49.72,17.04,283.0,0.35,29.62,0.41,69.1,143
2017_SLK162,2017-08-23,15.0,35,11.2,345,0.5,76.57,19.2,288.7,1.49,32.92,3.22,26.42,144
2017_SLK162,2017-08-24,18.0,40,4.7,360,0.0,85.13,21.56,294.95,2.72,36.46,6.54,16.15,145
2017_SLK162,2017-08-25,20.5,35,11.0,169,0.0,89.22,24.46,301.64,6.67,40.68,14.82,11.66,146
2017_SLK162,2017-08-26,21.4,39,12.6,180,0.0,89.54,27.3,308.5,7.57,44.7,17.15,11.32,147
2017_SLK162,2017-08-27,22.2,47,8.7,173,0.0,89.59,29.85,315.5,6.27,48.27,15.49,11.26,148
2017_SLK162,2017-08-28,24.9,42,15.1,230,0.0,89.64,32.96,322.98,8.71,52.52,20.67,11.21,149
2017_SLK162,2017-08-29,17.8,90,5.8,292,5.8,41.48,20.23,313.85,0.06,34.84,0.08,86.77,150
2017_SLK162,2017-08-30,13.3,46,9.2,11,3.0,57.38,16.96,314.01,0.54,29.89,0.64,54.94,151
2017_SLK17,2017-07-27,23.6,39,7.4,346,0.4,85.48,21.92,186.13,3.27,33.87,7.39,15.76,117
2017_SLK17,2017-07-28,28.0,39,9.0,247,0.0,90.01,26.09,194.87,6.76,39.1,14.66,10.82,118
2017_SLK17,2017-07-29,28.0,46,18.0,250,0.0,90.06,29.78,203.61,10.71,43.62,21.81,10.76,119
2017_SLK17,2017-07-30,25.7,38,9.7,315,6.6,75.68,20.92,198.39,1.3,33.12,2.73,27.57,120
2017_SLK17,2017-07-31,27.7,49,16.5,203,5.8,76.59,15.88,195.79,1.94,26.4,3.71,26.4,121
2017_SLK17,2017-08-01,18.9,57,17.7,343,16.5,58.46,8.71,164.16,0.9,15.38,0.69,53.09,122
2017_SLK17,2017-08-02,14.9,45,11.5,328,0.0,77.94,10.52,169.85,1.67,18.22,2.26,24.7,123
2017_SLK17,2017-08-03,19.5,53,10.5,308,0.2,84.46,12.52,176.36,3.32,21.27,5.62,16.92,124
2017_SLK17,2017-08-04,19.2,36,8.8,12,1.7,82.0,14.13,182.82,2.22,23.68,3.98,19.76,125
2017_SLK17,2017-08-05,17.9,45,14.8,359,0.0,86.57,16.28,189.05,5.53,26.8,10.17,14.55,126
2017_SLK17,2017-08-06,20.2,46,8.7,300,0.1,87.77,18.66,195.69,4.82,30.13,9.68,13.23,127
2017_SLK17,2017-08-07,24.9,41,15.1,288,4.0,79.48,15.76,196.64,2.31,26.26,4.46,22.79,128
2017_SLK17,2017-08-08,18.6,47,10.8,307,4.9,67.38,11.84,194.09,0.99,20.55,0.91,39.0,129
2017_SLK17,2017-08-09,19.6,40,10.2,328,0.0,83.77,14.41,200.62,2.98,24.43,5.52,17.7,130
2017_SLK17,2017-08-10,20.2,30,6.6,41,0.0,89.52,17.48,207.26,5.58,28.88,10.68,11.34,131
2017_SLK17,2017-08-11,23.6,33,8.1,328,0.0,90.86,20.9,214.52,7.3,33.61,14.35,9.92,132
2017_SLK17,2017-08-12,23.5,45,8.1,315,1.2,85.69,23.69,221.75,3.49,37.4,8.31,15.52,133
2017_SLK17,2017-08-13,24.6,41,7.4,284,0.4,89.02,26.82,229.18,5.41,41.5,12.72,11.88,134
2017_SLK17,2017-08-14,20.0,63,12.2,34,8.1,60.48,15.79,217.19,0.78,26.72,0.85,49.71,135
2017_SLK17,2017-08-15,21.6,41,2.9,180,0.0,80.33,18.55,224.08,1.36,30.74,2.72,21.76,136
2017_SLK17,2017-08-16,23.1,56,8.0,198,0.0,85.26,20.75,231.24,3.27,33.9,7.39,16.0,137
2017_SLK17,2017-08-17,19.9,54,6.5,146,1.5,79.46,22.74,237.83,1.49,36.71,3.54,22.82,138
2017_SLK17,2017-08-18,23.5,47,8.3,275,0.0,86.58,25.44,245.06,3.99,40.39,9.78,14.53,139
2017_SLK17,2017-08-19,24.3,38,13.7,273,0.8,88.63,28.69,252.44,7.02,44.68,16.2,12.29,140
2017_SLK17,2017-08-20,22.2,42,21.0,286,1.5,85.45,31.48,259.44,6.46,48.3,15.85,15.8,141
2017_SLK17,2017-08-21,20.4,41,19.7,262,0.1,88.46,34.1,266.12,9.28,51.65,21.43,12.48,142
2017_SLK17,2017-08-22,14.4,80,15.5,355,7.7,48.2,18.9,252.57,0.28,31.85,0.35,72.16,143
2017_SLK17,2017-08-23,15.5,35,10.6,342,0.6,75.65,21.13,258.36,1.36,35.09,3.04,27.61,144
2017_SLK17,2017-08-24,18.0,38,3.1,21,0.0,84.86,23.58,264.61,2.42,38.56,6.07,16.45,145
2017_SLK17,2017-08-25,20.4,35,10.9,171,0.0,89.14,26.46,271.28,6.57,42.55,15.0,11.74,146
2017_SLK17,2017-08-26,21.2,46,13.1,172,0.0,89.19,28.95,278.1,7.39,45.94,17.08,11.69,147
2017_SLK17,2017-08-27,21.2,51,8.8,161,0.0,89.03,31.2,284.92,5.81,48.99,14.73,11.87,148
2017_SLK17,2017-08-28,23.9,47,14.0,226,0.0,89.07,33.94,292.23,7.6,52.6,18.73,11.82,149
2017_SLK17,2017-08-29,20.7,75,6.5,267,3.9,61.03,25.16,291.0,0.6,41.37,0.89,48.81,150
2017_SLK17,2017-08-30,14.2,50,9.6,20,7.3,53.67,15.41,277.51,0.4,27.06,0.44,61.56,151
2017_SLK175,2017-08-27,22.5,52,10.2,212,0.0,89.32,33.55,369.44,6.5,54.68,17.02,11.56,148
2017_SLK175,2017-08-28,24.7,44,16.1,222,0.0,89.36,36.53,376.89,8.81,58.81,22.08,11.51,149
2017_SLK175,2017-08-29,19.1,69,11.6,296,0.3,86.26,37.82,383.33,4.5,60.68,13.63,14.89,150
2017_SLK175,2017-08-30,11.9,47,9.2,339,0.0,86.49,39.25,388.48,4.13,62.66,12.96,14.63,151
2017_SLK175,2017-08-31,17.2,36,11.5,176,0.0,88.78,41.66,394.58,6.43,65.92,18.67,12.13,152
2017_SLK175,2017-09-01,21.1,50,21.3,196,0.0,88.83,43.64,400.08,10.61,68.58,27.19,12.07,153
2017_SLK175,2017-09-02,22.4,45,14.2,263,11.6,68.5,23.33,363.41,1.22,40.2,2.99,37.37,154
2017_SLK175,2017-09-03,18.5,55,12.9,283,0.3,81.29,24.9,368.45,2.51,42.6,6.71,20.61,155
2017_SLK175,2017-09-04,8.7,89,17.2,299,6.7,38.09,14.32,351.04,0.06,25.99,0.06,94.9,156
2017_SLK187,2017-08-31,17.9,40,11.7,171,0.0,85.31,29.45,355.05,3.97,48.78,10.86,15.95,152
2017_SLK187,2017-09-01,21.3,54,20.8,194,0.0,86.63,31.28,360.59,7.55,51.42,18.42,14.47,153
2017_SLK187,2017-09-02,22.0,50,13.4,262,13.5,64.89,15.54,320.77,1.03,27.73,1.57,42.73,154
2017_SLK187,2017-09-03,18.6,53,14.8,274,0.0,80.83,17.19,325.82,2.62,30.38,5.61,21.15,155
2017_SLK187,2017-09-04,8.8,83,17.7,309,6.8,42.86,9.82,310.12,0.14,18.2,0.12,83.61,156
2017_SLK200,2017-08-26,20.6,30,14.5,174,0.0,90.7,23.59,306.57,9.84,39.57,19.52,10.09,147
2017_SLK200,2017-08-27,20.5,52,9.7,178,0.0,89.15,25.73,313.26,6.19,42.69,14.35,11.74,148
2017_SLK200,2017-08-28,20.1,61,12.3,218,2.0,77.25,24.66,319.88,1.65,41.35,4.33,25.56,149
2017_SLK200,2017-08-29,22.1,59,9.4,270,0.0,83.85,26.62,326.86,2.9,44.24,7.83,17.61,150
2017_SLK200,2017-08-30,12.0,54,12.3,355,11.0,52.09,13.84,298.45,0.39,24.81,0.4,64.51,151
2017_SLK23,2017-07-28,28.0,37,8.5,242,0.0,90.11,37.28,275.87,6.69,55.73,17.57,10.71,118
2017_SLK23,2017-07-29,28.4,44,19.4,239,0.0,90.16,41.16,284.68,11.67,60.46,27.25,10.66,119
2017_SLK23,2017-07-30,26.2,37,9.5,323,6.1,76.93,29.01,278.17,1.4,46.02,3.93,25.97,120
2017_SLK23,2017-07-31,28.5,46,15.8,204,0.1,88.04,32.77,287.01,7.17,50.98,17.65,12.93,121
2017_SLK23,2017-08-01,20.2,52,17.9,341,7.8,67.61,19.55,273.19,1.43,33.16,3.09,38.67,122
2017_SLK23,2017-08-02,15.2,47,11.5,321,0.2,81.03,21.33,278.93,2.27,35.81,5.43,20.92,123
2017_SLK23,2017-08-03,20.1,44,11.2,318,0.0,86.81,23.78,285.55,4.77,39.36,11.17,14.28,124
2017_SLK23,2017-08-04,19.7,35,9.5,11,0.8,87.76,26.57,292.1,5.01,43.3,12.26,13.24,125
2017_SLK23,2017-08-05,18.6,43,14.4,356,0.0,88.27,28.89,298.45,6.91,46.52,16.35,12.68,126
2017_SLK23,2017-08-06,20.1,45,9.5,299,0.2,88.32,31.3,305.07,5.44,49.82,14.13,12.63,127
2017_SLK23,2017-08-07,25.3,40,16.3,288,0.5,89.85,34.57,312.63,9.54,54.16,22.41,10.99,128
2017_SLK23,2017-08-08,19.1,44,10.2,318,4.6,70.75,25.3,308.26,1.07,41.99,2.63,34.18,129
2017_SLK23,2017-08-09,19.8,40,8.5,324,0.0,84.53,27.89,314.83,3.03,45.67,8.32,16.83,130
2017_SLK23,2017-08-10,20.5,29,8.7,42,0.0,90.04,31.06,321.52,6.68,50.03,16.58,10.79,131
2017_SLK23,2017-08-11,24.4,29,6.7,344,0.0,91.75,34.8,328.92,7.72,55.04,19.39,9.0,132
2017_SLK23,2017-08-12,23.8,44,8.4,313,0.0,90.89,37.68,336.21,7.43,58.86,19.54,9.9,133
2017_SLK23,2017-08-13,25.1,40,8.2,285,1.7,85.02,38.86,343.73,3.19,60.6,10.33,16.28,134
2017_SLK26,2017-07-28,27.7,37,8.4,239,0.0,89.96,38.01,262.82,6.51,55.83,17.24,10.87,118
2017_SLK26,2017-07-29,28.6,43,19.8,237,0.0,90.07,41.98,271.67,11.74,60.57,27.39,10.76,119
2017_SLK26,2017-07-30,26.5,38,9.3,324,4.9,78.38,31.76,269.43,1.55,49.07,4.62,24.15,120
2017_SLK26,2017-07-31,28.3,48,15.2,202,0.1,87.79,35.35,278.23,6.71,53.66,17.27,13.2,121
2017_SLK26,2017-08-01,21.1,51,17.1,335,4.6,72.88,25.81,275.1,1.64,41.81,4.34,31.26,122
2017_SLK32,2017-07-29,22.8,77,12.2,272,3.0,68.3,20.02,226.56,1.1,32.79,2.13,37.67,119
2017_SLK32,2017-07-30,25.7,39,9.2,296,0.0,86.48,23.86,234.89,4.12,38.05,9.69,14.64,120
2017_SLK32,2017-07-31,26.6,58,21.7,223,8.7,72.99,15.04,222.84,2.08,25.74,3.92,31.11,121
2017_SLK32,2017-08-01,18.6,51,18.3,345,0.3,83.76,17.03,229.19,4.49,28.73,8.86,17.71,122
2017_SLK32,2017-08-02,16.2,36,10.6,336,0.0,87.9,19.32,235.11,5.41,32.05,11.03,13.08,123
2017_SLK32,2017-08-03,19.4,61,8.7,308,0.0,87.18,20.97,241.61,4.44,34.46,9.75,13.86,124
2017_SLK32,2017-08-04,19.4,39,9.4,356,0.0,88.81,23.55,248.11,5.8,38.07,12.82,12.1,125
2017_SLK32,2017-08-05,18.4,42,15.2,4,0.0,88.86,25.88,254.42,7.83,41.27,16.85,12.05,126
2017_SLK32,2017-08-06,22.3,47,7.4,309,0.0,88.91,28.44,261.44,5.32,44.72,13.09,12.0,127
2017_SLK32,2017-08-07,24.0,51,14.8,271,4.4,75.23,21.64,259.85,1.64,35.82,3.85,28.16,128
2017_SLK32,2017-08-08,18.6,48,13.5,304,4.5,68.45,16.28,257.02,1.18,28.1,2.02,37.44,129
2017_SLK32,2017-08-09,19.7,40,11.5,340,0.0,84.28,18.85,263.57,3.41,31.99,7.42,17.11,130
2017_SLK32,2017-08-10,21.8,33,5.4,356,0.0,89.39,22.02,270.49,5.16,36.59,11.42,11.47,131
2017_SLK32,2017-08-11,23.9,42,9.3,306,0.0,89.46,25.01,277.8,6.34,40.84,14.28,11.4,132
2017_SLK32,2017-08-12,23.6,50,8.3,326,0.8,86.69,27.56,285.05,4.05,44.4,10.47,14.41,133
2017_SLK32,2017-08-13,20.4,74,5.5,259,1.9,71.94,26.21,291.73,0.88,42.81,2.02,32.55,134
2017_SLK32,2017-08-14,21.3,56,11.5,49,3.7,69.06,20.78,291.28,1.08,35.27,2.26,36.56,135
2017_SLK32,2017-08-15,22.9,42,3.2,117,0.0,83.71,23.65,298.41,2.08,39.48,5.32,17.78,136
2017_SLK32,2017-08-16,23.1,57,4.3,185,0.0,85.84,25.8,305.57,2.94,42.61,7.76,15.35,137
2017_SLK32,2017-08-17,20.4,67,2.4,207,0.6,84.07,27.27,312.25,2.1,44.76,5.85,17.35,138
2017_SLK32,2017-08-18,24.1,44,8.9,291,0.7,87.25,30.18,319.59,4.53,48.83,12.1,13.79,139
2017_SLK32,2017-08-19,25.7,35,13.0,264,0.2,90.6,33.78,327.22,8.99,53.7,21.39,10.2,140
2017_SLK32,2017-08-20,22.1,38,22.6,279,2.1,84.62,32.86,334.2,6.24,52.76,16.21,16.73,141
2017_SLK32,2017-08-21,21.0,38,19.2,264,0.0,88.91,35.69,340.98,9.65,56.58,23.1,11.99,142
2017_SLK32,2017-08-22,14.9,72,18.2,9,2.8,68.17,29.65,346.67,1.48,48.86,4.37,37.85,143
2017_SLK32,2017-08-23,15.8,32,9.2,349,0.4,83.78,32.02,352.52,2.84,52.19,8.54,17.69,144
2017_SLK32,2017-08-24,18.6,37,2.9,30,0.0,87.79,34.59,358.87,3.62,55.74,10.89,13.2,145
2017_SLK32,2017-08-25,21.5,33,11.2,165,0.0,90.25,37.71,365.74,7.82,59.97,20.47,10.56,146
2017_SLK32,2017-08-26,22.8,41,12.0,189,0.0,90.3,40.62,372.85,8.2,63.85,21.89,10.51,147
2017_SLK32,2017-08-27,21.2,59,9.2,211,0.6,87.63,42.51,379.67,4.85,66.43,15.18,13.38,148
2017_SLK32,2017-08-28,26.8,36,15.2,248,0.6,90.41,46.2,387.5,9.78,71.18,26.19,10.4,149
2017_SLK32,2017-08-29,18.6,87,7.4,337,9.6,38.98,24.48,360.54,0.04,41.86,0.06,92.71,150
2017_SLK33,2017-07-29,28.2,45,18.7,240,0.2,90.12,34.46,251.54,11.19,51.34,24.4,10.7,119
2017_SLK33,2017-07-30,26.0,37,10.6,325,5.3,78.2,25.61,248.54,1.63,40.73,4.24,24.37,120
2017_SLK33,2017-07-31,26.3,63,16.6,210,6.0,70.22,17.55,243.61,1.45,29.75,2.88,34.92,121
2017_SLK33,2017-08-01,19.6,56,19.4,342,17.2,59.64,9.45,205.64,1.06,16.95,0.87,51.1,122
2017_SLK36,2017-07-31,27.3,53,15.3,227,1.6,82.25,22.43,235.75,3.18,36.24,7.51,19.48,121
2017_SLK36,2017-08-01,21.1,60,16.6,321,9.0,63.44,13.28,221.13,1.14,23.09,1.5,44.98,122
2017_SLK36,2017-08-02,14.4,48,11.7,317,0.0,79.06,14.94,226.73,1.87,25.65,3.46,23.31,123
2017_SLK36,2017-08-03,20.5,40,14.2,294,0.0,87.27,17.62,233.42,5.93,29.64,11.38,13.77,124
2017_SLK36,2017-08-04,19.4,33,12.1,12,0.0,89.81,20.45,239.92,7.68,33.72,14.94,11.03,125
2017_SLK36,2017-08-05,17.0,54,12.7,7,0.1,88.27,22.17,245.98,6.35,36.19,13.39,12.68,126
2017_SLK36,2017-08-06,18.8,40,8.9,328,0.0,88.82,24.64,252.37,5.67,39.61,12.87,12.08,127
2017_SLK36,2017-08-07,24.4,45,11.9,273,0.0,88.98,27.53,259.77,6.75,43.53,15.5,11.92,128
2017_SLK36,2017-08-08,17.3,49,12.2,326,7.2,63.76,17.15,248.53,0.93,29.25,1.33,44.48,129
2017_SLK36,2017-08-09,20.2,36,9.1,304,0.0,83.6,19.96,255.17,2.76,33.4,6.27,17.9,130
2017_SLK36,2017-08-10,19.2,33,9.9,33,0.0,88.92,22.77,261.63,6.05,37.4,13.13,11.98,131
2017_SLK36,2017-08-11,23.3,34,8.3,360,0.0,90.55,26.1,268.83,7.04,42.0,15.71,10.26,132
2017_SLK36,2017-08-12,23.8,45,7.8,347,0.0,90.48,28.92,276.12,6.8,45.84,16.03,10.33,133
2017_SLK36,2017-08-13,24.9,41,3.3,264,0.1,90.53,32.09,283.61,5.46,50.03,14.21,10.28,134
2017_SLK36,2017-08-14,19.4,78,9.2,11,5.5,55.11,20.68,277.13,0.45,34.85,0.59,58.94,135
2017_SLK36,2017-08-15,20.4,40,1.1,360,0.4,76.42,23.34,283.81,0.88,38.72,1.8,26.62,136
2017_SLK36,2017-08-16,23.8,46,7.2,183,0.0,86.03,26.12,291.1,3.5,42.66,9.02,15.14,137
2017_SLK36,2017-08-17,17.9,65,6.7,106,0.0,86.04,27.49,297.32,3.41,44.66,9.08,15.13,138
2017_SLK36,2017-08-18,21.5,52,1.5,256,1.6,78.06,28.59,304.2,1.02,46.3,2.71,24.54,139
2017_SLK36,2017-08-19,23.9,42,13.6,281,0.6,87.2,31.58,311.5,5.69,50.39,14.73,13.85,140
2017_SLK36,2017-08-20,19.9,80,15.3,246,1.4,76.09,32.45,318.09,1.77,51.71,5.47,27.04,141
2017_SLK36,2017-08-21,21.8,37,19.0,260,2.5,81.08,30.04,325.02,3.33,48.81,9.39,20.86,142
2017_SLK36,2017-08-22,15.0,91,13.6,328,6.0,39.64,18.14,314.59,0.06,31.71,0.08,91.1,143
2017_SLK36,2017-08-23,14.4,31,13.8,340,2.9,64.76,16.02,315.31,1.05,28.43,1.67,42.93,144
2017_SLK36,2017-08-24,17.5,42,9.8,343,0.0,81.65,18.25,321.46,2.24,31.96,4.95,20.18,145
2017_SLK36,2017-08-25,20.2,38,4.2,160,0.0,87.47,20.97,328.1,3.68,36.16,8.55,13.55,146
2017_SLK36,2017-08-26,20.2,38,13.4,174,0.0,89.19,23.7,334.74,7.5,40.27,16.12,11.69,147
2017_SLK36,2017-08-27,19.3,60,10.9,163,0.0,87.57,25.38,341.22,5.24,42.81,12.62,13.44,148
2017_SLK36,2017-08-28,18.8,68,10.9,224,3.7,65.53,19.43,339.37,0.93,34.0,1.69,41.76,149
2017_SLK36,2017-08-29,24.7,49,8.9,243,0.0,83.4,22.15,346.82,2.66,38.2,6.61,18.13,150
2017_SLK36,2017-08-30,13.8,60,12.2,358,12.0,51.11,11.55,313.54,0.35,21.14,0.33,66.39,151
2017_SLK36,2017-08-31,15.2,43,4.0,153,0.0,72.87,13.46,319.28,0.85,24.36,0.87,31.28,152
2017_SLK36,2017-09-01,19.0,51,19.9,200,0.0,83.96,15.22,324.4,4.99,27.24,9.41,17.49,153
2017_SLK36,2017-09-02,18.2,77,10.3,324,6.6,51.74,9.21,311.16,0.34,17.14,0.28,65.18,154
2017_SLK36,2017-09-03,20.9,47,11.7,259,0.1,78.59,11.28,316.63,1.79,20.72,2.77,23.89,155
2017_SLK36,2017-09-04,13.7,53,20.8,296,4.4,65.7,8.11,310.58,1.55,15.22,1.65,41.51,156
2017_SLK36,2017-09-05,10.2,91,13.6,323,5.4,34.85,4.51,300.61,0.02,8.69,0.01,103.19,157
2017_SLK36,2017-09-06,12.0,49,7.6,335,1.4,57.94,5.7,304.47,0.52,10.88,0.33,53.98,158
2017_SLK36,2017-09-07,13.4,46,8.6,15,0.0,76.09,7.09,308.59,1.26,13.41,0.9,27.04,159
2017_SLK36,2017-09-08,14.6,47,4.6,252,0.5,82.97,8.57,312.92,2.03,16.04,2.66,18.62,160
2017_SLK36,2017-09-09,18.6,41,17.1,221,0.0,87.6,10.64,317.97,7.19,19.64,10.71,13.41,161
2017_SLK36,2017-09-10,21.3,58,16.6,202,0.0,87.65,12.32,323.51,7.06,22.49,11.32,13.35,162
2017_SLK36,2017-09-11,20.7,44,23.4,270,3.2,79.07,10.77,322.86,3.37,19.87,5.47,23.3,163
2017_SLK36,2017-09-12,23.0,41,14.2,246,0.0,87.74,13.3,328.71,6.34,24.15,10.76,13.26,164
2017_SLK38,2017-08-01,20.5,60,16.6,321,9.0,62.33,12.46,215.63,1.08,21.77,1.18,46.73,122
2017_SLK38,2017-08-02,13.6,49,11.7,317,0.0,78.1,14.0,221.08,1.71,24.18,2.98,24.5,123
2017_SLK38,2017-08-03,20.1,41,14.2,294,0.0,86.79,16.59,227.71,5.54,28.06,10.45,14.29,124
2017_SLK38,2017-08-04,18.9,34,12.1,12,0.0,89.46,19.31,234.11,7.3,32.02,13.99,11.4,125
2017_SLK38,2017-08-05,16.1,58,12.7,7,0.1,87.57,20.8,240.01,5.74,34.2,11.98,13.44,126
2017_SLK38,2017-08-06,18.7,40,8.9,328,0.0,88.64,23.26,246.38,5.52,37.63,12.25,12.28,127
2017_SLK38,2017-08-07,24.1,46,11.9,273,0.0,88.76,26.07,253.73,6.54,41.48,14.74,12.15,128
2017_SLK38,2017-08-08,16.9,49,12.2,326,7.2,63.3,16.3,242.67,0.91,27.91,1.13,45.19,129
2017_SLK38,2017-08-09,19.6,39,9.1,304,0.0,82.59,18.91,249.21,2.42,31.78,5.35,19.07,130
2017_SLK38,2017-08-10,18.7,35,9.9,33,0.0,88.25,21.56,255.58,5.49,35.61,11.83,12.7,131
2017_SLK38,2017-08-11,23.0,35,8.3,360,0.0,90.21,24.8,262.72,6.71,40.13,14.78,10.61,132
2017_SLK38,2017-08-12,23.3,46,7.8,347,0.0,90.2,27.52,269.92,6.53,43.86,15.19,10.62,133
2017_SLK38,2017-08-13,24.7,42,3.3,264,0.1,90.25,30.61,277.37,5.25,47.98,13.46,10.57,134
2017_SLK38,2017-08-14,19.3,78,9.2,11,5.5,54.98,19.76,271.08,0.44,33.42,0.56,59.17,135
2017_SLK38,2017-08-15,20.2,38,1.1,360,0.4,76.7,22.48,277.72,0.9,37.4,1.79,26.26,136
2017_SLK38,2017-08-16,23.9,42,7.2,183,0.0,86.82,25.48,285.02,3.91,41.65,9.78,14.27,137
2017_SLK38,2017-08-17,18.6,58,6.7,106,0.0,86.87,27.18,291.37,3.84,44.09,9.96,14.21,138
2017_SLK38,2017-08-18,21.5,52,1.5,256,1.6,78.3,28.29,298.25,1.04,45.74,2.75,24.25,139
2017_SLK38,2017-08-19,24.0,41,13.6,281,0.6,87.45,31.35,305.57,5.9,49.9,15.06,13.58,140
2017_SLK38,2017-08-20,19.6,81,15.3,246,1.4,75.77,32.16,312.1,1.73,51.15,5.32,27.46,141
2017_SLK38,2017-08-21,21.2,38,19.0,260,2.5,80.36,29.67,318.92,3.08,48.15,8.7,21.72,142
2017_SLK38,2017-08-22,15.0,89,13.6,328,6.0,41.71,17.99,308.74,0.09,31.4,0.11,86.23,143
2017_SLK38,2017-08-23,14.1,32,13.8,340,2.9,64.79,15.82,309.47,1.05,28.05,1.65,42.89,144
2017_SLK38,2017-08-24,17.2,43,9.8,343,0.0,81.34,17.97,315.57,2.16,31.46,4.72,20.55,145
2017_SLK38,2017-08-25,20.0,38,4.2,160,0.0,87.34,20.67,322.17,3.62,35.62,8.34,13.7,146
2017_SLK38,2017-08-26,20.1,34,13.4,174,0.0,89.8,23.56,328.79,8.18,39.96,17.13,11.05,147
2017_SLK38,2017-08-27,19.9,57,10.9,163,0.0,88.18,25.42,335.38,5.72,42.74,13.51,12.78,148
2017_SLK38,2017-08-28,18.9,67,10.9,224,3.7,66.1,19.51,333.67,0.95,34.04,1.76,40.9,149
2017_SLK42,2017-07-28,27.3,37,9.6,257,0.0,89.33,23.76,186.72,6.32,36.06,13.32,11.54,118
2017_SLK42,2017-07-29,28.0,41,18.6,238,0.0,90.25,27.8,195.46,11.34,41.01,22.02,10.57,119
2017_SLK42,2017-07-30,25.0,55,7.9,360,2.8,76.85,24.89,203.67,1.28,38.14,3.04,26.07,120
2017_SLK42,2017-07-31,25.3,63,15.1,232,1.3,80.67,27.19,211.93,2.62,41.17,6.82,21.35,121
2017_SLK42,2017-08-01,20.2,60,17.5,323,6.3,65.4,17.58,205.54,1.29,28.97,2.4,41.95,122
2017_SLK42,2017-08-02,13.5,49,11.5,314,0.0,79.22,19.12,210.98,1.88,31.18,4.04,23.11,123
2017_SLK42,2017-08-03,19.9,42,15.0,297,0.0,86.86,21.63,217.56,5.82,34.65,12.21,14.22,124
2017_SLK42,2017-08-04,18.9,34,11.9,2,0.0,89.47,24.36,223.97,7.24,38.3,15.28,11.39,125
2017_SLK42,2017-08-05,15.9,59,12.4,8,0.1,87.43,25.8,229.83,5.54,40.29,12.75,13.6,126
2017_SLK42,2017-08-06,18.8,40,8.1,328,0.0,88.61,28.26,236.22,5.28,43.51,12.82,12.31,127
2017_SLK42,2017-08-07,24.3,45,12.2,268,0.0,88.93,31.15,243.6,6.8,47.2,16.28,11.97,128
2017_SLK42,2017-08-08,16.8,50,12.0,321,10.8,59.46,16.46,222.71,0.72,27.78,0.81,51.41,129
2017_SLK42,2017-08-09,19.5,40,11.6,306,0.0,81.69,19.01,229.22,2.46,31.49,5.4,20.13,130
2017_SLK42,2017-08-10,18.7,35,8.7,30,0.0,87.96,21.67,235.59,4.96,35.23,10.83,13.01,131
2017_SLK42,2017-08-11,23.1,35,8.0,352,0.0,90.17,24.91,242.75,6.57,39.65,14.45,10.65,132
2017_SLK42,2017-08-12,23.3,47,7.8,347,0.0,90.05,27.58,249.95,6.4,43.24,14.83,10.77,133
2017_SLK42,2017-08-13,24.8,41,2.4,243,0.0,90.1,30.74,257.42,4.91,47.34,12.68,10.72,134
2017_SLK43,2017-08-02,13.6,49,12.5,314,0.0,80.85,23.12,199.63,2.34,35.85,5.6,21.13,123
2017_SLK43,2017-08-03,19.8,44,15.9,298,0.0,86.9,25.53,206.19,6.13,39.0,13.56,14.18,124
2017_SLK43,2017-08-04,19.2,34,12.1,350,0.0,89.54,28.3,212.65,7.38,42.47,16.37,11.32,125
2017_SLK43,2017-08-05,15.6,60,12.1,10,0.0,87.29,29.68,218.47,5.35,44.31,13.07,13.75,126
2017_SLK43,2017-08-06,19.2,41,7.1,330,0.0,88.48,32.15,224.93,4.93,47.37,12.72,12.45,127
2017_SLK43,2017-08-07,24.8,43,12.2,268,0.0,89.29,35.2,232.39,7.16,51.06,17.65,11.58,128
2017_SLK43,2017-08-08,16.9,50,12.0,319,11.7,59.07,17.92,209.78,0.71,29.54,0.82,52.06,129
2017_SLK43,2017-08-09,19.6,41,13.8,309,0.0,81.83,20.44,216.32,2.8,33.07,6.31,19.97,130
2017_SLK43,2017-08-10,18.9,37,7.4,23,0.0,87.64,23.04,222.72,4.44,36.62,10.09,13.37,131
2017_SLK43,2017-08-11,23.4,35,7.3,340,0.0,90.14,26.33,229.94,6.32,40.94,14.27,10.68,132
2017_SLK43,2017-08-12,23.4,48,7.3,349,0.0,89.93,28.96,237.15,6.13,44.38,14.55,10.91,133
2017_SLK43,2017-08-13,25.1,41,2.4,207,0.3,89.98,32.15,244.68,4.82,48.41,12.66,10.86,134
2017_SLK43,2017-08-14,19.3,79,9.5,29,7.6,50.26,18.2,233.28,0.27,30.45,0.33,68.04,135
2017_SLK43,2017-08-15,20.6,38,2.4,297,0.3,76.09,20.97,239.99,0.92,34.43,1.68,27.05,136
2017_SLK43,2017-08-16,24.4,38,5.7,162,0.0,87.36,24.24,247.39,3.92,38.94,9.41,13.67,137
2017_SLK43,2017-08-17,20.1,52,7.7,143,0.0,87.41,26.34,254.01,4.36,41.83,10.74,13.61,138
2017_SLK43,2017-08-18,22.1,51,3.7,209,0.1,87.54,28.69,260.99,3.63,45.0,9.62,13.48,139
2017_SLK43,2017-08-19,24.3,41,12.6,275,2.0,83.65,28.78,268.37,3.31,45.39,8.95,17.84,140
2017_SLK43,2017-08-20,19.1,89,14.5,240,3.4,54.94,21.82,268.88,0.58,36.28,0.77,59.24,141
2017_SLK43,2017-08-21,21.3,38,18.5,262,1.3,80.42,24.69,275.72,3.02,40.34,7.67,21.65,142
2017_SLK43,2017-08-22,15.6,76,17.9,341,4.4,58.22,17.28,272.29,0.89,29.83,1.26,53.5,143
2017_SLK43,2017-08-23,14.3,32,13.1,339,2.2,72.05,16.72,277.87,1.3,29.07,2.42,32.39,144
2017_SLK43,2017-08-24,17.6,43,9.6,340,0.0,83.76,18.92,284.04,2.89,32.44,6.42,17.72,145
2017_SLK43,2017-08-25,20.3,38,4.5,166,0.0,88.09,21.66,290.7,4.09,36.52,9.41,12.87,146
2017_SLK43,2017-08-26,20.6,31,14.5,174,0.0,90.54,24.75,297.41,9.62,40.98,19.55,10.26,147
2017_SLK43,2017-08-27,20.8,52,9.4,173,0.0,89.15,26.92,304.16,6.09,44.09,14.43,11.74,148
2017_SLK43,2017-08-28,20.4,61,12.4,216,1.5,80.26,28.65,310.84,2.18,46.58,6.25,21.84,149
2017_SLK43,2017-08-29,23.2,54,9.4,270,0.4,85.65,30.96,318.02,3.7,49.8,10.39,15.56,150
2017_SLK43,2017-08-30,12.5,54,11.9,357,10.5,53.06,15.98,292.07,0.42,28.12,0.48,62.69,151
2017_SLK45,2017-07-29,20.4,89,13.4,243,1.3,73.97,18.66,230.82,1.43,31.05,2.92,29.81,119
2017_SLK45,2017-07-30,24.7,44,7.7,281,0.5,86.15,22.06,238.97,3.65,35.84,8.43,15.0,120
2017_SLK45,2017-07-31,24.4,76,22.1,214,8.9,61.6,12.73,225.76,1.37,22.32,2.02,47.89,121
2017_SLK45,2017-08-01,17.7,50,20.7,343,0.4,80.79,14.67,231.95,3.51,25.34,6.61,21.2,122
2017_SLK52,2017-08-05,15.5,60,12.4,8,0.1,87.22,29.86,236.71,5.38,45.4,13.31,13.82,126
2017_SLK52,2017-08-06,18.9,41,8.2,331,0.0,88.43,32.29,243.12,5.18,48.48,13.4,12.5,127
2017_SLK52,2017-08-07,24.5,45,11.5,266,0.0,88.93,35.2,250.53,6.56,52.1,16.71,11.97,128
2017_SLK52,2017-08-08,16.7,50,12.3,322,11.8,58.9,17.85,226.32,0.71,29.82,0.83,52.34,129
2017_SLK52,2017-08-09,19.5,41,12.0,303,0.0,81.39,20.36,232.83,2.43,33.41,5.54,20.48,130
2017_SLK52,2017-08-10,18.7,37,8.9,27,0.0,87.58,22.93,239.2,4.74,37.0,10.73,13.44,131
2017_SLK52,2017-08-11,23.2,36,7.6,352,0.0,89.94,26.14,246.38,6.23,41.33,14.18,10.89,132
2017_SLK52,2017-08-12,23.3,48,7.7,349,0.0,89.87,28.76,253.58,6.2,44.82,14.76,10.97,133
2017_SLK52,2017-08-13,24.8,42,1.8,217,0.0,89.92,31.86,261.05,4.64,48.83,12.33,10.92,134
2017_SLK52,2017-08-14,19.3,78,9.1,18,7.2,51.33,18.48,250.12,0.3,31.19,0.37,65.98,135
2017_SLK52,2017-08-15,20.5,38,2.3,309,0.4,76.39,21.24,256.81,0.94,35.2,1.78,26.65,136
2017_SLK52,2017-08-16,24.3,39,6.2,170,0.0,87.29,24.44,264.19,3.97,39.7,9.64,13.75,137
2017_SLK52,2017-08-17,19.5,55,7.3,123,0.0,87.34,26.35,270.71,4.23,42.39,10.55,13.7,138
2017_SLK52,2017-08-18,21.6,53,1.5,225,0.7,85.5,28.56,277.6,2.44,45.43,6.81,15.73,139
2017_SLK52,2017-08-19,24.3,41,13.2,281,1.5,85.27,31.0,284.98,4.25,48.74,11.49,16.0,140
2017_SLK52,2017-08-20,19.7,85,15.1,242,2.1,67.67,28.02,291.53,1.24,45.18,3.38,38.58,141
2017_SLK52,2017-08-21,21.3,39,18.6,260,3.4,76.55,23.59,292.08,2.15,39.26,5.49,26.45,142
2017_SLK52,2017-08-22,15.4,80,15.0,330,4.4,53.76,16.36,288.24,0.53,28.65,0.61,61.39,143
2017_SLK52,2017-08-23,14.2,33,13.8,340,3.1,67.42,14.12,288.56,1.15,25.16,1.73,38.95,144
2017_SLK52,2017-08-24,17.4,43,10.2,342,0.0,82.34,16.3,294.7,2.48,28.63,5.11,19.37,145
2017_SLK52,2017-08-25,20.1,39,3.9,158,0.0,87.46,18.96,301.32,3.62,32.77,7.94,13.57,146
2017_SLK52,2017-08-26,20.6,31,14.1,174,0.0,90.43,22.06,308.03,9.27,37.41,18.17,10.38,147
2017_SLK52,2017-08-27,20.8,52,10.9,174,0.0,89.1,24.23,314.78,6.53,40.63,14.57,11.78,148
2017_SLK52,2017-08-28,19.5,65,11.8,220,3.0,70.63,20.15,316.06,1.16,34.76,2.44,34.35,149
2017_SLK63,2017-08-06,20.1,47,6.6,311,0.0,87.73,31.33,237.98,4.32,47.14,11.41,13.27,127
2017_SLK63,2017-08-07,23.6,51,16.1,286,0.2,87.81,33.83,245.23,7.04,50.31,17.29,13.18,128
2017_SLK63,2017-08-08,17.4,50,12.8,302,7.8,62.96,19.9,232.89,0.92,32.79,1.56,45.73,129
2017_SLK63,2017-08-09,19.6,39,13.0,326,0.0,83.18,22.5,239.42,3.18,36.44,7.54,18.39,130
2017_SLK63,2017-08-10,20.3,36,5.9,11,0.0,88.35,25.33,246.08,4.56,40.29,10.89,12.59,131
2017_SLK63,2017-08-11,23.5,35,8.3,304,0.0,90.31,28.63,253.32,6.81,44.65,15.82,10.5,132
2017_SLK63,2017-08-12,22.8,51,8.4,329,0.4,89.47,31.05,260.42,6.07,47.84,15.04,11.39,133
2017_SLK63,2017-08-13,21.5,60,6.9,279,0.3,87.92,32.92,267.3,4.5,50.34,12.26,13.06,134
2017_SLK64,2017-08-05,17.4,47,14.8,1,0.0,88.51,41.74,249.56,7.3,58.87,19.29,12.42,126
2017_SLK64,2017-08-06,21.7,46,5.9,308,0.0,88.56,44.29,256.47,4.69,61.87,14.22,12.37,127
2017_SLK64,2017-08-07,23.8,50,15.5,275,3.3,77.98,36.48,258.3,2.05,53.92,6.51,24.65,128
2017_SLK64,2017-08-08,18.2,48,13.3,303,6.7,64.63,23.05,248.79,1.02,37.44,2.17,43.14,129
2017_SLK64,2017-08-09,19.5,39,12.1,337,0.0,83.45,25.65,255.3,3.15,41.0,8.04,18.07,130
2017_SLK64,2017-08-10,21.1,35,6.1,360,0.0,88.76,28.63,262.1,4.88,44.97,12.26,12.15,131
2017_SLK64,2017-08-11,23.3,41,9.2,301,0.1,89.41,31.6,269.3,6.26,48.86,15.59,11.46,132
2017_SLK64,2017-08-12,22.8,51,8.1,328,0.2,89.28,34.02,276.41,5.81,52.03,15.24,11.6,133
2017_SLK64,2017-08-13,20.7,66,5.8,266,1.0,82.1,35.55,283.14,1.93,54.11,6.15,19.65,134
2017_SLK68,2017-08-06,18.8,45,1.1,342,0.0,87.63,45.6,298.94,3.23,66.02,10.97,13.37,127
2017_SLK68,2017-08-07,25.0,44,13.0,275,0.0,89.04,48.61,306.45,7.19,69.62,20.85,11.85,128
2017_SLK68,2017-08-08,16.6,50,12.7,315,3.4,71.46,38.69,305.92,1.25,58.79,4.19,33.2,129
2017_SLK68,2017-08-09,18.8,43,16.3,319,0.0,84.68,41.03,312.31,4.58,61.77,13.96,16.66,130
2017_SLK68,2017-08-10,19.0,37,4.9,343,0.0,88.27,43.64,318.73,4.28,65.03,13.63,12.68,131
2017_SLK68,2017-08-11,23.5,35,8.8,305,0.0,90.3,46.95,325.96,6.98,69.03,20.31,10.51,132
2017_SLK68,2017-08-12,21.9,54,8.4,353,0.0,88.95,49.13,332.91,5.63,71.78,17.73,11.95,133
2017_SLK68,2017-08-13,23.4,47,3.3,174,0.2,89.0,51.81,340.13,4.39,75.04,15.06,11.89,134
2017_SLK68,2017-08-14,19.3,63,15.6,50,7.5,62.12,31.05,324.4,1.01,50.12,2.88,47.06,135
2017_SLK7,2017-07-10,19.1,42,18.1,314,0.0,87.18,21.25,161.55,7.12,31.98,13.72,13.87,100
2017_SLK7,2017-07-11,16.1,38,9.4,72,0.0,88.46,23.75,168.15,5.52,35.11,11.79,12.47,101
2017_SLK7,2017-07-12,19.0,36,6.9,118,0.0,89.47,26.77,175.28,5.62,38.75,12.63,11.4,102
2017_SLK8,2017-07-12,18.7,39,4.6,141,0.0,88.85,38.0,249.26,4.58,55.03,13.07,12.06,102
2017_SLK8,2017-07-13,23.3,31,12.0,237,0.0,91.09,41.95,257.16,9.18,59.6,22.89,9.68,103
2017_SLK8,2017-07-14,24.8,46,19.9,253,0.0,90.54,45.24,265.33,12.62,63.44,29.44,10.26,104
2017_SLK8,2017-07-15,18.4,43,13.9,307,1.6,82.84,46.13,272.35,3.19,64.81,10.74,18.78,105
2017_SLK82,2017-08-10,20.4,35,5.9,11,0.0,88.55,25.71,247.12,4.69,40.81,11.23,12.38,131
2017_SLK82,2017-08-11,23.5,36,8.3,304,0.0,90.18,28.96,254.35,6.69,45.09,15.69,10.64,132
2017_SLK82,2017-08-12,22.9,51,8.4,329,0.4,89.46,31.39,261.48,6.06,48.29,15.09,11.41,133
2017_SLK82,2017-08-13,21.7,59,6.9,279,0.3,88.08,33.32,268.39,4.61,50.86,12.55,12.89,134
2017_SLK96,2017-08-10,19.1,38,4.4,305,0.0,88.31,43.19,298.97,4.2,63.46,13.23,12.64,131
2017_SLK96,2017-08-11,23.8,34,9.8,287,0.0,90.54,46.58,306.25,7.59,67.49,21.33,10.26,132
2017_SLK96,2017-08-12,21.7,52,8.3,358,0.0,89.26,48.84,313.16,5.86,70.28,18.05,11.62,133
2017_SLK96,2017-08-13,22.1,51,3.8,163,0.7,86.62,51.19,320.15,3.2,73.14,11.57,14.49,134
2017_SLK96,2017-08-14,19.6,58,16.8,55,7.5,64.56,30.93,305.53,1.21,49.37,3.52,43.23,135
2017_THU31,2017-08-05,19.2,41,13.9,350,0.0,90.09,36.82,276.76,8.75,55.26,21.27,10.74,126
2017_THU31,2017-08-06,18.4,39,8.6,327,0.0,90.14,39.27,283.07,6.74,58.32,18.12,10.69,127
2017_THU31,2017-08-07,23.8,47,12.8,281,0.0,90.11,42.0,290.36,8.3,61.69,21.69,10.72,128
2017_THU31,2017-08-08,18.3,48,10.2,337,2.0,78.95,39.98,296.66,1.71,59.8,5.88,23.45,129
2017_THU31,2017-08-09,21.1,34,6.9,313,0.0,87.93,43.0,303.46,4.51,63.5,14.0,13.05,130
2017_THU31,2017-08-10,20.1,34,11.2,40,0.0,89.88,45.89,310.08,7.41,66.99,20.88,10.96,131
2017_THU31,2017-08-11,23.0,30,9.5,9,0.0,91.36,49.37,317.23,8.4,71.08,23.55,9.41,132
2017_THU31,2017-08-12,24.3,41,9.2,334,0.0,91.28,52.47,324.61,8.18,74.73,23.72,9.49,133
2017_THU58,2017-09-10,21.6,57,15.6,199,0.0,88.02,16.69,387.54,7.09,30.13,13.24,12.95,162
2017_THU58,2017-09-11,21.2,46,23.4,269,2.8,80.07,14.91,393.06,3.72,27.24,7.28,22.07,163
2017_THU58,2017-09-12,23.5,39,15.8,246,0.0,88.45,17.58,398.99,7.61,31.67,14.37,12.48,164
2017_THU58,2017-09-13,18.3,47,12.0,44,0.0,88.5,19.41,403.99,6.33,34.66,13.05,12.43,165
2017_THU58,2017-09-14,11.1,61,11.9,87,0.0,86.52,20.26,407.69,4.75,36.04,10.58,14.59,166
2017_THU59,2017-09-11,21.4,48,22.0,266,1.8,82.73,15.29,393.0,4.73,27.87,9.11,18.91,163
2017_THU59,2017-09-12,23.5,38,17.7,246,0.0,89.1,18.01,398.93,9.2,32.36,16.77,11.79,164
2017_THU59,2017-09-13,18.9,49,12.0,49,0.0,88.97,19.82,404.04,6.78,35.31,13.9,11.92,165
2017_THU59,2017-09-14,10.2,72,12.5,72,1.6,73.77,19.44,407.58,1.35,34.74,3.0,30.07,166
2017_THU61,2017-09-10,21.7,58,14.8,198,0.0,87.24,15.49,376.96,6.08,28.09,11.29,13.81,162
2017_THU61,2017-09-11,21.4,45,22.0,267,1.7,83.71,16.51,382.51,5.36,29.81,10.52,17.77,163
2017_THU61,2017-09-12,23.6,37,17.9,245,0.0,89.44,19.28,388.46,9.76,34.31,18.06,11.42,164
2017_THU61,2017-09-13,19.1,48,12.0,49,0.0,89.21,21.15,393.61,7.01,37.3,14.7,11.67,165
2017_THU61,2017-09-14,10.5,71,12.8,74,1.4,76.06,21.75,397.2,1.56,38.27,3.83,27.08,166
2018_COC13,2018-07-14,28.0,51,12.3,277,1.0,85.36,36.16,264.37,4.12,53.89,11.86,15.89,104
2018_COC13,2018-07-15,31.5,37,17.8,227,0.2,91.25,40.98,273.74,12.57,59.64,28.49,9.52,105
2018_COC13,2018-07-16,28.0,38,15.0,259,0.0,91.3,45.22,282.49,11.0,64.59,27.04,9.46,106
2018_COC13,2018-07-17,16.7,44,15.6,331,2.2,79.2,41.97,289.2,2.3,61.6,7.88,23.14,107
2018_COC14,2018-07-15,30.2,35,18.2,232,1.6,89.28,36.06,269.25,9.67,54.03,22.59,11.6,105
2018_COC14,2018-07-16,26.6,49,14.0,247,0.0,89.33,39.38,277.74,7.88,58.15,20.27,11.54,106
2018_COC14,2018-07-17,17.1,37,18.5,331,1.4,84.71,42.07,284.53,5.14,61.43,15.21,16.63,107
2018_COC14,2018-07-18,20.1,37,11.2,266,0.0,88.74,45.21,291.85,6.29,65.18,18.26,12.18,108
2018_COC14,2018-07-19,26.4,47,9.2,231,0.4,88.95,48.63,300.3,5.86,69.23,17.91,11.95,109
2018_COC14,2018-07-20,27.6,35,9.7,219,0.0,91.11,53.01,308.98,8.19,74.2,23.65,9.66,110
2018_COC14,2018-07-21,26.6,46,10.5,38,0.0,90.81,56.52,317.47,8.18,78.23,24.27,9.97,111
2018_COC14,2018-07-22,22.6,50,16.1,24,0.0,89.63,59.31,325.24,9.15,81.47,26.78,11.23,112
2018_COC14,2018-07-23,27.2,45,10.3,102,0.0,89.68,62.96,333.84,6.88,85.58,22.51,11.17,113
2018_COC14,2018-07-24,20.7,96,4.1,345,6.2,33.53,38.22,324.07,0.01,59.04,0.02,106.75,114
2018_COC2,2018-06-10,20.3,44,23.8,142,0.0,88.33,17.97,110.71,11.19,25.57,17.26,12.62,70
2018_COC2,2018-06-11,26.5,37,24.2,205,0.0,90.62,22.55,118.88,15.86,30.59,24.2,10.18,71
2018_COC2,2018-06-12,15.7,42,31.9,104,0.0,89.83,25.11,125.11,20.89,33.44,30.49,11.01,72
2018_COC2,2018-06-13,13.0,55,23.8,88,0.7,85.24,26.78,130.86,7.22,35.43,14.63,16.03,73
2018_COC20,2018-07-21,22.5,55,14.8,29,0.0,88.9,59.82,334.03,7.72,82.64,23.98,12.0,111
2018_COC20,2018-07-22,20.1,50,15.1,25,0.0,88.95,62.31,341.35,7.89,85.57,24.8,11.95,112
2018_COC20,2018-07-23,24.8,51,7.4,47,0.0,89.0,65.29,349.52,5.39,89.01,19.3,11.9,113
2018_COC20,2018-07-24,23.1,76,4.6,51,0.5,85.53,66.65,357.38,2.86,90.92,12.03,15.71,114
2018_COC20,2018-07-25,26.1,60,7.2,217,0.5,86.42,69.21,365.78,3.69,93.97,14.98,14.71,115
2018_COC20,2018-07-26,19.0,98,8.6,90,8.5,25.45,37.83,345.45,0.0,59.4,0.0,130.9,116
2018_COC20,2018-07-27,17.1,74,7.9,286,7.8,35.81,21.72,328.65,0.02,37.28,0.03,100.68,117
2018_COC20,2018-07-28,14.9,72,8.2,293,6.9,38.5,13.19,315.56,0.04,23.89,0.04,93.87,118
2018_COC20,2018-07-29,23.8,47,6.5,289,0.2,73.96,16.29,323.55,1.01,28.94,1.59,29.83,119
2018_COC20,2018-07-30,27.7,45,9.8,246,0.0,87.14,20.01,332.24,4.66,34.78,10.21,13.92,120
2018_COC20,2018-07-31,26.9,49,12.0,221,2.7,80.91,19.15,340.79,2.3,33.58,5.26,21.06,121
2018_COC20,2018-08-01,7.5,92,14.5,19,1.4,66.22,19.29,345.14,1.15,33.85,2.35,40.72,122
2018_COC20,2018-08-02,17.0,56,5.7,108,0.0,78.49,20.94,351.21,1.31,36.44,3.0,24.01,123
2018_COC20,2018-08-03,22.2,42,6.6,209,1.6,81.0,22.76,358.21,1.77,39.28,4.49,20.95,124
2018_COC20,2018-08-04,25.7,39,9.2,191,0.0,88.82,26.13,365.84,5.76,44.35,13.86,12.08,125
2018_COC20,2018-08-05,24.5,63,30.3,235,1.8,81.91,26.09,373.25,6.49,44.42,15.21,19.87,126
2018_COC20,2018-08-06,13.1,69,7.7,41,1.7,71.16,25.44,378.61,0.96,43.56,2.33,33.61,127
2018_COC20,2018-08-07,18.5,53,2.5,270,0.0,80.68,27.34,384.95,1.39,46.43,3.92,21.34,128
2018_COC20,2018-08-08,25.5,44,15.3,204,0.0,88.14,30.41,392.54,7.1,50.96,17.51,12.82,129
2018_COC20,2018-08-09,22.0,45,15.3,330,7.6,70.97,19.04,373.88,1.4,33.78,3.05,33.87,130
2018_COC20,2018-08-10,25.4,42,6.1,242,0.0,85.85,22.21,381.46,3.23,38.78,7.94,15.34,131
2018_COC20,2018-08-11,20.7,79,9.2,329,1.9,71.25,20.98,388.19,1.04,36.97,2.21,33.5,132
2018_COC20,2018-08-12,29.8,37,13.3,232,0.3,89.28,25.0,396.56,7.56,43.19,16.82,11.6,133
2018_COC20,2018-08-13,27.1,47,9.2,239,0.0,89.33,28.09,404.44,6.19,47.86,15.28,11.54,134
2018_COC20,2018-08-14,21.0,70,15.3,304,0.6,85.8,29.46,411.22,5.09,49.96,13.44,15.4,135
2018_COC20,2018-08-15,16.3,41,4.2,20,0.0,87.57,31.57,417.16,3.74,53.1,10.87,13.44,136
2018_COC20,2018-08-16,23.3,43,14.8,223,0.0,88.93,34.45,424.36,7.75,57.27,19.87,11.97,137
2018_COC20,2018-08-17,11.4,73,13.1,21,3.3,61.68,26.75,421.15,0.87,46.17,2.16,47.76,138
2018_COC20,2018-08-18,18.4,45,1.3,146,0.0,77.42,28.96,427.46,0.96,49.53,2.65,25.35,139
2018_COC20,2018-08-19,26.5,31,20.6,216,0.0,90.58,32.89,435.24,13.15,55.33,28.31,10.22,140
2018_COC20,2018-08-20,13.3,70,11.0,49,2.6,67.72,27.97,440.63,1.01,48.27,2.78,38.51,141
2018_COC23,2018-07-30,27.8,44,9.5,245,0.0,88.08,23.96,346.25,5.25,40.85,12.32,12.89,120
2018_COC23,2018-07-31,27.5,45,13.8,223,2.4,83.58,23.69,354.9,3.49,40.61,8.75,17.92,121
2018_COC23,2018-08-01,7.9,91,14.6,20,0.8,76.78,23.86,359.33,1.79,40.93,4.68,26.16,122
2018_COC25,2018-07-28,23.7,61,7.7,281,0.4,84.85,11.51,172.77,3.04,19.73,4.91,16.47,118
2018_COC25,2018-07-29,26.9,47,22.1,248,0.2,88.62,14.99,181.32,10.7,24.85,16.47,12.31,119
2018_COC25,2018-07-30,11.6,59,13.7,355,0.2,86.82,16.22,187.11,5.42,26.66,9.97,14.27,120
2018_COC25,2018-07-31,11.6,55,15.5,28,1.2,80.2,17.56,192.9,2.54,28.61,5.21,21.92,121
2018_COC25,2018-08-01,16.9,40,19.1,254,0.0,86.85,19.79,198.95,7.15,31.69,13.69,14.23,122
2018_COC25,2018-08-02,20.2,45,32.3,225,0.0,88.11,22.21,205.59,16.64,34.97,26.66,12.86,123
2018_COC25,2018-08-03,21.6,60,12.4,216,2.7,74.81,19.55,212.48,1.42,31.79,2.95,28.71,124
2018_COC25,2018-08-04,25.7,48,28.0,187,0.0,87.15,22.43,220.11,11.68,35.75,21.01,13.9,125
2018_COC25,2018-08-05,9.0,81,28.8,359,2.8,62.84,18.02,224.74,2.05,30.02,4.31,45.91,126
2018_COC26,2018-07-28,24.2,59,7.2,273,0.2,85.59,12.28,253.18,3.29,21.9,5.66,15.63,118
2018_COC26,2018-07-29,27.2,46,22.5,248,0.0,88.92,15.86,261.78,11.41,27.55,18.17,11.98,119
2018_COC26,2018-07-30,11.7,57,13.3,358,0.5,87.17,17.16,267.59,5.58,29.57,10.82,13.88,120
2018_COC26,2018-07-31,11.8,54,15.3,27,0.7,84.37,18.55,273.42,4.18,31.72,8.83,17.02,121
2018_COC26,2018-08-01,17.2,38,21.5,249,0.0,88.18,20.89,279.52,9.76,35.21,18.29,12.78,122
2018_COC26,2018-08-02,20.5,45,32.1,225,0.0,88.34,23.35,286.21,17.02,38.78,28.44,12.61,123
2018_COC26,2018-08-03,21.1,62,9.8,204,6.5,62.62,15.11,276.74,0.78,26.6,0.85,46.27,124
2018_COC26,2018-08-04,25.9,48,26.8,187,0.0,85.53,18.01,284.41,8.76,31.1,15.84,15.7,125
2018_COC26,2018-08-05,9.1,80,27.0,358,5.2,52.36,11.41,277.02,0.84,20.7,0.78,64.01,126
2018_COC28,2018-07-31,12.2,52,14.4,22,0.0,85.24,22.86,323.71,4.5,38.87,10.56,16.03,121
2018_COC28,2018-08-01,17.8,36,24.1,248,0.0,88.82,25.36,329.92,12.2,42.55,23.61,12.09,122
2018_COC28,2018-08-02,20.7,48,33.4,228,0.0,88.87,27.7,336.65,19.62,45.95,33.89,12.03,123
2018_COC28,2018-08-03,20.1,67,9.5,171,8.5,56.67,15.81,317.69,0.52,28.12,0.59,56.18,124
2018_COC28,2018-08-04,26.2,49,26.8,186,0.0,84.56,18.68,325.41,7.66,32.67,14.67,16.8,125
2018_COC28,2018-08-05,9.8,75,27.4,358,7.9,50.38,10.47,307.36,0.68,19.29,0.61,67.82,126
2018_COC30,2018-08-03,20.9,64,10.8,206,7.1,61.31,15.45,271.32,0.76,27.04,0.84,48.37,124
2018_COC30,2018-08-04,25.9,50,26.0,184,0.1,84.87,18.23,278.99,7.68,31.34,14.38,16.44,125
2018_COC30,2018-08-05,9.3,79,26.3,360,5.8,51.23,11.16,269.89,0.71,20.23,0.65,66.16,126
2018_COC31,2018-07-28,25.5,52,9.2,281,0.8,85.58,13.47,237.45,3.63,23.59,6.52,15.65,118
2018_COC31,2018-07-29,26.9,46,22.3,249,0.0,88.86,17.02,245.99,11.2,29.02,18.39,12.04,119
2018_COC31,2018-07-30,11.7,58,11.9,5,0.8,83.51,18.28,251.8,3.14,30.95,6.74,18.0,120
2018_COC31,2018-07-31,12.1,51,16.8,31,0.5,85.21,19.8,257.69,5.06,33.22,10.64,16.06,121
2018_COC31,2018-08-01,16.8,39,21.9,247,0.0,88.13,22.06,263.71,9.88,36.48,18.79,12.84,122
2018_COC31,2018-08-02,20.3,49,31.3,225,0.0,88.17,24.31,270.37,15.97,39.7,27.53,12.78,123
2018_COC31,2018-08-03,21.6,62,11.4,208,7.1,63.19,15.27,259.76,0.87,26.63,0.94,45.37,124
2018_COC31,2018-08-04,25.4,52,26.0,184,0.1,84.56,17.9,267.34,7.36,30.67,13.76,16.8,125
2018_COC36,2018-08-02,20.4,41,20.4,229,0.0,81.65,11.21,186.39,3.82,19.49,6.1,20.17,123
2018_COC36,2018-08-03,24.6,43,9.5,217,0.0,88.02,14.24,193.82,5.21,24.06,9.1,12.95,124
2018_COC36,2018-08-04,25.8,45,16.4,189,0.0,89.08,17.29,201.47,8.59,28.47,14.92,11.81,125
2018_COC36,2018-08-05,8.9,100,18.9,347,36.6,10.96,6.62,120.99,0.0,11.64,0.0,188.11,126
2018_COC4,2018-06-10,21.2,47,29.0,136,0.0,87.93,21.89,155.24,13.74,32.37,22.48,13.05,70
2018_COC4,2018-06-11,27.7,30,29.8,205,0.0,92.15,27.2,163.63,26.13,38.43,37.68,8.59,71
2018_COC4,2018-06-12,12.0,49,34.8,103,0.0,88.79,28.96,169.19,20.83,40.56,33.27,12.12,72
2018_COC4,2018-06-13,8.2,65,28.1,92,1.1,79.93,29.81,174.07,4.65,41.75,11.31,22.24,73
2018_COC4,2018-06-14,14.3,52,17.9,109,0.0,84.4,31.76,180.05,4.78,44.08,11.93,16.98,74
2018_COC4,2018-06-15,24.3,43,29.6,138,0.0,88.83,35.57,187.83,16.1,48.28,30.4,12.08,75
2018_COC4,2018-06-16,22.4,58,20.0,242,7.0,69.53,22.6,181.22,1.69,34.46,3.87,35.9,76
2018_COC4,2018-06-17,14.4,67,20.1,336,0.2,78.82,23.95,187.22,2.79,36.29,6.67,23.6,77
2018_COC4,2018-06-18,15.8,53,28.6,319,0.0,84.57,26.04,193.47,8.39,38.97,17.24,16.79,78
2018_COC4,2018-06-19,9.3,68,34.2,342,0.5,84.24,26.92,198.54,10.65,40.21,20.84,17.16,79
2018_COC4,2018-06-20,11.2,52,9.7,345,0.0,85.13,28.47,203.96,3.5,42.21,8.97,16.15,80
2018_COC4,2018-06-21,22.5,36,18.0,290,0.0,89.61,32.45,211.42,10.03,46.9,21.58,11.25,81
2018_COC4,2018-06-22,11.1,52,6.3,336,2.3,71.22,29.39,216.82,0.89,43.9,2.12,33.54,82
2018_COC4,2018-06-23,9.2,52,13.5,48,0.0,79.84,30.69,221.88,2.21,45.61,6.23,22.35,83
2018_COC4,2018-06-24,18.9,41,21.5,320,0.0,87.16,33.79,228.69,8.44,49.35,19.55,13.89,84
2018_COC4,2018-06-25,24.8,37,39.6,230,0.0,90.3,38.09,236.55,32.91,54.32,51.03,10.52,85
2018_COC4,2018-06-26,8.9,68,19.8,53,2.9,66.09,31.22,237.54,1.49,46.99,4.28,40.92,86
2018_COC5,2018-06-20,12.6,45,9.7,333,1.1,83.26,39.39,160.93,2.72,48.88,7.89,18.29,80
2018_COC5,2018-06-21,21.2,34,13.0,222,0.0,89.24,43.27,168.15,7.4,52.66,18.37,11.64,81
2018_COC5,2018-06-22,16.0,35,4.3,24,0.1,89.41,46.19,174.44,4.89,55.59,13.84,11.46,82
2018_COC5,2018-06-23,15.4,44,7.9,24,0.0,89.29,48.62,180.61,5.76,58.13,16.08,11.59,83
2018_COC5,2018-06-24,14.2,38,3.6,354,0.0,89.34,51.12,186.57,4.67,60.68,14.03,11.53,84
2018_COC5,2018-06-25,24.1,31,15.0,249,0.0,91.33,55.7,194.32,11.04,64.9,27.18,9.44,85
2018_COC5,2018-06-26,27.2,46,8.1,283,0.0,90.94,59.72,202.62,7.38,68.77,21.1,9.84,86
2018_COC5,2018-06-27,15.5,59,10.2,113,0.4,87.82,61.51,208.81,5.24,70.85,16.69,13.17,87
2018_COC8,2018-07-14,27.6,47,11.5,268,0.4,86.64,30.32,216.68,4.73,44.92,11.95,14.47,104
2018_COC8,2018-07-15,29.3,38,15.7,238,1.9,87.45,32.06,225.66,6.56,47.31,15.87,13.57,105
2018_COC8,2018-07-16,24.3,71,14.0,222,12.1,59.02,16.07,204.48,0.78,26.86,0.85,52.13,106
2018_FOR24,2018-08-21,21.0,47,12.1,323,0.4,79.78,27.03,281.82,2.05,43.6,5.61,22.42,142
2018_FOR24,2018-08-22,24.1,35,19.9,264,0.0,89.43,30.41,289.16,10.78,48.16,23.01,11.43,143
2018_FOR24,2018-08-23,25.4,41,15.6,230,0.0,89.85,33.64,296.74,9.2,52.42,21.47,10.99,144
2018_FOR24,2018-08-24,17.9,94,8.0,162,2.9,53.45,26.88,298.29,0.36,43.87,0.55,61.96,145
2018_FOR24,2018-08-25,20.7,65,3.8,229,2.2,61.21,24.84,305.02,0.53,41.27,0.78,48.52,146
2018_FOR24,2018-08-26,23.5,67,5.4,228,0.7,75.25,26.51,312.26,1.02,43.74,2.56,28.13,147
2018_FOR24,2018-08-27,20.0,71,16.9,290,18.9,51.78,11.86,261.26,0.47,21.3,0.45,65.11,148
2018_HEA12,2018-07-14,28.1,50,12.3,277,0.0,87.32,36.67,248.6,5.43,53.58,14.69,13.71,104
2018_HEA12,2018-07-15,30.3,41,17.6,227,0.0,90.45,41.02,257.76,11.1,58.69,25.95,10.35,105
2018_HEA12,2018-07-16,27.0,40,14.5,263,0.0,90.5,44.98,266.32,9.57,63.25,24.29,10.3,106
2018_HEA12,2018-07-17,16.7,42,15.9,335,1.9,80.99,43.64,273.03,2.82,62.36,9.48,20.96,107
2018_HEA12,2018-07-18,21.0,39,11.3,263,0.0,87.82,46.81,280.51,5.54,66.06,16.74,13.17,108
2018_HEA12,2018-07-19,27.5,47,10.0,232,0.6,88.59,50.37,289.17,5.8,70.18,17.89,12.34,109
2018_HEA12,2018-07-20,27.2,40,8.6,213,0.0,90.14,54.36,297.77,6.74,74.65,20.66,10.69,110
2018_HEA12,2018-07-21,22.9,55,12.9,27,0.0,88.84,56.89,305.59,6.96,77.65,21.57,12.06,111
2018_HEA13,2018-07-17,18.8,38,10.7,340,1.6,83.57,59.37,254.42,2.98,74.99,11.09,17.94,107
2018_HEA13,2018-07-18,25.2,38,13.0,246,0.0,89.46,63.2,262.66,7.64,78.92,23.24,11.41,108
2018_HEA13,2018-07-19,29.8,37,14.6,232,0.0,91.23,67.77,271.73,10.67,83.49,30.13,9.54,109
2018_HEA13,2018-07-20,27.2,37,2.1,121,0.0,91.28,71.96,280.33,5.72,87.66,19.99,9.49,110
2018_HEA13,2018-07-21,18.9,63,16.1,27,0.0,87.42,73.7,287.44,6.66,89.82,22.58,13.61,111
2018_KEN71,2018-07-14,30.0,41,20.5,198,0.0,90.45,24.83,271.34,12.85,40.42,23.88,10.35,104
2018_KEN71,2018-07-15,21.7,45,22.6,256,0.4,90.16,27.78,278.95,13.69,44.48,26.15,10.67,105
2018_KEN71,2018-07-16,18.8,54,19.0,327,0.3,88.47,29.93,286.04,8.96,47.44,20.02,12.47,106
2018_KEN71,2018-07-17,20.6,47,9.0,268,0.0,88.52,32.63,293.45,5.45,51.06,14.36,12.41,107
2018_KEN71,2018-07-18,26.4,41,13.2,223,0.0,89.87,36.44,301.91,8.19,55.98,20.42,10.97,108
2018_KEN71,2018-07-19,27.5,51,14.5,228,0.0,89.92,39.73,310.56,8.8,60.2,22.34,10.91,109
2018_KEN71,2018-07-20,20.8,67,18.4,48,9.0,61.79,22.36,292.32,1.15,37.54,2.6,47.59,110
2018_KEN71,2018-07-21,23.4,45,11.8,78,0.0,83.25,25.52,300.24,3.02,42.1,7.88,18.31,111
2018_KEN71,2018-07-22,22.1,62,17.2,147,0.0,85.16,27.59,307.92,5.13,45.08,12.77,16.12,112
2018_KEN71,2018-07-23,22.1,54,18.0,241,2.4,78.69,25.71,315.6,2.48,42.72,6.65,23.76,113
2018_KEN71,2018-07-24,19.8,63,15.5,269,0.2,83.45,27.53,322.87,3.74,45.38,9.91,18.07,114
2018_KEN71,2018-07-25,14.6,85,17.8,284,2.5,62.42,23.37,329.2,1.15,39.69,2.75,46.58,115
2018_KEN71,2018-07-26,18.4,49,14.0,337,3.5,68.24,19.27,328.96,1.2,33.62,2.48,37.75,116
2018_KEN71,2018-07-27,22.8,43,10.7,340,0.0,84.76,22.47,336.76,3.5,38.52,8.49,16.57,117
2018_KEN71,2018-07-28,24.5,50,9.4,293,0.3,87.49,25.48,344.88,4.8,43.02,11.8,13.53,118
2018_KEN71,2018-07-29,25.6,39,9.1,263,0.0,89.87,29.31,353.19,6.66,48.54,16.26,10.97,119
2018_KEN71,2018-07-30,26.6,37,14.8,256,0.0,90.75,33.4,361.68,10.06,54.28,23.29,10.04,120
2018_KEN71,2018-07-31,21.7,75,15.4,303,1.1,81.03,34.74,369.29,2.76,56.25,8.73,20.92,121
2018_KEN71,2018-08-01,14.7,52,7.0,55,1.2,78.82,36.31,374.94,1.44,58.46,4.87,23.61,122
2018_KEN71,2018-08-02,19.6,44,13.4,200,0.0,86.29,38.7,381.47,4.96,61.74,14.82,14.85,123
2018_KEN71,2018-08-03,24.4,53,15.9,147,0.1,87.39,41.18,388.87,6.57,65.11,18.85,13.64,124
2018_KEN71,2018-08-04,24.3,75,5.5,238,0.0,85.52,42.49,396.25,2.99,67.01,10.38,15.71,125
2018_KEN77,2018-07-17,20.5,46,9.0,268,0.0,87.38,33.68,294.74,4.63,52.39,12.82,13.65,107
2018_KEN77,2018-07-18,26.7,40,15.1,232,0.0,89.96,37.59,303.25,9.13,57.4,22.36,10.87,108
2018_KEN77,2018-07-19,27.6,51,14.6,230,0.0,90.01,40.9,311.92,8.96,61.6,22.89,10.82,109
2018_KEN77,2018-07-20,20.8,65,18.1,49,11.9,60.73,21.1,284.03,1.07,35.59,2.22,49.3,110
2018_KEN77,2018-07-21,23.1,46,11.3,73,0.0,82.54,24.17,291.89,2.69,40.05,6.88,19.13,111
2018_KEN77,2018-07-22,22.2,58,17.4,146,0.0,85.62,26.47,299.59,5.52,43.36,13.24,15.6,112
2018_KEN77,2018-07-23,22.5,52,17.6,239,4.0,74.94,21.04,298.9,1.85,35.78,4.41,28.53,113
2018_NIP13,2018-06-19,26.5,31,17.8,262,0.0,91.54,44.78,107.1,13.1,44.75,25.44,9.22,79
2018_NIP13,2018-06-20,15.6,37,8.3,18,0.0,90.89,47.55,113.32,7.4,47.52,17.4,9.89,80
2018_NIP13,2018-06-21,24.3,37,13.1,217,0.0,90.94,51.76,121.09,9.49,51.72,21.8,9.84,81
2018_NIP13,2018-06-22,21.0,39,8.2,52,0.0,90.99,55.31,128.28,7.47,55.26,18.97,9.79,82
2018_NIP13,2018-06-23,9.2,88,11.5,92,16.0,30.1,24.92,102.02,0.01,30.94,0.01,116.48,83
2018_NIP13,2018-06-24,16.6,37,7.9,39,0.0,67.04,27.86,108.41,0.85,33.92,1.37,39.5,84
2018_NIP13,2018-06-25,21.9,33,17.6,221,0.0,86.88,31.91,115.75,6.66,37.78,14.23,14.2,85
2018_NIP13,2018-06-26,25.7,52,9.1,236,0.0,87.79,35.3,123.78,4.94,41.22,11.78,13.2,86
2018_NIP13,2018-06-27,26.6,45,10.6,198,1.6,85.01,37.94,131.98,3.6,44.15,9.45,16.28,87
2018_NIP13,2018-06-28,24.8,35,15.3,279,7.3,76.95,25.66,126.94,1.88,34.09,4.31,25.95,88
2018_NIP13,2018-06-29,26.9,33,8.9,238,0.0,89.57,30.6,135.19,6.31,39.08,13.9,11.29,89
2018_NIP13,2018-06-30,21.0,51,16.2,87,0.0,89.06,33.45,142.37,8.47,42.14,18.07,11.83,90
2018_NIP13,2018-07-01,22.9,64,4.3,228,3.3,68.26,27.26,146.09,0.74,37.18,1.05,37.72,91
2018_NIP13,2018-07-02,17.9,86,14.0,241,10.6,37.95,13.67,132.22,0.05,21.72,0.04,95.23,92
2018_NIP13,2018-07-03,18.9,50,7.0,291,3.1,59.2,12.15,135.77,0.55,19.86,0.5,51.84,93
2018_NIP13,2018-07-04,24.2,57,15.5,134,0.4,81.01,14.71,143.83,2.77,23.43,4.99,20.94,94
2018_NIP13,2018-07-05,13.8,69,30.0,280,4.3,63.69,10.48,143.59,2.26,17.73,3.29,44.59,95
2018_NIP13,2018-07-06,22.5,42,14.4,307,0.0,84.28,13.7,151.34,3.95,22.34,6.83,17.11,96
2018_NIP13,2018-07-07,26.8,49,19.5,210,0.0,88.17,17.04,159.87,8.81,26.91,14.78,12.79,97
2018_NIP13,2018-07-08,28.1,47,23.9,259,4.5,81.8,14.53,161.46,4.64,23.73,8.18,20.0,98
2018_NIP13,2018-07-09,20.4,45,20.2,289,0.6,86.75,17.31,168.83,7.46,27.56,13.14,14.34,99
2018_NIP13,2018-07-10,23.2,46,14.5,297,0.1,88.32,20.39,176.71,6.99,31.65,13.45,12.63,100
2018_NIP13,2018-07-11,26.8,39,10.8,165,0.0,90.22,24.39,185.24,7.63,36.7,15.54,10.6,101
2018_NIP13,2018-07-12,17.9,90,19.5,182,3.2,57.7,18.79,187.86,0.93,30.06,1.42,54.38,102
2018_NIP13,2018-07-13,25.7,48,18.9,283,0.2,83.87,22.06,196.19,4.69,34.44,10.2,17.59,103
2018_NIP13,2018-07-14,27.2,39,7.2,270,0.3,89.54,26.12,204.79,5.77,39.61,13.04,11.32,104
2018_NIP13,2018-07-15,24.3,62,10.4,250,0.9,84.54,28.38,212.86,3.34,42.58,8.67,16.82,105
2018_NIP16,2018-06-26,24.8,55,10.5,232,0.0,87.17,28.41,114.11,4.85,35.02,10.6,13.88,86
2018_NIP16,2018-06-27,26.3,46,9.7,195,2.5,81.25,27.48,122.24,2.13,35.18,5.03,20.66,87
2018_NIP16,2018-06-28,24.4,38,12.6,273,8.8,73.08,18.23,114.23,1.32,26.06,2.23,31.0,88
2018_NIP16,2018-06-29,26.3,33,6.9,208,0.0,88.49,23.06,122.37,4.89,31.35,10.01,12.44,89
2018_NIP16,2018-06-30,21.4,51,17.6,90,0.1,88.54,25.96,129.63,8.44,34.6,16.27,12.39,90
2018_NIP16,2018-07-01,23.4,56,3.8,253,4.6,66.55,19.59,130.67,0.68,28.5,0.77,40.24,91
2018_NIP20,2018-06-26,26.9,48,6.6,241,0.0,90.12,50.41,160.88,6.08,56.54,16.49,10.71,86
2018_NIP20,2018-06-27,25.8,46,10.4,182,4.6,76.4,38.12,161.5,1.41,47.94,4.09,26.64,87
2018_NIP20,2018-06-28,25.2,32,16.9,281,5.3,79.75,28.94,160.32,2.6,39.88,6.64,22.46,88
2018_NIP20,2018-06-29,26.4,33,10.5,264,0.0,89.98,33.79,168.48,7.25,45.01,16.66,10.86,89
2018_NIP20,2018-06-30,20.2,49,15.2,83,0.0,89.32,36.65,175.52,8.37,48.16,19.19,11.55,90
2018_NIP20,2018-07-01,22.6,60,7.2,198,4.3,67.96,27.4,176.33,0.84,39.47,1.69,38.16,91
2018_NIP20,2018-07-02,20.8,66,14.5,247,4.5,63.39,19.96,176.31,1.02,31.11,1.79,45.04,92
2018_NIP20,2018-07-03,16.2,53,6.3,294,7.7,52.42,12.61,167.56,0.3,21.23,0.28,63.89,93
2018_NIP20,2018-07-04,23.0,51,14.1,128,0.0,79.7,15.38,175.41,2.24,25.23,4.21,22.53,94
2018_NIP20,2018-07-05,11.9,72,31.2,287,5.4,58.09,9.96,171.57,1.73,17.4,2.28,53.71,95
2018_NIP20,2018-07-06,22.8,39,14.8,299,0.0,83.83,13.39,179.38,3.79,22.56,6.61,17.63,96
2018_NIP20,2018-07-07,26.8,48,19.7,208,0.0,88.28,16.79,187.9,9.04,27.46,15.23,12.67,97
2018_NIP20,2018-07-08,27.6,47,24.9,268,3.4,83.05,15.5,191.72,5.7,25.78,10.21,18.54,98
2018_NIP20,2018-07-09,19.5,49,26.3,293,0.0,86.73,17.97,198.93,10.1,29.31,17.11,14.37,99
2018_NIP20,2018-07-10,23.4,48,15.2,306,0.9,86.37,20.96,206.85,5.48,33.44,11.41,14.77,100
2018_NIP20,2018-07-11,26.9,38,12.0,164,0.0,90.17,25.03,215.4,8.04,38.8,16.65,10.65,101
2018_NIP20,2018-07-12,18.5,86,21.6,179,1.5,74.27,25.68,222.43,2.19,39.85,5.64,29.42,102
2018_NIP20,2018-07-13,25.6,49,21.0,286,0.4,86.58,28.88,230.74,7.58,43.99,17.01,14.53,103
2018_NIP24,2018-06-27,26.8,46,8.4,205,5.9,74.35,25.78,157.13,1.13,36.56,2.48,29.31,87
2018_NIP24,2018-06-28,24.4,35,16.0,278,9.3,74.57,17.33,146.55,1.68,26.75,3.15,29.02,88
2018_NIP24,2018-06-29,25.6,37,7.0,258,0.2,87.78,21.76,154.56,4.44,32.19,9.37,13.21,89
2018_NIP24,2018-06-30,20.6,52,16.6,88,0.0,87.83,24.5,161.67,7.25,35.54,14.7,13.16,90
2018_NIP24,2018-07-01,23.5,51,8.6,248,1.4,83.08,27.33,169.61,2.52,38.96,6.35,18.5,91
2018_NIP27,2018-06-29,25.8,34,5.4,188,0.0,88.64,32.36,167.08,4.63,43.6,11.54,12.28,89
2018_NIP27,2018-06-30,22.5,49,18.0,93,0.0,88.69,35.52,174.54,8.79,47.09,19.67,12.23,90
2018_NIP27,2018-07-01,24.5,43,10.2,262,3.9,77.28,28.7,176.71,1.49,40.82,3.83,25.53,91
2018_NIP29,2018-07-07,26.6,53,19.5,208,0.0,87.15,15.7,206.58,7.61,26.39,13.06,13.91,97
2018_NIP29,2018-07-08,27.4,48,24.9,272,3.7,82.14,14.19,209.32,5.08,24.26,8.96,19.6,98
2018_NIP29,2018-07-09,19.4,50,27.1,293,0.3,86.4,16.59,216.51,10.04,27.85,16.61,14.73,99
2018_NIP29,2018-07-10,23.3,50,15.0,312,0.5,87.68,19.46,224.41,6.54,31.98,12.83,13.32,100
2018_NIP29,2018-07-11,26.9,40,13.3,167,0.0,90.01,23.4,232.96,8.4,37.41,16.88,10.82,101
2018_NIP29,2018-07-12,20.7,81,18.4,179,2.1,72.06,21.42,240.39,1.7,35.04,3.94,32.38,102
2018_NIP29,2018-07-13,25.6,50,21.1,290,0.8,85.18,24.56,248.7,6.26,39.39,13.86,16.09,103
2018_NIP29,2018-07-14,27.1,38,9.0,265,0.5,89.96,28.67,257.28,6.71,44.84,15.69,10.87,104
2018_NIP29,2018-07-15,22.9,48,15.7,279,2.5,80.48,26.74,265.11,2.64,42.7,7.04,21.57,105
2018_NIP29,2018-07-16,18.6,73,7.4,299,3.0,63.22,21.97,267.53,0.71,36.45,0.96,45.32,106
2018_NIP30,2018-07-07,26.4,53,19.5,208,0.0,87.04,15.28,200.07,7.49,25.65,12.71,14.02,97
2018_NIP30,2018-07-08,27.1,49,24.9,272,3.7,81.67,13.76,202.85,4.8,23.52,8.38,20.16,98
2018_NIP30,2018-07-09,19.2,52,27.1,293,0.3,85.97,16.04,210.01,9.45,26.94,15.61,15.21,99
2018_NIP30,2018-07-10,23.3,51,15.0,312,0.5,87.45,18.85,217.9,6.34,31.0,12.3,13.57,100
2018_NIP30,2018-07-11,26.8,41,13.3,167,0.0,89.8,22.72,226.43,8.14,36.33,16.25,11.04,101
2018_NIP30,2018-07-12,20.0,84,18.4,179,2.1,70.27,20.61,233.74,1.59,33.78,3.57,34.85,102
2018_NIP30,2018-07-13,25.4,52,21.1,290,0.8,84.44,23.6,242.01,5.65,37.95,12.53,16.94,103
2018_NIP30,2018-07-14,27.0,39,9.0,265,0.5,89.66,27.63,250.58,6.43,43.32,14.89,11.19,104
2018_NIP30,2018-07-15,22.8,52,15.7,279,2.5,79.44,25.6,258.38,2.37,41.04,6.21,22.84,105
2018_NIP30,2018-07-16,18.4,76,7.4,299,3.0,61.45,20.89,260.84,0.65,34.8,0.85,48.13,106
2018_NIP30,2018-07-17,18.4,46,10.5,292,3.3,67.97,17.81,262.35,1.0,30.45,1.66,38.14,107
2018_NIP30,2018-07-18,25.1,50,16.4,244,0.0,84.87,20.89,270.57,4.73,35.02,10.37,16.45,108
2018_NIP30,2018-07-19,24.4,57,5.2,16,0.0,86.39,23.46,278.67,3.33,38.77,8.15,14.74,109
2018_NIP30,2018-07-20,15.3,86,16.2,32,15.2,37.42,10.7,242.64,0.05,19.27,0.04,96.58,110
2018_NIP30,2018-07-21,17.0,62,6.5,354,0.1,63.17,12.31,249.4,0.68,21.92,0.65,45.39,111
2018_NIP30,2018-07-22,19.1,55,7.1,105,0.0,78.68,14.45,256.54,1.43,25.33,2.44,23.78,112
2018_NIP30,2018-07-23,22.6,55,14.4,148,0.0,85.26,16.95,264.31,4.51,29.22,8.99,16.01,113
2018_NIP30,2018-07-24,23.6,72,4.0,243,0.2,85.3,18.58,272.27,2.69,31.74,5.91,15.96,114
2018_NIP30,2018-07-25,19.3,83,1.1,270,13.5,31.78,9.26,242.57,0.01,16.9,0.0,111.63,115
2018_NIP30,2018-07-26,14.8,70,17.4,13,13.7,40.6,5.19,214.04,0.09,9.78,0.06,88.81,116
2018_NIP30,2018-07-27,20.2,45,15.2,4,0.0,75.76,7.94,221.38,1.72,14.57,1.91,27.46,117
2018_NIP30,2018-07-28,22.3,61,11.6,324,0.4,83.33,10.08,229.1,3.02,18.17,4.62,18.21,118
2018_NIP30,2018-07-29,25.7,48,12.4,280,0.1,87.84,13.36,237.43,5.87,23.42,9.93,13.15,119
2018_NIP30,2018-07-30,12.9,96,10.9,46,3.0,49.4,9.81,239.13,0.26,17.79,0.22,69.74,120
2018_NIP31,2018-07-10,23.4,43,11.8,301,0.0,88.91,27.76,169.73,6.65,39.4,14.53,11.99,100
2018_NIP31,2018-07-11,26.6,38,13.5,164,0.0,90.46,31.79,178.22,9.04,43.97,19.37,10.35,101
2018_NIP31,2018-07-12,20.3,82,21.1,200,13.4,49.51,14.61,156.39,0.45,23.68,0.45,69.53,102
2018_NIP32,2018-07-08,26.7,45,24.5,271,3.1,83.26,15.53,183.29,5.74,25.63,10.23,18.29,98
2018_NIP32,2018-07-09,17.2,61,26.8,301,2.0,76.94,15.14,190.09,3.34,25.26,6.3,25.96,99
2018_NIP32,2018-07-10,23.0,52,14.5,314,0.4,85.48,17.86,197.93,4.68,29.15,9.26,15.76,100
2018_NIP32,2018-07-11,26.4,41,13.3,167,0.0,89.47,21.67,206.39,7.76,34.33,15.21,11.4,101
2018_NIP32,2018-07-12,18.0,88,17.8,172,1.7,70.8,20.81,213.33,1.57,33.47,3.5,34.12,102
2018_NIP32,2018-07-13,25.3,49,22.2,283,0.6,85.75,23.98,221.59,7.15,37.74,15.02,15.46,103
2018_NIP32,2018-07-14,27.0,37,11.9,270,0.0,90.28,28.13,230.16,8.12,43.1,17.72,10.54,104
2018_NIP32,2018-07-15,22.2,54,15.4,281,15.9,64.31,14.21,198.15,1.11,24.1,1.52,43.62,105
2018_NIP32,2018-07-16,16.3,79,16.9,358,8.0,46.07,8.22,187.81,0.23,14.82,0.17,76.58,106
2018_NIP32,2018-07-17,18.6,40,9.9,289,1.1,73.6,11.0,194.86,1.18,19.28,1.22,30.31,107
2018_NIP32,2018-07-18,24.5,50,16.4,237,1.6,81.77,13.27,202.97,3.17,22.8,5.61,20.04,108
2018_NIP32,2018-07-19,20.1,68,10.5,16,2.8,68.91,11.47,206.86,1.03,20.14,0.93,36.78,109
2018_NIP32,2018-07-20,14.9,78,12.2,24,21.2,37.33,5.63,162.68,0.04,10.37,0.02,96.8,110
2018_NIP32,2018-07-21,16.1,67,4.7,356,0.0,59.48,6.97,169.28,0.5,12.63,0.34,51.37,111
2018_NIP32,2018-07-22,18.7,52,4.4,99,0.0,76.8,9.2,176.35,1.07,16.27,0.85,26.14,112
2018_NIP32,2018-07-23,22.4,54,15.2,144,0.0,85.01,11.74,184.09,4.54,20.25,7.32,16.29,113
2018_NIP32,2018-07-24,23.6,66,4.3,228,0.5,85.16,13.71,192.04,2.67,23.27,4.79,16.12,114
2018_NIP36,2018-07-13,25.4,52,18.4,276,1.3,72.99,20.32,186.5,1.76,31.94,3.83,31.11,103
2018_NIP36,2018-07-14,27.0,45,7.9,294,0.0,86.53,23.95,195.07,3.89,36.65,9.02,14.59,104
2018_NIP36,2018-07-15,23.2,84,19.0,243,2.1,70.85,21.86,202.95,1.68,34.45,3.84,34.04,105
2018_NIP36,2018-07-16,19.8,62,8.0,278,4.4,61.41,16.31,202.5,0.67,27.15,0.74,48.2,106
2018_NIP37,2018-07-14,27.9,35,5.5,247,1.5,86.52,23.85,228.09,3.44,37.82,8.27,14.6,104
2018_NIP37,2018-07-15,24.0,41,14.7,281,0.0,89.2,27.33,236.11,8.02,42.39,17.4,11.68,105
2018_NIP37,2018-07-16,17.2,75,7.7,298,3.2,62.85,21.78,238.02,0.71,35.45,0.93,45.9,106
2018_NIP38,2018-07-13,25.5,51,18.4,276,1.3,73.44,20.55,186.77,1.79,32.23,3.94,30.52,103
2018_NIP38,2018-07-14,27.0,44,7.9,294,0.0,86.8,24.25,195.33,4.04,37.01,9.38,14.28,104
2018_NIP38,2018-07-15,23.1,84,19.0,243,2.1,70.88,22.13,203.19,1.68,34.79,3.87,34.01,105
2018_NIP40,2018-07-13,25.8,48,18.8,287,0.4,84.85,21.06,191.18,5.32,33.02,11.06,16.47,103
2018_NIP40,2018-07-14,27.3,38,6.0,253,1.6,85.47,24.22,199.8,3.04,37.17,7.34,15.77,104
2018_NIP40,2018-07-15,23.9,49,13.1,278,0.0,87.74,27.21,207.8,6.0,41.0,13.7,13.26,105
2018_NIP40,2018-07-16,18.3,72,7.0,291,3.2,64.04,21.88,210.24,0.72,34.73,0.94,44.04,106
2018_NIP45,2018-07-18,24.3,54,15.9,237,0.5,83.94,12.36,208.04,4.07,21.53,6.86,17.51,108
2018_NIP45,2018-07-19,18.2,78,9.0,358,4.9,54.4,8.35,205.86,0.42,15.16,0.32,60.23,109
2018_NIP45,2018-07-20,14.6,77,11.2,21,11.6,37.8,4.57,185.58,0.04,8.61,0.02,95.61,110
2018_NIP49,2018-07-27,20.4,45,14.1,6,0.0,78.35,7.81,182.87,1.98,14.11,2.3,24.19,117
2018_NIP49,2018-07-28,22.1,65,12.6,323,0.5,83.38,9.71,190.55,3.2,17.23,4.74,18.15,118
2018_NIP49,2018-07-29,25.9,48,11.2,270,0.4,87.85,13.01,198.91,5.54,22.37,9.22,13.14,119
2018_NIP49,2018-07-30,10.9,91,9.2,42,4.2,45.07,8.5,197.47,0.13,15.34,0.1,78.74,120
2018_NIP49,2018-07-31,7.1,100,21.7,36,22.1,4.91,3.47,150.87,0.0,6.55,0.0,219.61,121
2018_NIP49,2018-08-01,14.7,46,3.6,53,4.5,37.64,3.22,149.5,0.03,6.12,0.01,96.0,122
2018_NIP49,2018-08-02,19.2,44,17.6,229,0.0,74.8,5.57,155.96,1.84,10.23,1.48,28.72,123
2018_NIP49,2018-08-03,23.3,44,9.4,203,0.0,86.09,8.39,163.16,3.94,14.87,5.35,15.07,124
2018_NIP49,2018-08-04,23.8,55,15.4,191,0.0,86.97,10.71,170.45,6.04,18.5,8.96,14.1,125
2018_NIP49,2018-08-05,11.1,100,16.3,342,50.9,9.66,4.14,67.81,0.0,7.19,0.0,194.4,126
2018_NIP5,2018-05-23,13.3,41,5.4,176,0.0,85.78,16.17,101.73,3.08,23.15,5.51,15.42,52
2018_NIP5,2018-05-24,27.4,34,9.8,253,0.0,90.84,21.12,109.07,7.92,28.47,14.02,9.95,53
2018_NIP5,2018-05-25,16.6,49,15.3,63,0.0,89.13,23.5,114.46,8.18,31.06,15.03,11.76,54
2018_NIP5,2018-05-26,11.0,41,15.5,126,0.0,89.06,25.38,118.85,8.18,33.09,15.53,11.83,55
2018_NIP5,2018-05-27,11.1,71,5.7,252,0.6,84.75,26.31,123.25,2.72,34.31,6.28,16.58,56
2018_NIP53,2018-07-29,26.3,38,12.5,288,0.2,89.36,16.24,263.35,7.34,28.13,13.13,11.51,119
2018_NIP53,2018-07-30,19.4,83,4.9,17,3.4,57.31,12.3,264.69,0.43,22.04,0.42,55.06,120
2018_NIP53,2018-07-31,16.9,100,22.2,13,19.8,7.87,5.21,217.4,0.0,9.84,0.0,203.48,121
2018_NOR19,2018-07-04,30.1,36,12.5,221,0.0,91.61,41.16,199.18,10.13,54.28,23.39,9.15,94
2018_NOR19,2018-07-05,30.9,47,20.4,222,0.0,91.33,45.15,208.45,14.5,58.58,31.1,9.43,95
2018_NOR19,2018-07-06,18.5,36,17.8,342,3.1,78.99,38.29,211.18,2.52,52.69,7.73,23.4,96
2018_NOR19,2018-07-07,24.9,32,15.1,252,0.0,89.9,42.44,219.37,9.05,57.21,22.18,10.94,97
2018_NOR19,2018-07-08,27.7,28,24.0,220,0.0,92.64,47.31,228.06,20.92,62.31,40.77,8.08,98
2018_NOR19,2018-07-09,20.2,88,12.9,240,8.2,44.14,26.6,216.58,0.14,40.71,0.2,80.76,99
2018_NOR19,2018-07-10,21.7,42,13.5,335,1.2,76.03,29.71,224.19,1.61,44.63,4.47,27.11,100
2018_NOR19,2018-07-11,24.1,36,10.5,329,0.0,88.14,33.5,232.23,5.57,49.24,14.31,12.82,101
2018_NOR19,2018-07-12,27.0,37,8.7,185,0.0,90.54,37.65,240.79,7.18,54.14,18.24,10.26,102
2018_NOR19,2018-07-13,19.3,85,17.4,207,4.0,58.39,27.38,240.67,0.88,42.64,2.02,53.2,103
2018_NOR19,2018-07-14,26.3,53,5.9,256,6.2,64.72,19.06,235.42,0.7,31.71,0.86,42.99,104
2018_NOR19,2018-07-15,28.7,40,9.4,227,0.5,86.86,23.26,244.29,4.39,37.58,10.16,14.22,105
2018_NOR19,2018-07-16,27.1,54,15.1,213,0.0,87.73,26.31,252.87,6.63,41.76,14.95,13.26,106
2018_NOR19,2018-07-17,18.5,59,17.6,337,8.9,62.13,15.32,237.87,1.12,26.39,1.74,47.04,107
2018_NOR19,2018-07-18,20.6,34,7.6,278,0.0,83.41,18.68,245.28,2.5,31.39,5.46,18.12,108
2018_NOR19,2018-07-19,25.3,39,13.8,227,0.0,89.31,22.47,253.54,7.78,36.78,15.8,11.57,109
2018_NOR19,2018-07-20,26.2,38,12.9,153,0.0,90.44,26.44,261.96,8.75,42.23,18.52,10.37,110
2018_NOR19,2018-07-21,23.7,59,8.6,105,0.3,88.46,28.83,269.93,5.3,45.51,13.17,12.48,111
2018_NOR19,2018-07-22,24.3,52,21.7,69,0.1,88.51,31.69,278.0,10.33,49.33,22.6,12.43,112
2018_NOR25,2018-07-04,31.6,33,13.5,222,0.0,92.48,72.68,248.81,12.05,84.01,32.78,8.25,94
2018_NOR25,2018-07-05,32.1,47,20.5,219,0.0,91.59,76.81,258.29,15.11,88.12,38.95,9.17,95
2018_NOR25,2018-07-06,20.5,31,17.3,348,1.5,87.0,80.31,265.68,6.67,91.49,22.81,14.07,96
2018_NOR25,2018-07-07,26.5,28,13.6,248,0.0,92.03,84.98,274.16,11.35,95.76,33.59,8.72,97
2018_NOR25,2018-07-08,27.8,28,24.3,220,0.0,92.82,89.87,282.87,21.76,100.17,52.08,7.91,98
2018_NOR25,2018-07-09,27.8,44,5.6,255,1.1,87.62,93.67,291.57,4.04,103.9,16.91,13.39,99
2018_NOR25,2018-07-10,23.7,39,13.7,342,5.9,75.62,59.91,285.01,1.58,78.54,6.59,27.65,100
2018_NOR42,2018-07-05,31.9,46,22.0,220,0.0,91.7,72.96,288.87,16.56,89.44,41.62,9.05,95
2018_NOR42,2018-07-06,19.9,33,17.3,348,2.0,84.36,68.28,296.16,4.62,86.63,16.96,17.02,96
2018_NOR42,2018-07-07,26.1,29,13.9,249,0.0,91.44,72.82,304.56,10.61,91.15,31.34,9.32,97
2018_NOR42,2018-07-08,27.5,29,24.8,221,0.0,92.53,77.58,313.22,21.44,95.83,50.6,8.2,98
2018_NOR42,2018-07-09,26.8,46,8.3,252,1.7,84.77,76.15,321.74,3.1,95.68,13.22,16.56,99
2018_NOR42,2018-07-10,23.9,37,14.1,345,3.0,81.28,62.64,324.42,2.66,84.49,10.87,20.62,100
2018_NOR46,2018-07-07,25.6,32,15.3,251,0.0,90.56,40.45,224.43,10.05,55.77,23.58,10.24,97
2018_NOR46,2018-07-08,28.4,28,24.5,220,0.0,92.82,45.44,233.24,21.98,61.11,41.71,7.91,98
2018_NOR46,2018-07-09,20.8,88,13.2,235,5.0,51.84,30.54,230.66,0.4,45.9,0.63,64.99,99
2018_NOR46,2018-07-10,22.3,42,13.1,339,1.4,77.79,33.73,238.38,1.79,49.83,5.4,24.88,100
2018_NOR46,2018-07-11,24.8,36,10.5,329,0.0,88.66,37.63,246.55,6.01,54.47,16.01,12.26,101
2018_NOR55,2018-07-07,25.7,31,15.3,251,0.0,91.43,57.05,277.42,11.36,75.36,29.87,9.34,97
2018_NOR55,2018-07-08,27.7,29,25.8,221,0.0,92.57,61.85,286.11,22.65,80.3,48.27,8.16,98
2018_NOR55,2018-07-09,22.8,73,13.1,238,5.3,63.72,41.11,281.52,0.97,60.23,3.2,44.54,99
2018_NOR55,2018-07-10,22.6,41,13.7,346,1.7,80.01,42.17,289.29,2.27,61.81,7.8,22.14,100
2018_NOR56,2018-07-07,25.7,31,15.4,254,0.0,91.24,56.6,273.16,11.11,74.57,29.27,9.53,97
2018_NOR56,2018-07-08,27.7,29,26.0,222,0.0,92.55,61.4,281.85,22.84,79.5,48.32,8.18,98
2018_NOR56,2018-07-09,22.7,74,14.2,234,5.2,63.81,41.06,277.69,1.03,59.95,3.42,44.4,99
2018_NOR56,2018-07-10,22.5,41,14.1,347,0.8,83.34,44.33,285.45,3.43,63.86,11.31,18.2,100
2018_NOR61,2018-07-06,19.6,35,17.8,342,3.1,80.03,39.74,220.26,2.8,54.77,8.68,22.12,96
2018_NOR61,2018-07-07,25.8,31,15.1,252,0.0,90.48,44.1,228.61,9.82,59.5,23.99,10.33,97
2018_NOR61,2018-07-08,28.6,28,24.0,220,0.0,92.84,49.12,237.46,21.51,64.76,42.27,7.88,98
2018_NOR61,2018-07-09,21.6,86,12.9,240,8.2,47.49,27.8,225.79,0.23,42.51,0.34,73.61,99
2018_NOR61,2018-07-10,22.7,42,13.5,335,1.2,77.79,31.04,233.58,1.83,46.6,5.26,24.88,100
2018_NOR61,2018-07-11,24.9,36,10.5,329,0.0,88.69,34.95,241.77,6.03,51.34,15.55,12.23,101
2018_NOR61,2018-07-12,27.9,37,8.7,185,0.0,90.77,39.24,250.5,7.42,56.39,19.09,10.02,102
2018_NOR61,2018-07-13,20.9,79,17.4,207,4.0,63.78,28.96,250.48,1.2,44.93,3.24,44.44,103
2018_NOR61,2018-07-14,27.2,53,5.9,256,6.2,66.68,20.09,245.06,0.76,33.35,0.96,40.04,104
2018_NOR61,2018-07-15,29.6,40,9.4,227,0.5,87.55,24.42,254.09,4.85,39.38,11.31,13.46,105
2018_NOR61,2018-07-16,28.1,54,15.1,213,0.0,87.98,27.57,262.85,6.86,43.69,15.73,13.0,106
2018_NOR61,2018-07-17,19.6,58,17.6,337,8.9,63.75,16.1,247.51,1.21,27.69,2.09,44.48,107
2018_NOR61,2018-07-18,21.7,34,7.6,278,0.0,84.4,19.63,255.12,2.85,32.93,6.4,16.98,108
2018_NOR61,2018-07-19,26.1,39,13.8,227,0.0,89.61,23.53,263.52,8.13,38.47,16.72,11.24,109
2018_NOR61,2018-07-20,27.1,38,12.9,153,0.0,90.62,27.63,272.1,8.98,44.07,19.29,10.18,110
2018_NOR61,2018-07-21,24.3,61,8.6,105,0.3,88.26,29.96,280.18,5.15,47.28,13.15,12.7,111
2018_NOR61,2018-07-22,24.9,52,21.7,69,0.1,88.3,32.89,288.36,10.03,51.18,22.56,12.64,112
2018_NOR62,2018-07-06,20.0,32,17.3,348,2.0,84.63,68.82,298.06,4.79,87.27,17.49,16.72,96
2018_NOR62,2018-07-07,26.2,28,13.9,249,0.0,91.69,73.44,306.48,10.99,91.85,32.21,9.07,97
2018_NOR62,2018-07-08,27.6,28,24.8,221,0.0,92.76,78.29,315.16,22.14,96.59,51.81,7.96,98
2018_NOR62,2018-07-09,27.1,45,8.3,252,1.7,85.13,76.88,323.74,3.26,96.48,13.8,16.15,99
2018_NOR62,2018-07-10,23.8,37,14.1,345,3.0,81.25,63.13,326.37,2.65,85.11,10.89,20.65,100
2018_NOR62,2018-07-11,24.7,33,11.7,342,0.0,89.83,67.19,334.52,7.55,89.46,24.6,11.01,101
2018_NOR62,2018-07-12,28.4,34,5.4,180,0.0,91.48,71.77,343.33,6.95,94.27,23.85,9.28,102
2018_NOR62,2018-07-13,23.0,59,16.9,204,0.6,88.04,74.09,351.18,7.58,97.01,25.7,12.93,103
2018_NOR68,2018-07-07,26.0,31,15.4,254,0.0,91.3,57.49,277.55,11.22,75.76,29.7,9.46,97
2018_NOR68,2018-07-08,27.7,30,26.0,222,0.0,92.36,62.23,286.24,22.24,80.63,47.81,8.37,98
2018_NOR68,2018-07-09,23.6,64,14.2,234,5.2,69.19,42.18,282.11,1.25,61.41,4.34,36.39,99
2018_NOR68,2018-07-10,23.0,39,14.1,347,0.8,85.1,45.63,289.96,4.35,65.49,13.84,16.19,100
2018_NOR69,2018-07-08,27.8,29,25.8,221,0.0,92.58,61.98,288.26,22.71,80.62,48.44,8.15,98
2018_NOR69,2018-07-09,23.1,71,13.1,238,5.3,65.01,41.32,283.65,1.02,60.58,3.43,42.55,99
2018_NOR69,2018-07-10,22.8,41,13.7,346,1.7,80.4,42.39,291.46,2.37,62.18,8.12,21.67,100
2018_NOR72,2018-07-08,28.2,29,24.5,223,0.0,92.49,32.4,206.17,21.01,46.52,35.66,8.24,98
2018_NOR72,2018-07-09,19.9,91,13.1,238,5.3,46.75,20.69,203.27,0.21,32.98,0.26,75.16,99
2018_NOR72,2018-07-10,21.6,43,12.7,335,0.7,77.95,23.72,210.86,1.78,37.03,4.33,24.69,100
2018_NOR72,2018-07-11,24.3,36,10.8,330,0.0,88.57,27.54,218.94,6.02,41.91,13.9,12.36,101
2018_NOR72,2018-07-12,27.0,38,8.6,165,0.0,90.43,31.63,227.51,7.03,46.95,16.65,10.38,102
2018_NOR72,2018-07-13,19.1,91,21.1,213,7.6,42.83,17.47,217.51,0.17,29.1,0.19,83.67,103
2018_NOR72,2018-07-14,26.7,52,5.6,255,5.4,63.42,13.62,215.27,0.65,23.52,0.66,45.0,104
2018_NOR72,2018-07-15,28.8,41,8.9,227,0.8,85.49,17.77,224.16,3.53,29.65,7.3,15.75,105
2018_NOR72,2018-07-16,27.4,53,13.8,221,0.0,87.72,20.91,232.79,6.2,34.15,12.74,13.28,106
2018_NOR72,2018-07-17,17.9,62,17.9,338,6.7,62.9,13.48,224.88,1.18,23.45,1.66,45.82,107
2018_NOR72,2018-07-18,20.6,36,7.6,278,0.0,83.23,16.75,232.29,2.44,28.38,4.98,18.33,108
2018_NOR72,2018-07-19,25.8,41,14.6,230,0.0,89.07,20.47,240.64,7.82,33.77,15.17,11.82,109
2018_NOR72,2018-07-20,26.6,38,11.8,153,0.0,90.47,24.51,249.13,8.3,39.34,17.18,10.34,110
2018_NOR72,2018-07-21,24.0,59,9.3,103,0.0,88.48,26.92,257.16,5.51,42.68,13.11,12.45,111
2018_NOR72,2018-07-22,25.2,50,19.4,68,0.0,88.53,30.01,265.4,9.23,46.8,20.3,12.4,112
2018_NOR72,2018-07-23,18.6,100,6.5,56,17.9,14.5,11.85,223.63,0.0,20.93,0.0,172.06,113
2018_NOR72,2018-07-24,24.7,75,11.5,194,5.3,46.48,8.34,221.15,0.18,15.24,0.14,75.71,114
2018_PAR33,2018-07-18,21.3,41,9.7,266,0.0,86.92,46.91,324.9,4.5,68.93,14.63,14.15,108
2018_PAR33,2018-07-19,21.4,56,16.7,217,0.0,86.97,49.23,332.46,6.44,71.86,19.59,14.1,109
2018_PAR33,2018-07-20,26.6,48,16.3,155,0.0,88.6,52.61,340.95,7.97,75.93,23.48,12.33,110
2018_PAR33,2018-07-21,25.3,58,12.7,135,0.4,88.48,55.22,349.21,6.53,79.15,20.83,12.46,111
2018_PAR33,2018-07-22,22.4,61,20.9,75,0.3,87.6,57.37,356.94,8.71,81.85,25.95,13.41,112
2018_PAR33,2018-07-23,23.8,85,4.7,171,6.3,47.03,35.56,346.35,0.14,56.6,0.26,74.58,113
2018_PAR33,2018-07-24,22.1,96,12.7,205,12.0,18.3,16.35,315.3,0.0,28.94,0.0,156.46,114
2018_PAR33,2018-07-25,22.9,69,18.3,255,5.1,54.21,11.69,310.5,0.65,21.37,0.62,60.58,115
2018_PAR33,2018-07-26,20.7,82,20.5,204,0.6,69.93,12.61,317.93,1.75,22.95,2.94,35.34,116
2018_PAR33,2018-07-27,19.4,71,18.2,243,0.1,79.46,14.01,325.13,2.69,25.29,5.1,22.81,117
2018_PAR33,2018-07-28,17.9,68,9.5,299,0.1,82.36,15.44,332.05,2.4,27.66,4.82,19.34,118
2018_PAR33,2018-07-29,21.7,62,14.7,242,0.1,84.86,17.47,339.66,4.33,30.96,8.98,16.46,119
2018_PAR33,2018-07-30,22.9,66,14.5,224,0.0,85.05,19.39,347.49,4.41,34.03,9.62,16.24,120
2018_PAR33,2018-07-31,24.6,57,11.6,210,0.0,86.57,21.98,355.62,4.71,38.08,10.84,14.54,121
2018_PAR33,2018-08-01,17.7,97,11.3,353,32.3,17.08,8.28,255.09,0.0,15.31,0.0,161.32,122
2018_PAR33,2018-08-02,23.0,74,19.1,212,13.0,47.92,4.9,228.26,0.33,9.31,0.19,72.73,123
2018_PAR33,2018-08-03,22.7,83,13.2,197,2.5,55.16,4.0,235.35,0.55,7.68,0.29,58.85,124
2018_PAR33,2018-08-04,23.6,63,13.2,215,0.4,77.66,5.89,242.6,1.78,11.11,1.53,25.05,125
2018_PAR33,2018-08-05,23.9,79,19.7,220,0.0,81.19,6.97,249.91,3.5,13.04,4.37,20.72,126
2018_PAR33,2018-08-06,22.0,90,11.0,232,7.6,40.53,3.75,238.77,0.07,7.21,0.03,88.98,127
2018_PAR33,2018-08-07,22.7,75,9.7,243,0.2,65.51,4.98,245.86,0.88,9.47,0.51,41.79,128
2018_PAR33,2018-08-08,20.5,67,8.1,238,0.0,77.79,6.45,252.55,1.39,12.12,0.93,24.89,129
2018_PAR33,2018-08-09,22.6,76,6.5,304,2.2,67.83,5.95,259.62,0.81,11.26,0.52,38.35,130
2018_PAR33,2018-08-10,23.0,57,14.4,233,0.7,81.61,8.09,266.77,2.81,15.05,3.77,20.22,131
2018_PAR33,2018-08-11,22.0,79,10.7,228,1.0,77.85,9.09,273.73,1.6,16.79,1.94,24.81,132
2018_PAR33,2018-08-12,24.2,65,5.2,164,2.5,70.71,8.55,281.09,0.83,15.89,0.65,34.25,133
2018_PAR33,2018-08-13,25.8,61,7.9,227,0.0,82.56,10.71,288.74,2.27,19.61,3.56,19.11,134
2018_PAR33,2018-08-14,24.4,76,14.5,224,0.0,83.15,11.98,296.14,3.42,21.75,5.86,18.42,135
2018_PAR33,2018-08-15,22.9,69,8.2,41,0.0,84.13,13.51,303.26,2.83,24.32,5.23,17.28,136
2018_PAR33,2018-08-16,24.4,69,4.7,189,0.0,84.58,15.15,310.66,2.52,27.0,4.99,16.77,137
2018_PAR33,2018-08-17,26.2,71,10.0,41,0.6,84.05,16.78,318.38,3.07,29.65,6.41,17.38,138
2018_PAR33,2018-08-18,21.8,63,11.5,39,0.0,85.1,18.53,325.31,3.82,32.44,8.26,16.18,139
2018_PAR33,2018-08-19,23.4,60,8.8,199,0.0,85.96,20.55,332.52,3.75,35.6,8.61,15.21,140
2018_PAR33,2018-08-20,24.0,64,10.4,180,0.0,86.01,22.42,339.85,4.1,38.49,9.71,15.16,141
2018_PAR33,2018-08-21,20.5,96,8.9,63,3.4,46.65,16.55,339.46,0.16,29.51,0.19,75.38,142
2018_PEM6,2018-07-19,26.0,32,10.0,232,0.0,91.13,49.68,274.75,8.34,68.42,22.96,9.65,109
2018_PEM6,2018-07-20,28.7,32,12.6,156,0.0,92.1,54.43,283.62,10.91,73.57,28.71,8.64,110
2018_PEM6,2018-07-21,28.2,39,19.3,127,0.0,92.15,58.63,292.4,15.4,78.11,37.21,8.59,111
2018_PEM6,2018-07-22,21.6,52,15.3,66,0.0,89.46,61.19,299.99,8.58,81.05,25.56,11.4,112
2018_PEM6,2018-07-23,21.4,96,11.7,137,6.5,35.05,36.63,290.72,0.02,55.72,0.04,102.66,113
2018_PEM7,2018-07-19,26.5,33,10.0,232,0.0,91.06,49.94,278.59,8.26,68.97,22.9,9.71,109
2018_PEM7,2018-07-20,29.0,32,12.6,156,0.0,92.14,54.74,287.52,10.98,74.18,28.95,8.6,110
2018_PEM7,2018-07-21,28.6,39,19.3,127,0.0,92.19,59.0,296.37,15.49,78.79,37.52,8.55,111
2018_PEM7,2018-07-22,22.6,49,15.3,66,0.0,90.02,61.84,304.14,9.3,82.0,27.18,10.81,112
2018_PEM7,2018-07-23,21.6,96,11.7,137,6.5,35.25,36.99,294.73,0.02,56.31,0.04,102.14,113
2018_RED103,2018-07-17,20.2,46,8.6,268,0.0,87.93,28.22,256.89,4.92,44.29,12.23,13.04,107
2018_RED103,2018-07-18,26.9,40,16.5,234,0.0,90.08,32.17,265.44,9.95,49.38,22.03,10.75,108
2018_RED103,2018-07-19,27.4,54,14.5,228,0.0,89.57,35.25,274.07,8.36,53.35,20.23,11.29,109
2018_RED103,2018-07-20,21.3,56,17.6,49,8.8,66.64,20.33,258.71,1.36,33.99,2.97,40.09,110
2018_RED108,2018-07-17,20.2,47,8.7,265,0.0,87.79,27.45,265.53,4.84,43.62,11.97,13.2,107
2018_RED108,2018-07-18,27.1,40,16.6,236,0.0,90.09,31.42,274.11,10.03,48.85,22.03,10.73,108
2018_RED108,2018-07-19,27.7,55,14.5,228,0.0,89.46,34.47,282.8,8.24,52.83,19.9,11.41,109
2018_RED108,2018-07-20,21.6,54,17.1,49,9.7,66.85,19.29,264.2,1.34,32.62,2.8,39.78,110
2018_RED109,2018-07-16,17.5,59,17.2,331,0.3,87.41,25.63,278.44,7.04,41.68,15.63,13.62,106
2018_RED109,2018-07-17,20.9,43,8.3,268,0.0,88.48,28.58,285.91,5.24,45.73,13.09,12.45,107
2018_RED109,2018-07-18,27.9,38,16.7,237,0.0,90.65,32.8,294.64,10.92,51.32,23.98,10.14,108
2018_RED109,2018-07-19,28.3,54,12.8,238,0.0,89.77,35.98,303.43,7.9,55.5,19.82,11.08,109
2018_RED109,2018-07-20,22.4,51,17.6,46,10.2,68.77,20.14,282.01,1.46,34.18,3.25,36.99,110
2018_RED110,2018-07-17,17.3,55,8.3,270,0.1,79.15,26.51,243.21,1.59,41.66,4.18,23.19,107
2018_RED110,2018-07-18,27.3,38,18.5,246,0.0,89.56,30.64,251.83,10.23,46.99,21.9,11.29,108
2018_RED110,2018-07-19,27.2,55,13.8,227,0.2,89.32,33.63,260.43,7.8,50.85,18.75,11.55,109
2018_RED110,2018-07-20,20.1,59,16.9,52,8.9,63.79,18.94,245.3,1.17,31.75,2.28,44.43,110
2018_RED115,2018-07-17,18.0,53,8.3,265,0.0,80.71,17.73,186.54,1.86,28.66,3.76,21.31,107
2018_RED115,2018-07-18,27.4,39,18.4,244,0.0,89.58,21.82,195.18,10.2,34.1,18.59,11.28,108
2018_RED115,2018-07-19,27.6,56,12.3,232,0.0,89.23,24.78,203.85,7.14,38.01,15.05,11.65,109
2018_RED115,2018-07-20,21.3,51,17.3,43,12.7,66.14,13.83,182.11,1.32,23.25,1.98,40.85,110
2018_RED121,2018-07-17,18.6,50,8.5,234,0.0,72.15,10.16,214.05,1.03,18.17,0.88,32.26,107
2018_RED121,2018-07-18,27.8,49,15.8,253,0.0,86.62,13.62,222.76,5.86,23.63,9.97,14.48,108
2018_RED121,2018-07-19,20.9,81,11.5,32,1.7,72.9,13.49,230.23,1.24,23.53,1.81,31.24,109
2018_RED121,2018-07-20,21.1,55,12.2,28,6.6,64.25,9.71,223.27,0.95,17.51,0.79,43.72,110
2018_RED121,2018-07-21,21.1,50,8.9,40,0.0,81.32,12.31,230.77,2.06,21.73,3.43,20.57,111
2018_RED121,2018-07-22,23.7,44,18.1,145,0.0,87.92,15.58,238.74,7.92,26.78,13.58,13.06,112
2018_RED121,2018-07-23,23.1,53,14.6,230,9.2,67.97,10.48,224.46,1.22,18.77,1.31,38.15,113
2018_RED121,2018-07-24,21.0,65,12.4,234,0.4,79.99,12.3,231.95,2.12,21.72,3.55,22.17,114
2018_RED170,2018-08-15,22.9,47,16.9,196,0.0,88.02,33.6,256.97,7.56,50.65,18.29,12.95,136
2018_RED170,2018-08-16,23.9,50,10.3,335,0.0,88.07,36.18,264.28,5.46,53.91,14.81,12.9,137
2018_RED170,2018-08-17,22.6,50,5.4,160,0.0,88.12,38.63,271.35,4.3,56.98,12.67,12.85,138
2018_RED170,2018-08-18,27.7,48,17.7,213,0.0,88.92,41.72,279.34,8.96,60.76,22.73,11.98,139
2018_RED170,2018-08-19,18.7,53,13.2,325,1.4,81.81,43.64,285.71,2.71,63.16,9.22,20.0,140
2018_RED170,2018-08-20,19.7,41,8.7,318,0.0,87.25,46.18,292.26,4.48,66.2,14.27,13.79,141
2018_RED170,2018-08-21,19.9,43,11.6,286,0.1,88.33,48.65,298.84,6.06,69.15,18.33,12.61,142
2018_RED170,2018-08-22,24.5,40,16.1,250,0.1,89.72,51.82,306.26,9.28,72.83,25.55,11.12,143
2018_RED170,2018-08-23,19.3,48,14.8,56,0.0,89.3,54.01,312.74,8.17,75.44,23.81,11.58,144
2018_RED170,2018-08-24,20.1,51,12.9,63,0.0,88.9,56.15,319.36,7.01,78.01,21.75,12.0,145
2018_RED170,2018-08-25,21.3,74,16.3,239,0.7,83.91,57.35,326.2,4.13,79.68,14.89,17.54,146
2018_RED170,2018-08-26,15.8,53,8.1,291,0.1,85.47,58.99,332.04,3.38,81.7,12.91,15.77,147
2018_RED170,2018-08-27,10.1,67,13.7,23,9.1,48.19,32.06,309.46,0.26,50.92,0.44,72.19,148
2018_RED30,2018-05-21,22.9,28,15.6,236,0.0,91.92,52.26,141.16,12.36,54.28,26.88,8.83,50
2018_RED30,2018-05-22,24.6,34,8.3,236,0.0,91.97,56.72,147.99,8.62,57.93,21.57,8.78,51
2018_RED30,2018-05-23,27.3,31,9.5,233,0.0,92.15,61.88,155.31,9.39,62.0,23.74,8.59,52
2018_RED30,2018-05-24,28.2,40,14.3,168,0.0,92.11,66.51,162.79,11.9,66.49,28.96,8.63,53
2018_RED30,2018-05-25,21.9,76,5.9,259,17.8,45.01,30.48,131.07,0.11,38.55,0.16,78.85,54
2018_RED30,2018-05-26,17.6,82,2.6,16,2.4,44.19,26.62,136.64,0.08,35.8,0.11,80.65,55
2018_RED38,2018-06-16,23.7,38,17.7,257,1.4,83.73,25.58,154.95,4.33,36.22,9.82,17.75,76
2018_RED38,2018-06-17,21.5,38,15.0,291,0.1,88.77,29.27,162.22,7.65,40.34,16.37,12.15,77
2018_RED38,2018-06-18,20.9,43,11.7,326,0.0,88.82,32.57,169.39,6.52,44.0,15.19,12.09,78
2018_RED38,2018-06-19,28.0,27,13.6,287,0.0,92.71,38.17,177.83,12.5,49.68,25.92,8.02,79
2018_RED38,2018-06-20,23.3,35,6.1,40,0.0,92.35,42.34,185.43,8.14,53.91,19.95,8.39,80
2018_RED38,2018-06-21,30.4,32,12.8,280,0.2,92.49,47.98,194.3,11.63,59.33,26.94,8.25,81
2018_RED38,2018-06-22,20.9,70,10.4,90,3.2,69.09,38.9,197.06,1.03,52.09,3.03,36.53,82
2018_RED38,2018-06-23,13.6,75,17.7,77,4.4,54.43,27.6,195.31,0.65,40.79,0.94,60.18,83
2018_RED38,2018-06-24,21.2,28,11.6,116,0.0,83.81,31.83,202.53,3.22,45.7,8.76,17.66,84
2018_RED38,2018-06-25,25.6,39,15.4,201,0.0,89.47,36.11,210.54,8.63,50.55,20.13,11.39,85
2018_RED38,2018-06-26,25.3,61,9.6,193,0.8,85.39,38.82,218.5,3.61,53.77,10.64,15.85,86
2018_RED38,2018-06-27,18.2,96,9.5,233,12.5,24.3,17.99,195.37,0.0,29.25,0.0,134.73,87
2018_RED38,2018-06-28,24.5,33,13.7,272,0.0,76.8,22.51,203.18,1.71,35.25,4.0,26.14,88
2018_RED38,2018-06-29,24.3,37,6.5,90,0.0,87.77,26.72,210.96,4.32,40.59,10.48,13.22,89
2018_RED38,2018-06-30,25.5,43,18.2,108,0.0,89.34,30.71,218.96,9.75,45.48,20.82,11.54,90
2018_RED38,2018-07-01,24.0,43,14.1,274,6.0,74.97,21.6,214.55,1.56,34.51,3.53,28.49,91
2018_RED38,2018-07-02,17.5,82,9.8,354,9.2,41.79,11.72,200.53,0.08,20.46,0.07,86.06,92
2018_RED38,2018-07-03,19.1,43,2.8,40,0.8,68.62,14.43,207.67,0.69,24.59,0.71,37.2,93
2018_RED38,2018-07-04,18.5,89,22.0,94,1.6,63.68,14.12,214.71,1.51,24.25,2.53,44.6,94
2018_RED38,2018-07-05,16.5,49,20.9,312,5.3,65.19,10.43,210.98,1.52,18.57,1.99,42.27,95
2018_RED38,2018-07-06,24.8,35,12.9,252,0.0,86.82,14.39,219.15,5.21,24.72,9.25,14.26,96
2018_RED38,2018-07-07,30.1,49,24.3,207,0.0,89.06,18.12,228.27,12.74,30.25,20.61,11.83,97
2018_RED38,2018-07-08,26.8,39,21.4,263,3.9,83.21,16.31,230.01,4.87,27.71,9.32,18.35,98
2018_RED38,2018-07-09,21.6,42,21.3,292,0.7,87.42,19.41,237.6,8.67,32.23,16.01,13.6,99
2018_RED38,2018-07-10,25.9,34,4.7,302,0.0,90.64,23.59,245.96,5.95,38.06,13.08,10.16,100
2018_RED38,2018-07-11,26.2,40,21.1,147,0.0,90.69,27.44,254.38,13.7,43.22,25.8,10.11,101
2018_RED38,2018-07-12,24.2,60,23.1,247,2.7,79.1,24.5,262.44,3.33,39.73,8.29,23.26,102
2018_RED38,2018-07-13,26.6,42,17.6,293,2.0,84.48,25.59,270.94,4.76,41.4,11.48,16.89,103
2018_RED38,2018-07-14,29.6,40,15.3,214,0.0,90.2,29.91,279.97,9.54,47.22,20.88,10.62,104
2018_RED38,2018-07-15,22.0,41,23.2,246,3.7,79.87,24.73,280.56,3.61,40.53,9.0,22.31,105
2018_RED38,2018-07-16,11.9,88,19.0,341,4.6,46.78,16.57,276.41,0.28,28.82,0.32,75.1,106
2018_RED38,2018-07-17,17.7,52,8.9,243,0.0,72.52,18.69,283.3,1.07,32.09,2.0,31.76,107
2018_RED38,2018-07-18,28.7,40,18.1,257,0.0,88.81,22.89,292.17,8.99,38.28,17.97,12.1,108
2018_RED38,2018-07-19,28.1,50,6.2,350,0.9,86.95,26.32,300.94,3.78,43.2,9.72,14.13,109
2018_RED38,2018-07-20,21.6,53,13.5,29,6.8,67.85,17.37,290.66,1.15,30.23,2.11,38.32,110
2018_RED38,2018-07-21,21.8,46,9.0,23,0.0,83.45,20.28,298.29,2.69,34.66,6.27,18.08,111
2018_RED38,2018-07-22,24.1,41,15.4,143,0.0,88.76,23.77,306.33,7.8,39.81,16.5,12.15,112
2018_RED38,2018-07-23,24.1,48,12.2,225,5.7,73.1,17.39,299.98,1.29,30.38,2.51,30.97,113
2018_RED38,2018-07-24,21.7,58,8.5,242,0.0,82.63,19.64,307.59,2.36,33.87,5.45,19.02,114
2018_RED38,2018-07-25,15.4,97,10.5,344,11.2,22.72,9.49,281.36,0.0,17.5,0.0,140.15,115
2018_RED38,2018-07-26,18.1,44,12.7,352,3.9,57.94,8.38,280.57,0.67,15.59,0.52,53.97,116
2018_RED38,2018-07-27,23.3,45,13.0,2,0.0,82.46,11.53,288.47,2.9,20.97,4.87,19.22,117
2018_RED38,2018-07-28,25.5,41,11.5,321,1.2,86.2,15.22,296.76,4.44,26.98,8.47,14.96,118
2018_RED38,2018-07-29,26.4,36,14.1,274,1.4,87.69,19.35,305.22,6.26,33.41,12.68,13.32,119
2018_RED38,2018-07-30,19.0,93,6.0,25,5.5,39.28,11.98,298.67,0.04,21.77,0.04,91.97,120
2018_RED38,2018-07-31,9.2,95,21.2,32,36.4,11.3,4.86,198.92,0.0,9.16,0.0,186.5,121
2018_RED38,2018-08-01,15.6,44,5.5,113,0.0,49.91,6.79,204.73,0.21,12.54,0.15,68.73,122
2018_RED38,2018-08-02,19.8,44,14.3,219,0.0,78.63,9.21,211.3,2.05,16.61,2.76,23.84,123
2018_RED38,2018-08-03,24.4,49,13.6,192,0.0,86.62,11.89,218.7,5.24,20.94,8.48,14.49,124
2018_RED38,2018-08-04,24.5,70,12.5,226,0.1,86.24,13.48,226.11,4.7,23.46,8.22,14.91,125
2018_RED38,2018-08-05,15.1,99,21.0,7,12.5,19.43,6.25,201.47,0.0,11.61,0.0,152.12,126
2018_RED38,2018-08-06,16.1,50,5.5,238,0.7,53.79,8.03,207.37,0.33,14.64,0.25,61.34,127
2018_RED38,2018-08-07,25.3,52,17.6,221,0.0,81.77,10.64,214.93,3.37,18.94,5.3,20.03,128
2018_RED38,2018-08-08,23.0,55,14.6,310,0.3,86.0,12.88,222.07,5.05,22.5,8.55,15.18,129
2018_RED38,2018-08-09,24.4,44,7.9,294,0.0,88.58,15.83,229.47,5.21,27.01,9.72,12.34,130
2018_RED38,2018-08-10,28.0,49,15.3,309,0.7,88.23,18.9,237.51,7.19,31.52,13.72,12.72,131
2018_RED38,2018-08-11,31.0,38,15.6,220,0.0,91.17,23.0,246.1,11.12,37.29,20.71,9.6,132
2018_RED38,2018-08-12,28.8,52,13.4,63,0.0,90.21,25.97,254.29,8.67,41.37,18.21,10.61,133
2018_RED38,2018-08-13,29.1,54,11.6,64,0.5,89.83,28.84,262.53,7.51,45.25,17.15,11.01,134
2018_RED38,2018-08-14,12.5,58,8.7,38,1.9,74.44,27.43,267.78,1.15,43.67,3.0,29.19,135
2018_RED38,2018-08-15,21.4,45,13.8,213,0.1,85.65,29.98,274.64,4.62,47.11,12.05,15.57,136
2018_RED38,2018-08-16,23.7,59,12.0,339,0.0,86.29,32.08,281.91,4.62,49.95,12.45,14.85,137
2018_RED38,2018-08-17,20.5,47,4.3,156,0.0,87.53,34.44,288.6,3.74,53.06,10.86,13.49,138
2018_RED38,2018-08-18,27.8,47,18.7,218,2.2,84.53,33.21,296.61,5.07,51.89,13.69,16.84,139
2018_RED38,2018-08-19,19.6,55,16.4,327,9.6,63.39,18.03,276.38,1.12,31.0,2.09,45.05,140
2018_RED38,2018-08-20,18.5,54,6.4,322,1.6,71.77,18.99,282.72,0.92,32.52,1.54,32.77,141
2018_RED38,2018-08-21,19.3,44,13.7,297,0.0,84.52,21.35,289.19,3.93,36.05,9.03,16.85,142
2018_RED38,2018-08-22,24.2,37,16.2,271,0.3,89.65,24.64,296.55,9.22,40.8,18.91,11.21,143
2018_RED38,2018-08-23,16.4,50,12.5,41,0.0,88.7,26.45,302.51,6.68,43.41,15.35,12.22,144
2018_RED38,2018-08-24,19.2,48,10.3,54,0.2,88.75,28.63,308.97,6.02,46.48,14.71,12.17,145
2018_RED52,2018-06-24,21.2,26,12.1,117,0.0,86.46,45.24,199.52,4.76,57.75,13.83,14.66,84
2018_RED52,2018-06-25,25.5,36,15.6,199,0.0,90.33,49.72,207.52,9.86,62.19,24.6,10.49,85
2018_RED52,2018-06-26,25.1,59,10.7,192,0.1,88.57,52.55,215.44,5.99,65.29,17.62,12.36,86
2018_RED52,2018-06-27,18.2,93,9.7,231,12.0,30.05,25.83,193.83,0.01,38.75,0.01,116.63,87
2018_RED52,2018-06-28,24.6,30,14.1,274,0.2,79.76,30.57,201.66,2.26,44.33,6.24,22.45,88
2018_RED52,2018-06-29,24.1,34,4.1,105,0.0,88.62,34.95,209.4,4.32,49.32,11.72,12.31,89
2018_RED52,2018-06-30,25.5,41,18.7,113,0.1,89.77,39.08,217.4,10.64,53.92,24.14,11.08,90
2018_RED55,2018-06-26,26.6,59,13.7,175,0.1,88.53,48.09,241.71,6.92,64.23,19.43,12.4,86
2018_RED55,2018-06-27,24.9,39,15.5,269,7.6,76.05,31.37,231.85,1.78,46.88,5.14,27.09,87
2018_RED55,2018-06-28,25.0,30,16.6,240,0.0,89.99,36.18,239.75,9.88,52.53,22.61,10.84,88
2018_RED55,2018-06-29,23.9,44,7.6,135,0.0,90.04,39.86,247.46,6.32,56.83,17.03,10.79,89
2018_RED55,2018-06-30,22.5,57,14.4,94,0.7,86.26,42.53,254.91,5.19,60.03,15.11,14.89,90
2018_RED55,2018-07-01,22.9,48,10.8,272,11.9,65.82,23.16,231.92,0.94,37.06,1.9,41.32,91
2018_RED55,2018-07-02,12.3,94,12.2,19,7.8,26.81,12.6,219.95,0.0,22.05,0.0,126.54,92
2018_RED55,2018-07-03,18.2,42,6.9,81,0.1,64.86,15.23,226.93,0.74,26.08,0.8,42.78,93
2018_RED55,2018-07-04,18.5,90,17.7,102,3.2,49.51,11.4,229.18,0.38,20.28,0.34,69.53,94
2018_RED55,2018-07-05,20.2,41,17.3,306,5.9,67.4,9.25,224.05,1.38,16.77,1.47,38.97,95
2018_RED55,2018-07-06,25.3,37,16.8,228,0.0,87.42,13.16,232.31,6.91,23.05,11.26,13.6,96
2018_RED55,2018-07-07,28.7,57,24.5,208,0.0,87.6,16.17,241.18,10.44,27.69,17.06,13.41,97
2018_RED55,2018-07-08,24.6,46,22.8,265,1.1,86.84,19.43,249.31,8.6,32.52,15.99,14.24,98
2018_RED55,2018-07-09,21.6,43,20.9,291,0.4,88.59,22.46,256.9,10.04,36.87,19.11,12.34,99
2018_RED55,2018-07-10,25.9,37,3.7,191,0.0,90.33,26.46,265.27,5.42,42.36,12.88,10.48,100
2018_RED55,2018-07-11,26.2,48,24.2,150,0.2,90.33,29.79,273.69,15.21,46.84,28.83,10.48,101
2018_RED55,2018-07-12,23.6,71,19.8,245,29.4,57.97,11.94,200.25,0.97,20.79,0.9,53.92,102
2018_RED57,2018-06-28,24.6,31,16.6,240,0.0,89.38,35.43,236.55,9.06,51.56,21.05,11.49,88
2018_RED57,2018-06-29,23.3,46,7.6,135,0.0,89.43,38.9,244.15,5.79,55.64,15.77,11.43,89
2018_RED57,2018-06-30,22.3,57,14.4,94,0.7,86.11,41.55,251.56,5.08,58.82,14.71,15.05,90
2018_RED57,2018-07-01,22.8,48,10.8,272,11.9,65.69,22.59,228.79,0.93,36.24,1.83,41.53,91
2018_RED57,2018-07-02,12.4,95,12.2,19,7.8,25.44,12.26,216.98,0.0,21.49,0.0,130.95,92
2018_RED57,2018-07-03,17.9,43,6.9,81,0.1,63.47,14.81,223.9,0.7,25.41,0.74,44.92,93
2018_RED57,2018-07-04,18.3,90,17.7,102,3.2,48.91,11.06,226.16,0.35,19.7,0.31,70.73,94
2018_RED57,2018-07-05,19.8,41,17.3,306,5.9,66.79,8.97,221.05,1.35,16.29,1.34,39.87,95
2018_RED57,2018-07-06,24.9,38,16.8,228,0.0,86.97,12.76,229.24,6.47,22.4,10.52,14.1,96
2018_RED57,2018-07-07,28.5,57,24.5,208,0.0,87.52,15.75,238.07,10.33,27.03,16.71,13.49,97
2018_RED57,2018-07-08,24.4,46,22.8,265,1.1,86.77,18.98,246.17,8.52,31.83,15.7,14.32,98
2018_RED57,2018-07-09,21.3,43,20.9,291,0.4,88.53,21.98,253.7,9.95,36.14,18.8,12.4,99
2018_RED57,2018-07-10,25.6,37,3.7,191,0.0,90.27,25.93,262.02,5.37,41.58,12.66,10.54,100
2018_RED57,2018-07-11,25.8,49,24.2,150,0.2,90.11,29.15,270.36,14.74,45.93,27.95,10.72,101
2018_RED57,2018-07-12,23.4,71,19.8,245,29.4,57.7,11.79,197.5,0.95,20.52,0.87,54.39,102
2018_RED57,2018-07-13,26.5,40,16.7,295,2.1,81.72,13.66,205.97,3.2,23.44,5.76,20.1,103
2018_RED57,2018-07-14,28.7,46,15.1,180,0.0,88.65,17.44,214.84,7.56,29.0,13.65,12.27,104
2018_RED57,2018-07-15,19.7,53,26.2,243,18.5,65.26,9.71,177.26,1.99,17.08,2.73,42.17,105
2018_RED67,2018-07-09,21.5,42,21.3,294,0.0,88.76,21.06,247.74,10.49,34.74,19.17,12.15,99
2018_RED67,2018-07-10,25.7,37,4.1,195,0.0,90.34,25.02,256.07,5.54,40.22,12.73,10.47,100
2018_RED67,2018-07-11,26.0,49,23.1,146,0.0,90.15,28.27,264.46,14.02,44.62,26.63,10.68,101
2018_RED67,2018-07-12,23.1,73,18.4,244,29.8,55.24,11.43,191.58,0.72,19.89,0.65,58.71,102
2018_RED70,2018-07-13,26.7,41,15.1,288,2.3,81.27,12.31,206.87,2.8,21.43,4.75,20.63,103
2018_RED70,2018-07-14,29.5,41,21.2,198,0.5,89.83,16.55,215.89,12.17,27.78,19.13,11.01,104
2018_RED70,2018-07-15,21.3,44,26.1,247,0.2,89.88,19.5,223.42,15.69,32.01,24.55,10.96,105
2018_RED70,2018-07-16,16.0,67,17.4,333,2.1,74.36,18.19,230.01,1.78,30.37,3.73,29.29,106
2018_RED70,2018-07-17,19.9,48,7.6,262,0.0,84.07,20.75,237.29,2.73,34.06,6.27,17.35,107
2018_RED70,2018-07-18,27.5,41,17.4,240,0.0,89.59,24.71,245.95,9.72,39.5,19.33,11.26,108
2018_RED70,2018-07-19,28.0,57,11.1,245,0.0,89.14,27.65,254.69,6.63,43.5,15.29,11.74,109
2018_RED70,2018-07-20,22.1,52,17.3,43,16.3,65.65,14.06,219.18,1.29,24.23,2.01,41.58,110
2018_RED70,2018-07-21,23.1,47,9.5,65,0.0,83.28,17.07,227.04,2.7,28.74,5.57,18.27,111
2018_RED70,2018-07-22,21.7,58,18.2,150,0.0,85.7,19.32,234.65,5.81,32.04,11.68,15.51,112
2018_RED70,2018-07-23,22.1,55,17.5,238,3.7,74.43,15.94,236.01,1.8,27.27,3.47,29.2,113
2018_RED70,2018-07-24,18.2,77,14.8,244,0.8,76.87,16.98,242.99,1.82,28.91,3.68,26.05,114
2018_RED70,2018-07-25,15.4,98,14.1,274,5.9,28.77,9.93,236.57,0.0,17.97,0.0,120.44,115
2018_RED70,2018-07-26,19.2,49,12.8,349,6.6,56.24,7.62,229.04,0.59,14.07,0.43,56.93,116
2018_RED70,2018-07-27,23.1,50,11.3,343,0.0,80.45,10.46,236.9,2.11,18.84,3.16,21.62,117
2018_RED70,2018-07-28,24.8,42,12.5,303,1.2,85.54,13.99,245.07,4.26,24.48,7.72,15.69,118
2018_RED70,2018-07-29,25.2,41,11.9,268,1.4,85.84,17.63,253.31,4.32,30.04,8.79,15.35,119
2018_RED70,2018-07-30,25.6,45,10.7,258,0.4,88.67,21.08,261.62,6.07,35.09,12.72,12.25,120
2018_RED70,2018-07-31,12.9,86,20.3,25,9.5,41.58,11.03,243.35,0.13,19.81,0.12,86.53,121
2018_RED70,2018-08-01,15.1,47,5.8,94,0.0,67.99,12.8,249.07,0.79,22.68,0.77,38.11,122
2018_RED70,2018-08-02,19.0,48,14.2,210,0.0,82.75,14.96,255.5,3.2,26.1,6.16,18.89,123
2018_RED70,2018-08-03,25.0,47,16.3,162,0.1,87.87,17.81,263.0,7.18,30.47,13.45,13.11,124
2018_RED70,2018-08-04,25.6,66,7.1,229,0.0,87.23,19.69,270.61,4.12,33.32,8.97,13.82,125
2018_RED70,2018-08-05,17.4,96,20.8,342,14.8,25.23,8.87,236.23,0.0,16.22,0.0,131.65,126
2018_RED70,2018-08-06,16.4,55,5.5,238,0.2,56.84,10.5,242.18,0.43,18.94,0.38,55.88,127
2018_RED70,2018-08-07,25.7,52,17.7,219,0.0,82.66,13.15,249.81,3.77,23.25,6.7,18.99,128
2018_RED70,2018-08-08,24.7,50,15.0,314,0.4,87.28,15.82,257.26,6.18,27.42,11.29,13.76,129
2018_RED70,2018-08-09,24.9,46,10.9,276,0.0,88.64,18.72,264.75,6.11,31.81,12.12,12.28,130
2018_RED70,2018-08-10,28.5,52,13.4,284,0.0,88.69,21.65,272.88,6.98,36.13,14.4,12.23,131
2018_RED70,2018-08-11,31.3,40,15.1,205,0.0,90.9,25.66,281.52,10.43,41.8,20.94,9.89,132
2018_RED70,2018-08-12,30.1,54,7.2,180,0.0,90.08,28.63,289.94,6.23,45.92,15.01,10.75,133
2018_RED70,2018-08-13,24.4,70,22.8,249,3.6,73.42,22.36,290.42,2.24,37.51,5.52,30.54,134
2018_RED70,2018-08-14,14.1,57,5.1,45,0.3,80.36,23.71,295.96,1.53,39.51,3.85,21.72,135
2018_RED70,2018-08-15,22.9,46,16.4,199,0.0,87.19,26.39,303.08,6.55,43.34,15.12,13.86,136
2018_RED70,2018-08-16,25.2,53,10.8,334,0.0,87.64,28.94,310.62,5.27,46.95,13.34,13.37,137
2018_RED70,2018-08-17,23.3,47,4.0,153,0.0,88.27,31.61,317.82,4.09,50.63,11.38,12.68,138
2018_RED70,2018-08-18,28.4,44,19.3,207,0.0,89.71,35.02,325.94,10.87,55.21,24.8,11.14,139
2018_RED70,2018-08-19,19.3,51,15.0,325,8.1,65.67,20.55,308.88,1.15,35.24,2.46,41.55,140
2018_RED70,2018-08-20,19.6,44,10.3,348,0.0,82.54,22.95,315.41,2.56,38.83,6.43,19.14,141
2018_RED70,2018-08-21,19.7,45,11.6,300,0.0,86.94,25.31,321.96,4.96,42.3,12.0,14.13,142
2018_RED70,2018-08-22,24.6,40,15.8,258,0.0,89.55,28.49,329.39,8.91,46.85,19.79,11.31,143
2018_RED70,2018-08-23,23.2,50,10.0,52,0.0,89.49,31.0,336.57,6.6,50.39,16.48,11.37,144
2018_RED70,2018-08-24,22.0,54,11.4,66,0.0,88.77,33.19,343.53,6.38,53.47,16.59,12.14,145
2018_RED70,2018-08-25,22.5,71,16.0,224,1.0,82.17,34.61,350.59,3.26,55.51,9.96,19.57,146
2018_RED70,2018-08-26,16.6,51,7.0,291,2.0,74.65,32.92,356.58,1.07,53.49,3.26,28.91,147
2018_RED76,2018-07-16,17.4,59,17.2,331,0.3,87.39,25.13,275.54,7.02,40.93,15.46,13.64,106
2018_RED76,2018-07-17,20.5,45,8.3,268,0.0,88.14,27.92,282.94,4.99,44.79,12.45,12.82,107
2018_RED76,2018-07-18,27.5,39,16.7,237,0.0,90.37,32.02,291.59,10.49,50.25,23.07,10.44,108
2018_RED76,2018-07-19,27.9,55,12.8,238,0.0,89.53,35.09,300.32,7.63,54.31,19.11,11.33,109
2018_RED76,2018-07-20,21.9,53,17.6,46,10.2,67.47,19.42,279.02,1.4,33.08,3.01,38.87,110
2018_RED76,2018-07-21,23.5,46,10.4,70,0.0,84.23,22.54,286.96,3.21,37.68,7.76,17.17,111
2018_RED76,2018-07-22,22.0,57,17.1,150,0.0,86.07,24.87,294.62,5.79,41.08,13.35,15.09,112
2018_RED76,2018-07-23,22.1,55,17.1,240,3.7,74.37,20.18,294.97,1.75,34.47,4.04,29.28,113
2018_RED76,2018-07-24,19.3,66,14.5,251,0.0,81.54,21.81,302.14,2.8,36.95,6.78,20.31,114
2018_RED76,2018-07-25,14.4,99,19.7,261,5.1,31.29,13.66,296.21,0.01,24.5,0.01,113.01,115
2018_RED76,2018-07-26,19.3,47,12.7,345,3.2,62.16,12.21,297.71,0.88,22.16,0.85,46.99,116
2018_RED76,2018-07-27,23.0,46,10.8,339,0.0,82.77,15.27,305.55,2.7,27.15,5.36,18.86,117
2018_RED76,2018-07-28,25.1,41,11.6,300,0.0,88.75,18.9,313.78,6.43,32.86,12.84,12.16,118
2018_RED76,2018-07-29,25.7,37,11.2,268,0.1,90.44,22.87,322.11,8.03,38.84,16.64,10.37,119
2018_RED76,2018-07-30,26.4,41,12.3,255,0.6,89.77,26.68,330.56,7.71,44.4,17.32,11.07,120
2018_RED76,2018-07-31,15.7,84,17.7,20,5.2,52.55,17.36,323.62,0.54,30.61,0.64,63.65,121
2018_RED76,2018-08-01,15.3,46,5.1,82,0.0,73.5,19.19,329.38,0.92,33.5,1.61,30.44,122
2018_RED76,2018-08-02,19.5,45,13.7,210,0.0,84.84,21.53,335.89,4.11,37.11,9.54,16.48,123
2018_RED76,2018-08-03,25.4,44,16.1,156,0.3,88.74,24.59,343.47,8.06,41.72,17.32,12.17,124
2018_RED76,2018-08-04,24.8,72,6.6,229,0.0,86.3,26.09,350.94,3.52,44.0,9.25,14.84,125
2018_RED76,2018-08-05,18.7,86,16.5,337,14.1,40.78,11.97,310.74,0.09,21.84,0.09,88.4,126
2018_RED76,2018-08-06,16.9,52,5.0,249,0.1,67.1,13.75,316.79,0.73,24.81,0.76,39.42,127
2018_RED76,2018-08-07,25.9,51,17.1,221,0.0,84.87,16.48,324.46,4.9,29.25,9.65,16.44,128
2018_RED76,2018-08-08,25.4,48,15.5,314,0.0,88.09,19.33,332.03,7.12,33.75,14.11,12.87,129
2018_RED76,2018-08-09,25.4,43,10.2,278,0.0,89.31,22.45,339.61,6.49,38.53,14.09,11.56,130
2018_RED76,2018-08-10,29.4,47,14.6,280,0.0,89.47,25.78,347.9,8.29,43.51,18.08,11.39,131
2018_RED76,2018-08-11,31.7,37,14.3,205,0.0,91.56,30.05,356.61,11.01,49.64,23.72,9.2,132
2018_RED76,2018-08-12,30.6,52,8.3,180,0.0,90.53,33.19,365.13,7.03,54.09,17.95,10.27,133
2018_RED76,2018-08-13,24.8,68,21.9,256,8.6,67.36,18.56,344.8,1.73,32.72,3.83,39.03,134
2018_RED76,2018-08-14,14.3,58,4.4,35,0.2,77.36,19.9,350.38,1.12,34.85,2.33,25.43,135
2018_RED76,2018-08-15,23.2,45,16.1,200,0.0,86.89,22.66,357.56,6.18,39.12,13.67,14.19,136
2018_RED76,2018-08-16,25.6,54,10.6,336,0.2,87.5,25.19,365.17,5.11,42.98,12.39,13.52,137
2018_RED76,2018-08-17,24.1,46,4.5,151,0.0,88.49,28.0,372.52,4.33,47.15,11.44,12.44,138
2018_RED76,2018-08-18,28.7,42,18.8,206,0.0,90.11,31.57,380.69,11.24,52.3,24.7,10.71,139
2018_RED76,2018-08-19,20.3,47,15.0,325,7.8,68.39,19.18,361.65,1.27,33.86,2.69,37.53,140
2018_RED76,2018-08-20,19.9,43,10.5,354,0.0,83.65,21.65,368.24,2.98,37.75,7.27,17.84,141
2018_RED76,2018-08-21,19.8,44,11.7,304,0.1,87.37,24.06,374.81,5.3,41.47,12.52,13.66,142
2018_RED76,2018-08-22,24.9,38,15.8,258,0.0,89.99,27.39,382.29,9.49,46.46,20.64,10.84,143
2018_RED76,2018-08-23,25.6,44,4.7,58,0.0,90.04,30.48,389.9,5.47,50.99,14.37,10.79,144
2018_RED76,2018-08-24,23.6,57,10.4,70,0.0,88.64,32.67,397.16,5.96,54.2,15.88,12.28,145
2018_RED76,2018-08-25,22.7,68,13.5,224,1.4,80.21,34.24,404.25,2.3,56.52,7.43,21.9,146
2018_RED76,2018-08-26,17.6,49,5.0,291,0.8,82.65,36.21,410.42,1.99,59.34,6.73,19.0,147
2018_RED78,2018-07-15,21.8,42,25.1,249,0.6,88.99,23.99,273.28,13.14,39.35,23.94,11.9,105
2018_RED78,2018-07-16,17.7,59,17.2,331,0.3,87.43,25.8,280.17,7.06,41.94,15.73,13.59,106
2018_RED78,2018-07-17,21.0,43,8.3,268,0.0,88.5,28.76,287.65,5.25,46.02,13.17,12.43,107
2018_RED78,2018-07-18,28.0,38,16.7,237,0.0,90.67,33.0,296.4,10.95,51.62,24.1,10.12,108
2018_RED78,2018-07-19,28.4,54,12.8,238,0.0,89.78,36.18,305.21,7.92,55.82,19.91,11.06,109
2018_RED78,2018-07-20,22.5,51,17.6,46,10.2,68.89,20.28,283.68,1.47,34.41,3.28,36.82,110
2018_RED80,2018-07-16,17.2,61,17.7,331,0.4,87.39,25.33,250.17,7.19,40.43,15.64,13.64,106
2018_RED80,2018-07-17,20.2,46,8.6,268,0.0,87.96,28.03,257.51,4.94,44.07,12.23,13.01,107
2018_RED80,2018-07-18,27.0,40,16.5,234,0.0,90.1,31.99,266.07,9.98,49.2,22.03,10.73,108
2018_RED80,2018-07-19,27.5,55,14.5,228,0.0,89.43,35.01,274.73,8.2,53.11,19.9,11.44,109
2018_RED80,2018-07-20,21.5,54,17.6,49,8.8,67.56,20.31,259.36,1.4,33.97,3.09,38.74,110
2018_RED81,2018-07-15,21.6,42,25.1,249,0.6,88.95,23.57,269.33,13.06,38.68,23.64,11.95,105
2018_RED81,2018-07-16,17.3,59,17.2,331,0.3,87.38,25.34,276.15,7.01,41.23,15.5,13.65,106
2018_RED81,2018-07-17,20.7,44,8.3,268,0.0,88.31,28.21,283.58,5.11,45.18,12.75,12.64,107
2018_RED81,2018-07-18,27.7,38,16.7,237,0.0,90.6,32.4,292.27,10.84,50.74,23.72,10.2,108
2018_RED81,2018-07-19,28.2,54,12.8,238,0.0,89.75,35.57,301.05,7.88,54.92,19.67,11.1,109
2018_RED81,2018-07-20,22.2,51,17.6,46,10.2,68.54,19.86,279.76,1.45,33.74,3.19,37.32,110
2018_RED81,2018-07-21,23.6,46,10.4,70,0.0,84.52,23.0,287.71,3.33,38.33,8.11,16.84,111
2018_RED81,2018-07-22,22.0,57,17.1,150,0.0,86.13,25.33,295.38,5.84,41.71,13.55,15.03,112
2018_RED81,2018-07-23,22.3,54,17.1,240,3.7,74.83,20.6,295.75,1.8,35.09,4.2,28.68,113
2018_RED81,2018-07-24,19.3,66,14.5,251,0.0,81.68,22.23,302.92,2.85,37.57,6.96,20.15,114
2018_RED81,2018-07-25,14.8,99,19.7,261,5.1,31.37,13.94,297.04,0.01,24.96,0.01,112.8,115
2018_RED81,2018-07-26,19.4,47,12.7,345,3.2,62.31,12.46,298.55,0.89,22.56,0.87,46.76,116
2018_RED81,2018-07-27,23.1,46,10.8,339,0.0,82.85,15.52,306.41,2.73,27.56,5.47,18.77,117
2018_RED81,2018-07-28,25.2,41,11.6,300,0.0,88.78,19.17,314.65,6.46,33.27,12.98,12.13,118
2018_RED81,2018-07-29,25.8,38,11.2,268,0.1,90.29,23.09,323.0,7.86,39.17,16.45,10.52,119
2018_RED81,2018-07-30,26.5,41,12.3,255,0.6,89.77,26.91,331.47,7.71,44.74,17.38,11.08,120
2018_RED81,2018-07-31,14.9,84,17.7,20,5.2,52.01,17.48,324.35,0.51,30.81,0.61,64.66,121
2018_RED81,2018-08-01,15.3,46,5.1,82,0.0,73.24,19.31,330.11,0.91,33.69,1.59,30.78,122
2018_RED81,2018-08-02,19.5,45,13.7,210,0.0,84.78,21.65,336.63,4.08,37.3,9.5,16.55,123
2018_RED81,2018-08-03,25.5,44,16.1,156,0.3,88.75,24.72,344.22,8.07,41.92,17.38,12.16,124
2018_RED81,2018-08-04,25.2,69,6.6,229,0.0,86.85,26.41,351.76,3.81,44.47,9.94,14.24,125
2018_RED81,2018-08-05,18.2,87,16.5,337,14.1,39.27,12.04,311.39,0.07,21.95,0.07,91.99,126
2018_RED81,2018-08-06,16.9,52,5.0,249,0.1,66.28,13.82,317.43,0.71,24.93,0.74,40.63,127
2018_RED81,2018-08-07,26.1,50,17.1,221,0.0,85.0,16.63,325.13,4.99,29.48,9.84,16.3,128
2018_RED81,2018-08-08,25.5,48,15.5,314,0.0,88.13,19.48,332.73,7.16,33.99,14.22,12.83,129
2018_RED81,2018-08-09,25.5,43,10.2,278,0.0,89.33,22.61,340.32,6.51,38.78,14.18,11.54,130
2018_RED81,2018-08-10,29.4,47,14.6,280,0.0,89.47,25.95,348.62,8.29,43.76,18.14,11.39,131
2018_RED81,2018-08-11,31.9,37,14.3,205,0.0,91.6,30.24,357.36,11.07,49.92,23.87,9.16,132
2018_RED81,2018-08-12,30.6,52,8.3,180,0.0,90.54,33.38,365.88,7.03,54.37,18.0,10.26,133
2018_RED81,2018-08-13,24.5,69,21.9,256,8.6,66.55,18.62,345.45,1.69,32.81,3.72,40.23,134
2018_RED81,2018-08-14,14.3,58,4.4,35,0.2,76.97,19.95,351.03,1.08,34.94,2.24,25.92,135
2018_RED81,2018-08-15,23.3,45,16.1,200,0.0,86.84,22.72,358.23,6.14,39.22,13.63,14.24,136
2018_RED81,2018-08-16,25.6,53,10.6,336,0.2,87.63,25.31,365.84,5.21,43.16,12.62,13.37,137
2018_RED81,2018-08-17,24.1,46,4.5,151,0.0,88.52,28.12,373.18,4.35,47.33,11.51,12.41,138
2018_RED81,2018-08-18,28.7,42,18.8,206,0.0,90.12,31.69,381.35,11.24,52.48,24.75,10.71,139
2018_RED81,2018-08-19,20.2,47,15.0,325,7.8,68.28,19.22,362.26,1.26,33.95,2.69,37.69,140
2018_RED81,2018-08-20,20.0,42,10.5,354,0.0,83.84,21.75,368.86,3.06,37.91,7.47,17.62,141
2018_RED81,2018-08-21,19.9,44,11.7,304,0.1,87.43,24.18,375.45,5.35,41.65,12.64,13.59,142
2018_RED81,2018-08-22,25.0,38,15.8,258,0.0,90.02,27.52,382.95,9.53,46.66,20.74,10.81,143
2018_RED81,2018-08-23,25.4,44,4.7,58,0.0,90.07,30.58,390.53,5.49,51.15,14.44,10.76,144
2018_RED81,2018-08-24,23.3,56,10.4,70,0.0,88.76,32.8,397.73,6.06,54.39,16.1,12.16,145
2018_RED81,2018-08-25,22.5,70,13.5,224,1.4,79.72,34.26,404.78,2.18,56.56,7.1,22.5,146
2018_RED81,2018-08-26,17.5,50,5.0,291,0.8,82.3,36.18,410.93,1.9,59.31,6.46,19.41,147
2018_RED81,2018-08-27,11.3,66,13.0,24,9.8,48.11,18.71,379.9,0.25,33.31,0.31,72.34,148
2018_RED82,2018-07-15,21.8,42,25.1,249,0.6,88.98,23.72,270.91,13.13,38.92,23.8,11.91,105
2018_RED82,2018-07-16,17.5,59,17.2,331,0.3,87.41,25.51,277.76,7.04,41.49,15.6,13.61,106
2018_RED82,2018-07-17,20.8,44,8.3,268,0.0,88.33,28.39,285.21,5.12,45.46,12.82,12.62,107
2018_RED82,2018-07-18,27.9,38,16.7,237,0.0,90.64,32.61,293.94,10.89,51.06,23.88,10.16,108
2018_RED82,2018-07-19,28.3,54,12.8,238,0.0,89.77,35.79,302.73,7.9,55.25,19.77,11.08,109
2018_RED82,2018-07-20,22.4,51,17.6,46,10.2,68.77,20.02,281.36,1.46,33.99,3.24,36.99,110
2018_RED82,2018-07-21,23.8,46,10.4,70,0.0,84.65,23.18,289.35,3.39,38.62,8.28,16.7,111
2018_RED82,2018-07-22,22.2,57,17.1,150,0.0,86.19,25.53,297.05,5.88,42.03,13.69,14.97,112
2018_RED82,2018-07-23,22.5,54,17.1,240,3.7,74.99,20.78,297.42,1.81,35.38,4.27,28.46,113
2018_RED82,2018-07-24,19.4,67,14.5,251,0.0,81.58,22.37,304.62,2.82,37.8,6.91,20.26,114
2018_RED82,2018-07-25,15.0,99,19.7,261,5.1,31.35,14.04,298.72,0.01,25.12,0.01,112.84,115
2018_RED82,2018-07-26,19.6,47,12.7,345,3.2,62.55,12.55,300.24,0.9,22.73,0.88,46.37,116
2018_RED82,2018-07-27,23.3,46,10.8,339,0.0,83.01,15.65,308.14,2.79,27.77,5.61,18.59,117
2018_RED82,2018-07-28,25.4,41,11.6,300,0.0,88.85,19.32,316.41,6.52,33.52,13.13,12.05,118
2018_RED82,2018-07-29,26.0,38,11.2,268,0.1,90.33,23.27,324.8,7.91,39.47,16.59,10.48,119
2018_RED82,2018-07-30,26.6,41,12.3,255,0.6,89.79,27.1,333.29,7.73,45.05,17.49,11.05,120
2018_RED82,2018-07-31,15.1,84,17.7,20,5.2,52.15,17.62,326.15,0.51,31.04,0.62,64.4,121
2018_RED82,2018-08-01,15.5,46,5.1,82,0.0,73.43,19.47,331.94,0.92,33.95,1.63,30.53,122
2018_RED82,2018-08-02,19.7,45,13.7,210,0.0,84.89,21.83,338.49,4.14,37.59,9.66,16.43,123
2018_RED82,2018-08-03,25.7,44,16.1,156,0.3,88.8,24.93,346.12,8.13,42.25,17.55,12.1,124
2018_RED82,2018-08-04,25.3,69,6.6,229,0.0,86.87,26.62,353.68,3.82,44.8,10.01,14.21,125
2018_RED82,2018-08-05,18.3,87,16.5,337,14.1,39.35,12.12,313.11,0.07,22.1,0.07,91.79,126
2018_RED82,2018-08-06,17.1,52,5.0,249,0.1,66.48,13.92,319.19,0.72,25.1,0.75,40.33,127
2018_RED82,2018-08-07,26.2,50,17.1,221,0.0,85.07,16.74,326.91,5.04,29.68,9.96,16.22,128
2018_RED82,2018-08-08,25.6,48,15.5,314,0.0,88.16,19.6,334.53,7.19,34.2,14.31,12.8,129
2018_RED82,2018-08-09,25.7,43,10.2,278,0.0,89.37,22.76,342.16,6.55,39.03,14.28,11.5,130
2018_RED82,2018-08-10,29.6,47,14.6,280,0.0,89.51,26.12,350.49,8.33,44.03,18.26,11.36,131
2018_RED82,2018-08-11,32.0,37,14.3,205,0.0,91.62,30.42,359.25,11.1,50.21,23.99,9.14,132
2018_RED82,2018-08-12,30.8,52,8.3,180,0.0,90.57,33.58,367.8,7.06,54.68,18.12,10.23,133
2018_RED82,2018-08-13,24.7,69,21.9,256,8.6,66.76,18.76,347.28,1.7,33.06,3.77,39.91,134
2018_RED82,2018-08-14,14.4,58,4.4,35,0.2,77.11,20.1,352.88,1.1,35.2,2.29,25.74,135
2018_RED82,2018-08-15,23.4,45,16.1,200,0.0,86.89,22.89,360.09,6.18,39.5,13.75,14.18,136
2018_RED82,2018-08-16,25.8,53,10.6,336,0.2,87.67,25.5,367.74,5.24,43.46,12.72,13.33,137
2018_RED82,2018-08-17,24.3,46,4.5,151,0.0,88.56,28.33,375.12,4.37,47.66,11.6,12.37,138
2018_RED82,2018-08-18,28.9,42,18.8,206,0.0,90.15,31.92,383.32,11.3,52.84,24.92,10.67,139
2018_RED82,2018-08-19,20.4,47,15.0,325,7.8,68.5,19.36,364.14,1.27,34.18,2.73,37.37,140
2018_RED82,2018-08-20,20.1,42,10.5,354,0.0,83.94,21.9,370.77,3.1,38.17,7.59,17.5,141
2018_RED82,2018-08-21,20.0,44,11.7,304,0.1,87.47,24.34,377.37,5.38,41.92,12.74,13.55,142
2018_RED82,2018-08-22,25.2,38,15.8,258,0.0,90.06,27.71,384.91,9.58,46.96,20.9,10.77,143
2018_RED82,2018-08-23,25.6,44,4.7,58,0.0,90.11,30.79,392.52,5.52,51.49,14.55,10.72,144
2018_RED82,2018-08-24,23.4,56,10.4,70,0.0,88.78,33.02,399.74,6.07,54.73,16.19,12.13,145
2018_RED86,2018-07-14,30.2,38,21.5,201,0.0,90.51,17.46,244.68,13.63,29.63,21.42,10.29,104
2018_RED86,2018-07-15,21.6,43,25.3,250,0.4,90.44,20.5,252.27,16.35,34.07,26.02,10.36,105
2018_RED86,2018-07-16,17.2,60,17.9,332,0.2,87.53,22.21,259.07,7.41,36.59,15.18,13.49,106
2018_RED86,2018-07-17,20.5,45,8.3,265,0.0,88.17,25.0,266.46,5.01,40.51,11.81,12.79,107
2018_RED86,2018-07-18,27.6,39,17.0,238,0.0,90.4,29.12,275.14,10.69,46.05,22.37,10.41,108
2018_RED86,2018-07-19,28.1,55,12.9,234,0.0,89.56,32.2,283.9,7.71,50.18,18.45,11.3,109
2018_RED86,2018-07-20,22.1,52,17.3,45,9.9,68.1,18.19,264.7,1.41,31.04,2.87,37.95,110
2018_RED86,2018-07-21,23.5,46,10.4,70,0.0,84.38,21.31,272.63,3.27,35.65,7.63,17.0,111
2018_RED86,2018-07-22,22.0,57,17.8,148,0.0,86.11,23.64,280.29,6.03,39.04,13.4,15.05,112
2018_RED86,2018-07-23,22.4,54,17.1,240,4.6,72.94,17.98,278.05,1.64,30.96,3.46,31.18,113
2018_RED86,2018-07-24,19.4,66,14.0,252,0.0,81.08,19.62,285.24,2.59,33.48,5.9,20.86,114
2018_RED86,2018-07-25,14.9,98,19.6,264,4.1,37.72,13.26,283.15,0.06,23.75,0.06,95.8,115
2018_RED86,2018-07-26,19.3,47,13.0,346,4.0,62.5,11.12,282.22,0.91,20.25,0.83,46.45,116
2018_RED86,2018-07-27,23.1,47,11.4,342,0.1,82.8,14.13,290.08,2.8,25.2,5.28,18.83,117
2018_RED86,2018-07-28,25.2,41,12.1,300,0.4,88.79,17.78,298.32,6.64,30.94,12.75,12.12,118
2018_RED86,2018-07-29,25.7,38,11.2,268,1.0,88.44,21.68,306.65,6.02,36.85,12.97,12.5,119
2018_RED86,2018-07-30,26.3,42,12.1,258,0.4,89.68,25.41,315.09,7.53,42.29,16.58,11.17,120
2018_RED86,2018-07-31,14.7,85,18.0,20,5.4,50.56,16.23,307.78,0.43,28.67,0.5,67.47,121
2018_RED86,2018-08-01,15.3,46,5.8,83,0.0,72.87,18.06,313.54,0.93,31.57,1.51,31.29,122
2018_RED86,2018-08-02,19.5,45,14.0,209,0.0,84.71,20.39,320.05,4.1,35.18,9.22,16.63,123
2018_RED86,2018-08-03,25.4,44,16.0,157,0.1,88.72,23.46,327.63,7.99,39.79,16.8,12.19,124
2018_RED86,2018-08-04,25.0,70,7.6,239,0.0,86.64,25.07,335.13,3.89,42.25,9.81,14.47,125
2018_RED86,2018-08-05,18.4,87,16.3,329,18.5,37.55,10.71,282.01,0.05,19.57,0.04,96.23,126
2018_RED86,2018-08-06,16.7,53,4.8,243,0.2,64.74,12.44,288.02,0.66,22.46,0.65,42.96,127
2018_RED86,2018-08-07,25.9,51,17.4,218,0.0,84.47,15.17,295.68,4.71,26.89,8.9,16.9,128
2018_RED86,2018-08-08,25.3,48,15.5,314,0.2,88.01,18.01,303.24,7.04,31.36,13.45,12.96,129
2018_RED86,2018-08-09,25.5,43,10.1,287,0.0,89.31,21.14,310.83,6.46,36.13,13.56,11.56,130
2018_RED86,2018-08-10,29.2,48,14.6,280,0.0,89.36,24.39,319.09,8.16,40.95,17.32,11.51,131
2018_RED86,2018-08-11,31.7,38,13.9,205,0.0,91.37,28.59,327.8,10.5,46.94,22.31,9.4,132
2018_RED86,2018-08-12,30.5,52,8.3,185,0.0,90.5,31.72,336.3,6.99,51.33,17.38,10.31,133
2018_RED86,2018-08-13,25.0,67,22.7,252,7.0,69.68,19.45,323.6,1.94,33.82,4.45,35.69,134
2018_RED86,2018-08-14,14.2,58,4.7,32,0.2,78.48,20.78,329.16,1.24,35.89,2.78,24.03,135
2018_RED86,2018-08-15,23.1,45,15.7,200,0.0,87.04,23.53,336.33,6.19,40.05,13.87,14.02,136
2018_RED86,2018-08-16,25.5,54,11.4,332,0.1,87.51,26.05,343.92,5.33,43.81,12.96,13.5,137
2018_RED86,2018-08-17,23.9,46,3.7,151,0.0,88.45,28.84,351.23,4.14,47.86,11.12,12.48,138
2018_RED86,2018-08-18,28.6,42,19.2,206,0.0,90.09,32.4,359.38,11.43,52.88,25.14,10.73,139
2018_RED86,2018-08-19,20.2,47,15.5,324,6.6,69.78,20.82,346.18,1.36,36.19,3.12,35.54,140
2018_RED86,2018-08-20,19.9,43,10.2,350,0.0,83.99,23.29,352.76,3.07,39.98,7.75,17.45,141
2018_RED86,2018-08-21,19.8,44,12.0,303,0.1,87.46,25.7,359.33,5.45,43.61,13.15,13.57,142
2018_RED86,2018-08-22,24.9,38,16.1,260,0.0,90.01,29.03,366.82,9.66,48.47,21.36,10.82,143
2018_RED86,2018-08-23,25.3,45,4.4,55,0.0,90.06,32.03,374.37,5.39,52.77,14.5,10.77,144
2018_RED86,2018-08-24,23.4,56,10.2,72,0.0,88.77,34.25,381.59,6.01,55.95,16.25,12.14,145
2018_RED86,2018-08-25,22.9,67,15.9,218,0.7,84.65,35.89,388.72,4.48,58.32,13.27,16.69,146
2018_RED86,2018-08-26,17.4,50,5.7,288,2.6,71.96,31.56,394.85,0.89,52.61,2.54,32.52,147
2018_RED86,2018-08-27,11.2,67,13.7,23,12.4,44.27,14.86,354.84,0.15,26.9,0.16,80.48,148
2018_RED96,2018-07-16,17.5,61,17.7,331,0.4,87.38,25.04,252.66,7.19,40.13,15.57,13.65,106
2018_RED96,2018-07-17,20.4,47,8.6,268,0.0,87.85,27.71,260.04,4.86,43.76,12.03,13.14,107
2018_RED96,2018-07-18,26.9,42,16.5,234,0.0,89.73,31.53,268.59,9.47,48.75,21.12,11.12,108
2018_RED96,2018-07-19,27.4,56,14.5,228,0.0,89.22,34.47,277.22,7.96,52.59,19.37,11.66,109
2018_RED96,2018-07-20,21.5,57,17.6,49,8.8,66.46,19.8,261.72,1.35,33.3,2.89,40.37,110
2018_RED96,2018-07-21,23.3,47,10.8,75,0.0,83.77,22.84,269.62,3.08,37.7,7.48,17.7,111
2018_RED96,2018-07-22,22.1,58,17.9,146,0.0,85.86,25.13,277.3,5.85,40.97,13.44,15.33,112
2018_RED96,2018-07-23,22.1,55,17.3,239,4.3,73.01,19.37,276.03,1.66,32.95,3.68,31.1,113
2018_RED96,2018-07-24,19.6,66,14.5,256,0.1,81.19,21.02,283.26,2.69,35.46,6.36,20.73,114
2018_RED96,2018-07-25,14.1,96,20.9,268,3.8,42.66,14.78,282.05,0.16,26.14,0.17,84.06,115
2018_RED96,2018-07-26,19.1,48,13.0,341,3.0,65.46,13.32,284.36,1.03,23.84,1.25,41.87,116
2018_RED96,2018-07-27,22.9,47,11.8,340,0.0,83.51,16.31,292.18,3.13,28.62,6.39,18.0,117
2018_RED96,2018-07-28,25.1,43,11.4,298,0.6,88.13,19.81,300.4,5.83,34.02,12.1,12.83,118
2018_RED96,2018-07-29,25.6,39,10.4,268,0.3,89.99,23.64,308.72,7.23,39.68,15.55,10.84,119
2018_RED96,2018-07-30,26.2,42,14.2,261,0.0,90.04,27.36,317.14,8.82,45.01,19.25,10.79,120
2018_RED96,2018-07-31,17.6,82,20.1,10,2.4,68.5,23.79,324.01,1.64,40.2,4.22,37.37,121
2018_RED96,2018-08-01,15.4,48,6.2,69,0.0,80.37,25.56,329.78,1.62,42.82,4.35,21.71,122
2018_RED96,2018-08-02,19.6,45,14.2,207,0.0,86.52,27.91,336.32,5.33,46.23,13.35,14.59,123
2018_RED96,2018-08-03,25.1,46,15.6,154,0.0,88.6,30.83,343.84,7.7,50.37,18.48,12.32,124
2018_RED96,2018-08-04,24.2,75,7.7,242,0.1,85.65,32.14,351.2,3.4,52.31,9.96,15.56,125
2018_RED96,2018-08-05,20.4,80,14.7,306,17.3,46.18,13.51,300.24,0.21,24.28,0.21,76.35,126
2018_RED96,2018-08-06,16.8,55,4.3,265,0.4,68.64,15.17,306.27,0.74,26.99,0.82,37.18,127
2018_RED96,2018-08-07,25.7,53,17.3,216,0.0,84.71,17.77,313.9,4.84,31.13,9.89,16.63,128
2018_RED96,2018-08-08,25.5,49,16.3,311,0.2,87.94,20.57,321.49,7.25,35.47,14.69,13.04,129
2018_RED96,2018-08-09,25.3,44,8.2,293,0.0,89.1,23.62,329.05,5.69,40.05,12.99,11.79,130
2018_RED96,2018-08-10,29.4,47,16.2,273,0.0,89.45,26.96,337.35,8.96,44.94,19.46,11.42,131
2018_RED96,2018-08-11,31.3,40,13.4,204,0.0,90.95,30.97,345.98,9.65,50.62,21.82,9.83,132
2018_RED96,2018-08-12,30.4,53,10.9,186,0.0,90.26,34.03,354.46,7.71,54.88,19.35,10.55,133
2018_RED96,2018-08-13,26.2,63,22.7,252,0.0,87.97,36.11,362.18,10.06,57.81,24.03,13.01,134
2018_RED96,2018-08-14,14.5,59,4.4,9,0.0,87.01,37.43,367.79,3.49,59.68,11.01,14.05,135
2018_RED96,2018-08-15,22.9,46,15.5,202,0.0,88.32,40.11,374.92,7.36,63.29,20.16,12.63,136
2018_RED96,2018-08-16,25.8,58,11.8,329,0.0,88.37,42.44,382.57,6.15,66.45,18.15,12.57,137
2018_RED96,2018-08-17,24.2,46,3.6,143,0.0,88.7,45.26,389.93,4.27,70.16,14.19,12.22,138
2018_RED96,2018-08-18,28.5,43,18.9,204,0.0,89.93,48.75,398.06,11.0,74.64,29.09,10.9,139
2018_RED96,2018-08-19,20.9,45,16.3,325,5.8,72.42,32.95,386.39,1.55,54.32,4.96,31.89,140
2018_RED96,2018-08-20,19.9,45,10.2,352,0.0,84.35,35.33,392.97,3.22,57.7,10.11,17.04,141
2018_RED96,2018-08-21,19.8,45,12.6,307,0.1,87.4,37.71,399.54,5.57,61.02,16.1,13.63,142
2018_RED96,2018-08-22,24.7,39,16.5,260,0.0,89.8,40.95,406.99,9.57,65.44,24.72,11.04,143
2018_RED96,2018-08-23,25.9,43,2.0,225,0.0,89.85,44.13,414.66,4.64,69.71,15.08,10.99,144
2018_RED96,2018-08-24,24.2,59,9.5,81,1.1,83.91,46.27,422.02,2.94,72.64,10.75,17.54,145
2018_RED97,2018-07-16,17.3,61,17.7,331,0.4,87.4,25.47,251.75,7.21,40.66,15.71,13.63,106
2018_RED97,2018-07-17,20.3,46,8.6,268,0.0,87.98,28.19,259.11,4.95,44.32,12.29,13.0,107
2018_RED97,2018-07-18,27.1,40,16.5,234,0.0,90.11,32.16,267.69,10.01,49.47,22.13,10.71,108
2018_RED97,2018-07-19,27.6,55,14.5,228,0.0,89.45,35.19,276.36,8.22,53.39,19.99,11.42,109
2018_RED97,2018-07-20,21.6,54,17.6,49,8.8,67.68,20.44,260.93,1.41,34.18,3.12,38.57,110
2018_RED97,2018-07-21,23.3,47,10.8,75,0.0,84.07,23.47,268.83,3.2,38.54,7.85,17.36,111
2018_RED97,2018-07-22,22.0,56,17.9,146,0.0,86.19,25.86,276.49,6.13,41.92,14.11,14.96,112
2018_RED97,2018-07-23,22.4,53,17.3,239,4.3,73.91,20.03,275.29,1.73,33.9,3.94,29.89,113
2018_RED97,2018-07-24,19.6,65,14.5,256,0.1,81.65,21.73,282.52,2.84,36.46,6.8,20.18,114
2018_RED97,2018-07-25,14.4,96,20.9,268,3.8,42.9,15.32,281.37,0.17,26.98,0.18,83.53,115
2018_RED97,2018-07-26,19.1,47,13.0,341,3.0,65.84,13.82,283.69,1.05,24.63,1.37,41.29,116
2018_RED97,2018-07-27,22.9,47,11.8,340,0.0,83.61,16.8,291.52,3.17,29.37,6.57,17.89,117
2018_RED97,2018-07-28,25.1,42,11.4,298,0.6,88.32,20.37,299.74,5.98,34.83,12.51,12.63,118
2018_RED97,2018-07-29,25.6,38,10.4,268,0.3,90.18,24.26,308.05,7.43,40.54,16.06,10.64,119
2018_RED97,2018-07-30,26.1,41,14.2,261,0.0,90.23,28.03,316.45,9.07,45.89,19.84,10.58,120
2018_RED97,2018-07-31,16.6,84,20.1,10,2.4,67.07,24.25,323.15,1.57,40.84,4.06,39.46,121
2018_RED97,2018-08-01,15.3,47,6.2,69,0.0,79.95,26.05,328.9,1.55,43.48,4.2,22.23,122
2018_RED97,2018-08-02,19.6,44,14.2,207,0.0,86.59,28.44,335.44,5.38,46.93,13.56,14.52,123
2018_RED97,2018-08-03,25.1,45,15.6,154,0.0,88.77,31.41,342.96,7.88,51.12,18.95,12.14,124
2018_RED97,2018-08-04,24.4,74,7.7,242,0.1,85.88,32.78,350.35,3.51,53.14,10.33,15.3,125
2018_RED97,2018-08-05,20.0,81,14.7,306,17.3,44.9,13.63,299.44,0.17,24.48,0.18,79.09,126
2018_RED97,2018-08-06,16.6,55,4.3,265,0.4,67.82,15.28,305.43,0.72,27.16,0.8,38.36,127
2018_RED97,2018-08-07,25.6,52,17.3,216,0.0,84.72,17.92,313.04,4.85,31.36,9.94,16.62,128
2018_RED97,2018-08-08,25.4,48,16.3,311,0.2,88.08,20.77,320.62,7.4,35.74,14.98,12.89,129
2018_RED97,2018-08-09,25.3,43,8.2,293,0.0,89.27,23.87,328.17,5.84,40.4,13.32,11.6,130
2018_RED97,2018-08-10,29.3,47,16.2,273,0.0,89.45,27.2,336.45,8.96,45.25,19.54,11.41,131
2018_RED97,2018-08-11,31.3,38,13.4,204,0.0,91.3,31.35,345.09,10.15,51.09,22.72,9.46,132
2018_RED97,2018-08-12,30.5,52,10.9,186,0.0,90.47,34.48,353.58,7.95,55.44,19.88,10.33,133
2018_RED97,2018-08-13,26.4,62,22.7,252,0.0,88.18,36.63,361.34,10.36,58.45,24.68,12.78,134
2018_RED97,2018-08-14,14.3,59,4.4,9,0.0,87.06,37.94,366.92,3.51,60.29,11.14,14.0,135
2018_RED97,2018-08-15,22.8,46,15.5,202,0.0,88.31,40.6,374.03,7.35,63.87,20.24,12.63,136
2018_RED97,2018-08-16,25.7,57,11.8,329,0.0,88.36,42.98,381.66,6.14,67.08,18.23,12.58,137
2018_RED97,2018-08-17,24.0,45,3.6,143,0.0,88.81,45.83,388.98,4.33,70.81,14.44,12.1,138
2018_RED97,2018-08-18,28.5,42,18.9,204,0.0,90.11,49.38,397.11,11.29,75.33,29.73,10.71,139
2018_RED97,2018-08-19,20.7,45,16.3,325,5.8,72.24,33.33,385.45,1.54,54.81,4.96,32.13,140
2018_RED97,2018-08-20,19.9,44,10.2,352,0.0,84.48,35.75,392.03,3.28,58.23,10.31,16.89,141
2018_RED97,2018-08-21,19.7,44,12.6,307,0.1,87.56,38.16,398.58,5.7,61.58,16.46,13.45,142
2018_RED97,2018-08-22,24.7,38,16.5,260,0.0,89.99,41.46,406.03,9.83,66.06,25.31,10.84,143
2018_RED97,2018-08-23,25.7,43,2.0,225,0.0,90.04,44.61,413.66,4.77,70.28,15.47,10.79,144
2018_RED97,2018-08-24,24.0,58,9.5,81,1.1,84.07,46.79,420.99,3.0,73.23,10.99,17.35,145
2018_RED97,2018-08-25,24.0,60,16.0,211,0.0,85.91,48.86,428.31,5.35,76.04,17.62,15.28,146
2018_RED97,2018-08-26,17.7,50,5.0,291,1.2,81.28,50.8,434.5,1.68,78.62,6.98,20.62,147
2018_RED97,2018-08-27,11.4,66,14.0,23,18.5,44.12,22.47,364.83,0.14,38.94,0.2,80.8,148
2018_SLK113,2018-08-10,28.4,47,15.5,257,0.1,89.47,22.96,277.61,8.68,38.06,17.45,11.39,131
2018_SLK113,2018-08-11,30.2,42,9.7,228,1.8,86.64,24.87,286.05,4.32,40.86,10.52,14.46,132
2018_SLK113,2018-08-12,29.9,48,13.3,199,0.0,89.09,28.2,294.43,7.35,45.5,16.93,11.8,133
2018_SLK113,2018-08-13,29.2,54,24.5,221,0.0,89.14,31.08,302.69,13.02,49.46,26.6,11.75,134
2018_SLK113,2018-08-14,14.8,60,8.7,336,0.0,87.18,32.39,308.36,4.44,51.31,12.25,13.87,135
2018_SLK113,2018-08-15,21.3,44,9.7,219,0.0,88.36,34.98,315.2,5.53,54.76,15.07,12.58,136
2018_SLK113,2018-08-16,26.6,48,13.0,284,0.0,88.77,37.95,322.99,6.92,58.67,18.53,12.14,137
2018_SLK113,2018-08-17,22.9,47,3.1,111,0.0,88.82,40.58,330.12,4.23,62.08,13.15,12.08,138
2018_SLK113,2018-08-18,27.8,47,19.3,207,0.0,89.18,43.74,338.13,10.08,66.1,25.76,11.71,139
2018_SLK113,2018-08-19,22.3,41,16.4,322,0.6,88.94,46.59,345.14,8.42,69.67,23.33,11.96,140
2018_SLK113,2018-08-20,19.8,52,8.3,5,0.2,88.66,48.66,351.71,5.38,72.31,17.2,12.26,141
2018_SLK113,2018-08-21,20.1,40,14.0,312,0.0,89.1,51.29,358.33,7.63,75.54,22.71,11.78,142
2018_SLK113,2018-08-22,24.6,37,17.3,270,0.1,90.35,54.63,365.77,10.78,79.55,29.61,10.46,143
2018_SLK113,2018-08-23,26.0,42,9.7,248,0.0,90.4,57.88,373.45,7.4,83.43,23.39,10.41,144
2018_SLK113,2018-08-24,23.9,61,7.6,90,0.3,88.19,59.89,380.76,4.85,85.97,17.53,12.76,145
2018_SLK117,2018-08-12,30.1,49,12.6,243,0.0,88.58,15.69,269.96,6.59,27.4,11.89,12.35,133
2018_SLK117,2018-08-13,29.9,51,17.7,197,0.0,88.83,18.82,278.35,8.85,32.2,16.25,12.07,134
2018_SLK117,2018-08-14,13.6,64,10.7,346,0.2,86.44,19.92,283.8,4.42,33.89,9.62,14.68,135
2018_SLK117,2018-08-15,18.0,54,9.7,225,0.0,86.49,21.73,290.04,4.23,36.6,9.69,14.63,136
2018_SLK117,2018-08-16,26.4,49,13.8,277,0.0,88.32,24.63,297.8,6.76,40.81,14.99,12.62,137
2018_SLK117,2018-08-17,19.0,54,4.6,72,0.1,88.17,26.53,304.22,4.16,43.57,10.57,12.79,138
2018_SLK162,2018-09-05,14.0,46,20.4,291,0.7,85.32,22.64,324.3,6.15,38.54,13.52,15.94,157
2018_SLK162,2018-09-06,18.1,35,18.8,265,0.0,88.98,24.86,329.27,9.55,41.82,19.64,11.92,158
2018_SLK162,2018-09-07,12.9,41,6.9,28,0.0,89.03,26.33,333.29,5.28,43.97,12.88,11.87,159
2018_SLK162,2018-09-08,18.1,46,11.4,162,0.0,89.07,28.17,338.25,6.67,46.64,15.94,11.82,160
2018_SLK162,2018-09-09,19.4,48,22.1,187,0.6,87.44,30.07,343.45,9.05,49.34,20.57,13.58,161
2018_SLK18,2018-06-16,20.1,51,20.0,256,1.1,84.05,26.76,165.79,5.07,38.13,11.53,17.38,76
2018_SLK18,2018-06-17,20.7,38,18.5,277,0.0,88.74,30.32,172.92,9.09,42.16,19.04,12.17,77
2018_SLK18,2018-06-18,19.5,37,7.9,286,0.0,89.46,33.74,179.83,5.91,45.93,14.42,11.4,78
2018_SLK18,2018-06-19,23.4,50,13.5,335,0.5,89.5,36.96,187.45,7.88,49.51,18.64,11.36,79
2018_SLK18,2018-06-20,18.3,31,4.9,126,0.0,90.37,40.49,194.14,5.78,53.22,15.36,10.45,80
2018_SLK18,2018-06-21,27.4,39,7.3,303,0.0,90.58,45.06,202.48,6.73,57.91,18.02,10.22,81
2018_SLK18,2018-06-22,19.2,32,10.8,94,0.1,90.63,48.7,209.34,8.09,61.58,21.27,10.16,82
2018_SLK18,2018-06-23,15.6,52,13.7,95,4.1,68.38,36.65,208.53,1.18,50.93,3.53,37.55,83
2018_SLK18,2018-06-24,20.0,34,7.3,147,0.0,84.86,40.32,215.53,2.99,54.94,9.2,16.45,84
2018_SLK18,2018-06-25,24.0,43,16.5,216,0.0,88.65,44.08,223.25,8.11,59.03,20.86,12.27,85
2018_SLK18,2018-06-26,26.4,53,3.0,166,0.0,88.7,47.49,231.41,4.14,62.77,13.0,12.22,86
2018_SLK18,2018-06-27,20.4,83,10.7,237,10.7,44.93,24.73,212.62,0.14,38.32,0.19,79.04,87
2018_SLK18,2018-06-28,23.4,39,14.8,273,0.3,80.92,28.67,220.24,2.65,43.26,7.12,21.05,88
2018_SLK18,2018-06-29,24.3,43,1.8,323,0.2,87.08,32.48,228.02,3.09,47.9,8.71,13.98,89
2018_SLK18,2018-06-30,18.9,55,18.2,99,0.0,87.13,34.85,234.82,7.11,50.83,17.51,13.92,90
2018_SLK19,2018-06-16,20.9,45,20.0,263,0.8,85.77,29.49,152.7,6.43,39.78,14.23,15.43,76
2018_SLK19,2018-06-17,21.1,38,17.3,282,0.0,89.09,33.11,159.9,9.0,43.64,19.23,11.8,77
2018_SLK19,2018-06-18,20.0,44,6.8,295,0.0,89.14,36.22,166.9,5.34,46.97,13.49,11.74,78
2018_SLK19,2018-06-19,25.4,45,10.2,337,0.0,89.19,40.06,174.88,6.38,50.95,16.17,11.69,79
2018_SLK19,2018-06-20,19.8,29,4.9,107,0.5,90.82,43.97,181.85,6.17,54.81,16.4,9.96,80
2018_SLK19,2018-06-21,29.0,41,8.9,302,0.0,90.87,48.64,190.47,7.61,59.38,19.97,9.91,81
2018_SLK22,2018-06-19,27.3,28,16.4,289,0.0,92.54,49.69,156.19,14.06,55.35,29.64,8.19,79
2018_SLK22,2018-06-20,20.7,31,7.2,63,0.0,92.53,53.65,163.32,8.83,58.91,22.14,8.2,80
2018_SLK22,2018-06-21,29.9,33,13.4,284,0.0,92.58,59.12,172.1,12.16,63.61,28.74,8.15,81
2018_SLK23,2018-06-19,26.9,32,16.4,289,0.0,91.68,47.99,154.02,12.44,53.95,26.92,9.08,79
2018_SLK23,2018-06-20,20.2,32,7.2,63,0.0,91.73,51.81,161.06,7.88,57.43,20.13,9.03,80
2018_SLK23,2018-06-21,29.5,36,13.4,284,0.0,91.78,56.96,169.77,10.85,61.95,26.24,8.98,81
2018_SLK23,2018-06-22,20.3,48,10.9,99,0.1,89.91,59.89,176.83,7.33,64.86,20.37,10.92,82
2018_SLK26,2018-06-21,27.5,32,7.6,335,0.0,91.85,61.77,265.46,8.19,78.11,24.28,8.9,81
2018_SLK26,2018-06-22,19.5,24,9.7,88,0.0,92.27,65.89,272.37,9.66,82.12,27.91,8.47,82
2018_SLK26,2018-06-23,18.0,33,13.0,84,2.2,81.88,60.57,279.01,2.7,78.52,10.53,19.91,83
2018_SLK26,2018-06-24,21.5,32,5.1,172,0.0,88.91,64.61,286.29,4.74,82.61,16.85,11.99,84
2018_SLK26,2018-06-25,25.1,40,18.7,218,0.0,89.91,68.75,294.21,10.85,86.8,31.07,10.93,85
2018_SLK26,2018-06-26,25.3,54,9.9,71,0.0,89.27,71.95,302.17,6.36,90.2,21.89,11.61,86
2018_SLK26,2018-06-27,21.2,82,10.4,236,10.5,46.62,38.02,279.35,0.18,56.74,0.33,75.44,87
2018_SLK26,2018-06-28,23.8,41,12.7,285,0.2,80.65,41.89,287.04,2.31,61.38,7.89,21.38,88
2018_SLK27,2018-06-24,17.9,33,6.9,81,0.0,86.16,48.85,183.71,3.51,58.68,10.94,15.0,84
2018_SLK27,2018-06-25,23.5,36,16.1,222,0.0,89.92,52.99,191.34,9.53,62.62,24.11,10.92,85
2018_SLK27,2018-06-26,26.3,51,5.2,236,0.0,89.85,56.52,199.48,5.45,66.17,16.55,10.99,86
2018_SLK27,2018-06-27,27.7,42,10.2,228,4.4,79.45,43.35,200.22,1.8,56.25,5.9,22.83,87
2018_SLK27,2018-06-28,24.6,34,16.7,276,2.3,84.22,41.93,208.05,4.4,55.76,12.75,17.18,88
2018_SLK27,2018-06-29,26.0,34,5.4,266,0.0,90.11,46.64,216.14,5.72,60.59,16.35,10.71,89
2018_SLK27,2018-06-30,21.4,51,17.3,88,0.0,89.2,49.54,223.39,9.14,63.74,23.63,11.68,90
2018_SLK27,2018-07-01,21.8,54,12.4,262,1.3,83.2,52.01,231.02,3.09,66.56,10.65,18.36,91
2018_SLK27,2018-07-02,17.0,90,3.3,354,4.9,40.92,34.99,228.09,0.05,50.58,0.08,88.06,92
2018_SLK27,2018-07-03,16.7,49,4.8,312,4.9,51.81,24.83,225.18,0.26,38.93,0.36,65.05,93
2018_SLK27,2018-07-04,21.6,57,16.3,108,0.0,77.7,27.13,232.77,2.09,42.01,5.58,25.0,94
2018_SLK27,2018-07-05,11.4,71,32.0,308,17.8,48.39,11.83,193.58,0.67,20.52,0.62,71.78,95
2018_SLK27,2018-07-06,23.0,38,15.0,287,0.0,81.84,15.34,201.43,2.98,25.77,5.7,19.96,96
2018_SLK27,2018-07-07,27.1,53,18.0,213,0.0,87.23,18.45,210.01,7.14,30.25,13.34,13.82,97
2018_SLK27,2018-07-08,27.0,43,21.6,271,6.8,79.38,14.03,204.28,3.17,23.95,5.79,22.91,98
2018_SLK27,2018-07-09,19.3,49,24.7,291,1.1,83.42,16.47,211.45,5.92,27.58,10.93,18.1,99
2018_SLK27,2018-07-10,23.4,46,14.5,316,0.3,87.78,19.58,219.37,6.47,32.02,12.73,13.21,100
2018_SLK27,2018-07-11,26.7,37,14.9,160,0.0,90.52,23.69,227.88,9.79,37.61,18.96,10.28,101
2018_SLK27,2018-07-12,23.6,64,19.1,224,3.9,73.38,18.58,229.05,1.85,30.9,3.95,30.59,102
2018_SLK27,2018-07-13,25.7,51,18.7,293,1.2,83.76,21.67,237.38,4.57,35.29,10.13,17.71,103
2018_SLK27,2018-07-14,27.6,36,6.4,243,3.6,80.18,19.76,239.97,1.6,32.77,3.5,21.94,104
2018_SLK27,2018-07-15,22.1,43,16.6,272,2.3,80.61,19.65,247.65,2.8,32.79,6.28,21.42,105
2018_SLK27,2018-07-16,16.5,85,16.0,346,6.2,47.14,11.96,240.4,0.25,21.28,0.24,74.34,106
2018_SLK27,2018-07-17,18.1,46,10.0,283,3.5,63.28,10.45,241.54,0.81,18.86,0.71,45.22,107
2018_SLK37,2018-06-27,16.9,97,9.6,236,14.6,21.34,23.0,168.84,0.0,34.32,0.0,145.04,87
2018_SLK37,2018-06-28,19.9,48,13.3,270,0.0,65.59,25.88,175.82,1.05,37.84,2.33,41.67,88
2018_SLK37,2018-06-29,24.5,38,2.3,219,0.2,83.77,30.06,183.64,2.0,42.66,5.42,17.7,89
2018_SLK37,2018-06-30,17.3,66,18.8,94,0.0,84.1,31.7,190.15,4.81,44.75,12.08,17.32,90
2018_SLK37,2018-07-01,15.5,77,16.8,260,6.3,53.18,19.35,184.3,0.55,30.65,0.65,62.47,91
2018_SLK37,2018-07-02,13.2,72,11.5,340,1.1,64.26,20.29,190.38,0.91,32.04,1.49,43.7,92
2018_SLK44,2018-06-27,27.6,42,9.0,217,2.9,81.98,41.92,165.06,2.24,51.28,6.82,19.78,87
2018_SLK44,2018-06-28,24.8,33,14.4,269,8.0,76.41,27.55,157.27,1.73,38.32,4.3,26.63,88
2018_SLK44,2018-06-29,25.9,33,5.4,188,0.0,88.79,32.31,165.34,4.73,43.41,11.72,12.12,89
2018_SLK44,2018-06-30,22.4,49,18.0,93,0.0,88.84,35.47,172.77,8.99,46.88,19.94,12.07,90
2018_SLK44,2018-07-01,24.3,43,10.2,262,3.9,77.13,28.63,174.93,1.47,40.63,3.77,25.72,91
2018_SLK44,2018-07-02,17.5,93,14.3,236,8.5,32.65,15.13,164.53,0.01,24.6,0.01,109.17,92
2018_SLK44,2018-07-03,19.1,45,3.9,292,3.6,55.24,12.98,166.6,0.35,21.73,0.33,58.71,93
2018_SLK44,2018-07-04,23.3,58,17.6,118,0.4,79.64,15.39,174.5,2.66,25.22,5.03,22.59,94
2018_SLK44,2018-07-05,13.0,66,31.2,296,3.7,65.92,11.59,175.09,2.63,19.89,4.24,41.18,95
2018_SLK44,2018-07-06,23.1,38,13.7,297,0.0,85.74,15.12,182.96,4.65,25.06,8.46,15.47,96
2018_SLK44,2018-07-07,26.7,52,20.5,211,0.0,87.86,18.25,191.47,8.86,29.48,15.55,13.12,97
2018_SLK44,2018-07-08,29.1,37,25.2,268,4.4,85.36,16.33,192.91,7.88,26.95,13.58,15.89,98
2018_SLK44,2018-07-09,20.5,43,24.2,295,0.0,88.2,19.22,200.3,11.21,31.0,19.0,12.76,99
2018_SLK44,2018-07-10,23.5,43,13.5,312,0.0,89.06,22.51,208.24,7.39,35.45,14.9,11.83,100
2018_SLK44,2018-07-11,26.7,36,15.3,161,0.0,90.85,26.69,216.75,10.46,40.82,20.74,9.94,101
2018_SLK44,2018-07-12,23.1,67,20.8,210,7.6,66.54,16.33,207.91,1.59,27.29,3.01,40.24,102
2018_SLK44,2018-07-13,25.8,48,18.6,288,1.1,83.69,19.61,216.26,4.51,31.97,9.46,17.8,103
2018_SLK44,2018-07-14,27.9,34,5.5,247,1.3,87.43,24.11,224.99,3.91,38.03,9.28,13.59,104
2018_SLK44,2018-07-15,23.7,39,14.6,280,0.0,89.61,27.66,232.96,8.47,42.66,18.17,11.24,105
2018_SLK44,2018-07-16,16.6,79,7.9,300,4.4,55.11,19.42,231.34,0.42,32.1,0.52,58.94,106
2018_SLK44,2018-07-17,18.0,44,9.2,291,6.1,60.18,13.78,225.19,0.66,23.9,0.67,50.2,107
2018_SLK44,2018-07-18,26.0,44,17.2,244,0.0,85.11,17.34,233.57,5.09,29.25,9.96,16.18,108
2018_SLK44,2018-07-19,28.1,43,8.4,245,0.7,88.55,21.25,242.34,5.32,34.86,11.39,12.38,109
2018_SLK44,2018-07-20,16.3,84,18.9,48,9.6,45.49,11.27,225.51,0.23,20.04,0.21,77.82,110
2018_SLK44,2018-07-21,17.4,61,7.8,34,0.2,68.82,12.96,232.35,0.89,22.75,0.88,36.92,111
2018_SLK44,2018-07-22,20.6,48,8.8,102,0.0,82.85,15.61,239.76,2.47,26.86,4.86,18.76,112
2018_SLK44,2018-07-23,22.1,59,11.8,160,0.2,85.41,17.85,247.44,4.04,30.24,8.34,15.84,113
2018_SLK44,2018-07-24,22.2,70,5.1,274,0.8,82.09,19.49,255.14,1.86,32.73,4.16,19.65,114
2018_SLK44,2018-07-25,18.5,73,11.8,258,4.0,61.31,14.46,254.61,0.8,25.32,0.85,48.36,115
2018_SLK44,2018-07-26,14.1,75,17.3,1,9.2,45.03,8.11,237.84,0.2,14.94,0.15,78.82,116
2018_SLK44,2018-07-27,20.5,43,15.2,4,1.9,73.22,9.65,245.24,1.51,17.57,1.86,30.81,117
2018_SLK44,2018-07-28,23.1,56,11.0,328,1.0,81.23,12.15,253.1,2.26,21.7,3.82,20.68,118
2018_SLK44,2018-07-29,26.1,38,12.5,288,0.2,89.3,16.11,261.5,7.28,27.92,12.99,11.57,119
2018_SLK44,2018-07-30,19.2,83,4.9,17,3.4,57.19,12.19,262.83,0.43,21.85,0.41,55.27,120
2018_SLK44,2018-07-31,16.7,100,22.2,13,19.8,7.85,5.17,215.74,0.0,9.75,0.0,203.61,121
2018_SLK48,2018-07-08,28.0,36,22.0,270,4.8,83.94,13.96,174.73,5.53,23.27,9.41,17.51,98
2018_SLK48,2018-07-09,20.5,45,25.8,293,0.2,87.67,16.75,182.12,11.27,27.23,17.9,13.33,99
2018_SLK48,2018-07-10,24.4,43,11.3,307,0.0,89.09,20.16,190.22,6.65,31.88,12.98,11.79,100
2018_SLK48,2018-07-11,26.4,35,19.2,167,0.0,91.0,24.36,198.68,13.02,37.29,23.17,9.78,101
2018_SLK48,2018-07-12,25.3,53,21.1,243,1.8,83.82,25.36,206.93,5.2,38.83,11.89,17.64,102
2018_SLK48,2018-07-13,27.0,45,18.0,286,0.7,88.21,28.99,215.5,8.21,43.39,17.93,12.75,103
2018_SLK48,2018-07-14,29.5,31,10.7,228,0.0,92.11,33.95,224.51,9.93,49.28,21.97,8.63,104
2018_SLK48,2018-07-15,23.3,37,17.5,262,2.1,84.99,33.66,232.41,5.08,49.43,13.35,16.31,105
2018_SLK48,2018-07-16,14.1,84,19.0,350,8.9,43.92,17.49,217.68,0.18,29.13,0.21,81.24,106
2018_SLK48,2018-07-17,18.6,45,9.4,272,0.1,73.89,20.03,224.73,1.16,32.77,2.32,29.91,107
2018_SLK48,2018-07-18,28.4,41,18.6,255,0.0,88.71,24.12,233.55,9.09,38.34,18.14,12.21,108
2018_SLK48,2018-07-19,28.2,44,0.7,270,0.2,89.56,27.98,242.33,4.17,43.42,10.58,11.3,109
2018_SLK48,2018-07-20,19.8,64,14.5,46,9.5,59.82,15.67,226.42,0.84,26.72,0.92,50.81,110
2018_SLK48,2018-07-21,18.6,57,6.7,16,0.0,76.6,17.66,233.47,1.19,29.7,2.17,26.38,111
2018_SLK48,2018-07-22,22.4,45,8.4,110,0.0,85.98,20.7,241.21,3.69,34.08,8.26,15.2,112
2018_SLK48,2018-07-23,25.0,58,12.1,190,2.6,77.5,19.19,249.41,1.66,32.19,3.61,25.25,113
2018_SLK48,2018-07-24,22.1,59,6.9,279,7.6,59.72,12.55,239.01,0.57,22.19,0.55,50.97,114
2018_SLK49,2018-07-07,29.7,47,23.1,219,0.0,89.1,17.93,166.75,12.08,28.27,19.18,11.78,97
2018_SLK49,2018-07-08,27.9,35,20.9,266,2.3,87.41,19.33,175.48,8.48,30.31,15.26,13.62,98
2018_SLK49,2018-07-09,20.8,43,23.9,293,0.8,87.4,22.26,182.93,9.85,34.14,18.14,13.62,99
2018_SLK49,2018-07-10,25.5,35,9.4,317,0.0,90.52,26.32,191.22,7.42,39.17,15.75,10.28,100
2018_SLK51,2018-07-07,29.5,49,23.4,217,0.0,88.68,15.9,165.36,11.54,25.63,17.69,12.24,97
2018_SLK51,2018-07-08,27.3,37,21.0,265,2.5,86.24,16.85,173.98,7.22,27.13,12.71,14.91,98
2018_SLK51,2018-07-09,20.6,44,23.1,293,0.7,87.39,19.71,181.39,9.44,30.99,16.74,13.64,99
2018_SLK53,2018-07-07,26.1,55,17.0,212,0.0,86.44,18.34,195.08,6.06,29.7,11.6,14.69,97
2018_SLK53,2018-07-08,26.4,47,20.9,267,7.1,77.18,13.48,188.98,2.53,22.88,4.47,25.66,98
2018_SLK53,2018-07-09,18.9,52,22.1,292,0.4,84.86,15.74,196.09,6.3,26.22,11.18,16.46,99
2018_SLK53,2018-07-10,23.4,49,14.3,313,0.5,87.56,18.67,204.01,6.21,30.39,11.98,13.45,100
2018_SLK53,2018-07-11,26.6,39,13.5,164,0.0,90.12,22.64,212.5,8.61,35.76,16.8,10.71,101
2018_SLK53,2018-07-12,23.0,68,16.5,203,6.5,65.48,14.76,206.76,1.23,25.06,1.93,41.83,102
2018_SLK55,2018-07-07,29.4,49,23.5,216,0.0,88.69,15.15,172.72,11.61,24.85,17.5,12.23,97
2018_SLK55,2018-07-08,27.0,37,21.0,265,2.8,85.5,15.62,181.29,6.51,25.71,11.36,15.74,98
2018_SLK55,2018-07-09,20.7,43,22.6,292,0.1,88.24,18.54,188.72,10.4,29.77,17.63,12.71,99
2018_SLK55,2018-07-10,25.3,36,7.9,317,0.0,90.42,22.51,196.98,6.78,35.01,13.85,10.39,100
2018_SLK55,2018-07-11,26.0,36,20.6,168,0.0,90.9,26.58,205.36,13.77,40.17,24.99,9.88,101
2018_SLK55,2018-07-12,24.4,54,23.7,246,4.6,76.98,20.24,205.16,2.87,32.47,6.38,25.91,102
2018_SLK55,2018-07-13,26.7,43,17.0,291,0.4,88.16,23.96,213.67,7.76,37.43,15.9,12.8,103
2018_SLK55,2018-07-14,29.1,35,12.7,235,0.2,91.33,28.57,222.61,9.83,43.26,20.41,9.44,104
2018_SLK55,2018-07-15,21.1,44,20.6,251,4.3,76.77,22.28,222.3,2.42,35.63,5.76,26.17,105
2018_SLK56,2018-07-07,29.6,49,23.9,214,0.0,88.79,15.25,186.83,12.01,25.33,18.12,12.12,97
2018_SLK56,2018-07-08,27.0,38,20.6,264,3.1,84.68,15.19,191.32,5.69,25.34,10.1,16.67,98
2018_SLK56,2018-07-09,20.9,43,22.3,293,0.2,88.14,18.13,198.79,10.1,29.53,17.17,12.82,99
2018_SLK56,2018-07-10,25.4,35,7.1,315,0.0,90.57,22.18,207.06,6.65,34.99,13.64,10.23,100
2018_SLK56,2018-07-11,26.1,37,18.9,162,0.0,90.76,26.2,215.46,12.38,40.19,23.2,10.03,101
2018_SLK56,2018-07-12,24.4,55,23.9,247,6.0,74.93,18.22,211.24,2.54,29.98,5.39,28.55,102
2018_SLK57,2018-07-07,26.6,55,18.2,210,0.0,86.65,17.53,196.11,6.64,28.66,12.24,14.45,97
2018_SLK57,2018-07-08,26.9,47,22.7,271,6.5,78.6,13.36,191.61,3.11,22.75,5.5,23.88,98
2018_SLK57,2018-07-09,19.1,52,25.2,292,0.3,85.31,15.63,198.76,7.83,26.13,13.29,15.95,99
2018_SLK57,2018-07-10,23.4,49,15.0,314,0.2,87.65,18.57,206.67,6.52,30.33,12.43,13.35,100
2018_SLK57,2018-07-11,26.9,40,13.8,165,0.0,90.02,22.51,215.22,8.61,35.69,16.79,10.81,101
2018_SLK57,2018-07-12,23.2,69,18.0,209,5.1,68.06,15.86,213.23,1.46,26.75,2.63,38.01,102
2018_SLK57,2018-07-13,25.6,52,20.0,293,0.8,84.06,18.87,221.54,5.08,31.12,10.3,17.37,103
2018_SLK57,2018-07-14,27.1,39,7.1,255,2.8,81.35,18.66,230.13,1.89,31.03,4.05,20.54,104
2018_SLK57,2018-07-15,22.1,46,16.3,276,2.5,79.35,18.02,237.81,2.42,30.29,5.17,22.95,105
2018_SLK57,2018-07-16,16.8,78,13.9,339,3.8,58.46,13.28,237.87,0.74,23.31,0.74,53.08,106
2018_SLK57,2018-07-17,18.3,46,10.6,288,4.3,64.6,10.83,236.75,0.89,19.43,0.79,43.17,107
2018_SLK57,2018-07-18,25.4,50,16.2,249,0.0,84.32,13.94,245.02,4.35,24.4,7.84,17.07,108
2018_SLK57,2018-07-19,24.5,56,4.0,27,0.2,86.36,16.58,253.14,3.11,28.5,6.35,14.78,109
2018_SLK57,2018-07-20,15.9,81,12.9,36,12.0,42.72,8.53,228.73,0.11,15.6,0.08,83.92,110
2018_SLK57,2018-07-21,16.6,63,6.5,3,0.0,65.57,10.07,235.42,0.75,18.19,0.64,41.7,111
2018_SLK57,2018-07-22,19.7,53,8.7,107,0.0,80.53,12.36,242.67,1.87,21.93,3.06,21.52,112
2018_SLK57,2018-07-23,21.5,63,12.7,151,0.1,84.16,14.33,250.24,3.57,25.07,6.66,17.25,113
2018_SLK57,2018-07-24,22.5,75,3.1,306,4.5,55.95,10.36,249.03,0.35,18.76,0.31,57.44,114
2018_SLK57,2018-07-25,19.1,80,2.2,261,8.1,34.28,6.1,236.65,0.01,11.47,0.01,104.73,115
2018_SLK57,2018-07-26,16.6,60,16.5,11,13.5,47.98,4.15,209.48,0.29,7.9,0.16,72.61,116
2018_SLK57,2018-07-27,20.6,46,14.5,6,0.0,78.12,6.9,216.89,1.98,12.78,2.11,24.47,117
2018_SLK57,2018-07-28,23.2,56,10.4,326,0.0,84.89,9.41,224.77,3.5,17.03,5.16,16.43,118
2018_SLK57,2018-07-29,25.8,45,13.4,284,0.9,87.16,12.88,233.12,5.6,22.64,9.37,13.89,119
2018_SLK57,2018-07-30,13.5,100,11.6,54,5.0,31.52,7.66,229.22,0.01,14.13,0.01,112.36,120
2018_SLK57,2018-07-31,8.3,100,21.9,33,31.1,1.46,2.99,156.78,0.0,5.7,0.0,240.35,121
2018_SLK67,2018-07-13,26.7,46,17.8,288,0.3,87.24,25.68,237.94,7.07,40.45,15.45,13.81,103
2018_SLK67,2018-07-14,28.7,32,6.7,234,0.9,90.21,30.44,246.81,6.2,46.54,15.06,10.6,104
2018_SLK67,2018-07-15,23.6,37,14.9,277,1.7,85.91,32.36,254.77,5.06,49.12,13.26,15.28,105
2018_SLK67,2018-07-16,16.8,87,10.2,321,5.5,46.04,20.46,249.41,0.16,33.95,0.21,76.66,106
2018_SLK67,2018-07-17,18.2,43,7.7,281,1.5,69.72,22.5,256.39,0.91,36.91,1.8,35.63,107
2018_SLK68,2018-07-13,26.6,46,17.8,288,0.3,87.2,25.81,236.5,7.04,40.56,15.41,13.85,103
2018_SLK68,2018-07-14,28.5,32,6.7,234,0.9,90.15,30.54,245.33,6.14,46.58,14.96,10.67,104
2018_SLK68,2018-07-15,23.7,37,14.9,277,1.7,85.94,32.47,253.3,5.09,49.18,13.32,15.24,105
2018_SLK68,2018-07-16,16.8,82,10.2,321,5.5,50.11,20.73,247.99,0.28,34.3,0.36,68.33,106
2018_SLK68,2018-07-17,18.2,42,7.7,281,1.5,71.42,22.82,254.97,0.97,37.3,2.01,33.26,107
2018_SLK78,2018-07-18,26.0,44,16.2,238,0.0,88.78,29.79,184.93,8.14,42.47,17.61,12.13,108
2018_SLK78,2018-07-19,26.6,56,13.3,213,0.0,88.83,32.65,193.42,7.08,45.92,16.54,12.08,109
2018_SLK78,2018-07-20,19.5,76,17.9,40,1.9,74.42,30.96,200.64,1.83,44.69,5.11,29.22,110
2018_SUD83,2018-07-05,31.4,46,19.4,223,0.0,91.59,76.03,252.49,14.29,86.75,37.28,9.17,95
2018_SUD83,2018-07-06,20.3,31,17.5,351,0.8,89.82,79.5,259.85,10.09,90.09,30.12,11.03,96
2018_SUD83,2018-07-07,25.7,29,13.7,247,0.0,92.02,83.97,268.18,11.4,94.2,33.42,8.72,97
2018_SUD83,2018-07-08,27.3,27,22.5,220,0.0,92.93,88.84,276.8,20.19,98.58,49.35,7.79,98
2018_SUD83,2018-07-09,27.7,48,9.8,276,0.1,90.95,92.35,285.49,8.05,102.12,27.46,9.83,99
2018_SUD83,2018-07-10,23.4,36,14.5,333,2.0,85.02,84.29,293.4,4.39,98.11,17.46,16.28,100
2018_SUD83,2018-07-11,25.0,32,11.0,341,0.0,90.64,88.46,301.61,8.17,102.07,27.74,10.16,101
2018_SUD83,2018-07-12,27.7,34,9.5,217,0.0,91.51,92.92,310.3,8.59,106.28,29.24,9.25,102
2018_SUD83,2018-07-13,21.0,77,13.6,191,0.0,85.28,94.12,317.78,4.35,108.15,18.21,15.99,103
2018_SUD83,2018-07-14,26.6,49,6.6,261,7.8,69.39,55.58,304.22,0.86,76.31,3.4,36.1,104
2018_SUD83,2018-07-15,29.7,37,8.4,223,0.0,88.49,60.14,313.27,5.27,81.27,18.06,12.44,105
2018_SUD83,2018-07-16,24.1,72,17.7,209,3.2,72.1,47.89,315.39,1.64,69.43,6.25,32.33,106
2018_SUD83,2018-07-17,20.4,50,17.3,339,3.2,73.64,39.62,316.8,1.71,60.36,5.91,30.25,107
2018_SUD83,2018-07-18,21.7,35,7.6,275,0.0,86.74,43.1,324.41,3.94,64.71,12.73,14.36,108
2018_SUD83,2018-07-19,25.0,38,13.1,217,0.0,89.89,46.9,332.62,8.16,69.35,22.77,10.95,109
2018_SUD83,2018-07-20,26.4,41,14.5,157,0.0,90.05,50.71,341.07,8.97,73.94,25.15,10.78,110
2018_SUD83,2018-07-21,21.1,83,9.0,92,5.3,53.14,33.64,334.38,0.37,53.76,0.65,62.54,111
2018_THU36,2018-07-29,24.6,47,9.7,266,2.5,79.35,25.59,272.59,1.74,41.45,4.58,22.95,119
2018_THU36,2018-07-30,25.0,43,10.7,284,1.8,82.72,27.11,280.79,2.67,43.68,7.23,18.92,120
2018_THU36,2018-07-31,26.7,43,19.5,251,0.0,88.97,30.83,289.3,9.88,48.69,21.75,11.93,121
2018_THU36,2018-08-01,11.2,64,12.0,46,5.2,56.93,20.32,282.15,0.6,34.44,0.78,55.72,122
2018_THU36,2018-08-02,17.2,46,6.9,231,0.0,77.17,22.36,288.25,1.25,37.46,2.89,25.67,123
2018_THU36,2018-08-03,22.1,48,12.3,187,0.0,85.83,24.85,295.23,4.39,41.06,10.69,15.37,124
2018_THU36,2018-08-04,22.6,69,13.0,185,0.0,85.88,26.37,302.3,4.58,43.3,11.41,15.31,125
2018_THU36,2018-08-05,23.0,67,14.8,244,1.9,77.5,25.58,309.45,1.91,42.4,5.13,25.25,126
2018_THU36,2018-08-06,12.8,77,7.2,360,2.1,63.5,23.1,314.76,0.71,39.04,1.05,44.88,127
2018_THU36,2018-08-07,21.7,53,10.7,228,0.0,81.09,25.32,321.67,2.2,42.31,5.89,20.84,128
2018_THU36,2018-08-08,20.2,87,14.8,270,3.1,58.41,19.89,322.62,0.78,34.47,1.06,53.16,129
2018_THU36,2018-08-09,23.8,50,11.5,321,0.8,80.27,22.46,329.9,2.09,38.39,5.24,21.84,130
2018_THU36,2018-08-10,26.8,47,16.3,262,0.0,87.9,25.51,337.73,7.21,42.92,16.18,13.08,131
2018_THU36,2018-08-11,27.4,40,3.7,259,4.7,75.25,20.14,333.8,0.94,35.0,1.77,28.12,132
2018_THU36,2018-08-12,29.3,51,14.0,241,0.0,87.03,23.21,342.07,5.67,39.69,12.88,14.04,133
2018_THU36,2018-08-13,29.3,53,15.0,207,0.0,88.25,26.16,350.35,7.1,44.09,16.22,12.71,134
2018_THU36,2018-08-14,15.4,62,14.3,319,0.1,86.66,27.46,356.13,5.46,46.04,13.57,14.45,135
2018_THU36,2018-08-15,17.6,55,7.9,231,0.0,86.7,29.19,362.3,3.98,48.6,10.87,14.39,136
2018_THU36,2018-08-16,26.3,44,15.8,258,0.0,89.15,32.36,370.04,8.42,53.11,20.27,11.73,137
2018_THU36,2018-08-17,18.4,63,8.2,75,0.7,84.66,33.85,376.35,3.04,55.27,9.37,16.69,138
2018_THU36,2018-08-18,25.3,49,14.1,199,0.0,87.86,36.63,383.91,6.42,59.15,17.59,13.13,139
2018_THU36,2018-08-19,21.3,76,13.1,286,1.1,79.81,37.74,390.75,2.16,60.8,7.37,22.39,140
2018_THU36,2018-08-20,19.4,53,9.4,47,0.0,84.89,39.73,397.25,3.33,63.57,11.01,16.42,141
2018_THU36,2018-08-21,18.2,56,10.5,322,1.6,78.49,39.96,403.53,1.67,64.07,6.02,24.01,142
2018_THU36,2018-08-22,22.7,40,17.4,277,0.0,87.88,42.91,410.62,7.6,68.05,21.44,13.1,143
2018_THU36,2018-08-23,25.1,41,16.2,270,0.0,89.6,46.1,418.14,9.15,72.28,25.22,11.26,144
2018_THU36,2018-08-24,22.1,61,5.1,135,0.0,87.9,47.97,425.12,4.1,74.83,14.28,13.08,145
2018_THU36,2018-08-25,20.3,63,11.8,140,0.0,86.99,49.61,431.78,5.05,77.08,17.0,14.08,146
2018_THU36,2018-08-26,19.8,45,8.4,277,0.1,87.95,51.98,438.35,4.88,80.19,16.92,13.03,147
2018_THU36,2018-08-27,19.8,81,20.9,272,11.2,50.8,26.58,400.24,0.52,45.6,0.82,66.99,148
2018_THU52,2018-08-11,27.6,38,5.8,248,8.7,73.42,12.44,283.38,0.95,22.42,0.93,30.55,132
2018_THU52,2018-08-12,29.8,49,13.0,246,0.0,87.22,15.69,291.75,5.54,27.66,10.36,13.83,133
2018_THU52,2018-08-13,29.5,51,12.0,196,0.0,88.6,18.79,300.06,6.42,32.49,12.74,12.33,134
2018_THU52,2018-08-14,14.3,61,13.0,341,0.0,86.79,20.03,305.64,5.21,34.42,11.13,14.3,135
2018_THU52,2018-08-15,17.0,55,8.7,218,0.0,86.84,21.71,311.7,4.23,36.98,9.74,14.24,136
2018_THU52,2018-08-16,26.2,46,13.8,264,0.0,88.81,24.75,319.42,7.25,41.47,15.94,12.1,137
2018_THU52,2018-08-17,18.3,56,7.1,41,0.0,87.96,26.51,325.72,4.57,44.06,11.5,13.02,138
2018_THU52,2018-08-18,25.7,46,14.5,199,0.0,88.89,29.5,333.35,7.6,48.31,17.9,12.01,139
2018_THU52,2018-08-19,21.9,68,16.3,301,3.2,71.8,23.95,334.07,1.51,40.62,3.88,32.74,140
2018_THU52,2018-08-20,18.8,52,7.2,37,0.0,82.2,25.92,340.46,2.1,43.55,5.75,19.53,141
2018_THU52,2018-08-21,18.9,49,10.4,316,1.1,82.46,28.03,346.86,2.55,46.63,7.22,19.22,142
2018_THU52,2018-08-22,22.6,40,16.8,279,0.0,88.5,30.96,353.93,8.06,50.81,19.19,12.44,143
2018_THU52,2018-08-23,25.0,40,13.6,287,0.0,89.81,34.19,361.44,8.28,55.31,20.46,11.03,144
2018_THU52,2018-08-24,18.7,72,6.5,90,2.8,66.8,28.6,367.81,0.78,47.89,1.89,39.86,145
2018_THU52,2018-08-25,21.0,60,13.7,145,0.0,80.82,30.43,374.59,2.48,50.58,7.41,21.17,146
2018_THU52,2018-08-26,19.3,42,9.9,280,0.0,86.83,32.87,381.07,4.48,54.08,12.72,14.25,147
2018_THU52,2018-08-27,16.8,97,16.4,320,17.9,20.8,12.79,323.15,0.0,23.27,0.0,147.03,148
2018_THU52,2018-08-28,9.5,63,5.9,349,0.4,44.92,13.6,327.86,0.11,24.64,0.11,79.05,149
2018_THU52,2018-08-29,14.2,51,4.7,261,0.0,67.53,15.15,333.42,0.73,27.2,0.81,38.79,150
2018_THU52,2018-08-30,20.7,46,19.0,207,0.1,84.13,17.58,340.15,4.88,31.13,9.96,17.29,151
2018_THU52,2018-08-31,19.9,75,17.4,218,1.8,74.32,17.07,346.74,1.78,30.4,3.73,29.34,152
2018_THU52,2018-09-01,21.4,48,13.6,258,4.6,70.92,12.92,340.54,1.28,23.6,1.92,33.95,153
2018_THU52,2018-09-02,17.4,82,13.7,210,1.4,68.5,13.51,345.37,1.19,24.61,1.78,37.37,154
2018_THU52,2018-09-03,19.8,37,16.7,277,3.1,76.03,12.02,344.6,1.89,22.11,3.13,27.12,155
2018_THU52,2018-09-04,20.8,54,15.8,156,0.0,84.46,13.81,350.05,4.34,25.14,7.97,16.91,156
2018_THU52,2018-09-05,14.2,48,19.3,291,1.1,82.47,15.23,354.31,3.99,27.5,7.8,19.21,157
2018_THU52,2018-09-06,17.6,37,18.6,261,0.0,87.97,17.33,359.18,8.18,30.92,15.0,13.0,158
2018_THU52,2018-09-07,11.8,36,7.9,360,0.0,88.4,18.8,363.01,5.07,33.28,10.68,12.54,159
2018_THU52,2018-09-08,16.0,41,9.7,165,0.0,88.44,20.59,367.6,5.59,36.13,12.1,12.49,160
2018_THU52,2018-09-09,18.3,51,18.7,191,0.0,88.48,22.28,372.59,8.84,38.77,17.87,12.45,161
2018_THU52,2018-09-10,15.7,83,17.8,222,7.0,49.0,12.91,355.06,0.36,23.67,0.36,70.55,162
2018_THU52,2018-09-11,20.9,48,8.7,197,0.2,76.5,14.95,360.53,1.3,27.09,2.27,26.52,163
2018_THU52,2018-09-12,14.5,75,8.3,342,2.0,65.83,13.62,364.84,0.83,24.91,0.86,41.31,164
2018_TIM12,2018-07-13,22.6,77,18.2,219,3.2,69.17,17.18,180.54,1.52,27.76,2.88,36.42,103
2018_TIM12,2018-07-14,27.3,51,9.8,276,0.0,84.97,20.45,189.16,3.44,32.2,7.5,16.34,104
2018_TIM12,2018-07-15,29.0,41,12.4,244,0.0,89.89,24.62,198.09,7.88,37.57,16.13,10.95,105
2018_TIM12,2018-07-16,25.4,64,13.5,205,3.7,73.48,19.78,200.59,1.4,31.73,2.91,30.46,106
2018_TIM6,2018-06-26,21.8,31,10.9,224,0.0,90.27,33.31,148.25,7.71,42.65,16.96,10.55,86
2018_TIM6,2018-06-27,25.5,29,5.7,162,0.0,91.96,38.28,156.24,7.55,47.48,17.66,8.79,87
2018_TIM6,2018-06-28,23.8,56,11.6,277,0.3,89.12,41.16,163.93,6.78,50.58,16.85,11.77,88
2019_COC10,2019-07-03,28.6,35,15.6,262,0.0,91.24,23.46,135.72,11.24,32.76,19.57,9.53,93
2019_COC10,2019-07-04,30.4,35,16.4,195,0.0,91.85,28.26,144.9,12.75,38.0,23.04,8.9,94
2019_COC10,2019-07-05,22.1,77,6.6,311,0.4,85.67,29.52,152.58,3.22,39.79,8.06,15.55,95
2019_FOR2,2019-05-11,16.5,33,16.6,193,0.3,88.95,20.63,62.82,8.51,22.66,13.19,11.95,40
2019_FOR2,2019-05-12,14.9,59,10.4,236,0.0,87.24,22.35,67.91,4.87,24.52,8.69,13.81,41
2019_FOR2,2019-05-13,15.6,53,7.5,215,3.5,67.08,18.21,69.32,0.83,21.98,0.8,39.45,42
2019_NIP11,2019-08-09,17.4,66,25.4,322,0.0,82.35,6.8,189.75,5.35,12.48,6.51,19.36,130
2019_NIP11,2019-08-10,19.2,75,10.0,283,0.1,82.63,7.85,196.21,2.55,14.27,3.25,19.03,131
2019_NIP11,2019-08-11,18.6,76,12.6,323,0.6,81.67,8.82,202.57,2.59,15.91,3.57,20.15,132
2019_NIP11,2019-08-12,19.3,65,11.7,317,0.0,83.81,10.3,209.04,3.23,18.34,4.99,17.66,133
2019_NIP11,2019-08-13,16.6,70,8.9,333,0.0,83.86,11.39,215.04,2.83,20.12,4.61,17.6,134
2019_RED14,2019-05-28,18.4,32,20.4,296,0.4,89.79,24.05,93.71,11.63,29.3,18.99,11.05,57
2019_RED14,2019-05-29,19.0,30,19.2,310,0.0,90.79,27.75,99.54,12.62,32.71,21.26,10.0,58
2019_RED14,2019-05-30,14.2,29,5.5,79,0.0,90.83,30.61,104.5,6.37,35.34,13.26,9.95,59
2019_RED14,2019-05-31,6.6,59,10.1,354,0.5,87.39,31.44,108.09,4.91,36.41,10.93,13.64,60
2019_RED14,2019-06-01,10.1,32,18.8,343,0.0,88.63,33.45,113.31,9.08,38.49,18.16,12.29,61
2019_RED14,2019-06-02,10.4,46,8.3,5,0.0,88.28,35.08,118.59,5.09,40.33,11.93,12.67,62
2019_RED14,2019-06-03,15.2,38,13.4,153,0.0,88.65,37.74,124.73,6.94,42.98,15.73,12.27,63
2019_RED17,2019-06-05,18.0,49,4.4,189,0.0,80.2,30.64,129.54,1.45,38.51,3.55,21.92,65
2019_RED17,2019-06-06,20.9,36,12.5,314,0.0,88.2,34.34,136.7,6.22,42.19,14.31,12.76,66
2019_RED17,2019-06-07,24.8,41,15.0,136,0.0,89.58,38.37,144.57,8.6,46.13,19.15,11.27,67
2019_RED17,2019-06-08,23.0,78,18.0,209,23.4,51.73,15.69,103.86,0.5,22.78,0.49,65.19,68
2019_RED23,2019-06-14,12.8,38,16.3,35,3.2,67.58,8.93,111.22,1.32,14.88,1.0,38.71,74
2019_RED23,2019-06-15,15.1,47,13.9,65,0.0,81.29,11.19,117.34,2.64,18.07,3.99,20.6,75
2019_RED23,2019-06-16,18.1,34,4.4,55,0.0,87.54,14.53,124.01,3.76,22.47,6.55,13.47,76
2019_RED23,2019-06-17,17.2,40,8.7,52,0.0,88.42,17.42,130.51,5.3,26.12,9.68,12.52,77
2019_RED23,2019-06-18,18.0,39,6.6,61,0.0,88.89,20.49,137.15,5.1,29.83,10.08,12.02,78
2019_RED23,2019-06-19,21.4,33,4.2,59,0.0,90.34,24.46,144.41,5.56,34.36,11.72,10.47,79
2019_RED23,2019-06-20,23.4,32,7.1,60,0.0,91.14,28.84,152.02,7.21,39.13,15.41,9.64,80
2019_RED23,2019-06-21,24.7,35,8.0,95,0.0,91.19,33.26,159.87,7.6,43.76,17.0,9.59,81
2019_RED23,2019-06-22,22.9,37,12.1,168,0.0,91.24,37.24,167.4,9.41,47.86,20.83,9.53,82
2019_RED23,2019-06-23,22.5,47,18.9,167,3.2,79.19,31.93,170.73,2.72,43.51,7.31,23.15,83
2019_RED23,2019-06-24,23.5,44,4.5,76,0.0,86.66,35.56,178.36,3.33,47.46,9.24,14.44,84
2019_RED23,2019-06-25,19.1,66,8.8,348,0.9,82.03,37.36,185.2,2.23,49.67,6.65,19.72,85
2019_RED23,2019-06-26,18.0,67,14.6,308,4.0,64.63,28.1,185.49,1.08,40.76,2.6,43.13,86
2019_RED23,2019-06-27,20.3,49,13.0,316,0.0,81.99,30.98,192.54,2.74,44.18,7.45,19.78,87
2019_RED23,2019-06-28,20.4,40,14.1,310,0.0,87.84,34.37,199.62,6.4,48.06,15.71,13.14,88
2019_RED23,2019-06-29,21.3,47,4.8,77,0.0,88.07,37.5,206.86,4.14,51.61,11.62,12.9,89
2019_RED23,2019-06-30,24.8,53,18.8,258,0.5,88.12,40.7,214.73,8.44,55.23,20.73,12.85,90
2019_RED23,2019-07-01,23.6,36,14.0,270,0.0,90.19,44.41,222.68,8.92,59.27,22.37,10.63,91
2019_RED23,2019-07-02,18.0,88,14.1,266,5.3,48.94,29.13,219.02,0.29,43.72,0.45,70.67,92
2019_RED23,2019-07-03,20.7,47,19.3,246,0.3,79.26,31.84,226.45,2.79,47.12,7.88,23.07,93
2019_RED23,2019-07-04,20.6,46,15.1,245,0.2,86.39,34.6,233.86,5.47,50.51,14.32,14.74,94
2019_RED23,2019-07-05,15.9,48,18.9,310,0.0,86.92,36.67,240.43,7.15,53.1,17.99,14.16,95
2019_RED23,2019-07-06,20.6,36,6.2,249,0.0,89.33,39.93,247.84,5.32,56.93,14.97,11.54,96
2019_RED23,2019-07-07,22.4,44,11.9,245,0.0,89.38,43.03,255.57,7.14,60.56,19.28,11.49,97
2019_RED23,2019-07-08,22.4,76,9.8,186,1.8,74.9,41.37,263.31,1.25,59.41,4.24,28.58,98
2019_RED23,2019-07-09,24.1,55,8.3,18,9.6,62.74,23.81,246.66,0.72,38.36,1.09,46.08,99
2019_RED23,2019-07-10,21.7,38,18.0,16,0.0,84.96,27.13,254.27,5.19,42.83,12.53,16.34,100
2019_RED23,2019-07-11,21.2,51,15.5,226,0.0,86.94,29.7,261.79,6.04,46.27,14.71,14.14,101
2019_RED23,2019-07-12,19.5,52,17.2,327,15.2,62.42,14.72,228.19,1.12,25.36,1.64,46.58,102
2019_RED23,2019-07-13,23.3,36,10.2,247,0.0,84.94,18.39,236.09,3.49,30.79,7.4,16.37,103
2019_RED23,2019-07-14,26.3,58,6.2,249,0.1,86.58,21.09,244.52,3.59,34.7,8.15,14.53,104
2019_RED23,2019-07-15,21.7,90,12.4,163,5.2,47.66,13.58,241.23,0.23,23.82,0.23,73.26,105
2019_RED24,2019-06-14,14.0,33,16.2,32,1.1,84.77,32.35,177.03,4.62,44.41,11.65,16.56,74
2019_RED24,2019-06-15,16.0,33,12.3,69,0.0,88.64,35.36,183.32,6.56,47.72,15.93,12.28,75
2019_RED24,2019-06-16,18.4,33,8.6,92,0.0,89.9,38.8,190.03,6.52,51.38,16.5,10.94,76
2019_RED24,2019-06-17,19.7,35,10.2,58,0.0,90.06,42.36,196.98,7.22,55.1,18.49,10.77,77
2019_RED24,2019-06-18,19.8,30,6.6,49,0.0,90.88,46.21,203.95,6.78,59.0,18.31,9.9,78
2019_RED24,2019-06-19,22.5,26,5.1,86,0.0,92.12,50.81,211.4,7.5,63.48,20.47,8.62,79
2019_RED24,2019-06-20,25.4,21,7.2,93,0.0,93.76,56.32,219.38,10.48,68.61,26.97,6.96,80
2019_RED24,2019-06-21,26.5,24,6.8,115,0.0,93.81,61.85,227.55,10.35,73.65,27.7,6.91,81
2019_RED24,2019-06-22,18.9,48,13.9,155,0.2,90.19,64.58,234.36,8.87,76.48,25.4,10.63,82
2019_RED24,2019-06-23,22.7,43,23.9,185,6.2,76.56,42.46,228.37,2.81,57.97,9.03,26.44,83
2019_RED24,2019-06-24,23.7,37,4.6,288,0.0,87.28,46.57,236.04,3.66,62.38,11.75,13.75,84
2019_RED24,2019-06-25,23.4,49,12.3,322,0.0,87.98,49.86,243.66,5.96,65.97,17.67,12.99,85
2019_RED24,2019-06-26,20.7,55,14.9,302,2.1,78.74,46.9,250.79,2.13,63.91,7.53,23.7,86
2019_RED24,2019-06-27,21.6,41,12.5,319,0.0,87.22,50.42,258.08,5.41,67.75,16.67,13.82,87
2019_RED24,2019-06-28,22.4,37,8.4,335,0.0,89.59,54.32,265.52,6.17,71.88,18.99,11.26,88
2019_RED24,2019-06-29,23.9,34,6.4,128,0.0,90.74,58.66,273.22,6.58,76.35,20.54,10.05,89
2019_RED24,2019-06-30,26.9,32,23.7,250,2.1,88.37,56.96,281.47,11.2,75.65,29.63,12.57,90
2019_RED24,2019-07-01,24.5,33,15.0,253,0.0,90.91,60.99,289.58,10.4,79.9,28.97,9.87,91
2019_RED24,2019-07-02,19.6,69,14.6,290,1.1,81.71,62.49,296.81,2.87,81.88,11.35,20.11,92
2019_RED24,2019-07-03,20.9,44,18.2,252,0.1,87.38,65.39,304.28,7.37,85.07,23.56,13.65,93
2019_RED24,2019-07-04,21.7,39,17.7,253,0.0,89.3,68.65,311.89,9.46,88.57,28.61,11.57,94
2019_RED24,2019-07-05,18.5,35,17.1,318,0.0,89.78,71.64,318.92,9.84,91.76,29.89,11.06,95
2019_RED24,2019-07-06,21.4,28,5.9,227,0.0,91.39,75.45,326.48,7.04,95.64,24.23,9.37,96
2019_RED24,2019-07-07,23.5,46,12.2,225,0.0,90.45,78.57,334.41,8.46,98.99,27.99,10.35,97
2019_RED24,2019-07-08,20.9,89,9.7,180,9.0,40.3,43.03,314.67,0.06,64.13,0.12,89.53,98
2019_RED24,2019-07-09,24.1,56,7.7,28,18.5,53.68,20.39,266.03,0.36,34.23,0.47,61.54,99
2019_RED24,2019-07-10,22.9,36,15.0,17,0.0,83.54,24.0,273.86,3.69,39.38,9.0,17.97,100
2019_RED24,2019-07-11,21.7,60,17.9,189,1.1,82.48,26.14,281.47,3.73,42.43,9.5,19.2,101
2019_RED24,2019-07-12,19.1,56,14.3,317,18.0,57.67,12.71,237.62,0.72,22.42,0.7,54.43,102
2019_RED24,2019-07-13,24.0,37,12.3,230,0.0,84.37,16.42,245.64,3.59,28.14,7.19,17.02,103
2019_RED24,2019-07-14,26.2,63,5.9,232,0.2,85.71,18.79,254.06,3.13,31.72,6.82,15.49,104
2019_RED24,2019-07-15,23.4,89,11.5,231,20.6,35.66,8.4,207.11,0.03,15.26,0.02,101.08,105
2019_RED25,2019-06-17,18.8,37,8.9,63,0.0,90.11,37.08,198.67,6.82,50.57,16.93,10.71,77
2019_RED25,2019-06-18,19.3,33,6.3,77,0.0,90.35,40.68,205.55,6.19,54.43,16.38,10.46,78
2019_RED25,2019-06-19,22.2,29,5.4,110,0.0,91.45,45.03,212.95,6.92,58.92,18.57,9.31,79
2019_RED25,2019-06-20,24.5,27,7.9,74,0.0,92.37,49.95,220.76,8.94,63.81,23.28,8.36,80
2019_RED25,2019-06-21,25.6,31,5.2,115,0.0,92.42,54.8,228.78,7.86,68.55,22.04,8.31,81
2019_RED25,2019-06-22,19.2,51,15.5,158,0.0,89.44,57.42,235.64,8.63,71.37,24.05,11.43,82
2019_RED25,2019-06-23,21.8,47,24.1,182,9.5,72.01,33.25,220.16,2.26,48.28,6.6,32.44,83
2019_RED25,2019-06-24,23.8,38,1.9,248,0.0,85.25,37.32,227.85,2.4,52.95,7.42,16.01,84
2019_RED25,2019-06-25,22.9,54,10.9,333,0.0,86.78,40.22,235.37,4.68,56.37,13.47,14.31,85
2019_RED25,2019-06-26,19.3,62,14.5,318,7.5,61.71,24.51,225.06,0.94,38.53,1.99,47.72,86
2019_RED25,2019-06-27,20.5,48,11.6,324,0.0,81.21,27.47,232.15,2.33,42.4,6.24,20.7,87
2019_RED25,2019-06-28,21.3,40,10.2,328,0.0,87.71,31.01,239.39,5.16,46.85,13.11,13.29,88
2019_RED25,2019-06-29,22.6,40,6.6,112,0.0,89.22,34.75,246.86,5.35,51.41,14.2,11.66,89
2019_RED25,2019-06-30,26.0,34,23.3,248,2.5,86.52,33.77,254.94,8.43,50.74,19.82,14.6,90
2019_RED25,2019-07-01,24.1,36,14.8,241,0.4,90.06,37.56,262.99,9.11,55.35,21.93,10.77,91
2019_RED25,2019-07-02,18.1,75,12.5,282,4.1,61.67,27.47,261.93,0.85,43.52,1.93,47.78,92
2019_RED25,2019-07-03,19.8,49,18.4,247,0.0,81.69,29.97,269.19,3.47,46.89,9.49,20.13,93
2019_RED25,2019-07-04,20.4,44,18.2,252,0.1,87.27,32.8,276.57,7.25,50.6,17.72,13.77,94
2019_RED25,2019-07-05,16.4,44,16.3,313,0.0,87.73,35.1,283.23,7.04,53.6,17.87,13.27,95
2019_RED25,2019-07-06,20.8,33,8.7,232,0.0,90.08,38.55,290.67,6.72,57.9,18.0,10.75,96
2019_RED25,2019-07-07,23.2,47,10.2,222,0.0,90.02,41.57,298.55,7.19,61.67,19.55,10.81,97
2019_RED25,2019-07-08,19.3,94,8.9,194,7.7,34.3,23.38,285.01,0.02,38.81,0.02,104.68,98
2019_RED25,2019-07-09,23.8,59,7.0,21,9.5,52.64,14.11,267.29,0.32,24.92,0.33,63.47,99
2019_RED25,2019-07-10,23.2,36,12.8,16,0.0,83.03,17.76,275.17,3.09,30.58,6.59,18.56,100
2019_RED25,2019-07-11,21.6,56,20.6,184,0.7,85.07,20.1,282.76,6.0,34.14,12.41,16.23,101
2019_RED25,2019-07-12,19.6,50,12.8,320,7.8,65.01,13.17,269.75,1.01,23.47,1.08,42.55,102
2019_RED25,2019-07-13,24.4,36,12.7,225,0.0,86.39,17.0,277.84,4.85,29.49,9.61,14.75,103
2019_RED25,2019-07-14,27.0,52,4.7,293,0.0,87.82,20.17,286.41,3.98,34.3,8.85,13.17,104
2019_RED25,2019-07-15,22.8,92,9.1,146,6.5,40.87,11.92,277.93,0.06,21.53,0.06,88.19,105
2019_RED25,2019-07-16,21.6,45,10.0,345,8.8,59.97,8.84,262.41,0.68,16.31,0.54,50.56,106
2019_RED37,2019-06-29,25.3,34,7.5,163,0.0,90.99,72.97,241.38,7.2,83.12,22.91,9.79,89
2019_RED37,2019-06-30,26.1,47,21.2,260,7.2,77.24,45.89,232.89,2.58,61.49,8.7,25.57,90
2019_RED37,2019-07-01,24.5,35,13.7,273,0.0,88.88,49.8,241.01,7.28,65.68,20.41,12.02,91
2019_RED37,2019-07-02,19.6,78,15.8,240,3.7,63.67,37.72,241.82,1.11,54.27,3.43,44.61,92
2019_RED38,2019-06-30,27.2,37,21.7,258,1.4,88.83,64.76,257.36,10.82,79.5,29.69,12.07,90
2019_RED38,2019-07-01,24.7,34,14.8,267,0.0,90.83,68.76,265.51,10.18,83.47,29.17,9.96,91
2019_RED38,2019-07-02,20.6,75,14.7,253,1.2,80.06,70.03,272.92,2.4,85.33,10.03,22.09,92
2019_RED38,2019-07-03,22.5,38,16.3,248,2.6,81.04,60.74,280.67,2.89,78.83,11.16,20.91,93
2019_RED38,2019-07-04,22.6,40,16.1,254,0.1,88.24,64.08,288.44,7.49,82.4,23.44,12.72,94
2019_RED38,2019-07-05,19.9,34,16.6,321,0.0,89.96,67.34,295.73,9.84,85.82,28.92,10.87,95
2019_RED38,2019-07-06,21.2,30,2.6,214,0.0,91.01,71.01,303.25,5.65,89.58,20.02,9.77,96
2019_RED39,2019-06-30,27.0,39,22.3,256,2.8,85.41,55.69,273.74,6.86,73.83,20.78,15.84,90
2019_RED39,2019-07-01,24.7,35,14.5,263,0.0,90.19,59.63,281.89,9.14,78.0,26.2,10.64,91
2019_RED39,2019-07-02,20.6,76,15.0,259,1.3,78.95,60.85,289.3,2.18,79.76,8.88,23.45,92
2019_RED39,2019-07-03,22.8,37,16.5,250,2.0,83.2,58.17,297.11,3.8,78.11,13.8,18.36,93
2019_RED39,2019-07-04,22.7,40,16.3,256,0.0,88.62,61.53,304.9,8.0,81.79,24.46,12.3,94
2019_RED39,2019-07-05,20.2,34,16.6,321,0.0,90.08,64.83,312.24,10.01,85.35,29.16,10.75,95
2019_RED39,2019-07-06,21.3,32,2.6,236,0.0,90.74,68.4,319.78,5.43,89.14,19.42,10.05,96
2019_RED39,2019-07-07,23.2,41,10.9,224,0.0,90.79,71.77,327.66,8.31,92.75,26.79,10.0,97
2019_RED39,2019-07-08,26.4,55,19.9,185,0.0,89.33,74.68,336.11,10.62,96.02,32.17,11.54,98
2019_RED39,2019-07-09,23.8,67,6.4,43,17.8,53.06,35.77,286.81,0.32,54.53,0.57,62.7,99
2019_RED40,2019-06-30,25.1,59,21.2,260,1.2,84.64,69.17,235.78,5.84,79.81,19.29,16.71,90
2019_RED40,2019-07-01,24.6,33,14.5,276,0.0,90.42,73.22,243.91,9.45,83.65,27.76,10.39,91
2019_RED40,2019-07-02,19.9,74,15.8,240,1.1,80.8,74.5,251.19,2.75,85.56,11.24,21.2,92
2019_RED40,2019-07-03,23.4,35,16.6,246,4.2,79.09,55.17,251.02,2.4,71.21,8.95,23.27,93
2019_RED40,2019-07-04,22.7,42,15.8,246,0.7,86.78,58.42,258.81,5.99,74.69,18.97,14.31,94
2019_RED40,2019-07-05,20.5,34,17.1,321,0.0,89.82,61.76,266.2,9.89,78.18,27.68,11.02,95
2019_RED40,2019-07-06,20.5,34,2.7,203,0.0,90.27,65.11,273.6,5.11,81.65,17.68,10.55,96
2019_RED40,2019-07-07,23.4,40,9.0,233,0.0,90.32,68.56,281.51,7.06,85.23,22.89,10.49,97
2019_RED40,2019-07-08,26.7,51,18.6,195,0.0,89.94,71.76,290.02,10.86,88.67,31.41,10.89,98
2019_RED40,2019-07-09,22.3,82,2.3,51,15.3,36.59,34.32,253.79,0.02,51.3,0.03,98.66,99
2019_RED44,2019-06-30,27.0,30,22.7,252,6.5,83.59,54.44,283.48,5.47,73.56,17.58,17.92,90
2019_RED44,2019-07-01,24.3,37,14.1,255,0.0,89.48,58.19,291.56,8.09,77.64,24.01,11.39,91
2019_RED44,2019-07-02,19.4,76,17.0,283,2.2,72.48,51.95,298.75,1.61,72.42,6.31,31.81,92
2019_RED44,2019-07-03,21.4,43,16.1,250,0.1,85.76,54.96,306.31,5.27,75.88,17.4,15.45,93
2019_RED44,2019-07-04,22.0,41,16.1,260,0.0,88.75,58.16,313.97,8.06,79.5,24.24,12.17,94
2019_RED44,2019-07-05,19.5,37,15.9,322,0.0,89.5,61.21,321.19,8.9,82.91,26.51,11.36,95
2019_RED44,2019-07-06,20.9,35,3.6,276,0.0,90.1,64.57,328.65,5.22,86.6,18.56,10.72,96
2019_RED44,2019-07-07,23.7,44,12.0,224,0.2,90.15,67.83,336.62,8.02,90.21,25.77,10.67,97
2019_RED44,2019-07-08,24.7,62,19.5,184,0.0,87.95,70.13,344.77,8.54,92.98,27.32,13.03,98
2019_RED44,2019-07-09,24.2,58,6.6,49,20.4,57.69,32.77,285.78,0.49,50.94,0.83,54.39,99
2019_RED45,2019-07-03,21.9,40,15.3,251,0.3,85.39,43.93,288.98,4.81,63.67,14.73,15.86,93
2019_RED45,2019-07-04,22.3,39,16.1,260,0.0,89.07,47.28,296.7,8.44,67.62,23.02,11.82,94
2019_RED45,2019-07-05,19.9,37,16.2,323,0.0,89.62,50.39,303.99,9.18,71.25,25.09,11.23,95
2019_RED45,2019-07-06,21.0,37,3.5,294,0.0,89.85,53.66,311.47,5.01,75.01,16.64,10.99,96
2019_RED45,2019-07-07,24.2,40,11.5,224,0.2,89.9,57.22,319.53,7.55,79.05,23.07,10.94,97
2019_RED45,2019-07-08,25.1,61,19.9,185,0.0,88.13,59.62,327.75,8.93,81.97,26.43,12.83,98
2019_RED45,2019-07-09,24.1,62,6.5,56,29.4,54.22,25.09,243.89,0.36,39.91,0.52,60.56,99
2019_RED49,2019-07-07,23.8,45,12.5,224,0.5,90.11,62.15,342.04,8.17,85.47,25.4,10.72,97
2019_RED49,2019-07-08,24.6,63,18.4,184,0.0,87.79,64.38,350.17,7.89,88.22,25.18,13.21,98
2019_RED49,2019-07-09,24.2,58,6.9,51,18.8,58.3,29.73,295.67,0.52,47.51,0.84,53.35,99
2019_RED57,2019-07-29,12.3,63,20.9,339,4.5,63.44,20.8,299.44,1.41,35.44,3.22,44.97,119
2019_RED57,2019-07-30,19.5,38,9.4,302,0.0,82.84,23.79,306.66,2.54,39.86,6.5,18.78,120
2019_RED57,2019-07-31,24.7,38,13.4,211,0.0,89.25,27.55,314.81,7.57,45.21,17.24,11.62,121
2019_RED57,2019-08-01,23.9,56,11.6,334,0.5,88.68,29.82,322.11,6.37,48.43,15.71,12.24,122
2019_RED57,2019-08-02,23.3,43,9.7,42,0.0,89.1,32.69,329.31,6.14,52.39,15.94,11.79,123
2019_RED57,2019-08-03,26.2,44,11.1,155,0.0,89.43,35.85,337.03,6.92,56.64,18.17,11.43,124
2019_RED57,2019-08-04,25.9,56,18.2,252,1.3,84.7,38.3,344.7,5.06,59.95,14.82,16.64,125
2019_RED59,2019-07-30,20.5,40,5.2,286,0.0,86.9,22.22,223.74,3.58,35.6,8.25,14.17,120
2019_RED59,2019-07-31,24.0,41,13.3,193,0.0,89.24,25.7,231.76,7.52,40.24,16.13,11.64,121
2019_RED59,2019-08-01,25.1,59,5.9,349,8.0,63.37,15.87,220.84,0.66,26.91,0.73,45.08,122
2019_RED59,2019-08-02,26.8,47,3.5,24,0.0,82.76,18.92,228.67,1.87,31.36,4.03,18.88,123
2019_RED59,2019-08-03,28.8,46,10.0,195,0.0,88.63,22.26,236.86,5.83,36.05,12.5,12.29,124
2019_RED59,2019-08-04,25.7,66,19.5,245,0.0,87.27,24.14,244.49,7.75,38.72,16.18,13.77,125
2019_RED59,2019-08-05,21.3,59,17.9,304,1.8,79.89,24.13,251.33,2.77,38.92,6.94,22.3,126
2019_RED59,2019-08-06,23.3,58,16.3,227,1.3,81.68,26.25,258.53,3.12,41.87,8.08,20.15,127
2019_RED59,2019-08-07,17.2,58,21.9,279,4.2,68.74,19.46,256.39,1.81,32.72,4.03,37.03,128
2019_RED59,2019-08-08,17.9,57,22.7,303,1.3,77.86,21.15,262.61,2.92,35.21,6.83,24.8,129
2019_RED59,2019-08-09,21.1,42,13.9,307,0.4,86.82,23.81,269.42,5.48,39.0,12.41,14.27,130
2019_RED59,2019-08-10,20.7,78,11.2,276,0.5,84.39,24.8,276.15,3.41,40.51,8.56,16.99,131
2019_RED59,2019-08-11,19.7,43,13.3,303,1.4,83.15,27.25,282.7,3.22,43.91,8.55,18.42,132
2019_RED59,2019-08-12,20.9,43,2.7,23,0.0,87.14,29.84,289.46,3.26,47.45,9.07,13.91,133
2019_RED59,2019-08-13,21.2,41,6.5,56,0.0,88.73,32.55,296.28,4.96,51.08,13.34,12.18,134
2019_RED59,2019-08-14,21.6,39,13.0,251,0.0,89.48,35.41,303.17,7.66,54.82,19.26,11.38,135
2019_RED59,2019-08-15,22.9,55,15.3,214,0.0,88.72,37.64,310.3,7.71,57.76,19.88,12.2,136
2019_RED59,2019-08-16,22.6,49,12.6,273,0.1,88.77,40.14,317.37,6.78,60.99,18.62,12.14,137
2019_RED59,2019-08-17,23.7,58,15.8,221,0.0,88.27,42.29,324.64,7.42,63.8,20.37,12.68,138
2019_RED59,2019-08-18,19.4,35,21.2,252,2.0,83.71,40.9,331.14,5.15,62.51,15.38,17.77,139
2019_RED59,2019-08-19,18.8,44,19.8,273,0.3,87.38,43.21,337.53,7.99,65.46,21.77,13.65,140
2019_RED59,2019-08-20,17.4,46,18.4,287,0.2,87.61,45.27,343.66,7.7,68.11,21.64,13.39,141
2019_RED59,2019-08-21,13.5,75,18.3,313,0.9,80.4,46.02,349.1,2.98,69.23,10.58,21.68,142
2019_RED59,2019-08-22,15.4,58,7.5,125,0.2,83.54,47.45,354.87,2.53,71.13,9.36,17.97,143
2019_RED59,2019-08-23,21.6,45,13.8,187,0.0,87.59,50.03,361.76,6.08,74.35,19.13,13.42,144
2019_RED59,2019-08-24,24.0,57,22.8,174,0.0,87.64,52.26,369.09,9.64,77.19,27.03,13.37,145
2019_RED59,2019-08-25,20.2,66,19.1,183,0.1,86.45,53.75,375.73,6.75,79.18,21.33,14.68,146
2019_RED59,2019-08-26,17.1,96,14.0,203,17.5,22.49,23.44,320.08,0.0,39.62,0.0,140.95,147
2019_RED60,2019-07-31,24.8,38,13.5,209,0.0,89.35,27.97,314.84,7.71,45.77,17.6,11.52,121
2019_RED60,2019-08-01,23.3,59,11.8,333,0.4,88.19,30.03,322.04,5.99,48.71,15.04,12.77,122
2019_RED60,2019-08-02,23.3,44,9.2,48,0.0,88.85,32.86,329.23,5.78,52.59,15.26,12.05,123
2019_RED60,2019-08-03,26.4,44,12.1,153,0.0,89.43,36.03,336.99,7.27,56.87,18.89,11.43,124
2019_RED60,2019-08-04,26.3,47,18.8,253,1.3,86.56,39.03,344.73,6.75,60.84,18.55,14.56,125
2019_RED62,2019-07-31,24.8,39,13.5,205,0.0,89.38,30.5,313.31,7.74,49.06,18.3,11.49,121
2019_RED62,2019-08-01,22.9,61,11.8,337,0.0,87.85,32.43,320.44,5.71,51.77,14.98,13.14,122
2019_RED62,2019-08-02,23.4,45,8.7,60,0.0,88.65,35.21,327.65,5.48,55.51,15.08,12.27,123
2019_RED62,2019-08-03,26.6,46,12.4,150,0.0,89.12,38.3,335.45,7.06,59.59,18.95,11.76,124
2019_RED62,2019-08-04,26.2,42,19.6,257,1.5,86.93,41.57,343.17,7.41,63.82,20.36,14.14,125
2019_RED75,2019-08-22,14.9,59,6.6,112,0.5,85.15,26.23,296.37,3.0,42.96,7.93,16.13,143
2019_RED75,2019-08-23,21.2,46,11.9,183,0.0,87.65,28.72,303.19,5.58,46.44,13.87,13.35,144
2019_RED75,2019-08-24,23.5,55,21.2,181,0.0,87.7,31.01,310.42,8.97,49.62,20.5,13.3,145
2019_RED75,2019-08-25,22.4,55,25.8,187,0.0,87.75,33.19,317.46,11.39,52.62,25.01,13.25,146
2019_SLK22,2019-07-02,26.2,35,18.3,227,0.1,91.08,32.08,213.73,12.57,46.65,25.24,9.7,92
2019_SLK22,2019-07-03,24.4,36,10.6,242,0.3,91.13,35.91,221.82,8.59,51.13,20.17,9.65,93
2019_SLK22,2019-07-04,22.3,55,7.0,258,9.4,61.86,20.44,207.76,0.65,32.8,0.81,47.47,94
2019_SLK31,2019-08-01,24.0,57,10.1,325,0.4,88.58,35.74,321.08,5.82,55.92,15.86,12.34,122
2019_SLK31,2019-08-02,23.2,44,8.9,43,0.0,88.91,38.55,328.26,5.75,59.6,16.26,11.99,123
2019_SLK31,2019-08-03,25.9,43,9.7,158,0.0,89.51,41.73,335.92,6.52,63.68,18.52,11.35,124
2019_SLK31,2019-08-04,24.9,66,18.4,242,0.7,85.24,43.55,343.41,5.5,66.13,16.67,16.03,125
2019_SLK31,2019-08-05,19.3,74,14.5,300,4.5,61.63,30.87,338.6,0.94,50.28,2.6,47.84,126
2019_SLK31,2019-08-06,16.3,100,13.5,209,5.6,21.03,18.86,329.33,0.0,32.99,0.0,146.19,127
2019_SLK31,2019-08-07,16.4,62,19.2,253,4.2,51.36,13.88,325.47,0.51,25.09,0.53,65.92,128
2019_SLK31,2019-08-08,12.5,93,19.8,295,10.9,23.31,6.82,297.59,0.0,12.89,0.0,138.09,129
2019_SLK31,2019-08-09,17.6,53,14.8,304,2.7,57.53,6.41,303.76,0.73,12.17,0.49,54.68,130
2019_SLK31,2019-08-10,21.2,63,17.5,279,0.0,78.0,8.11,310.58,2.28,15.23,2.96,24.62,131
2019_SLK31,2019-08-11,17.6,49,21.6,285,0.0,85.19,10.08,316.75,6.42,18.67,9.49,16.09,132
2019_SLK31,2019-08-12,19.0,42,12.6,323,0.0,87.9,12.49,323.18,5.98,22.77,9.94,13.09,133
2019_SLK31,2019-08-13,19.0,40,6.9,332,0.0,88.75,14.97,329.6,5.07,26.9,9.47,12.17,134
2019_SLK31,2019-08-14,21.6,37,13.8,250,0.0,89.81,17.93,336.49,8.36,31.64,15.43,11.04,135
2019_SLK31,2019-08-15,20.9,65,10.9,207,2.0,76.48,17.29,343.26,1.45,30.71,2.96,26.54,136
2019_SLK33,2019-07-23,27.9,38,15.5,306,0.2,89.77,11.69,211.18,9.05,20.54,13.18,11.08,113
2019_SLK33,2019-07-24,27.8,40,7.9,246,0.0,90.4,15.77,219.88,6.76,26.74,11.96,10.41,114
2019_SLK33,2019-07-25,25.3,56,18.3,195,0.0,89.0,18.49,228.14,9.34,30.76,16.53,11.9,115
2019_SLK33,2019-07-26,22.5,59,12.8,191,1.5,81.46,20.25,235.9,2.55,33.35,5.8,20.4,116
2019_SLK33,2019-07-27,22.3,67,11.2,303,1.3,78.89,22.07,243.61,1.79,35.99,4.27,23.52,117
2019_SLK33,2019-07-28,28.4,43,19.6,187,0.1,88.93,26.02,252.43,9.88,41.37,20.02,11.97,118
2019_SLK33,2019-07-29,11.1,70,24.7,341,2.8,67.91,21.51,254.25,2.03,35.5,4.83,38.23,119
2019_SLK33,2019-07-30,18.6,40,9.8,306,0.0,83.45,24.28,261.3,2.81,39.41,7.07,18.07,120
2019_SLK33,2019-07-31,24.5,39,11.9,215,0.0,89.08,27.95,269.42,6.85,44.39,15.84,11.81,121
2019_SLK33,2019-08-01,23.4,59,11.3,333,0.7,85.88,30.02,276.63,4.21,47.23,11.19,15.31,122
2019_SLK33,2019-08-02,21.9,50,10.1,27,0.0,87.32,32.4,283.58,4.85,50.4,13.02,13.72,123
2019_SLK33,2019-08-03,24.6,45,10.0,150,0.0,88.74,35.32,291.01,5.93,54.19,15.81,12.17,124
2019_SLK33,2019-08-04,24.8,66,15.9,242,0.4,87.19,37.13,298.48,6.38,56.65,17.12,13.86,125
2019_SLK33,2019-08-05,19.1,75,12.7,295,3.4,64.67,28.97,298.53,0.99,46.62,2.6,43.07,126
2019_SLK33,2019-08-06,16.0,99,12.9,216,3.5,32.73,21.31,297.68,0.01,36.15,0.02,108.95,127
2019_SLK37,2019-07-27,23.0,66,6.9,298,5.1,58.32,8.58,150.61,0.52,15.02,0.39,53.33,117
2019_SLK37,2019-07-28,28.7,43,15.8,192,2.9,80.96,9.85,156.23,2.8,17.02,4.08,21.0,118
2019_SLK37,2019-07-29,10.8,76,24.5,343,3.6,59.63,6.99,156.91,1.37,12.58,0.94,51.12,119
2019_SLK38,2019-07-27,23.7,58,5.2,304,2.8,67.72,10.8,171.14,0.76,18.65,0.66,38.5,117
2019_SLK38,2019-07-28,28.7,42,14.0,206,9.2,76.07,9.3,161.24,1.65,16.25,1.99,27.07,118
2019_SLK38,2019-07-29,11.3,78,26.2,342,6.3,50.54,5.51,155.48,0.66,10.12,0.4,67.5,119
2019_SLK38,2019-07-30,19.1,35,16.0,316,0.4,80.75,8.59,162.62,2.76,15.17,3.72,21.25,120
2019_SLK38,2019-07-31,24.5,36,8.6,237,0.0,88.98,12.44,170.74,5.71,21.04,9.15,11.92,121
2019_SLK38,2019-08-01,22.9,61,9.5,299,0.3,87.8,14.37,177.86,5.05,23.91,8.84,13.19,122
2019_SLK38,2019-08-02,22.0,44,9.3,16,0.0,88.59,17.04,184.83,5.6,27.7,10.46,12.34,123
2019_SLK38,2019-08-03,24.0,43,8.2,139,0.0,89.17,19.99,192.15,5.76,31.73,11.53,11.71,124
2019_SLK38,2019-08-04,26.8,59,14.1,232,1.4,83.65,22.36,199.98,3.57,34.94,8.16,17.84,125
2019_SLK39,2019-08-02,22.3,49,9.7,39,0.0,87.91,30.6,239.72,5.18,46.4,13.08,13.07,123
2019_SLK39,2019-08-03,25.7,38,6.3,149,0.0,90.07,34.03,247.35,5.95,50.65,15.28,10.76,124
2019_SLK39,2019-08-04,27.3,57,16.5,226,0.1,89.08,36.55,255.27,8.63,53.84,20.79,11.81,125
2019_SLK39,2019-08-05,16.0,90,11.4,288,6.5,41.18,21.64,246.07,0.08,35.48,0.1,87.46,126
2019_SLK39,2019-08-06,21.6,48,17.2,254,0.4,76.82,24.08,252.96,2.05,38.9,5.18,26.11,127
2019_SLK40,2019-07-27,23.5,63,11.0,289,0.3,87.61,25.73,259.71,5.3,41.25,12.47,13.4,117
2019_SLK40,2019-07-28,29.3,39,19.5,192,0.3,90.67,30.09,268.69,12.6,47.01,25.37,10.13,118
2019_SLK40,2019-07-29,11.5,69,23.7,340,1.9,74.3,28.33,274.46,2.44,45.04,6.77,29.37,119
2019_SLK40,2019-07-30,19.3,37,9.8,306,0.0,86.01,31.35,281.64,3.97,49.05,10.91,15.17,120
2019_SLK40,2019-07-31,24.8,38,12.1,217,0.0,89.72,35.12,289.81,7.58,53.91,18.93,11.13,121
2019_SLK40,2019-08-01,24.1,56,9.9,327,0.7,86.53,37.41,297.15,4.29,56.91,12.66,14.59,122
2019_SLK40,2019-08-02,23.0,44,9.2,39,0.0,88.48,40.2,304.29,5.48,60.44,15.82,12.45,123
2019_SLK40,2019-08-03,25.6,43,9.2,154,0.0,89.4,43.34,311.91,6.25,64.33,18.05,11.47,124
2019_SLK41,2019-07-27,23.0,65,4.8,312,3.6,63.36,10.43,169.85,0.63,18.09,0.53,45.1,117
2019_SLK41,2019-07-28,28.3,45,13.2,215,7.3,74.79,9.14,164.49,1.47,16.05,1.6,28.72,118
2019_SLK41,2019-07-29,11.3,79,25.7,340,5.6,50.95,5.55,160.32,0.67,10.22,0.41,66.7,119
2019_SLK8,2019-06-06,20.7,35,18.4,301,0.0,89.85,33.32,136.76,10.6,41.41,21.08,10.99,66
2019_SLK8,2019-06-07,23.4,36,15.0,138,0.0,90.42,37.44,144.37,9.7,45.43,20.72,10.39,67
2019_SLK8,2019-06-08,28.7,41,21.7,216,0.0,90.47,42.07,152.94,13.69,49.86,27.65,10.33,68
2019_TIM2,2019-06-06,17.4,39,4.0,275,0.0,88.06,22.54,70.09,3.97,24.99,7.33,12.91,66
2019_TIM2,2019-06-07,19.2,42,8.8,12,0.0,88.54,25.64,76.95,5.42,27.98,10.24,12.39,67
2019_TIM2,2019-06-08,24.9,36,13.0,228,0.0,90.46,30.02,84.84,8.82,31.86,16.13,10.34,68
2019_TIM2,2019-06-09,24.9,28,15.1,180,0.0,92.16,34.95,92.73,12.48,35.99,22.1,8.58,69
2019_TIM2,2019-06-10,14.1,100,10.9,207,28.8,12.4,11.75,46.1,0.0,14.36,0.0,181.41,70
2020_CHA3,2020-07-03,23.5,59,12.8,16,3.4,74.52,27.1,145.29,1.42,36.96,3.36,29.09,93
2020_CHA3,2020-07-04,28.6,38,8.3,272,0.0,88.69,31.42,154.14,5.4,41.63,12.72,12.23,94
2020_CHA3,2020-07-05,28.2,46,6.1,357,1.6,84.75,33.88,162.92,2.77,44.59,7.56,16.58,95
2020_CHA3,2020-07-06,27.5,51,11.6,202,4.9,75.85,25.17,163.39,1.44,36.35,3.38,27.35,96
2020_COC11,2020-07-23,26.4,40,16.7,245,0.7,89.56,20.94,104.15,9.34,27.87,15.73,11.3,113
2020_COC11,2020-07-24,25.8,58,10.2,198,0.5,88.69,23.59,112.5,5.94,30.95,11.67,12.22,114
2020_COC11,2020-07-25,27.3,57,10.1,253,1.6,82.83,25.42,121.11,2.63,33.35,5.97,18.8,115
2020_COC11,2020-07-26,24.4,61,15.6,251,2.9,75.71,22.23,126.19,1.75,30.86,3.71,27.53,116
2020_COC11,2020-07-27,13.8,88,7.1,319,2.3,56.22,19.18,132.38,0.44,28.15,0.5,56.97,117
2020_COC11,2020-07-28,15.8,76,12.1,337,0.0,70.15,20.13,138.93,1.16,29.55,2.07,35.03,118
2020_COC11,2020-07-29,19.8,55,8.3,358,0.0,81.63,22.34,146.2,2.07,32.33,4.61,20.21,119
2020_COC11,2020-07-30,23.8,46,2.2,261,0.0,86.77,25.49,154.18,3.02,36.08,7.14,14.32,120
2020_COC11,2020-07-31,25.6,56,11.8,308,0.3,87.19,28.25,162.5,5.2,39.39,11.97,13.85,121
2020_COC11,2020-08-01,16.2,51,12.3,345,7.5,61.37,17.11,154.04,0.83,26.78,0.9,48.26,122
2020_COC11,2020-08-02,15.9,57,13.0,6,0.0,77.43,18.62,159.9,1.73,28.84,3.47,25.34,123
2020_COC11,2020-08-03,19.2,49,5.1,356,0.0,84.36,20.76,166.36,2.5,31.64,5.49,17.03,124
2020_COC11,2020-08-04,22.4,44,3.4,148,0.0,87.68,23.47,173.4,3.65,35.08,8.32,13.33,125
2020_COC11,2020-08-05,25.0,41,8.4,211,0.0,89.47,26.65,180.9,6.07,38.96,13.45,11.39,126
2020_COC11,2020-08-06,26.4,51,12.2,242,0.0,89.52,29.44,188.66,7.4,42.35,16.38,11.34,127
2020_COC11,2020-08-07,27.8,50,12.5,252,0.0,89.57,32.42,196.67,7.57,45.92,17.38,11.29,128
2020_COC11,2020-08-08,26.5,57,8.4,115,3.4,75.42,26.62,199.48,1.2,39.92,2.91,27.9,129
2020_COC12,2020-07-22,25.9,40,8.9,243,0.0,89.38,17.5,106.26,6.14,24.79,10.63,11.49,112
2020_COC12,2020-07-23,26.6,39,16.3,245,1.2,88.29,21.47,114.76,7.63,29.26,13.81,12.66,113
2020_COC12,2020-07-24,25.8,58,10.8,201,1.1,84.35,24.12,123.1,3.33,32.38,7.3,17.03,114
2020_COC12,2020-07-25,27.4,57,11.1,257,0.5,86.88,27.0,131.74,4.8,35.71,10.62,14.19,115
2020_COC13,2020-08-04,19.4,48,6.0,155,0.0,86.12,35.99,252.12,3.33,53.05,9.87,15.04,125
2020_COC13,2020-08-05,22.6,44,9.8,204,0.0,88.35,38.73,259.19,5.54,56.4,15.35,12.6,126
2020_COC13,2020-08-06,25.7,56,13.4,256,0.0,88.39,41.17,266.82,6.69,59.42,18.18,12.55,127
2020_COC13,2020-08-07,28.4,47,12.6,246,0.0,89.2,44.4,274.93,7.22,63.26,19.88,11.68,128
2020_COC13,2020-08-08,22.8,65,7.9,87,11.4,57.02,23.3,251.2,0.49,37.83,0.68,55.55,129
2020_COC15,2020-08-03,17.5,59,5.4,356,0.2,82.0,14.7,227.63,1.87,25.31,3.44,19.77,124
2020_COC15,2020-08-04,21.3,51,9.1,171,0.0,86.13,16.96,234.47,3.9,28.73,7.84,15.03,125
2020_COC15,2020-08-05,24.1,46,14.9,212,0.0,88.36,19.77,241.81,7.18,32.83,14.0,12.58,126
2020_COC15,2020-08-06,26.3,55,16.5,247,0.0,88.41,22.32,249.55,7.84,36.48,15.82,12.53,127
2020_COC15,2020-08-07,25.1,62,5.7,198,0.9,84.13,24.37,257.07,2.5,39.41,6.35,17.29,128
2020_COC15,2020-08-08,19.5,77,13.0,114,13.4,48.03,11.88,228.31,0.25,21.03,0.23,72.52,129
2020_COC18,2020-07-25,26.5,59,14.5,256,1.6,82.75,26.48,158.2,3.25,37.34,7.8,18.89,115
2020_COC18,2020-07-26,21.6,88,10.7,230,6.8,44.44,15.6,153.21,0.13,24.87,0.13,80.1,116
2020_COC18,2020-07-27,12.3,92,9.2,321,3.9,30.55,10.67,153.49,0.01,18.18,0.01,115.17,117
2020_COC18,2020-07-28,13.9,78,11.2,339,0.4,52.18,11.44,159.69,0.37,19.41,0.33,64.35,118
2020_COC18,2020-07-29,19.8,58,10.1,356,0.1,74.97,13.5,166.96,1.27,22.47,1.8,28.49,119
2020_COC18,2020-07-30,23.2,48,2.2,261,0.0,84.27,16.47,174.84,2.13,26.66,4.14,17.13,120
2020_COC18,2020-07-31,23.6,66,12.0,319,0.7,83.81,18.44,182.79,3.28,29.46,6.81,17.66,121
2020_COC18,2020-08-01,15.6,58,11.9,335,4.4,63.77,13.45,181.27,0.91,22.69,0.9,44.46,122
2020_COC18,2020-08-02,14.7,64,14.3,10,0.4,76.67,14.62,186.92,1.75,24.46,3.08,26.3,123
2020_COC18,2020-08-03,18.8,53,5.4,360,0.1,83.43,16.55,193.3,2.24,27.27,4.44,18.09,124
2020_COC18,2020-08-04,22.2,47,3.5,156,0.0,86.96,19.1,200.3,3.31,30.85,7.05,14.12,125
2020_COC18,2020-08-05,24.6,43,9.5,209,0.0,88.98,22.13,207.74,5.98,34.95,12.53,11.91,126
2020_COC18,2020-08-06,26.7,51,11.8,243,0.0,89.03,24.94,215.55,6.76,38.69,14.57,11.86,127
2020_COC18,2020-08-07,26.8,54,9.7,268,0.0,89.08,27.59,223.37,6.13,42.16,14.14,11.81,128
2020_COC18,2020-08-08,22.3,70,8.8,102,15.3,52.57,13.1,192.88,0.34,22.4,0.33,63.61,129
2020_COC4,2020-07-06,19.2,78,21.3,192,1.4,68.89,8.31,155.83,1.77,14.66,2.01,36.82,96
2020_COC4,2020-07-07,22.1,53,30.6,272,1.0,82.81,10.87,163.52,7.36,18.64,10.63,18.82,97
2020_COC4,2020-07-08,21.4,60,13.4,290,0.4,85.18,12.98,171.07,4.24,21.82,7.19,16.1,98
2020_COC4,2020-07-09,11.4,79,23.5,86,0.0,82.89,13.6,176.83,5.2,22.81,8.83,18.72,99
2020_COC7,2020-06-15,23.6,33,12.7,205,0.0,90.94,18.96,119.92,9.3,27.17,15.48,9.84,75
2020_COC7,2020-06-16,25.1,51,17.1,231,1.6,84.42,21.41,127.85,4.61,30.19,9.32,16.96,76
2020_COC7,2020-06-17,23.7,79,2.8,230,2.1,67.66,20.0,135.52,0.67,29.21,0.78,38.6,77
2020_COC9,2020-07-09,29.7,39,13.8,131,0.0,89.98,19.96,119.27,8.57,28.14,14.81,10.85,99
2020_COC9,2020-07-10,24.5,74,10.4,214,8.2,58.3,12.04,112.97,0.62,19.02,0.54,53.35,100
2020_COC9,2020-07-11,8.9,81,17.9,332,4.6,43.81,7.74,111.68,0.17,13.2,0.12,81.49,101
2020_COC9,2020-07-12,17.0,58,17.7,358,0.0,71.86,9.53,118.44,1.63,15.86,1.89,32.65,102
2020_COC9,2020-07-13,19.4,54,7.1,45,0.0,82.05,11.74,125.64,2.05,19.04,3.08,19.7,103
2020_NIP26,2020-07-11,15.5,62,13.8,351,2.0,74.71,18.85,103.98,1.51,25.94,2.69,28.83,101
2020_NIP26,2020-07-12,18.7,45,5.5,67,0.0,84.04,21.4,111.05,2.44,28.89,5.05,17.4,102
2020_NIP26,2020-07-13,21.5,47,14.1,140,0.0,87.37,24.22,118.63,5.99,32.07,11.97,13.66,103
2020_NIP26,2020-07-14,22.2,68,19.0,205,1.5,79.84,25.97,126.33,2.92,34.31,6.71,22.35,104
2020_NIP30,2020-07-15,24.8,35,25.2,226,0.0,90.61,59.27,275.06,16.65,77.04,38.89,10.19,105
2020_NIP30,2020-07-16,25.2,41,21.5,232,0.0,90.66,62.91,283.3,13.92,80.91,35.4,10.14,106
2020_NIP30,2020-07-17,23.0,44,12.0,279,1.1,86.52,66.08,291.15,4.77,84.32,17.11,14.6,107
2020_NIP40,2020-08-11,20.0,59,24.2,228,0.0,81.96,7.22,215.91,4.8,13.33,6.09,19.81,132
2020_NIP40,2020-08-12,17.9,87,3.6,180,0.0,81.16,7.73,222.14,1.55,14.22,1.53,20.76,133
2020_NIP40,2020-08-13,19.3,81,9.8,152,0.0,81.29,8.53,228.62,2.15,15.61,2.8,20.61,134
2020_NIP40,2020-08-14,19.0,87,32.8,168,11.8,45.92,4.34,206.38,0.49,8.25,0.27,76.9,135
2020_NIP40,2020-08-15,17.7,65,19.7,301,1.3,68.09,5.7,212.57,1.59,10.68,0.99,37.97,136
2020_NIP40,2020-08-16,18.7,70,11.9,256,0.1,78.15,6.93,218.94,1.74,12.84,1.71,24.43,137
2020_NIP40,2020-08-17,15.9,69,25.5,331,1.0,78.75,8.01,224.8,3.64,14.72,4.91,23.69,138
2020_NIP45,2020-08-08,25.5,62,12.0,221,0.1,88.08,32.97,281.68,5.96,51.01,15.36,12.89,129
2020_NIP45,2020-08-09,26.8,35,8.6,213,3.1,82.41,29.21,284.36,2.31,46.48,6.58,19.28,130
2020_NIP45,2020-08-10,23.3,37,21.9,240,0.2,89.29,32.38,291.56,11.68,50.69,24.98,11.58,131
2020_NIP45,2020-08-11,23.8,37,24.1,267,0.0,90.27,35.62,298.84,15.0,54.88,30.83,10.55,132
2020_NIP45,2020-08-12,21.4,53,6.4,317,0.0,89.06,37.8,305.7,5.17,57.75,14.75,11.84,133
2020_NIP45,2020-08-13,25.9,49,11.5,139,0.0,89.1,40.64,313.37,6.73,61.38,18.59,11.78,134
2020_NIP45,2020-08-14,20.3,83,17.3,176,9.2,49.74,21.8,293.49,0.38,36.77,0.52,69.07,135
2020_NIP45,2020-08-15,14.4,88,20.2,271,3.1,44.89,16.83,293.78,0.22,29.45,0.26,79.11,136
2020_NIP45,2020-08-16,21.3,48,12.9,257,0.2,76.67,19.24,300.62,1.63,33.17,3.61,26.31,137
2020_NIP46,2020-08-08,26.2,60,10.4,226,0.2,88.53,43.46,321.34,5.86,64.96,17.3,12.4,129
2020_NIP46,2020-08-09,27.3,37,7.5,235,2.3,84.18,41.26,329.26,2.75,62.83,9.31,17.23,130
2020_NIP46,2020-08-10,24.0,37,20.1,246,1.7,85.95,42.29,336.58,6.62,64.36,18.84,15.23,131
2020_NIP46,2020-08-11,24.8,35,22.5,254,0.0,90.41,45.76,344.05,14.12,68.69,33.02,10.4,132
2020_NIP46,2020-08-12,21.3,54,5.9,308,0.2,88.95,47.89,350.89,4.97,71.42,16.1,11.94,133
2020_NIP46,2020-08-13,25.9,43,12.8,130,0.0,89.53,51.07,358.56,7.64,75.32,22.69,11.33,134
2020_NIP46,2020-08-14,20.0,89,13.4,174,7.2,44.07,29.98,343.08,0.14,49.21,0.23,80.91,135
2020_NIP47,2020-08-08,26.1,60,10.4,226,0.2,88.49,42.94,320.91,5.83,64.36,17.14,12.45,129
2020_NIP47,2020-08-09,27.3,38,7.5,235,2.3,83.94,40.74,328.83,2.66,62.21,9.01,17.51,130
2020_NIP47,2020-08-10,24.1,36,20.1,246,1.7,86.18,41.87,336.17,6.84,63.85,19.21,14.97,131
2020_NIP47,2020-08-11,24.8,35,22.5,254,0.0,90.43,45.34,343.64,14.17,68.19,32.98,10.37,132
2020_NIP47,2020-08-12,21.1,55,5.9,308,0.2,88.8,47.4,350.44,4.86,70.85,15.77,12.1,133
2020_NIP47,2020-08-13,25.7,44,12.8,130,0.0,89.32,50.5,358.07,7.41,74.68,22.11,11.55,134
2020_NIP47,2020-08-14,20.3,89,13.4,174,7.2,44.22,29.65,342.67,0.14,48.76,0.24,80.58,135
2020_NIP47,2020-08-15,18.2,68,26.9,254,0.4,71.87,30.93,348.95,2.58,50.64,7.7,32.64,136
2020_NIP47,2020-08-16,22.2,47,13.8,263,0.0,84.98,33.48,355.95,4.21,54.21,12.12,16.32,137
2020_NIP47,2020-08-17,15.9,70,16.1,321,4.4,61.6,23.61,350.56,1.01,40.41,2.34,47.9,138
2020_NIP49,2020-08-08,25.5,66,12.2,225,0.9,84.25,42.42,355.08,3.52,65.33,11.69,17.15,129
2020_NIP49,2020-08-09,28.0,40,8.0,252,0.3,89.63,46.03,363.12,6.08,69.9,18.5,11.22,130
2020_NIP49,2020-08-10,25.0,39,19.3,249,0.8,89.22,49.31,370.62,10.13,74.01,27.38,11.66,131
2020_NIP49,2020-08-11,25.3,36,21.6,242,0.0,90.67,52.8,378.18,14.01,78.28,35.0,10.13,132
2020_NIP49,2020-08-12,21.6,56,6.9,309,0.1,88.75,54.86,385.07,5.07,80.91,17.51,12.17,133
2020_NIP49,2020-08-13,25.2,47,11.6,120,0.0,88.8,57.74,392.61,6.47,84.44,21.41,12.11,134
2020_NIP49,2020-08-14,26.5,50,17.2,164,0.0,88.85,60.59,400.39,8.64,87.92,26.78,12.06,135
2020_NIP49,2020-08-15,22.2,58,25.5,211,0.0,88.06,62.61,407.39,11.73,90.46,33.39,12.91,136
2020_NIP49,2020-08-16,23.3,49,12.4,253,0.0,88.11,65.18,414.59,6.11,93.58,21.67,12.85,137
2020_NIP49,2020-08-17,16.0,73,14.4,328,1.4,76.98,66.13,420.47,1.8,94.94,8.37,25.91,138
2020_NIP49,2020-08-18,16.6,50,13.1,328,0.6,83.49,67.96,426.46,3.33,97.2,14.09,18.02,139
2020_NIP49,2020-08-19,20.1,39,7.0,192,0.0,87.98,70.63,433.08,4.56,100.35,18.19,13.0,140
2020_NIP49,2020-08-20,22.5,39,7.7,37,0.0,89.43,73.6,440.14,5.83,103.81,22.08,11.43,141
2020_NIP49,2020-08-21,22.8,48,12.7,215,0.0,89.48,76.17,447.25,7.55,106.84,26.83,11.38,142
2020_NIP49,2020-08-22,20.9,56,8.4,353,2.4,75.82,65.63,454.01,1.23,96.42,5.97,27.39,143
2020_RED18,2020-07-03,29.8,57,15.8,243,0.1,85.58,17.72,93.18,5.06,24.02,8.88,15.65,93
2020_RED18,2020-07-04,28.8,36,4.3,294,1.9,85.15,20.3,102.06,2.67,27.12,5.3,16.13,94
2020_RED18,2020-07-05,28.7,44,12.1,143,0.0,89.33,24.22,110.93,7.17,31.34,13.64,11.54,95
2020_RED18,2020-07-06,24.3,51,17.9,248,4.3,76.66,19.19,113.09,2.09,26.95,4.09,26.31,96
2020_RED18,2020-07-07,23.8,41,16.6,274,0.2,87.66,22.64,121.07,7.07,30.86,13.38,13.35,97
2020_RED18,2020-07-08,27.4,44,11.2,195,0.0,89.42,26.39,129.71,6.93,34.99,14.08,11.45,98
2020_RED18,2020-07-09,26.2,45,13.5,151,0.1,89.47,29.92,138.13,7.84,38.82,16.34,11.4,99
2020_RED18,2020-07-10,13.6,90,16.3,325,10.4,35.62,14.64,124.32,0.03,22.62,0.03,101.19,100
2020_RED22,2020-07-03,28.5,59,12.1,247,0.0,85.86,19.56,97.99,4.37,26.09,8.19,15.34,93
2020_RED22,2020-07-04,29.7,35,3.6,217,0.0,90.88,24.26,107.04,5.83,30.97,11.5,9.9,94
2020_RED22,2020-07-05,28.7,40,14.4,158,0.0,90.93,28.46,115.91,10.12,35.27,18.81,9.85,95
2020_RED22,2020-07-06,23.9,52,17.7,250,8.9,71.04,17.3,108.14,1.58,24.72,2.73,33.78,96
2020_RED22,2020-07-07,24.0,43,14.8,267,0.2,86.24,20.66,116.17,5.28,28.6,10.14,14.91,97
2020_RED22,2020-07-08,27.6,40,16.1,151,0.0,90.01,24.7,124.84,9.66,33.06,17.59,10.82,98
2020_RED22,2020-07-09,22.5,67,11.1,167,3.1,71.47,20.65,129.1,1.15,29.5,2.05,33.19,99
2020_RED22,2020-07-10,18.6,65,16.6,330,13.5,54.3,10.96,110.02,0.6,17.55,0.5,60.4,100
2020_RED24,2020-07-04,28.9,34,5.6,297,5.6,78.68,17.39,72.32,1.33,21.72,1.87,23.78,94
2020_RED24,2020-07-05,29.2,38,12.6,156,0.0,89.75,21.8,81.28,7.8,26.1,13.25,11.1,95
2020_RED24,2020-07-06,24.9,46,17.7,250,10.3,73.29,13.95,72.29,1.72,18.82,2.42,30.72,96
2020_RED29,2020-07-06,23.8,53,17.1,248,11.6,68.87,16.67,105.25,1.43,23.88,2.31,36.84,96
2020_RED29,2020-07-07,23.7,44,13.7,265,0.0,85.41,19.93,113.22,4.45,27.68,8.61,15.83,97
2020_RED29,2020-07-08,27.0,39,16.9,153,0.0,89.98,23.96,121.78,10.02,32.12,17.82,10.85,98
2020_RED29,2020-07-09,22.8,64,14.8,179,2.3,77.07,22.33,129.59,1.85,31.21,3.97,25.79,99
2020_RED29,2020-07-10,19.4,63,16.9,326,10.3,58.75,12.68,117.45,0.88,19.97,0.8,52.6,100
2020_RED30,2020-07-06,23.8,53,17.4,248,10.6,69.46,17.01,113.91,1.48,24.77,2.5,36.0,96
2020_RED30,2020-07-07,23.8,44,14.1,267,0.0,85.61,20.28,121.9,4.67,28.65,9.15,15.61,97
2020_RED30,2020-07-08,27.1,39,16.0,157,0.0,90.01,24.32,130.48,9.62,33.18,17.56,10.82,98
2020_RED49,2020-08-10,21.5,41,28.8,250,2.9,82.23,35.32,276.06,6.26,53.52,16.36,19.49,131
2020_RED49,2020-08-11,22.0,45,22.9,278,0.0,87.65,37.94,283.03,9.7,56.83,23.24,13.35,132
2020_RED49,2020-08-12,24.5,35,5.5,113,0.0,90.29,41.38,290.44,5.9,61.02,16.8,10.53,133
2020_RED49,2020-08-13,25.7,46,26.6,161,0.0,90.34,44.36,298.07,17.19,64.67,36.52,10.47,134
2020_RED49,2020-08-14,21.2,89,8.4,220,25.4,31.8,17.46,230.16,0.01,29.36,0.01,111.56,135
2020_RED9,2020-06-16,27.2,26,10.5,184,0.0,91.83,19.11,182.13,9.45,30.27,16.55,8.92,76
2020_RED9,2020-06-17,29.6,47,23.0,212,9.5,80.04,13.85,170.84,3.64,23.03,6.44,22.11,77
2020_RED9,2020-06-18,21.9,83,5.5,302,28.6,34.69,6.61,115.57,0.01,11.57,0.01,103.62,78
2020_SLK25,2020-07-22,24.8,41,8.7,228,0.0,88.09,12.86,141.66,5.05,20.96,8.21,12.88,112
2020_SLK25,2020-07-23,25.5,42,16.3,242,0.0,89.53,16.48,149.95,9.11,25.86,14.86,11.33,113
2020_SLK25,2020-07-24,24.7,63,12.4,188,0.2,87.78,18.73,158.1,5.82,28.9,11.06,13.22,114
2020_SLK25,2020-07-25,26.4,61,10.1,253,1.1,83.81,21.24,166.56,2.99,32.22,6.59,17.66,115
2020_SLK26,2020-07-22,25.6,40,7.9,223,0.0,89.03,14.53,159.83,5.55,23.68,9.53,11.87,112
2020_SLK26,2020-07-23,26.4,39,17.5,233,0.4,90.29,18.47,168.29,10.8,28.99,17.88,10.52,113
2020_SLK26,2020-07-24,26.0,62,11.5,176,0.5,88.2,20.89,176.67,5.91,32.25,11.89,12.75,114
2020_SLK26,2020-07-25,27.9,57,8.9,238,7.0,70.46,14.52,171.73,0.99,23.98,1.1,34.6,115
2020_SLK3,2020-06-16,27.6,41,11.6,206,0.0,90.03,16.56,39.52,7.72,16.54,10.4,10.8,76
2020_SLK3,2020-06-17,28.2,50,23.8,209,5.7,80.02,13.56,40.55,3.78,14.77,5.11,22.14,77
2020_SLK3,2020-06-18,23.6,78,15.5,222,6.6,58.07,8.84,39.14,0.78,11.3,0.51,53.75,78
2020_SLK36,2020-07-25,25.0,85,11.9,209,3.5,62.17,22.63,205.6,0.84,35.49,1.47,46.98,115
2020_SLK36,2020-07-26,26.7,49,14.8,252,0.8,83.52,25.96,214.11,3.64,39.84,8.96,18.0,116
2020_SLK36,2020-07-27,20.8,64,14.4,274,0.0,84.72,27.81,221.55,4.19,42.34,10.46,16.61,117
2020_SLK36,2020-07-28,16.3,85,9.4,337,14.8,35.71,12.47,192.14,0.02,21.45,0.02,100.94,118
2020_SLK37,2020-07-25,21.8,100,9.2,219,6.3,27.83,17.63,213.07,0.0,29.22,0.0,123.32,115
2020_SLK37,2020-07-26,27.6,48,14.7,253,1.7,74.8,19.88,221.74,1.59,32.49,3.45,28.71,116
2020_SLK37,2020-07-27,21.2,62,13.8,276,0.0,82.78,21.87,229.26,3.15,35.32,7.33,18.85,117
2020_SLK37,2020-07-28,18.3,68,13.1,344,4.8,61.7,15.44,226.89,0.87,26.39,0.95,47.73,118
2020_SLK47,2020-08-08,26.8,52,15.1,179,0.0,88.69,34.65,251.29,7.61,51.54,18.54,12.22,129
2020_SLK47,2020-08-09,26.7,36,16.5,196,1.3,88.57,38.32,259.1,8.02,55.96,20.11,12.36,130
2020_SLK47,2020-08-10,17.2,70,22.5,215,1.9,75.79,36.21,265.2,2.49,53.99,7.77,27.44,131
2020_SLK47,2020-08-11,17.0,78,19.3,291,7.6,51.25,20.59,252.47,0.5,34.2,0.65,66.12,132
2020_SLK48,2020-08-08,27.3,50,13.0,177,0.0,88.55,30.47,194.95,6.71,43.81,15.48,12.37,129
2020_SLK48,2020-08-09,26.6,37,16.2,201,0.6,90.31,34.07,202.74,10.15,47.98,22.01,10.5,130
2020_SLK48,2020-08-10,17.7,67,23.1,219,1.6,78.89,34.02,208.93,3.26,48.35,9.18,23.52,131
2020_SLK48,2020-08-11,18.2,73,26.0,292,3.3,67.4,26.77,210.37,2.13,40.62,5.57,38.97,132
2021_COC18,2021-07-06,12.6,49,24.5,338,1.4,80.88,18.35,232.73,4.3,30.66,8.86,21.1,96
2021_COC18,2021-07-07,16.7,42,7.4,313,0.0,86.13,20.78,239.44,3.58,34.15,8.05,15.04,97
2021_COC18,2021-07-08,21.7,35,16.6,219,0.0,89.75,24.26,247.05,9.55,38.96,18.96,11.09,98
2021_COC18,2021-07-09,18.1,63,5.1,51,1.2,80.37,25.93,254.01,1.53,41.31,3.99,21.71,99
2021_COC18,2021-07-10,11.8,70,8.6,90,0.5,81.62,26.84,259.84,2.1,42.66,5.67,20.22,100
2021_COC18,2021-07-11,17.9,45,5.8,97,0.0,86.05,29.29,266.76,3.27,45.96,8.91,15.11,101
2021_COC18,2021-07-12,24.8,45,17.7,175,0.0,88.66,32.64,274.93,8.63,50.34,20.09,12.26,102
2021_COC18,2021-07-13,28.5,38,17.4,198,0.0,90.78,36.95,283.76,11.52,55.75,25.94,10.01,103
2021_COC18,2021-07-14,19.2,46,17.6,313,2.0,81.26,35.85,290.92,3.17,54.82,9.66,20.65,104
2021_COC18,2021-07-15,20.6,61,6.6,319,0.1,84.26,37.84,298.34,2.66,57.46,8.55,17.14,105
2021_COC18,2021-07-16,24.9,50,7.6,175,0.3,87.4,40.89,306.52,4.33,61.33,13.3,13.63,106
2021_COC18,2021-07-17,21.3,60,17.4,338,0.0,87.44,43.0,314.06,7.14,64.07,19.86,13.58,107
2021_COC18,2021-07-18,12.2,56,4.7,81,0.0,86.95,44.37,319.96,3.51,65.9,11.73,14.12,108
2021_COC18,2021-07-19,16.3,46,5.4,356,0.3,87.33,46.58,326.6,3.84,68.67,12.9,13.7,109
2021_COC18,2021-07-20,21.4,42,12.3,322,0.0,88.73,49.64,334.15,6.64,72.4,20.09,12.19,110
2021_COC18,2021-07-21,24.1,39,6.6,279,0.0,89.81,53.25,342.2,5.82,76.68,18.83,11.03,111
2021_COC18,2021-07-22,23.6,43,1.5,104,0.6,88.68,56.56,350.15,3.83,80.58,14.11,12.23,112
2021_COC18,2021-07-23,25.8,35,16.6,178,0.0,90.84,60.67,358.5,11.16,85.26,31.37,9.95,113
2021_COC18,2021-07-24,24.5,66,12.8,232,7.4,65.17,36.55,343.77,1.01,57.75,3.26,42.31,114
2021_COC21,2021-07-06,8.8,69,18.7,320,9.9,47.87,7.97,163.89,0.32,14.2,0.24,72.84,96
2021_COC21,2021-07-07,17.4,34,10.5,338,0.0,77.54,10.83,170.72,1.54,18.7,2.04,25.2,97
2021_COC21,2021-07-08,20.6,33,4.7,180,0.0,87.34,14.25,178.13,3.71,23.75,6.69,13.69,98
2021_COC21,2021-07-09,24.6,38,8.7,265,0.0,89.83,17.99,186.27,6.49,28.98,12.09,11.01,99
2021_COC22,2021-07-11,22.0,51,8.1,111,5.2,68.48,25.78,240.84,0.9,40.68,1.96,37.4,101
2021_COC22,2021-07-12,27.9,44,14.3,190,0.0,86.95,29.6,249.57,5.69,45.66,13.95,14.13,102
2021_COC22,2021-07-13,27.8,36,15.1,198,0.0,90.81,33.94,258.28,10.3,51.09,22.97,9.98,103
2021_COC22,2021-07-14,20.8,41,10.7,318,0.0,90.7,36.97,265.73,8.12,54.86,20.1,10.1,104
2021_COC22,2021-07-15,25.4,35,11.2,315,0.0,91.0,41.02,274.0,8.7,59.7,22.05,9.78,105
2021_COC22,2021-07-16,29.1,30,10.2,260,0.0,92.51,45.98,282.94,10.24,65.4,25.91,8.22,106
2021_COC22,2021-07-17,28.9,45,8.9,284,0.0,91.51,49.86,291.85,8.33,69.88,23.2,9.25,107
2021_COC22,2021-07-18,17.1,67,7.8,77,3.4,65.41,39.21,292.34,0.79,58.73,2.42,41.94,108
2021_COC22,2021-07-19,18.4,75,12.8,50,0.7,74.43,40.35,299.36,1.42,60.37,4.9,29.21,109
2021_COC22,2021-07-20,20.7,37,10.5,27,0.6,86.08,43.58,306.79,4.16,64.32,13.23,15.09,110
2021_COC22,2021-07-21,23.6,33,9.4,277,0.0,90.29,47.47,314.74,7.18,68.94,20.72,10.52,111
2021_COC22,2021-07-22,24.2,43,1.8,11,0.0,90.34,50.85,322.8,4.93,72.97,16.2,10.47,112
2021_COC22,2021-07-23,26.6,37,16.4,171,0.0,90.81,54.95,331.29,11.0,77.69,29.66,9.98,113
2021_COC22,2021-07-24,22.9,82,10.3,234,5.4,55.9,36.21,324.9,0.51,56.65,0.93,57.53,114
2021_COC22,2021-07-25,25.3,46,11.9,268,0.0,82.59,39.56,333.16,2.79,61.01,9.26,19.07,115
2021_COC22,2021-07-26,18.8,58,4.3,180,4.5,61.41,28.85,329.24,0.55,47.34,0.89,48.19,116
2021_COC22,2021-07-27,22.7,41,4.7,337,0.6,81.45,32.15,337.03,1.69,51.92,5.25,20.42,117
2021_COC22,2021-07-28,25.8,45,12.2,246,0.0,88.04,35.63,345.38,5.98,56.65,16.31,12.93,118
2021_COC22,2021-07-29,15.9,49,18.3,345,5.1,68.04,24.84,338.35,1.48,41.97,3.89,38.04,119
2021_COC22,2021-07-30,19.9,37,12.3,291,0.0,84.93,27.94,345.63,3.88,46.49,10.36,16.38,120
2021_COC22,2021-07-31,19.7,54,5.4,86,0.0,86.14,30.19,352.88,3.24,49.74,9.29,15.02,121
2021_COC22,2021-08-01,19.8,49,9.5,335,0.0,87.2,32.39,359.45,4.63,52.87,12.89,13.84,122
2021_COC22,2021-08-02,25.4,46,18.9,278,0.0,88.77,35.35,367.03,9.31,56.97,22.6,12.14,123
2021_COC22,2021-08-03,18.6,40,4.3,312,2.4,76.41,32.43,373.38,1.04,53.28,3.13,26.63,124
2021_COC22,2021-08-04,27.3,50,14.7,205,0.0,86.87,35.36,381.3,5.74,57.41,15.93,14.21,125
2021_COC22,2021-08-05,24.5,63,2.5,98,0.0,86.92,37.31,388.71,3.13,60.18,10.11,14.16,126
2021_COC22,2021-08-06,12.0,88,13.0,341,10.8,34.87,18.18,355.73,0.02,32.25,0.03,103.14,127
2021_COC22,2021-08-07,19.6,41,10.5,121,0.0,72.42,20.71,362.26,1.15,36.23,2.53,31.89,128
2021_COC22,2021-08-08,23.2,60,12.3,165,0.0,82.94,22.71,369.44,2.98,39.37,7.46,18.67,129
2021_COC22,2021-08-09,27.0,51,7.1,246,0.0,87.35,25.55,377.3,4.2,43.71,10.67,13.68,130
2021_COC22,2021-08-10,25.8,62,9.8,163,0.0,87.4,27.67,384.95,4.84,46.9,12.47,13.62,131
2021_COC22,2021-08-11,25.0,52,15.2,202,0.3,87.8,30.25,392.46,6.73,50.73,16.79,13.19,132
2021_COC22,2021-08-12,22.2,43,26.7,254,4.6,78.44,22.74,386.3,3.76,39.64,9.18,24.08,133
2021_COC22,2021-08-13,14.6,73,12.0,261,0.6,79.92,23.61,391.93,2.06,41.04,5.43,22.26,134
2021_COC22,2021-08-14,19.0,37,16.1,286,0.4,87.67,26.23,398.35,6.91,45.04,16.07,13.33,135
2021_COC22,2021-08-15,27.3,44,20.4,212,0.0,89.47,29.51,406.27,11.11,49.95,23.94,11.39,136
2021_COC22,2021-08-16,29.7,41,18.5,217,0.0,90.54,33.26,414.62,11.76,55.41,26.23,10.27,137
2021_COC22,2021-08-17,28.3,44,20.2,202,0.0,90.58,36.66,422.72,12.9,60.26,29.14,10.21,138
2021_COC22,2021-08-18,29.9,56,8.1,193,0.0,89.7,39.48,431.1,6.18,64.25,17.88,11.15,139
2021_COC22,2021-08-19,28.6,60,1.0,135,6.0,62.45,26.45,418.35,0.49,45.68,0.78,46.53,140
2021_COC23,2021-07-15,24.7,37,9.7,285,0.0,90.53,32.33,203.64,7.54,46.29,17.42,10.27,105
2021_COC23,2021-07-16,27.4,39,7.8,257,0.0,90.61,36.42,212.27,6.93,50.97,17.2,10.19,106
2021_COC23,2021-07-17,29.0,46,10.8,268,0.0,90.66,40.23,221.2,8.12,55.32,20.17,10.14,107
2021_COC23,2021-07-18,12.8,75,7.6,71,6.3,49.01,24.87,213.88,0.21,38.53,0.3,70.52,108
2021_COC26,2021-07-15,19.4,61,7.4,313,1.2,75.55,27.56,279.0,1.15,44.2,3.01,27.74,105
2021_COC26,2021-07-16,26.4,42,6.5,214,0.1,87.23,31.31,287.46,4.0,49.21,10.99,13.81,106
2021_COC26,2021-07-17,16.9,60,17.7,340,0.0,86.84,33.0,294.2,6.65,51.54,16.79,14.24,107
2021_COC26,2021-07-18,13.3,50,4.0,90,0.0,86.89,34.69,300.3,3.36,53.83,10.03,14.19,108
2021_COC26,2021-07-19,17.0,43,7.1,345,0.5,87.79,37.11,307.06,4.47,57.0,13.07,13.2,109
2021_COC26,2021-07-20,21.5,40,12.9,324,0.0,89.14,40.3,314.64,7.26,61.05,19.59,11.74,110
2021_COC26,2021-07-21,23.0,43,7.8,248,0.0,89.19,43.52,322.48,5.66,65.08,16.86,11.69,111
2021_COC26,2021-07-22,23.5,42,3.4,302,0.1,89.36,46.87,330.42,4.64,69.2,15.02,11.51,112
2021_COC26,2021-07-23,26.2,36,20.6,186,0.0,90.83,50.98,338.84,13.62,74.09,33.45,9.96,113
2021_COC26,2021-07-24,26.1,48,14.5,243,9.2,73.31,30.31,319.02,1.46,48.99,4.34,30.68,114
2021_COC26,2021-07-25,15.5,77,6.6,158,2.8,58.1,25.13,325.52,0.5,42.13,0.75,53.7,115
2021_COC26,2021-07-26,16.6,50,11.3,287,6.6,57.76,16.42,313.94,0.62,29.05,0.72,54.29,116
2021_COC26,2021-07-27,20.3,35,4.7,261,0.3,80.75,19.69,321.3,1.56,34.15,3.52,21.25,117
2021_COC26,2021-07-28,19.9,67,12.7,209,0.6,82.68,21.32,328.58,2.94,36.69,7.05,18.97,118
2021_COC26,2021-07-29,13.3,52,25.9,331,7.0,62.98,13.47,314.86,1.78,24.33,3.14,45.69,119
2021_COC26,2021-07-30,18.7,47,13.3,322,0.0,81.25,15.93,321.93,2.55,28.36,5.21,20.66,120
2021_COC26,2021-07-31,19.7,52,5.5,328,0.0,85.28,18.28,329.18,2.89,32.1,6.38,15.99,121
2021_COC26,2021-08-01,15.7,53,10.9,316,0.4,85.92,19.91,335.01,4.15,34.67,9.24,15.26,122
2021_COC26,2021-08-02,16.7,78,21.5,322,5.0,58.5,13.25,328.13,1.09,24.07,1.46,53.01,123
2021_COC26,2021-08-03,14.9,50,10.1,268,0.0,76.66,14.9,333.82,1.41,26.81,2.53,26.32,124
2021_COC26,2021-08-04,25.5,47,16.5,216,0.0,87.05,17.81,341.41,6.45,31.51,12.59,14.01,125
2021_COC26,2021-08-05,10.8,70,5.2,65,5.9,48.42,11.12,329.94,0.17,20.51,0.16,71.73,126
2021_COC26,2021-08-06,13.4,55,11.8,329,0.0,70.7,12.46,335.35,1.16,22.81,1.54,34.26,127
2021_COC26,2021-08-07,18.3,46,4.7,238,0.0,82.23,14.63,341.65,1.86,26.43,3.52,19.49,128
2021_COC26,2021-08-08,21.6,43,21.9,171,0.0,87.87,17.3,348.54,9.53,30.78,16.79,13.11,129
2021_COC26,2021-08-09,19.3,66,11.2,360,0.0,86.44,18.73,355.02,4.53,33.09,9.69,14.68,130
2021_COC26,2021-08-10,15.8,66,13.0,118,0.0,85.74,19.92,360.87,4.5,35.0,9.94,15.47,131
2021_COC26,2021-08-11,25.7,48,23.4,191,2.4,83.15,19.3,368.5,5.35,34.13,11.31,18.42,132
2021_COC26,2021-08-12,19.1,56,25.9,235,5.4,70.02,13.53,359.36,2.31,24.73,4.28,35.2,133
2021_COC28,2021-08-20,25.0,73,2.6,254,6.0,55.27,14.46,295.93,0.33,25.77,0.35,58.66,141
2021_COC28,2021-08-21,30.6,47,17.2,200,0.0,85.84,17.93,304.45,5.63,31.26,11.24,15.35,142
2021_COC28,2021-08-22,23.9,47,10.2,312,0.0,88.06,20.67,311.75,5.43,35.46,11.69,12.91,143
2021_COC28,2021-08-23,23.0,46,3.3,221,0.0,88.47,23.35,318.9,4.06,39.48,9.79,12.47,144
2021_COC28,2021-08-24,24.0,53,15.9,273,0.0,88.51,25.79,326.22,7.72,43.07,17.06,12.42,145
2021_DRY31,2021-06-07,23.9,37,13.0,272,1.2,87.9,45.56,142.42,6.11,50.63,15.58,13.08,67
2021_DRY31,2021-06-08,27.6,29,6.9,354,0.0,92.0,50.92,150.8,8.07,55.23,20.07,8.74,68
2021_DRY31,2021-06-09,27.6,35,20.1,137,0.0,92.05,55.84,159.17,15.81,59.5,33.19,8.69,69
2021_DRY31,2021-06-10,17.2,88,11.8,52,16.5,34.93,25.19,130.82,0.02,34.01,0.03,102.99,70
2021_DRY31,2021-06-11,19.4,57,20.8,118,0.5,71.21,27.51,137.72,1.86,36.7,4.5,33.55,71
2021_DRY31,2021-06-12,22.4,47,19.0,260,10.4,68.69,16.52,125.21,1.56,24.85,2.71,37.1,72
2021_DRY31,2021-06-13,19.2,63,14.1,289,2.8,68.32,14.61,132.07,1.21,22.88,1.67,37.63,73
2021_DRY31,2021-06-14,16.6,72,15.3,9,2.6,64.23,12.64,138.46,1.1,20.59,1.13,43.75,74
2021_DRY31,2021-06-15,21.1,30,8.6,2,0.1,85.28,16.73,145.66,3.38,26.0,6.47,15.99,75
2021_DRY31,2021-06-16,25.6,28,8.4,200,0.0,91.45,21.79,153.68,8.05,32.18,15.13,9.31,76
2021_DRY31,2021-06-17,25.2,30,21.6,267,0.2,91.96,26.64,161.62,16.84,37.73,27.87,8.78,77
2021_DRY31,2021-06-18,11.2,93,13.0,309,2.8,55.34,21.4,167.04,0.55,32.41,0.69,58.53,78
2021_DRY31,2021-06-19,13.3,73,6.3,294,0.0,67.9,22.42,172.83,0.8,33.86,1.18,38.24,79
2021_DRY31,2021-06-20,17.0,75,15.1,232,2.7,62.49,19.05,179.3,1.01,30.1,1.68,46.46,80
2021_DRY31,2021-06-21,11.6,51,19.5,321,6.9,56.01,12.21,171.28,0.82,20.73,0.76,57.33,81
2021_DRY31,2021-06-22,13.9,61,7.6,239,1.1,67.87,13.75,177.19,0.86,23.03,0.85,38.29,82
2021_DRY31,2021-06-23,21.8,53,23.9,211,1.2,81.15,16.59,184.52,4.3,27.08,8.25,20.77,83
2021_DRY31,2021-06-24,21.3,42,15.3,278,3.1,77.63,15.61,187.71,1.98,25.84,3.72,25.09,84
2021_DRY31,2021-06-25,23.7,37,13.3,272,0.0,88.33,19.72,195.38,6.59,31.49,12.8,12.62,85
2021_DRY31,2021-06-26,18.6,71,8.9,243,0.0,85.75,21.22,202.13,3.66,33.62,8.14,15.46,86
2021_DRY31,2021-06-27,23.6,45,3.7,151,0.1,88.11,24.8,209.78,3.94,38.29,9.37,12.85,87
2021_DRY31,2021-06-28,25.6,44,6.9,309,2.6,80.15,24.1,217.79,1.64,37.75,4.01,21.97,88
2021_DRY31,2021-06-29,25.9,38,6.5,267,1.0,86.6,28.5,225.86,3.66,43.34,9.47,14.51,89
2021_DRY31,2021-06-30,22.9,45,12.2,24,0.0,88.37,31.98,233.39,6.28,47.64,15.4,12.57,90
2021_DRY31,2021-07-01,20.7,39,2.8,50,0.0,89.19,35.1,240.82,4.4,51.46,12.17,11.69,91
2021_DRY31,2021-07-02,30.2,31,15.8,282,0.0,92.4,40.18,249.96,13.37,57.32,29.13,8.34,92
2021_DRY31,2021-07-03,32.6,33,10.1,268,0.0,92.65,45.48,259.53,10.4,63.25,25.74,8.08,93
2021_DRY31,2021-07-04,28.2,51,11.3,207,0.3,90.49,48.85,268.31,8.12,67.14,22.32,10.32,94
2021_DRY31,2021-07-05,25.4,53,19.3,299,11.1,71.83,27.13,247.12,1.76,42.57,4.74,32.7,95
2021_DRY31,2021-07-06,15.3,47,9.7,22,0.0,82.28,29.17,253.58,2.41,45.31,6.72,19.43,96
2021_DRY31,2021-07-07,17.3,34,3.6,90,0.0,87.58,32.02,260.39,3.64,48.99,10.13,13.43,97
2021_DRY31,2021-07-08,21.8,30,2.4,207,0.0,90.5,35.79,268.02,5.2,53.66,14.21,10.31,98
2021_DRY31,2021-07-09,24.8,30,10.2,262,0.0,91.75,40.05,276.19,9.2,58.78,22.76,9.0,99
2021_DRY31,2021-07-10,27.0,37,11.2,276,0.0,91.8,44.2,284.75,9.74,63.69,24.69,8.95,100
2021_DRY31,2021-07-11,28.1,42,10.9,134,0.0,91.74,48.18,293.52,9.51,68.32,25.16,9.02,101
2021_DRY31,2021-07-12,29.2,35,16.9,220,0.0,91.79,52.81,302.48,12.96,73.52,32.24,8.97,102
2021_DRY31,2021-07-13,20.4,76,9.1,279,5.5,57.29,34.85,296.27,0.54,53.86,0.95,55.09,103
2021_DRY31,2021-07-14,20.8,44,6.8,335,1.0,77.2,37.73,303.72,1.24,57.58,4.12,25.63,104
2021_DRY31,2021-07-15,26.2,27,8.5,306,0.0,90.55,42.41,312.14,7.12,63.31,19.69,10.25,105
2021_DRY31,2021-07-16,28.1,34,11.8,239,0.0,91.58,46.94,320.9,9.73,68.74,25.65,9.18,106
2021_DRY31,2021-07-17,30.3,33,8.9,284,0.0,92.21,51.88,330.06,9.19,74.48,25.69,8.53,107
2021_DRY31,2021-07-18,31.0,34,9.5,281,0.1,92.26,56.85,339.34,9.54,80.14,27.34,8.48,108
2021_DRY31,2021-07-19,23.6,69,11.6,353,2.0,77.31,52.95,347.29,1.6,76.68,6.55,25.48,109
2021_DRY71,2021-07-23,28.5,56,20.2,176,0.0,84.13,37.64,394.92,5.18,60.8,15.21,17.28,113
2021_DRY71,2021-07-24,25.6,38,23.1,284,16.9,76.37,19.28,340.94,2.67,33.79,6.11,26.68,114
2021_DRY71,2021-07-25,24.4,44,23.1,291,0.0,87.53,22.64,349.04,9.64,38.96,19.09,13.48,115
2021_DRY71,2021-07-26,25.5,41,11.2,291,0.0,89.57,26.32,357.33,7.08,44.46,16.26,11.29,116
2021_DRY71,2021-07-27,23.6,48,3.3,283,4.1,70.55,21.12,355.15,0.75,36.77,1.13,34.46,117
2021_DRY71,2021-07-28,22.4,80,14.9,217,2.1,67.38,19.45,362.89,1.22,34.31,2.59,39.0,118
2021_DRY71,2021-07-29,19.6,43,16.1,340,5.0,69.75,14.9,356.32,1.4,26.98,2.5,35.59,119
2021_DRY71,2021-07-30,23.1,46,17.8,234,1.7,81.14,16.81,364.18,3.16,30.14,6.66,20.78,120
2021_DRY71,2021-07-31,19.8,68,15.1,342,13.5,54.73,9.23,325.57,0.58,17.23,0.48,59.62,121
2021_DRY71,2021-08-01,19.5,52,9.7,2,0.0,77.1,11.27,332.09,1.43,20.78,2.02,25.75,122
2021_DRY71,2021-08-02,25.1,39,16.1,290,0.0,88.42,14.57,339.61,7.7,26.32,13.16,12.51,123
2021_DRY71,2021-08-03,25.9,50,6.9,276,0.0,88.47,17.36,347.27,4.88,30.86,9.9,12.46,124
2021_DRY76,2021-07-23,28.9,55,20.6,175,0.0,85.22,43.58,403.17,6.13,68.62,18.42,16.06,113
2021_DRY76,2021-07-24,25.5,38,22.7,285,17.8,76.06,22.15,344.55,2.56,38.17,6.37,27.08,114
2021_DRY76,2021-07-25,24.6,43,22.9,292,0.0,87.72,25.59,352.68,9.8,43.33,20.38,13.28,115
2021_DRY76,2021-07-26,25.5,40,10.0,291,0.0,89.74,29.34,360.98,6.84,48.77,16.64,11.1,116
2021_DRY76,2021-07-27,23.8,47,3.0,284,4.0,71.08,23.57,359.14,0.75,40.5,1.39,33.72,117
2021_DRY76,2021-07-28,21.8,84,14.3,219,3.6,56.69,17.78,358.55,0.66,31.63,0.81,56.14,118
2021_DRY76,2021-07-29,19.8,42,16.1,340,2.5,74.04,17.15,365.82,1.64,30.7,3.43,29.72,119
2021_DRY76,2021-07-30,23.7,45,17.8,234,0.9,85.13,20.35,373.79,5.26,35.82,11.47,16.15,120
2021_DRY76,2021-07-31,20.0,65,14.8,342,13.4,56.88,10.96,334.54,0.69,20.27,0.63,55.81,121
2021_DRY76,2021-08-01,20.2,49,11.5,360,0.0,79.34,13.21,341.18,1.9,24.08,3.37,22.96,122
2021_DRY76,2021-08-02,25.5,38,15.7,290,0.0,89.02,16.61,348.77,8.22,29.69,14.73,11.87,123
2021_DRY76,2021-08-03,26.1,49,7.6,275,0.1,89.07,19.47,356.47,5.5,34.27,11.6,11.82,124
2021_DRY76,2021-08-04,29.3,37,21.0,235,2.2,87.85,20.51,364.75,9.07,35.96,17.52,13.14,125
2021_DRY76,2021-08-05,19.5,92,11.5,226,4.2,48.0,14.06,360.55,0.23,25.62,0.24,72.58,126
2021_DRY76,2021-08-06,16.4,57,6.8,357,9.7,46.55,8.46,334.91,0.15,15.91,0.11,75.58,127
2021_DRY76,2021-08-07,19.7,59,12.9,144,0.0,73.26,10.22,341.46,1.35,19.02,1.65,30.76,128
2021_DRY76,2021-08-08,23.0,59,7.9,156,0.0,82.8,12.26,348.61,2.34,22.54,4.07,18.83,129
2021_DRY76,2021-08-09,28.2,56,5.5,247,0.0,86.69,14.92,356.69,3.52,27.02,6.89,14.4,130
2021_DRY76,2021-08-10,24.3,47,20.4,221,3.4,79.81,13.22,356.68,3.12,24.2,5.73,22.38,131
2021_DRY76,2021-08-11,20.8,50,24.8,257,4.9,73.54,10.2,350.22,2.49,19.02,3.86,30.38,132
2021_DRY76,2021-08-12,15.8,57,28.4,282,0.6,82.14,11.7,356.07,6.06,21.63,9.77,19.61,133
2021_DRY76,2021-08-13,14.4,53,18.2,295,0.8,82.95,13.21,361.66,4.02,24.2,7.27,18.65,134
2021_DRY76,2021-08-14,23.6,36,14.7,211,0.2,89.42,16.47,368.91,8.27,29.63,14.8,11.45,135
2021_DRY76,2021-08-15,28.5,44,18.5,217,0.0,89.83,19.89,377.05,10.63,35.15,19.46,11.01,136
2021_DRY76,2021-08-16,28.7,49,20.9,195,0.0,89.88,23.03,385.22,12.08,40.07,22.77,10.96,137
2021_DRY76,2021-08-17,30.0,50,15.1,213,0.0,89.93,26.24,393.62,9.09,44.98,19.67,10.9,138
2021_DRY76,2021-08-18,32.0,39,12.1,217,0.0,91.28,30.41,402.39,9.47,51.15,21.64,9.49,139
2021_FOR116,2021-08-02,26.2,35,12.3,275,0.0,90.65,26.79,392.21,8.75,45.77,19.31,10.14,123
2021_FOR116,2021-08-03,28.4,43,10.5,276,0.0,90.7,30.27,400.33,8.05,50.91,19.2,10.09,124
2021_FOR116,2021-08-04,27.8,43,19.6,226,0.0,90.75,33.67,408.34,12.82,55.83,27.94,10.04,125
2021_FOR116,2021-08-05,21.6,84,8.1,212,5.4,51.99,21.61,398.05,0.31,38.06,0.43,64.71,126
2021_FOR116,2021-08-06,18.0,61,4.7,9,6.6,48.46,13.81,382.5,0.17,25.33,0.18,71.63,127
2021_FOR120,2021-08-02,24.3,42,14.0,296,0.0,88.08,20.88,359.7,6.59,36.47,13.85,12.88,123
2021_FOR120,2021-08-03,27.0,45,8.4,290,0.0,89.23,24.07,367.57,5.86,41.37,13.53,11.65,124
2021_FOR120,2021-08-04,28.4,41,15.2,239,0.0,90.29,27.67,375.68,9.61,46.73,20.89,10.53,125
2021_FOR120,2021-08-05,21.6,79,12.4,202,2.4,70.22,24.25,382.58,1.18,41.87,2.96,34.92,126
2021_FOR120,2021-08-06,18.3,68,7.4,309,7.1,51.34,14.74,365.87,0.28,26.79,0.31,65.96,127
2021_FOR120,2021-08-07,21.7,54,13.0,132,0.0,77.61,16.91,372.78,1.76,30.37,3.68,25.12,128
2021_FOR120,2021-08-08,21.7,67,5.6,135,0.0,82.25,18.46,379.69,1.95,32.92,4.38,19.47,129
2021_FOR120,2021-08-09,27.1,58,4.2,149,0.0,85.97,20.91,387.57,2.98,36.84,7.16,15.2,130
2021_FOR120,2021-08-10,25.0,54,16.6,207,0.8,86.1,23.39,395.07,5.67,40.74,13.07,15.06,131
2021_FOR120,2021-08-11,21.9,46,21.6,269,1.4,84.63,25.95,402.02,5.95,44.69,14.27,16.72,132
2021_FOR120,2021-08-12,18.3,49,26.2,283,0.0,86.8,27.99,408.32,10.16,47.79,21.98,14.28,133
2021_FOR120,2021-08-13,17.2,43,24.3,299,0.0,87.92,30.15,414.42,10.82,51.01,23.75,13.06,134
2021_FOR120,2021-08-14,23.7,34,8.0,185,0.0,90.43,33.52,421.69,6.82,55.93,17.86,10.38,135
2021_FOR120,2021-08-15,28.6,41,18.9,220,0.0,90.48,37.14,429.84,11.9,61.09,27.76,10.33,136
2021_FOR120,2021-08-16,27.8,45,19.6,194,0.0,90.53,40.42,437.85,12.41,65.69,29.62,10.28,137
2021_FOR120,2021-08-17,29.6,49,16.7,199,0.0,90.58,43.66,446.18,10.8,70.15,27.84,10.22,138
2021_FOR120,2021-08-18,31.2,43,11.4,198,0.0,90.63,47.46,454.8,8.33,75.28,24.1,10.17,139
2021_FOR120,2021-08-19,30.5,42,14.7,202,0.0,90.68,51.24,463.29,9.9,80.28,28.07,10.12,140
2021_FOR120,2021-08-20,30.2,40,17.1,165,0.0,90.89,55.12,471.73,11.52,85.31,32.06,9.9,141
2021_FOR120,2021-08-21,17.3,57,27.6,255,7.5,66.62,32.99,447.32,2.25,55.71,7.24,40.13,142
2021_FOR19,2021-06-08,29.3,39,6.0,73,0.1,92.64,62.73,177.1,8.44,66.54,22.82,8.09,68
2021_FOR19,2021-06-09,28.1,34,20.1,136,0.0,92.69,67.81,185.56,17.29,70.87,38.3,8.04,69
2021_FOR19,2021-06-10,27.9,50,8.4,280,5.7,74.7,46.05,183.3,1.15,56.57,3.73,28.84,70
2021_FOR3,2021-04-26,8.4,65,9.7,135,0.0,85.54,7.41,24.25,3.7,8.4,3.57,15.69,30
2021_FOR3,2021-04-27,10.3,61,7.8,13,0.0,85.53,8.48,27.05,3.36,9.51,3.43,15.71,31
2021_FOR3,2021-04-28,15.5,43,6.2,216,0.0,87.16,10.78,30.8,3.9,11.5,4.55,13.89,32
2021_FOR35,2021-07-06,17.7,55,10.0,30,0.0,86.02,62.29,363.22,4.02,87.19,15.34,15.15,96
2021_FOR35,2021-07-07,18.5,41,7.9,106,0.0,88.07,65.0,370.26,4.84,90.35,17.96,12.9,97
2021_FOR35,2021-07-08,22.0,30,2.1,121,0.0,90.64,68.8,377.92,5.22,94.56,19.46,10.16,98
2021_FOR35,2021-07-09,25.5,28,3.7,299,0.0,92.16,73.3,386.21,7.03,99.42,24.67,8.58,99
2021_FOR35,2021-07-10,26.9,29,8.1,339,0.0,92.47,77.97,394.76,9.16,104.39,30.3,8.26,100
2021_FOR35,2021-07-11,29.7,32,5.8,248,0.0,92.52,82.89,403.81,8.22,109.55,28.77,8.21,101
2021_FOR35,2021-07-12,29.6,32,14.2,187,0.0,92.57,87.79,412.84,12.64,114.64,39.03,8.16,102
2021_FOR35,2021-07-13,25.7,48,12.8,302,0.2,90.62,91.06,421.17,8.93,118.22,31.42,10.18,103
2021_FOR35,2021-07-14,24.5,38,6.5,354,0.0,90.67,94.79,429.29,6.55,122.15,25.77,10.13,104
2021_FOR35,2021-07-15,26.1,24,3.8,343,0.0,93.0,99.64,437.69,7.95,127.0,29.87,7.72,105
2021_FOR35,2021-07-16,29.0,27,4.9,234,0.0,93.26,104.8,446.61,8.71,132.11,32.23,7.46,106
2021_FOR35,2021-07-17,30.3,30,1.9,22,0.0,93.31,109.97,455.77,7.54,137.18,29.63,7.41,107
2021_FOR35,2021-07-18,31.9,21,6.9,208,0.0,94.94,116.09,465.22,12.16,142.98,41.16,5.77,108
2021_FOR35,2021-07-19,28.9,39,17.7,257,0.2,92.74,120.39,474.12,15.43,147.28,48.3,7.99,109
2021_FOR35,2021-07-20,22.7,45,5.8,60,0.1,90.91,123.46,481.91,6.54,150.52,27.68,9.87,110
2021_FOR35,2021-07-21,25.1,32,10.1,163,0.0,91.5,127.65,490.13,8.83,154.62,34.14,9.26,111
2021_FOR35,2021-07-22,23.4,75,12.8,148,8.0,58.47,66.41,463.58,0.7,97.8,3.35,53.07,112
2021_FOR35,2021-07-23,26.8,65,14.8,177,3.7,69.9,50.51,460.97,1.31,79.3,5.55,35.38,113
2021_FOR35,2021-07-24,26.8,32,22.2,290,30.8,77.41,23.42,341.1,2.75,39.98,7.01,25.36,114
2021_FOR35,2021-07-25,25.4,41,20.2,289,0.0,88.37,27.09,349.38,9.39,45.38,20.24,12.57,115
2021_FOR35,2021-07-26,27.1,36,11.0,289,0.0,90.79,31.33,357.96,8.36,51.41,19.84,10.0,116
2021_FOR35,2021-07-27,25.4,47,3.1,315,0.4,90.49,34.63,366.23,5.37,56.02,14.94,10.32,117
2021_FOR35,2021-07-28,22.1,84,17.4,204,1.3,77.35,35.5,373.92,2.15,57.38,7.07,25.44,118
2021_FOR35,2021-07-29,21.8,54,15.8,333,11.2,64.32,19.0,343.21,1.14,33.37,2.29,43.6,119
2021_FOR35,2021-07-30,23.7,44,13.0,251,0.0,84.36,22.26,351.18,3.72,38.43,8.94,17.03,120
2021_FOR35,2021-07-31,20.6,72,17.1,335,4.5,64.55,16.03,347.08,1.23,28.74,2.2,43.25,121
2021_FOR35,2021-08-01,19.2,54,11.4,347,0.1,80.28,17.96,353.54,2.08,31.87,4.58,21.82,122
2021_FOR35,2021-08-02,24.4,42,14.0,296,0.0,88.11,21.01,360.94,6.62,36.68,13.93,12.86,123
2021_FOR35,2021-08-03,27.1,45,8.4,290,0.0,89.25,24.21,368.82,5.88,41.6,13.6,11.63,124
2021_FOR35,2021-08-04,28.6,41,15.2,239,0.0,90.32,27.83,376.97,9.66,46.99,21.02,10.49,125
2021_FOR35,2021-08-05,21.7,79,12.4,202,2.4,70.28,24.4,383.88,1.18,42.11,2.99,34.84,126
2021_FOR35,2021-08-06,18.4,69,7.4,309,7.1,50.94,14.79,367.11,0.27,26.88,0.29,66.72,127
2021_FOR35,2021-08-07,21.7,55,13.0,132,0.0,77.23,16.91,374.02,1.71,30.39,3.55,25.59,128
2021_FOR35,2021-08-08,21.9,67,5.6,135,0.0,82.16,18.48,380.97,1.93,32.96,4.33,19.58,129
2021_FOR35,2021-08-09,27.4,58,4.2,149,0.0,86.01,20.95,388.91,2.99,36.92,7.2,15.17,130
2021_FOR35,2021-08-10,25.0,56,16.6,207,0.8,85.78,23.32,396.41,5.42,40.66,12.59,15.43,131
2021_FOR35,2021-08-11,22.0,46,21.6,269,1.4,84.62,25.89,403.37,5.94,44.63,14.25,16.73,132
2021_FOR35,2021-08-12,18.5,49,26.2,283,0.0,86.84,27.96,409.71,10.2,47.77,22.05,14.25,133
2021_FOR35,2021-08-13,17.3,43,24.3,299,0.0,87.94,30.12,415.83,10.85,51.01,23.8,13.04,134
2021_FOR35,2021-08-14,23.8,34,8.0,185,0.0,90.45,33.52,423.11,6.84,55.95,17.91,10.36,135
2021_FOR35,2021-08-15,28.8,40,18.9,220,0.0,90.65,37.22,431.3,12.19,61.23,28.26,10.15,136
2021_FOR35,2021-08-16,28.0,44,19.6,194,0.0,90.7,40.58,439.35,12.72,65.94,30.17,10.1,137
2021_FOR35,2021-08-17,29.9,49,16.7,199,0.0,90.75,43.85,447.73,11.07,70.45,28.37,10.05,138
2021_FOR35,2021-08-18,31.4,43,11.4,198,0.0,90.8,47.67,456.39,8.53,75.6,24.57,9.99,139
2021_FOR35,2021-08-19,30.7,42,14.7,202,0.0,90.85,51.48,464.92,10.15,80.64,28.61,9.94,140
2021_FOR35,2021-08-20,30.4,40,17.1,165,0.0,90.93,55.38,473.39,11.59,85.7,32.27,9.85,141
2021_FOR35,2021-08-21,17.6,57,27.6,255,7.5,66.94,33.17,448.92,2.28,55.99,7.33,39.65,142
2021_FOR35,2021-08-22,22.4,42,10.1,174,0.0,84.4,35.98,455.95,3.23,60.1,10.37,16.99,143
2021_FOR35,2021-08-23,25.6,44,21.1,256,0.5,88.8,39.07,463.57,10.46,64.54,26.11,12.11,144
2021_FOR35,2021-08-24,22.8,53,7.6,95,0.0,88.85,41.39,470.67,5.33,67.86,16.51,12.05,145
2021_FOR35,2021-08-25,20.5,53,15.1,295,0.0,88.58,43.48,477.37,7.48,70.83,21.65,12.35,146
2021_FOR35,2021-08-26,19.3,49,5.0,60,0.4,88.63,45.63,483.85,4.53,73.85,15.3,12.29,147
2021_FOR35,2021-08-27,20.4,57,22.2,117,0.3,87.94,47.54,490.52,9.77,76.53,27.16,13.03,148
2021_FOR35,2021-08-28,21.1,76,6.6,171,1.8,73.14,45.34,497.32,0.98,73.85,3.85,30.92,149
2021_FOR38,2021-07-10,27.0,29,8.1,339,0.0,92.49,78.12,395.55,9.18,104.6,30.37,8.24,100
2021_FOR38,2021-07-11,29.7,32,5.8,248,0.0,92.54,83.04,404.6,8.24,109.76,28.83,8.19,101
2021_FOR38,2021-07-12,29.7,32,14.2,187,0.0,92.59,87.96,413.65,12.67,114.86,39.12,8.14,102
2021_FOR38,2021-07-13,25.7,48,12.8,302,0.2,90.62,91.24,421.98,8.93,118.45,31.46,10.18,103
2021_FOR38,2021-07-14,24.6,38,6.5,354,0.0,90.67,94.98,430.12,6.55,122.39,25.8,10.12,104
2021_FOR38,2021-07-15,26.2,24,3.8,343,0.0,93.02,99.85,438.54,7.97,127.26,29.94,7.71,105
2021_FOR38,2021-07-16,29.0,27,4.9,234,0.0,93.26,105.01,447.46,8.71,132.36,32.26,7.46,106
2021_FOR38,2021-07-17,30.4,30,1.9,22,0.0,93.31,110.19,456.64,7.54,137.46,29.66,7.41,107
2021_FOR38,2021-07-18,31.9,21,6.9,208,0.0,94.94,116.31,466.08,12.16,143.25,41.18,5.77,108
2021_FOR38,2021-07-19,29.0,39,17.7,257,0.2,92.75,120.62,475.01,15.46,147.57,48.38,7.98,109
2021_FOR38,2021-07-20,22.7,45,5.8,60,0.1,90.91,123.7,482.8,6.54,150.8,27.7,9.87,110
2021_FOR38,2021-07-21,25.1,32,10.1,163,0.0,91.5,127.88,491.02,8.83,154.9,34.16,9.26,111
2021_FOR38,2021-07-22,23.5,75,12.8,148,8.0,58.57,66.49,464.41,0.71,97.93,3.38,52.9,112
2021_FOR38,2021-07-23,26.8,65,14.8,177,3.7,69.91,50.57,461.78,1.32,79.4,5.56,35.36,113
2021_FOR38,2021-07-24,26.9,33,22.2,290,30.8,77.24,23.39,341.7,2.71,39.95,6.92,25.58,114
2021_FOR38,2021-07-25,25.5,41,20.2,289,0.0,88.37,27.08,350.0,9.39,45.38,20.24,12.57,115
2021_FOR38,2021-07-26,27.1,36,11.0,289,0.0,90.79,31.32,358.58,8.36,51.41,19.84,10.0,116
2021_FOR38,2021-07-27,25.5,47,3.1,315,0.4,90.5,34.63,366.87,5.38,56.04,14.96,10.31,117
2021_FOR38,2021-07-28,22.1,84,17.4,204,1.3,77.35,35.5,374.55,2.15,57.4,7.07,25.43,118
2021_FOR38,2021-07-29,21.9,54,15.8,333,11.2,64.45,19.01,343.8,1.14,33.4,2.31,43.41,119
2021_FOR38,2021-07-30,23.7,44,13.0,251,0.0,84.39,22.27,351.77,3.73,38.45,8.97,17.0,120
2021_FOR38,2021-07-31,20.7,72,17.1,335,4.5,64.64,16.04,347.68,1.23,28.77,2.22,43.11,121
2021_FOR38,2021-08-01,19.2,54,11.4,347,0.1,80.31,17.97,354.14,2.09,31.9,4.6,21.78,122
2021_FOR38,2021-08-02,24.4,42,14.0,296,0.0,88.11,21.02,361.53,6.62,36.71,13.95,12.85,123
2021_FOR38,2021-08-03,27.1,45,8.4,290,0.0,89.25,24.23,369.42,5.88,41.63,13.61,11.63,124
2021_FOR38,2021-08-04,28.7,41,15.2,239,0.0,90.34,27.86,377.59,9.68,47.04,21.07,10.47,125
2021_FOR38,2021-08-05,21.7,79,12.4,202,2.4,70.29,24.42,384.5,1.18,42.15,2.99,34.83,126
2021_FOR38,2021-08-06,18.5,69,7.4,309,7.1,51.04,14.81,367.71,0.27,26.91,0.3,66.53,127
2021_FOR38,2021-08-07,21.8,55,13.0,132,0.0,77.32,16.94,374.64,1.72,30.44,3.59,25.48,128
2021_FOR38,2021-08-08,21.9,67,5.6,135,0.0,82.19,18.51,381.59,1.93,33.01,4.35,19.54,129
2021_FOR38,2021-08-09,27.4,58,4.2,149,0.0,86.01,20.98,389.52,3.0,36.98,7.22,15.16,130
2021_FOR38,2021-08-10,25.1,56,16.6,207,0.8,85.8,23.36,397.05,5.43,40.73,12.64,15.4,131
2021_FOR38,2021-08-11,22.1,46,21.6,269,1.4,84.67,25.94,404.03,5.98,44.71,14.33,16.68,132
2021_FOR38,2021-08-12,18.5,49,26.2,283,0.0,86.84,28.01,410.36,10.22,47.85,22.08,14.24,133
2021_FOR38,2021-08-13,17.3,43,24.3,299,0.0,87.94,30.17,416.48,10.85,51.09,23.82,13.04,134
2021_FOR38,2021-08-14,23.9,34,8.0,185,0.0,90.47,33.58,423.79,6.86,56.05,17.96,10.34,135
2021_FOR38,2021-08-15,28.9,41,18.9,220,0.0,90.52,37.23,431.99,11.96,61.27,27.9,10.29,136
2021_FOR38,2021-08-16,28.1,44,19.6,194,0.0,90.57,40.61,440.05,12.48,65.99,29.8,10.24,137
2021_FOR38,2021-08-17,29.9,49,16.7,199,0.0,90.61,43.87,448.44,10.86,70.5,28.02,10.18,138
2021_FOR38,2021-08-18,31.5,43,11.4,198,0.0,90.66,47.71,457.11,8.37,75.67,24.26,10.13,139
2021_FOR38,2021-08-19,30.8,42,14.7,202,0.0,90.71,51.53,465.66,9.96,80.73,28.26,10.08,140
2021_FOR38,2021-08-20,30.4,40,17.1,165,0.0,90.92,55.43,474.14,11.58,85.79,32.26,9.86,141
2021_FOR38,2021-08-21,17.6,57,27.6,255,7.5,66.94,33.19,449.61,2.28,56.04,7.34,39.66,142
2021_FOR40,2021-07-02,28.9,34,7.7,307,0.0,91.5,53.36,327.75,7.82,75.85,23.16,9.27,92
2021_FOR40,2021-07-03,31.7,36,9.0,265,0.0,91.89,58.29,337.16,8.83,81.4,26.13,8.86,93
2021_FOR40,2021-07-04,29.6,50,16.7,217,0.0,90.7,61.89,346.19,10.99,85.55,31.1,10.1,94
2021_FOR40,2021-07-05,27.6,45,16.3,313,2.3,84.58,56.82,354.86,4.53,81.16,16.11,16.77,95
2021_FOR40,2021-07-06,17.9,55,9.7,27,0.0,85.74,58.83,361.79,3.81,83.65,14.36,15.46,96
2021_FOR40,2021-07-07,18.0,43,7.1,105,0.0,87.61,61.39,368.73,4.35,86.69,16.24,13.39,97
2021_FOR40,2021-07-08,21.9,30,2.1,121,0.0,90.5,65.17,376.38,5.12,90.96,18.8,10.3,98
2021_FOR40,2021-07-09,25.5,28,3.6,307,0.0,92.14,69.67,384.67,6.97,95.91,24.09,8.61,99
2021_FOR40,2021-07-10,27.0,28,8.6,338,0.0,92.67,74.42,393.23,9.66,101.03,30.93,8.06,100
2021_FOR40,2021-07-11,29.7,32,4.8,243,0.0,92.72,79.34,402.28,8.03,106.27,27.94,8.01,101
2021_FOR40,2021-07-12,29.6,31,13.8,187,0.0,92.77,84.31,411.32,12.73,111.49,38.77,7.96,102
2021_FOR40,2021-07-13,25.6,49,11.9,299,0.2,90.5,87.51,419.63,8.39,115.04,29.79,10.3,103
2021_FOR40,2021-07-14,24.7,38,6.5,354,0.1,90.55,91.27,427.78,6.44,119.04,25.19,10.25,104
2021_FOR40,2021-07-15,26.1,24,4.0,350,0.0,92.98,96.12,436.18,8.01,123.95,29.76,7.74,105
2021_FOR40,2021-07-16,29.1,27,4.5,241,0.0,93.27,101.3,445.12,8.55,129.13,31.58,7.45,106
2021_FOR40,2021-07-17,30.4,30,2.7,23,0.0,93.32,106.48,454.3,7.86,134.28,30.27,7.4,107
2021_FOR40,2021-07-18,32.0,20,6.8,205,0.0,95.17,112.7,463.76,12.47,140.21,41.59,5.55,108
2021_FOR40,2021-07-19,30.0,34,18.5,257,0.0,93.75,117.52,472.87,18.51,144.97,53.89,6.96,109
2021_FOR40,2021-07-20,22.8,44,6.0,65,0.1,91.32,120.66,480.67,7.0,148.27,28.87,9.45,110
2021_FOR40,2021-07-21,25.1,31,10.0,165,0.0,91.73,124.91,488.9,9.08,152.44,34.65,9.02,111
2021_FOR40,2021-07-22,24.2,71,12.4,144,7.2,62.45,67.51,466.68,0.88,99.15,4.34,46.53,112
2021_FOR40,2021-07-23,27.0,64,15.5,176,3.1,72.85,54.49,467.09,1.51,84.38,6.63,31.3,113
2021_FOR40,2021-07-24,26.9,32,22.3,291,28.5,77.86,25.43,354.37,2.86,43.13,7.63,24.8,114
2021_FOR40,2021-07-25,25.8,39,20.2,289,0.0,88.9,29.29,362.72,10.13,48.74,22.16,12.0,115
2021_FOR40,2021-07-26,27.3,35,11.5,290,0.0,91.07,33.62,371.34,8.92,54.83,21.49,9.7,116
2021_FOR40,2021-07-27,25.5,47,3.6,315,0.9,87.0,36.93,379.63,3.34,59.42,10.6,14.07,117
2021_FOR40,2021-07-28,22.3,84,16.9,200,0.9,79.65,37.81,387.35,2.57,60.79,8.61,22.59,118
2021_FOR40,2021-07-29,21.9,54,15.8,333,4.5,71.37,28.09,382.42,1.45,47.46,4.19,33.33,119
2021_FOR40,2021-07-30,23.8,43,13.1,254,0.0,86.08,31.42,390.41,4.74,52.31,13.04,15.09,120
2021_FOR40,2021-07-31,20.8,69,16.7,335,4.6,65.99,22.38,384.76,1.27,39.08,3.07,41.07,121
2021_FOR40,2021-08-01,18.9,55,11.7,349,0.1,80.48,24.24,391.16,2.16,41.98,5.76,21.58,122
2021_FOR40,2021-08-02,24.5,41,14.8,299,0.0,88.37,27.36,398.58,7.15,46.7,16.81,12.57,123
2021_FOR40,2021-08-03,27.2,44,8.6,292,0.0,89.46,30.63,406.48,6.12,51.55,15.77,11.4,124
2021_FOR40,2021-08-04,28.8,40,14.7,242,0.0,90.55,34.33,414.67,9.72,56.89,23.28,10.26,125
2021_FOR40,2021-08-05,21.8,78,12.9,203,2.4,70.96,30.13,421.59,1.24,51.13,3.72,33.89,126
2021_FOR40,2021-08-06,18.7,69,7.4,309,7.6,50.68,17.54,400.48,0.26,31.61,0.32,67.22,127
2021_FOR40,2021-08-07,21.6,56,12.2,133,0.0,76.62,19.6,407.37,1.57,34.99,3.6,26.37,128
2021_FOR40,2021-08-08,22.2,66,5.4,132,0.0,82.14,21.23,414.37,1.9,37.64,4.71,19.6,129
2021_FOR40,2021-08-09,27.6,56,3.4,148,0.0,86.28,23.84,422.34,2.99,41.78,7.77,14.86,130
2021_FOR40,2021-08-10,24.9,58,17.0,201,1.1,84.25,26.1,429.83,4.48,45.31,11.5,17.15,131
2021_FOR40,2021-08-11,22.3,45,20.5,268,1.3,84.99,28.75,436.85,5.91,49.38,15.0,16.31,132
2021_FOR40,2021-08-12,18.7,48,25.8,282,0.0,87.08,30.88,443.22,10.35,52.6,23.38,13.98,133
2021_FOR40,2021-08-13,17.4,42,23.8,299,0.0,88.15,33.09,449.35,10.9,55.89,25.0,12.81,134
2021_FOR40,2021-08-14,23.9,33,7.0,192,0.0,90.65,36.55,456.66,6.7,60.91,18.44,10.15,135
2021_FOR40,2021-08-15,28.9,39,18.8,223,0.0,90.85,40.33,464.86,12.49,66.28,29.88,9.93,136
2021_FOR40,2021-08-16,28.2,42,19.1,196,0.0,90.9,43.84,472.94,12.77,71.18,31.42,9.88,137
2021_FOR40,2021-08-17,30.1,48,16.9,200,0.0,90.95,47.19,481.37,11.51,75.8,30.22,9.83,138
2021_FOR40,2021-08-18,31.6,42,10.5,202,0.0,91.0,51.1,490.06,8.4,81.07,25.18,9.78,139
2021_FOR47,2021-06-19,17.8,45,6.8,270,0.0,89.58,51.44,235.9,5.68,66.59,17.14,11.28,79
2021_FOR47,2021-06-20,18.2,71,13.0,284,0.1,85.87,52.92,242.58,4.58,68.48,14.78,15.32,80
2021_FOR47,2021-06-21,14.4,40,20.6,316,0.4,87.71,55.37,248.57,8.72,71.13,24.17,13.29,81
2021_FOR47,2021-06-22,15.8,49,13.1,233,0.9,84.42,57.63,254.82,3.77,73.63,13.23,16.96,82
2021_FOR47,2021-06-23,27.4,34,26.4,212,0.0,91.02,62.59,263.16,18.77,78.5,42.4,9.76,83
2021_FOR47,2021-06-24,23.5,42,15.4,286,6.2,75.18,41.57,256.33,1.68,59.15,5.73,28.22,84
2021_FOR47,2021-06-25,25.4,36,7.2,276,0.0,88.05,46.03,264.3,4.66,64.14,14.44,12.92,85
2021_FOR47,2021-06-26,21.9,63,2.6,344,4.2,62.46,34.59,263.29,0.54,52.07,0.93,46.52,86
2021_FOR47,2021-06-27,24.2,54,6.2,260,0.4,80.66,37.65,271.05,1.67,55.89,5.46,21.37,87
2021_FOR47,2021-06-28,24.7,40,4.7,274,3.9,74.27,31.0,271.35,0.93,48.22,2.49,29.41,88
2021_FOR47,2021-06-29,26.0,40,7.8,292,0.0,87.38,35.28,279.43,4.36,53.63,12.39,13.65,89
2021_FOR47,2021-06-30,26.4,43,9.3,332,0.2,89.35,39.4,287.59,6.24,58.7,17.16,11.52,90
2021_FOR5,2021-05-11,11.4,30,3.4,238,0.0,88.51,31.38,79.49,4.11,31.59,8.68,12.42,40
2021_FOR5,2021-05-12,17.3,26,9.9,237,0.0,90.88,34.96,85.0,8.0,34.95,15.72,9.91,41
2021_FOR5,2021-05-13,18.8,27,15.9,237,0.0,91.46,38.79,90.79,11.77,38.75,21.98,9.3,42
2021_FOR55,2021-07-14,24.4,39,6.1,357,0.5,90.54,101.69,419.87,6.3,126.68,25.46,10.26,104
2021_FOR55,2021-07-15,26.1,24,3.7,331,0.0,92.98,106.55,428.27,7.88,131.38,30.07,7.75,105
2021_FOR55,2021-07-16,28.8,28,5.8,248,0.0,93.04,111.61,437.16,8.84,136.25,32.9,7.68,106
2021_FOR55,2021-07-17,30.4,30,2.6,344,0.0,93.09,116.78,446.34,7.58,141.2,30.01,7.63,107
2021_FOR55,2021-07-18,31.8,23,7.0,215,0.0,94.5,122.73,455.76,11.5,146.7,40.0,6.21,108
2021_FOR55,2021-07-19,28.5,40,19.3,261,0.2,92.45,126.9,464.6,16.06,150.82,49.84,8.29,109
2021_FOR55,2021-07-20,23.1,42,5.7,72,0.0,91.3,130.2,472.46,6.88,154.18,28.83,9.47,110
2021_FOR55,2021-07-21,25.3,30,9.4,173,0.0,91.94,134.54,480.72,9.07,158.31,34.95,8.81,111
2021_FOR55,2021-07-22,22.1,80,11.3,121,12.8,48.6,62.1,431.41,0.24,91.34,0.63,71.35,112
2021_FOR55,2021-07-23,26.1,67,16.0,171,1.3,73.67,64.21,439.82,1.6,94.08,7.54,30.21,113
2021_FOR55,2021-07-24,26.9,32,22.3,288,20.0,78.47,31.21,366.68,3.02,51.47,8.91,24.04,114
2021_FOR55,2021-07-25,25.3,42,20.7,287,0.0,88.32,34.81,374.94,9.56,56.5,22.93,12.62,115
2021_FOR55,2021-07-26,26.9,36,11.6,286,0.0,90.76,39.02,383.49,8.57,62.21,22.3,10.03,116
2021_FOR55,2021-07-27,25.5,45,3.3,311,2.4,79.35,36.64,391.78,1.26,59.39,4.27,22.95,117
2021_FOR55,2021-07-28,21.9,81,14.9,187,1.1,76.16,37.67,399.43,1.74,60.96,6.05,26.95,118
2021_FOR55,2021-07-29,21.8,51,15.9,332,3.0,75.37,32.3,400.59,1.74,53.76,5.55,27.97,119
2021_FOR55,2021-07-30,23.7,43,13.8,250,0.0,86.88,35.62,408.56,5.49,58.49,15.56,14.2,120
2021_FOR55,2021-07-31,20.4,73,15.9,335,5.6,61.29,23.31,397.88,0.98,40.66,2.26,48.39,121
2021_FOR55,2021-08-01,19.0,54,11.6,353,0.0,79.15,25.22,404.31,1.87,43.63,5.15,23.19,122
2021_FOR55,2021-08-02,24.4,42,15.8,297,0.3,88.0,28.27,411.7,7.14,48.26,17.08,12.97,123
2021_FOR55,2021-08-03,27.1,45,8.8,289,0.0,89.24,31.47,419.58,5.99,53.01,15.74,11.64,124
2021_FOR55,2021-08-04,29.0,40,15.1,245,0.9,89.53,35.2,427.81,8.57,58.39,21.58,11.33,125
2021_FOR55,2021-08-05,21.4,78,13.4,204,1.1,79.89,36.22,434.66,2.21,59.96,7.46,22.29,126
2021_FOR55,2021-08-06,18.1,70,6.9,321,8.9,49.3,19.75,406.74,0.21,35.22,0.28,69.94,127
2021_FOR55,2021-08-07,21.3,55,10.7,130,0.0,75.76,21.83,413.57,1.37,38.57,3.34,27.47,128
2021_FOR55,2021-08-08,21.3,70,8.4,149,0.0,81.27,23.22,420.41,2.0,40.8,5.23,20.63,129
2021_FOR55,2021-08-09,27.5,57,4.7,171,0.0,86.0,25.75,428.37,3.07,44.78,8.3,15.17,130
2021_FOR55,2021-08-10,24.6,64,18.4,203,1.3,82.21,27.67,435.8,3.7,47.75,10.12,19.52,131
2021_FOR55,2021-08-11,22.1,48,20.7,262,2.2,80.82,26.46,442.78,3.53,46.04,9.52,21.16,132
2021_FOR55,2021-08-12,18.6,49,25.9,280,0.2,86.13,28.54,449.13,9.09,49.25,20.62,15.03,133
2021_FOR55,2021-08-13,17.2,43,22.1,296,0.0,87.77,30.69,455.23,9.48,52.53,21.96,13.22,134
2021_FOR55,2021-08-14,23.7,33,7.9,204,0.0,90.57,34.12,462.5,6.93,57.61,18.35,10.23,135
2021_FOR55,2021-08-15,29.1,40,18.1,227,0.0,90.71,37.86,470.74,11.81,63.04,28.05,10.09,136
2021_FOR55,2021-08-16,28.4,43,18.9,198,0.0,90.75,41.33,478.86,12.38,67.99,30.07,10.04,137
2021_FOR55,2021-08-17,30.1,48,16.3,202,0.0,90.8,44.68,487.28,10.94,72.7,28.58,9.99,138
2021_FOR55,2021-08-18,31.7,43,9.3,208,0.0,90.85,48.54,495.99,7.74,78.0,23.32,9.93,139
2021_FOR55,2021-08-19,31.0,39,13.7,203,0.0,91.2,52.58,504.58,10.15,83.43,29.1,9.57,140
2021_FOR55,2021-08-20,30.4,42,16.1,170,0.0,91.25,56.35,513.05,11.53,88.43,32.66,9.52,141
2021_FOR55,2021-08-21,17.8,57,27.8,251,9.7,65.45,30.99,473.81,2.18,53.27,6.82,41.89,142
2021_FOR55,2021-08-22,22.4,42,7.9,177,0.0,83.62,33.8,480.84,2.61,57.5,8.41,17.87,143
2021_FOR55,2021-08-23,25.7,45,21.8,254,0.9,87.42,36.84,488.47,8.89,62.0,22.83,13.6,144
2021_FOR55,2021-08-24,22.8,53,6.1,87,0.0,87.47,39.16,495.58,4.06,65.41,13.11,13.55,145
2021_FOR55,2021-08-25,20.8,52,15.8,287,0.1,87.52,41.33,502.33,6.66,68.56,19.57,13.5,146
2021_FOR55,2021-08-26,19.3,48,5.5,58,0.0,87.61,43.52,508.81,4.01,71.71,13.7,13.4,147
2021_FOR55,2021-08-27,20.1,57,22.1,114,0.0,87.66,45.41,515.43,9.33,74.42,25.94,13.35,148
2021_FOR56,2021-07-08,21.8,29,2.1,121,0.0,90.77,65.42,372.48,5.32,90.92,19.34,10.02,98
2021_FOR56,2021-07-09,25.3,27,3.6,307,0.0,92.33,69.95,380.74,7.16,95.87,24.55,8.41,99
2021_FOR56,2021-07-10,26.7,28,8.6,338,0.0,92.65,74.65,389.25,9.63,100.92,30.85,8.08,100
2021_FOR56,2021-07-11,29.4,32,4.8,243,0.0,92.7,79.52,398.24,8.01,106.08,27.86,8.03,101
2021_FOR56,2021-07-12,29.4,31,13.8,187,0.0,92.75,84.46,407.24,12.7,111.25,38.67,7.98,102
2021_FOR56,2021-07-13,25.3,48,11.9,299,0.2,90.62,87.69,415.5,8.53,114.8,30.1,10.18,103
2021_FOR56,2021-07-14,24.3,38,6.5,354,0.1,90.66,91.39,423.58,6.54,118.73,25.46,10.13,104
2021_FOR56,2021-07-15,25.8,24,4.0,350,0.0,92.95,96.19,431.92,7.97,123.58,29.64,7.77,105
2021_FOR56,2021-07-16,28.8,27,4.5,241,0.0,93.22,101.31,440.81,8.49,128.69,31.39,7.5,106
2021_FOR56,2021-07-17,30.2,29,2.7,23,0.0,93.27,106.53,449.95,7.81,133.84,30.09,7.45,107
2021_FOR56,2021-07-18,31.6,21,6.8,205,0.0,94.89,112.6,459.34,12.01,139.63,40.54,5.83,108
2021_FOR56,2021-07-19,28.8,38,18.5,257,0.0,92.88,116.95,468.23,16.38,143.99,49.84,7.85,109
2021_FOR56,2021-07-20,22.6,43,6.0,65,0.1,91.21,120.13,476.0,6.9,147.31,28.53,9.56,110
2021_FOR56,2021-07-21,24.9,31,10.0,165,0.0,91.69,124.34,484.19,9.03,151.45,34.44,9.07,111
2021_FOR56,2021-07-22,23.0,75,12.4,144,7.2,58.9,67.01,462.1,0.71,98.36,3.41,52.34,112
2021_FOR56,2021-07-23,26.4,65,15.5,176,3.1,71.27,54.01,462.5,1.42,83.62,6.23,33.46,113
2021_FOR56,2021-07-24,26.6,32,22.3,291,28.5,77.37,25.19,350.92,2.76,42.71,7.32,25.41,114
2021_FOR56,2021-07-25,25.2,41,20.2,289,0.0,88.31,28.83,359.16,9.31,48.03,20.71,12.64,115
2021_FOR56,2021-07-26,26.8,36,11.5,290,0.0,90.74,33.03,367.69,8.51,53.94,20.6,10.05,116
2021_FOR56,2021-07-27,25.2,46,3.6,315,0.9,87.02,36.36,375.93,3.35,58.56,10.54,14.05,117
2021_FOR56,2021-07-28,21.9,83,16.9,200,0.9,79.84,37.28,383.57,2.62,59.99,8.68,22.36,118
2021_FOR56,2021-07-29,21.6,53,15.8,333,4.5,71.43,27.71,378.7,1.45,46.85,4.16,33.25,119
2021_FOR56,2021-07-30,23.4,43,13.1,254,0.0,85.96,30.99,386.62,4.66,51.64,12.77,15.23,120
2021_FOR56,2021-07-31,20.3,71,16.7,335,4.6,64.64,21.96,381.0,1.21,38.38,2.83,43.11,121
2021_FOR56,2021-08-01,18.8,54,11.7,349,0.1,80.19,23.85,387.39,2.09,41.33,5.53,21.93,122
2021_FOR56,2021-08-02,24.1,42,14.8,299,0.0,88.06,26.86,394.73,6.84,45.91,16.11,12.91,123
2021_FOR56,2021-08-03,26.8,45,8.6,292,0.0,89.2,30.03,402.56,5.89,50.62,15.17,11.68,124
2021_FOR56,2021-08-04,28.5,40,14.7,242,0.0,90.47,33.7,410.7,9.62,55.92,22.9,10.34,125
2021_FOR56,2021-08-05,21.4,78,12.9,203,2.4,70.74,29.55,417.55,1.23,50.22,3.64,34.2,126
2021_FOR56,2021-08-06,18.2,69,7.4,309,7.6,50.15,17.2,396.61,0.24,31.04,0.29,68.27,127
2021_FOR56,2021-08-07,21.3,55,12.2,133,0.0,76.5,19.28,403.45,1.55,34.45,3.52,26.52,128
2021_FOR56,2021-08-08,21.6,67,5.4,132,0.0,81.81,20.83,410.34,1.83,36.97,4.45,20.0,129
2021_FOR56,2021-08-09,27.2,57,3.4,148,0.0,85.97,23.34,418.24,2.86,40.97,7.38,15.21,130
2021_FOR56,2021-08-10,24.6,58,17.0,201,1.1,84.11,25.57,425.67,4.4,44.46,11.2,17.31,131
2021_FOR56,2021-08-11,21.8,46,20.5,268,1.3,84.59,28.12,432.6,5.59,48.38,14.21,16.77,132
2021_FOR56,2021-08-12,18.3,49,25.8,282,0.0,86.79,30.16,438.9,9.94,51.48,22.48,14.3,133
2021_FOR56,2021-08-13,17.0,42,23.8,299,0.0,88.03,32.33,444.96,10.72,54.72,24.45,12.94,134
2021_FOR56,2021-08-14,23.5,33,7.0,192,0.0,90.56,35.73,452.2,6.61,59.68,18.07,10.24,135
2021_FOR56,2021-08-15,28.6,40,18.8,223,0.0,90.63,39.41,460.35,12.09,64.93,28.93,10.17,136
2021_FOR56,2021-08-16,28.0,43,19.1,196,0.0,90.68,42.84,468.39,12.36,69.73,30.43,10.12,137
2021_FOR56,2021-08-17,29.8,49,16.9,200,0.0,90.73,46.09,476.76,11.15,74.24,29.26,10.07,138
2021_FOR56,2021-08-18,31.3,43,10.5,202,0.0,90.78,49.9,485.4,8.13,79.4,24.37,10.02,139
2021_FOR56,2021-08-19,30.6,40,14.4,202,0.0,90.96,53.83,493.91,10.15,84.61,29.33,9.83,140
2021_FOR56,2021-08-20,30.2,40,17.1,165,0.0,91.01,57.71,502.35,11.72,89.66,33.23,9.77,141
2021_FOR56,2021-08-21,17.5,57,27.6,255,8.4,66.0,33.15,470.92,2.2,56.38,7.15,41.05,142
2021_FOR57,2021-07-07,19.1,38,7.1,105,0.0,88.57,62.83,368.35,5.0,88.09,18.14,12.36,97
2021_FOR57,2021-07-08,22.3,29,2.1,121,0.0,90.98,66.73,376.07,5.48,92.45,19.92,9.81,98
2021_FOR57,2021-07-09,25.8,26,3.6,307,0.0,92.63,71.41,384.42,7.47,97.52,25.49,8.1,99
2021_FOR57,2021-07-10,27.0,28,8.6,338,0.0,92.73,76.16,392.98,9.75,102.6,31.33,8.0,100
2021_FOR57,2021-07-11,29.8,32,4.8,243,0.0,92.78,81.09,402.05,8.1,107.82,28.29,7.94,101
2021_FOR57,2021-07-12,29.8,31,13.8,187,0.0,92.83,86.1,411.12,12.85,113.02,39.22,7.89,102
2021_FOR57,2021-07-13,25.5,48,11.9,299,0.2,90.65,89.35,419.41,8.57,116.6,30.4,10.14,103
2021_FOR57,2021-07-14,24.5,39,6.5,354,0.1,90.7,93.02,427.52,6.58,120.49,25.71,10.09,104
2021_FOR57,2021-07-15,26.1,24,4.0,350,0.0,93.01,97.87,435.93,8.04,125.37,29.96,7.71,105
2021_FOR57,2021-07-16,28.9,28,4.5,241,0.0,93.06,102.94,444.83,8.3,130.43,31.07,7.66,106
2021_FOR57,2021-07-17,30.5,30,2.7,23,0.0,93.11,108.14,454.03,7.64,135.56,29.77,7.61,107
2021_FOR57,2021-07-18,31.9,22,6.8,205,0.0,94.72,114.18,463.47,11.73,141.32,40.08,6.0,108
2021_FOR57,2021-07-19,28.4,41,18.5,257,0.0,92.3,118.27,472.29,15.11,145.47,47.5,8.43,109
2021_FOR57,2021-07-20,23.1,42,6.0,65,0.1,91.25,121.57,480.15,6.94,148.89,28.73,9.52,110
2021_FOR57,2021-07-21,25.3,31,10.0,165,0.0,91.75,125.85,488.41,9.11,153.08,34.75,9.0,111
2021_FOR57,2021-07-22,22.2,80,12.4,144,7.2,54.63,67.18,465.87,0.5,98.76,2.17,59.81,112
2021_FOR57,2021-07-23,26.2,67,15.5,176,3.1,69.38,54.0,466.15,1.34,83.74,5.88,36.11,113
2021_FOR57,2021-07-24,26.9,32,22.3,291,28.5,77.64,25.23,353.68,2.81,42.82,7.48,25.07,114
2021_FOR57,2021-07-25,25.2,42,20.2,289,0.0,88.17,28.81,361.92,9.12,48.06,20.41,12.79,115
2021_FOR57,2021-07-26,26.9,37,11.5,290,0.0,90.57,32.96,370.46,8.3,53.92,20.23,10.23,116
2021_FOR57,2021-07-27,25.5,45,3.6,315,0.9,87.22,36.39,378.76,3.45,58.69,10.8,13.83,117
2021_FOR57,2021-07-28,22.0,81,16.9,200,0.9,80.37,37.42,386.42,2.77,60.26,9.13,21.71,118
2021_FOR57,2021-07-29,21.8,52,15.8,333,4.5,72.0,27.89,381.5,1.48,47.16,4.27,32.46,119
2021_FOR57,2021-07-30,23.7,43,13.1,254,0.0,86.17,31.21,389.47,4.8,52.01,13.13,14.98,120
2021_FOR57,2021-07-31,20.4,73,16.7,335,4.6,63.8,22.01,383.78,1.16,38.5,2.71,44.41,121
2021_FOR57,2021-08-01,19.1,53,11.7,349,0.1,80.24,23.97,390.22,2.1,41.56,5.58,21.87,122
2021_FOR57,2021-08-02,24.4,42,14.8,299,0.0,88.14,27.02,397.62,6.92,46.2,16.3,12.83,123
2021_FOR57,2021-08-03,27.1,45,8.6,292,0.0,89.26,30.23,405.5,5.94,50.96,15.32,11.62,124
2021_FOR57,2021-08-04,28.9,40,14.7,242,0.0,90.54,33.94,413.71,9.72,56.33,23.15,10.26,125
2021_FOR57,2021-08-05,21.5,79,12.9,203,2.4,70.37,29.73,420.58,1.21,50.53,3.61,34.72,126
2021_FOR57,2021-08-06,18.2,69,7.4,309,7.6,50.07,17.29,399.44,0.24,31.21,0.29,68.41,127
2021_FOR57,2021-08-07,21.5,55,12.2,133,0.0,76.6,19.39,406.32,1.56,34.65,3.57,26.39,128
2021_FOR57,2021-08-08,21.4,69,5.4,132,0.0,81.47,20.83,413.17,1.76,37.0,4.27,20.4,129
2021_FOR57,2021-08-09,27.5,57,3.4,148,0.0,85.94,23.37,421.13,2.85,41.05,7.36,15.25,130
2021_FOR57,2021-08-10,24.8,61,17.0,201,1.1,83.61,25.46,428.59,4.11,44.33,10.59,17.89,131
2021_FOR57,2021-08-11,22.0,47,20.5,268,1.3,84.4,27.98,435.56,5.45,48.22,13.91,16.99,132
2021_FOR57,2021-08-12,18.6,49,25.8,282,0.0,86.81,30.06,441.91,9.96,51.38,22.48,14.28,133
2021_FOR57,2021-08-13,17.2,43,23.8,299,0.0,87.92,32.21,448.01,10.55,54.61,24.14,13.07,134
2021_FOR57,2021-08-14,23.8,33,7.0,192,0.0,90.59,35.66,455.3,6.64,59.64,18.12,10.21,135
2021_FOR57,2021-08-15,29.0,41,18.8,223,0.0,90.64,39.32,463.52,12.12,64.88,28.96,10.16,136
2021_FOR57,2021-08-16,28.3,43,19.1,196,0.0,90.69,42.78,471.62,12.39,69.75,30.47,10.1,137
2021_FOR57,2021-08-17,30.1,48,16.9,200,0.0,90.74,46.13,480.04,11.17,74.39,29.33,10.05,138
2021_FOR57,2021-08-18,31.6,43,10.5,202,0.0,90.79,49.98,488.73,8.15,79.61,24.43,10.0,139
2021_FOR57,2021-08-19,31.0,40,14.4,202,0.0,91.02,53.96,497.32,10.25,84.89,29.56,9.76,140
2021_FOR57,2021-08-20,30.4,41,17.1,165,0.0,91.07,57.79,505.79,11.83,89.9,33.48,9.71,141
2021_FOR57,2021-08-21,17.7,57,27.6,255,8.4,66.23,33.21,474.09,2.22,56.53,7.21,40.71,142
2021_FOR92,2021-07-25,25.7,39,20.2,289,0.0,88.87,27.59,349.25,10.09,46.09,21.48,12.03,115
2021_FOR92,2021-07-26,27.3,35,11.0,289,0.0,91.07,31.93,357.86,8.69,52.21,20.57,9.71,116
2021_FOR92,2021-07-27,25.5,47,3.1,315,0.4,90.57,35.24,366.16,5.44,56.81,15.19,10.23,117
2021_FOR92,2021-07-28,22.0,87,17.4,204,1.3,76.33,35.95,373.82,2.0,57.96,6.65,26.73,118
2021_FOR92,2021-07-29,21.8,54,15.8,333,11.2,64.2,19.27,343.12,1.13,33.79,2.3,43.79,119
2021_FOR92,2021-07-30,23.7,43,13.0,251,0.0,84.53,22.59,351.09,3.81,38.91,9.19,16.83,120
2021_FOR92,2021-07-31,20.8,68,17.1,335,4.5,66.56,16.48,347.03,1.32,29.46,2.52,40.22,121
2021_FOR92,2021-08-01,19.0,55,11.4,347,0.1,80.65,18.35,353.46,2.17,32.48,4.84,21.37,122
2021_FOR92,2021-08-02,24.4,41,14.0,296,0.0,88.34,21.45,360.85,6.84,37.35,14.44,12.6,123
2021_FOR92,2021-08-03,27.1,44,8.4,290,0.0,89.44,24.71,368.74,6.04,42.33,14.03,11.42,124
2021_FOR92,2021-08-04,28.5,41,15.2,239,0.0,90.33,28.32,376.87,9.67,47.68,21.19,10.48,125
2021_FOR92,2021-08-05,21.8,78,12.4,202,2.4,70.78,24.88,383.8,1.2,42.82,3.09,34.15,126
2021_FOR92,2021-08-06,18.5,68,7.4,309,7.1,51.64,15.11,367.06,0.29,27.4,0.32,65.37,127
2021_FOR92,2021-08-07,21.8,54,13.0,132,0.0,77.77,17.29,373.98,1.78,30.99,3.79,24.92,128
2021_FOR92,2021-08-08,22.1,65,5.6,135,0.0,82.71,18.96,380.97,2.06,33.73,4.73,18.93,129
2021_FOR92,2021-08-09,27.4,57,4.2,149,0.0,86.29,21.49,388.9,3.12,37.77,7.58,14.85,130
2021_FOR92,2021-08-10,25.2,53,16.6,207,0.8,86.36,24.04,396.44,5.88,41.76,13.63,14.77,131
2021_FOR92,2021-08-11,22.1,44,21.6,269,1.4,85.13,26.73,403.42,6.37,45.86,15.25,16.16,132
2021_FOR92,2021-08-12,18.5,48,26.2,283,0.0,87.08,28.83,409.76,10.56,49.03,22.89,13.98,133
2021_FOR92,2021-08-13,17.4,42,24.3,299,0.0,88.15,31.04,415.89,11.18,52.33,24.62,12.81,134
2021_FOR92,2021-08-14,23.9,33,8.0,185,0.0,90.67,34.5,423.2,7.06,57.32,18.57,10.12,135
2021_FOR92,2021-08-15,28.7,39,18.9,220,0.0,90.82,38.26,431.37,12.5,62.63,29.07,9.96,136
2021_FOR92,2021-08-16,27.9,44,19.6,194,0.0,90.87,41.61,439.4,13.04,67.29,30.99,9.91,137
2021_FOR92,2021-08-17,29.7,49,16.7,199,0.0,90.76,44.85,447.75,11.09,71.74,28.68,10.03,138
2021_FOR92,2021-08-18,31.3,42,11.4,198,0.0,90.81,48.73,456.38,8.55,76.93,24.84,9.98,139
2021_FOR92,2021-08-19,30.6,42,14.7,202,0.0,90.86,52.53,464.9,10.17,81.91,28.89,9.92,140
2021_FOR92,2021-08-20,30.3,40,17.1,165,0.0,90.92,56.42,473.35,11.57,86.93,32.46,9.87,141
2021_FOR92,2021-08-21,17.5,56,27.6,255,7.5,67.16,33.76,448.86,2.29,56.84,7.45,39.33,142
2021_HEA4,2021-08-15,26.6,46,20.6,209,0.0,88.6,27.37,360.78,9.91,46.01,21.18,12.32,136
2021_HEA4,2021-08-16,29.1,42,20.2,220,0.0,90.2,30.99,369.02,12.2,51.22,25.88,10.62,137
2021_HEA4,2021-08-17,27.7,46,19.8,205,0.0,90.25,34.2,377.01,12.04,55.75,26.75,10.57,138
2021_HEA4,2021-08-18,28.5,60,8.6,213,0.0,88.85,36.64,385.15,5.61,59.2,15.91,12.06,139
2021_HEA4,2021-08-19,29.5,57,4.4,235,0.0,88.9,39.36,393.46,4.57,62.97,14.07,12.0,140
2021_HEA4,2021-08-20,29.3,54,6.2,190,0.0,88.95,42.24,401.74,5.04,66.9,15.69,11.95,141
2021_HEA4,2021-08-21,30.2,44,24.3,186,0.0,90.08,45.86,410.18,14.75,71.69,34.7,10.75,142
2021_HEA4,2021-08-22,20.8,45,7.1,285,2.3,78.55,42.13,416.93,1.41,67.27,5.29,23.94,143
2021_HEA4,2021-08-23,24.4,41,13.8,173,0.0,87.99,45.24,424.32,6.44,71.43,19.51,12.99,144
2021_HEA4,2021-08-24,21.5,62,8.5,332,0.0,87.31,47.01,431.2,4.48,73.88,15.16,13.72,145
2021_HEA4,2021-08-25,24.7,53,8.8,199,0.0,87.59,49.51,438.65,4.73,77.23,16.2,13.42,146
2021_HEA4,2021-08-26,12.7,63,11.6,334,0.1,86.14,50.57,443.94,4.43,78.72,15.58,15.02,147
2021_HEA4,2021-08-27,18.9,36,12.6,110,0.0,89.01,53.21,450.34,7.02,82.15,22.36,11.88,148
2021_HEA4,2021-08-28,16.6,80,6.4,133,1.9,69.6,49.42,456.33,0.85,77.78,3.45,35.8,149
2021_KEN25,2021-05-17,22.5,38,4.2,160,0.1,89.84,39.37,88.9,5.17,39.31,11.91,11.01,46
2021_KEN25,2021-05-18,23.4,35,16.7,194,0.0,90.59,43.57,95.52,10.83,43.48,21.94,10.21,47
2021_KEN25,2021-05-19,20.5,61,17.7,200,0.0,87.72,45.78,101.61,7.54,45.71,17.29,13.28,48
2021_KEN25,2021-05-20,16.8,100,5.8,97,11.4,18.35,22.34,86.77,0.0,27.18,0.0,156.29,49
2021_KEN27,2021-05-17,22.0,38,8.0,144,0.8,88.17,47.64,110.26,4.93,47.59,12.76,12.79,46
2021_KEN27,2021-05-18,23.7,36,22.9,188,0.0,90.29,51.82,116.93,14.16,51.75,28.82,10.53,47
2021_KEN27,2021-05-19,21.5,58,18.4,191,0.0,88.22,54.32,123.21,8.39,54.25,20.45,12.74,48
2021_KEN27,2021-05-20,15.5,100,16.4,38,12.2,17.73,26.21,105.35,0.0,32.32,0.0,158.71,49
2021_KEN30,2021-05-17,22.1,38,4.6,129,0.0,89.89,38.05,93.39,5.32,38.04,11.96,10.95,46
2021_KEN30,2021-05-18,23.0,35,18.7,196,0.0,90.54,42.17,99.93,11.89,42.14,23.08,10.26,47
2021_KEN30,2021-05-19,20.1,61,18.6,202,0.0,87.66,44.35,105.95,7.82,44.32,17.49,13.35,48
2021_KEN30,2021-05-20,16.4,100,8.2,61,12.5,17.37,20.88,88.61,0.0,26.28,0.0,160.14,49
2021_KEN31,2021-05-17,20.4,45,4.2,110,1.0,85.03,36.89,93.89,2.62,37.22,6.39,16.26,46
2021_KEN31,2021-05-18,23.7,34,18.7,199,0.0,90.2,41.2,100.56,11.32,41.18,22.03,10.62,47
2021_KEN31,2021-05-19,20.5,60,19.0,205,0.0,87.79,43.47,106.66,8.13,43.46,17.81,13.2,48
2021_KEN51,2021-06-07,22.4,43,8.4,250,1.6,78.56,30.89,163.41,1.51,41.95,3.98,23.93,67
2021_KEN51,2021-06-08,26.9,34,4.2,59,0.1,89.16,35.76,171.65,4.69,47.02,12.19,11.73,68
2021_KEN51,2021-06-09,19.7,91,14.8,141,9.9,37.81,18.0,158.13,0.05,28.02,0.05,95.59,69
2021_KEN51,2021-06-10,17.7,80,11.9,65,17.1,33.59,8.75,128.63,0.02,14.95,0.01,106.6,70
2021_KEN51,2021-06-11,22.0,68,27.1,126,0.0,70.74,10.69,135.99,2.51,17.87,3.74,34.2,71
2021_KEN51,2021-06-12,20.2,60,23.1,256,4.4,68.99,8.69,136.5,1.94,15.0,2.36,36.67,72
2021_KEN51,2021-06-13,23.1,42,15.7,302,1.3,82.92,12.39,144.06,3.53,20.39,5.8,18.69,73
2021_KEN51,2021-06-14,19.1,57,13.3,2,0.4,85.26,14.68,150.9,4.27,23.61,7.57,16.01,74
2021_KEN51,2021-06-15,22.7,47,5.2,74,0.0,87.61,18.0,158.39,3.96,28.03,7.82,13.39,75
2021_KEN51,2021-06-16,26.0,41,22.0,169,0.0,89.76,22.21,166.47,12.54,33.31,21.36,11.09,76
2021_KEN51,2021-06-17,24.1,32,25.3,265,0.3,91.26,26.72,174.22,18.35,38.63,29.87,9.51,77
2021_KEN51,2021-06-18,14.4,73,14.3,321,0.0,85.64,27.82,180.21,4.73,40.14,11.21,15.58,78
2021_KEN51,2021-06-19,17.3,48,10.2,222,0.0,86.86,30.34,186.73,4.57,43.15,11.37,14.22,79
2021_KEN51,2021-06-20,13.8,78,18.5,347,1.8,71.81,28.98,192.62,1.69,42.12,4.5,32.72,80
2021_KEN51,2021-06-21,13.3,42,18.1,313,0.2,83.25,31.18,198.42,4.15,44.77,10.72,18.3,81
2021_KEN51,2021-06-22,17.4,45,6.5,236,0.9,83.67,33.86,204.95,2.44,47.92,7.07,17.82,82
2021_KEN51,2021-06-23,26.2,39,23.7,237,0.0,89.75,38.24,213.07,13.65,52.79,28.38,11.1,83
2021_KEN51,2021-06-24,21.9,41,20.7,278,1.4,86.01,41.81,220.42,6.88,56.72,18.11,15.17,84
2021_KEN51,2021-06-25,24.7,37,11.7,261,0.0,89.86,46.09,228.27,7.58,61.26,20.25,10.98,85
2021_KEN51,2021-06-26,24.9,46,5.1,315,0.0,89.91,49.79,236.15,5.47,65.21,16.47,10.92,86
2021_KEN51,2021-06-27,23.8,51,5.4,266,4.3,70.97,37.92,235.76,0.85,54.09,2.44,33.88,87
2021_KEN51,2021-06-28,24.0,45,8.6,358,0.1,85.17,41.56,243.48,3.33,58.26,10.44,16.1,88
2021_KEN51,2021-06-29,24.7,32,8.0,265,0.0,90.49,46.18,251.33,6.88,63.28,19.2,10.32,89
2021_KEN51,2021-06-30,26.7,39,9.8,36,0.0,90.54,50.64,259.54,7.59,68.08,21.41,10.27,90
2021_KEN51,2021-07-01,26.7,37,1.3,236,0.0,90.81,54.75,268.05,5.14,72.49,16.66,9.98,91
2021_KEN51,2021-07-02,30.6,29,6.6,257,0.0,92.9,60.04,277.26,9.02,77.91,25.94,7.82,92
2021_KEN51,2021-07-03,32.0,34,14.1,218,0.0,92.95,65.17,286.73,13.26,83.11,34.75,7.77,93
2021_KEN51,2021-07-04,28.5,57,8.0,265,0.1,89.68,68.16,295.56,6.13,86.47,20.85,11.17,94
2021_KEN51,2021-07-05,24.5,52,16.3,311,2.5,80.57,59.5,303.67,2.75,79.87,10.78,21.47,95
2021_KEN51,2021-07-06,14.8,53,10.0,52,0.0,84.26,61.25,310.04,3.16,82.0,12.25,17.14,96
2021_KEN51,2021-07-07,21.3,32,5.3,152,0.0,89.45,64.83,317.58,5.17,85.85,18.36,11.42,97
2021_KEN51,2021-07-08,20.9,45,11.4,198,0.0,89.5,67.67,325.05,7.08,89.01,23.47,11.37,98
2021_KEN51,2021-07-09,23.6,48,12.9,240,0.0,89.55,70.69,333.0,7.69,92.36,25.34,11.31,99
2021_KEN51,2021-07-10,27.7,40,12.6,272,0.2,90.37,74.75,341.69,8.53,96.64,27.83,10.44,100
2021_KEN51,2021-07-11,30.8,32,8.0,275,0.0,92.34,79.84,350.94,8.96,101.79,29.49,8.39,101
2021_KEN51,2021-07-12,29.5,33,24.8,204,0.0,92.39,84.66,359.95,21.03,106.62,52.36,8.34,102
2021_KEN51,2021-07-13,23.9,44,14.6,327,4.9,76.59,58.1,354.64,1.76,82.43,7.52,26.4,103
2021_KEN51,2021-07-14,23.3,37,5.1,315,0.0,87.25,61.71,362.54,3.74,86.58,14.43,13.8,104
2021_KEN51,2021-07-15,27.3,26,7.9,227,0.0,92.46,66.64,371.16,9.05,91.99,28.28,8.28,105
2021_KEN51,2021-07-16,30.0,33,17.3,225,0.0,92.51,71.54,380.26,14.64,97.31,39.98,8.22,106
2021_KEN51,2021-07-17,30.2,32,10.2,228,0.0,92.56,76.54,389.4,10.31,102.64,32.54,8.17,107
2021_KEN51,2021-07-18,30.2,32,14.1,212,0.0,92.61,81.53,398.54,12.64,107.89,38.05,8.12,108
2021_KEN51,2021-07-19,23.4,63,11.5,4,1.1,83.75,83.66,406.46,3.18,110.48,14.54,17.73,109
2021_KEN51,2021-07-20,23.4,46,7.4,141,0.0,87.62,86.77,414.37,4.42,113.91,18.91,13.39,110
2021_KEN51,2021-07-21,24.4,60,12.2,137,0.0,87.67,89.17,422.47,5.67,116.74,22.87,13.34,111
2021_KEN51,2021-07-22,25.6,61,15.0,136,0.0,87.71,91.61,430.78,6.58,119.62,25.63,13.28,112
2021_KEN51,2021-07-23,30.7,56,11.8,243,0.7,87.42,94.9,440.01,5.37,123.31,22.5,13.61,113
2021_KEN51,2021-07-24,24.8,39,22.8,288,2.7,84.06,77.65,448.18,5.85,108.36,22.6,17.37,114
2021_KEN51,2021-07-25,24.4,41,21.5,291,0.3,89.04,81.19,456.27,11.03,112.38,35.42,11.85,115
2021_KEN51,2021-07-26,26.6,37,2.1,211,0.0,90.49,85.28,464.77,5.11,116.93,21.25,10.32,116
2021_KEN51,2021-07-27,25.7,39,4.3,246,2.6,80.67,72.31,473.1,1.52,104.64,7.66,21.35,117
2021_KEN51,2021-07-28,28.1,49,13.4,336,0.0,87.81,75.81,481.86,6.15,108.82,23.46,13.18,118
2021_KEN51,2021-07-29,21.8,37,11.1,347,0.0,89.65,79.2,489.49,7.13,112.78,26.43,11.2,119
2021_KEN51,2021-07-30,24.9,51,15.3,255,1.7,83.6,77.04,497.67,3.77,111.09,16.62,17.9,120
2021_KEN51,2021-07-31,21.7,47,16.6,342,2.1,80.69,70.11,505.28,2.83,104.1,12.86,21.33,121
2021_KEN51,2021-08-01,22.1,49,15.1,327,0.0,86.54,72.55,512.26,5.6,107.16,21.78,14.57,122
2021_KEN51,2021-08-02,27.6,32,9.8,276,0.0,91.35,76.58,520.24,8.51,111.96,29.74,9.42,123
2021_KEN51,2021-08-03,29.7,39,10.1,270,0.0,91.4,80.46,528.59,8.7,116.56,30.71,9.37,124
2021_KEN51,2021-08-04,26.6,44,15.5,226,0.1,91.15,83.66,536.38,11.03,120.38,36.42,9.63,125
2021_KEN51,2021-08-05,17.5,97,16.9,2,12.5,24.77,41.73,479.29,0.0,68.54,0.0,133.15,126
2021_KEN51,2021-08-06,20.8,44,7.4,61,0.3,66.27,44.26,486.04,0.8,72.11,3.0,40.64,127
2021_KEN51,2021-08-07,24.2,49,11.8,142,0.0,83.84,46.93,493.4,3.26,75.83,12.02,17.62,128
2021_KEN51,2021-08-08,25.5,50,15.9,176,0.0,87.64,49.67,500.99,6.81,79.61,21.53,13.36,129
2021_KEN51,2021-08-09,25.9,55,5.2,65,0.0,87.69,52.18,508.66,4.0,83.06,14.86,13.31,130
2021_KEN51,2021-08-10,19.4,81,19.9,224,26.9,45.17,21.06,389.35,0.23,37.1,0.31,78.52,131
2021_KEN51,2021-08-11,19.8,49,25.8,251,7.2,65.7,13.78,372.12,1.99,25.22,3.68,41.5,132
2021_KEN51,2021-08-12,13.1,71,28.1,289,1.7,69.35,13.51,377.48,2.52,24.8,4.71,36.16,133
2021_KEN51,2021-08-13,15.8,47,19.2,300,0.2,82.63,15.36,383.33,4.05,27.92,7.97,19.03,134
2021_KEN51,2021-08-14,24.7,42,12.7,205,0.0,88.51,18.45,390.78,6.57,33.0,13.08,12.42,135
2021_KEN51,2021-08-15,29.4,45,17.7,207,0.0,89.72,21.91,399.07,10.05,38.53,19.57,11.13,136
2021_KEN51,2021-08-16,28.5,56,19.5,182,0.0,89.37,24.6,407.21,10.46,42.74,21.22,11.5,137
2021_KEN51,2021-08-17,29.6,54,4.9,287,0.0,89.42,27.51,415.54,5.05,47.21,12.94,11.45,138
2021_KEN51,2021-08-18,31.0,46,9.5,191,0.0,89.88,31.09,424.12,6.8,52.55,17.24,10.96,139
2021_KEN51,2021-08-19,29.9,54,15.0,201,1.0,87.03,34.04,432.51,5.97,56.88,16.31,14.03,140
2021_KEN51,2021-08-20,28.0,60,12.3,177,0.4,87.08,36.44,440.55,5.24,60.39,15.29,13.98,141
2021_KEN51,2021-08-21,11.4,96,26.1,294,40.6,18.79,11.65,288.77,0.0,21.16,0.0,154.57,142
2021_KEN94,2021-07-15,27.0,32,8.2,221,0.0,91.67,107.86,403.04,8.23,129.24,30.78,9.08,105
2021_KEN94,2021-07-16,30.0,32,14.3,208,0.0,92.37,112.82,412.14,12.34,133.96,40.71,8.37,106
2021_KEN94,2021-07-17,29.8,31,11.8,211,0.0,92.58,117.83,421.21,11.21,138.68,38.68,8.15,107
2021_KEN94,2021-07-18,29.9,31,13.9,197,0.0,92.63,122.85,430.3,12.55,143.37,42.03,8.1,108
2021_KLK6,2021-06-16,16.3,35,15.9,332,0.0,88.3,39.64,240.63,7.49,56.16,19.17,12.64,76
2021_KLK6,2021-06-17,24.7,26,18.9,230,0.0,92.3,44.67,248.48,15.41,61.64,33.21,8.44,77
2021_KLK6,2021-06-18,26.9,30,13.1,217,0.1,92.35,49.83,256.73,11.59,67.1,28.57,8.38,78
2021_KLK6,2021-06-19,15.1,72,17.8,306,2.1,73.29,45.48,262.85,1.73,63.49,6.18,30.71,79
2021_NIP18,2021-07-05,20.4,64,18.8,313,1.5,80.91,44.57,216.93,3.24,58.89,10.27,21.06,95
2021_NIP18,2021-07-06,12.1,43,13.9,350,0.1,85.37,46.33,222.81,4.47,60.97,13.58,15.88,96
2021_NIP18,2021-07-07,16.2,39,1.3,146,0.0,87.51,48.81,229.43,3.2,63.73,10.67,13.51,97
2021_NIP18,2021-07-08,22.2,30,8.4,220,0.0,90.78,52.64,237.13,7.32,67.71,20.82,10.01,98
2021_NIP18,2021-07-09,25.3,38,12.6,297,0.0,90.83,56.49,245.39,9.11,71.71,25.04,9.96,99
2021_NIP18,2021-07-10,21.6,64,8.2,337,1.3,81.14,58.41,252.98,1.95,74.06,7.65,20.78,100
2021_NIP18,2021-07-11,21.1,52,10.2,132,0.0,85.78,60.91,260.48,3.92,76.88,14.01,15.42,101
2021_NIP18,2021-07-12,29.0,41,14.7,202,0.0,90.03,65.08,269.41,9.03,81.15,26.48,10.8,102
2021_NIP18,2021-07-13,22.5,66,10.2,247,0.5,87.18,66.96,277.16,4.78,83.5,17.06,13.87,103
2021_NIP18,2021-07-14,19.4,44,5.8,292,9.6,60.89,37.65,258.83,0.58,55.22,1.23,49.04,104
2021_NIP24,2021-07-04,31.3,45,6.0,205,0.0,89.87,26.12,176.02,5.69,38.1,12.63,10.97,94
2021_NIP24,2021-07-05,15.1,69,20.7,311,0.0,85.87,27.3,182.45,6.75,39.73,14.76,15.32,95
2021_NIP24,2021-07-06,11.3,48,13.9,350,2.1,74.5,25.53,188.18,1.5,38.13,3.67,29.11,96
2021_NIP24,2021-07-07,16.5,42,4.7,212,0.0,83.68,27.92,194.86,2.23,41.12,5.87,17.81,97
2021_NIP24,2021-07-08,22.9,33,11.4,235,0.0,89.8,31.7,202.68,7.4,45.58,17.03,11.04,98
2021_NIP24,2021-07-09,21.7,59,10.0,296,0.2,88.1,33.9,210.29,5.4,48.32,13.83,12.86,99
2021_NIP29,2021-07-10,25.6,42,14.8,231,0.0,91.17,42.72,288.29,10.68,62.35,26.03,9.61,100
2021_NIP29,2021-07-11,23.5,60,10.7,104,1.0,84.49,45.03,296.22,3.37,65.26,11.28,16.88,101
2021_NIP29,2021-07-12,24.8,45,18.8,206,0.0,88.46,48.38,304.39,8.87,69.24,24.12,12.47,102
2021_NIP29,2021-07-13,24.8,45,13.3,213,0.0,88.98,51.72,312.56,7.24,73.17,21.51,11.91,103
2021_NIP29,2021-07-14,19.3,49,8.4,295,0.8,85.88,54.17,319.74,3.64,76.1,13.13,15.3,104
2021_NIP29,2021-07-15,24.9,33,7.2,273,0.0,90.44,58.26,327.92,6.56,80.68,21.1,10.37,105
2021_NIP29,2021-07-16,27.5,35,14.0,224,0.0,91.3,62.62,336.58,10.45,85.49,30.07,9.47,106
2021_NIP29,2021-07-17,29.0,42,5.2,245,0.0,91.35,66.72,345.5,6.76,90.0,22.83,9.41,107
2021_NIP37,2021-07-12,28.0,39,14.8,209,0.0,87.01,28.53,254.74,5.89,44.58,14.15,14.05,102
2021_NIP37,2021-07-13,27.8,35,14.5,215,0.0,90.99,32.95,263.45,10.25,50.2,22.68,9.79,103
2021_NIP37,2021-07-14,21.1,39,11.2,320,0.0,91.04,36.13,270.95,8.74,54.19,21.06,9.74,104
2021_NIP37,2021-07-15,25.7,30,9.2,329,0.0,91.96,40.53,279.28,9.01,59.48,22.57,8.79,105
2021_NIP37,2021-07-16,29.3,26,12.2,256,0.0,93.42,45.82,288.26,12.86,65.58,30.32,7.3,106
2021_NIP37,2021-07-17,30.3,37,7.9,286,0.0,93.1,50.46,297.42,9.9,70.87,26.37,7.62,107
2021_NIP37,2021-07-18,20.5,85,8.2,61,5.1,51.9,33.82,292.73,0.31,52.48,0.54,64.87,108
2021_NIP37,2021-07-19,25.4,60,11.3,22,1.0,76.03,36.31,301.01,1.44,55.79,4.7,27.12,109
2021_NIP37,2021-07-20,19.8,37,10.6,35,5.0,70.66,26.57,296.42,1.09,43.41,2.78,34.31,110
2021_NIP37,2021-07-21,23.7,31,7.9,273,0.0,87.59,30.59,304.39,4.52,48.9,12.09,13.41,111
2021_NIP37,2021-07-22,24.5,42,0.4,360,0.0,88.99,34.08,312.5,3.78,53.56,11.03,11.91,112
2021_NIP37,2021-07-23,26.2,39,16.6,180,0.0,90.25,37.99,320.92,10.26,58.63,24.54,10.57,113
2021_NIP37,2021-07-24,22.1,84,10.7,237,7.5,49.35,21.91,307.42,0.26,37.19,0.35,69.85,114
2021_NIP37,2021-07-25,24.4,52,14.1,266,3.2,71.46,19.22,309.67,1.34,33.27,2.85,33.2,115
2021_NIP37,2021-07-26,20.9,61,2.5,360,4.6,57.32,14.36,306.41,0.38,25.71,0.41,55.04,116
2021_NIP37,2021-07-27,21.7,49,0.5,315,8.4,49.07,10.08,290.57,0.15,18.54,0.13,70.41,117
2021_NIP37,2021-07-28,24.3,51,14.2,246,0.3,79.58,13.0,298.65,2.23,23.45,3.96,22.67,118
2021_NIP37,2021-07-29,15.8,51,16.8,350,8.4,60.9,8.53,282.19,1.01,15.87,0.79,49.02,119
2021_NIP37,2021-07-30,19.2,39,13.1,278,0.0,82.43,11.44,289.35,2.91,20.82,4.85,19.26,120
2021_NIP37,2021-07-31,15.7,79,7.4,43,1.2,74.3,12.27,295.88,1.07,22.23,1.21,29.37,121
2021_NIP37,2021-08-01,16.7,62,9.8,332,0.6,80.42,13.67,301.89,1.95,24.55,3.52,21.66,122
2021_NIP37,2021-08-02,24.6,48,18.2,279,0.0,87.32,16.42,309.32,7.3,29.0,13.28,13.72,123
2021_NIP37,2021-08-03,19.8,37,3.4,342,2.0,79.28,17.02,315.89,1.25,30.0,2.38,23.04,124
2021_NIP37,2021-08-04,27.0,51,15.9,218,0.0,87.11,19.86,323.75,6.31,34.44,12.98,13.95,125
2021_NIP37,2021-08-05,25.2,59,13.2,209,0.5,87.16,22.09,331.29,5.55,37.86,12.34,13.89,126
2021_NIP37,2021-08-06,12.4,86,12.1,343,9.1,38.48,11.62,309.17,0.05,21.24,0.04,93.94,127
2021_NIP37,2021-08-07,18.7,43,13.0,109,0.0,73.55,13.95,315.54,1.37,25.12,2.28,30.37,128
2021_NIP37,2021-08-08,22.3,65,11.6,158,0.1,82.0,15.64,322.56,2.56,27.89,5.17,19.76,129
2021_NIP37,2021-08-09,27.1,52,7.4,227,0.1,87.05,18.43,330.44,4.08,32.35,8.74,14.01,130
2021_NIP37,2021-08-10,26.4,58,12.1,170,0.0,87.1,20.82,338.2,5.2,36.08,11.41,13.96,131
2021_NIP37,2021-08-11,21.3,74,21.2,215,3.9,67.62,15.54,336.12,1.69,27.86,3.28,38.66,132
2021_NIP37,2021-08-12,21.2,45,26.6,257,3.0,77.67,14.01,337.41,3.5,25.39,6.6,25.03,133
2021_NIP37,2021-08-13,12.4,91,8.5,282,2.8,50.76,10.76,342.65,0.28,19.95,0.25,67.07,134
2021_NIP37,2021-08-14,19.1,35,14.7,292,0.4,80.55,13.47,349.09,2.53,24.56,4.69,21.5,135
2021_NIP37,2021-08-15,26.8,48,19.4,211,0.0,87.86,16.46,356.92,8.39,29.52,14.93,13.12,136
2021_NIP37,2021-08-16,28.6,42,20.9,212,0.0,90.05,20.02,365.07,12.38,35.21,21.74,10.78,137
2021_NIP37,2021-08-17,27.6,48,21.4,205,0.0,90.1,23.1,373.04,12.78,40.0,23.68,10.73,138
2021_NIP37,2021-08-18,30.3,56,10.7,220,0.0,89.69,25.95,381.5,7.03,44.36,16.15,11.16,139
2021_NIP37,2021-08-19,29.5,55,4.8,222,2.9,77.96,23.17,384.05,1.2,40.27,2.92,24.67,140
2021_NIP37,2021-08-20,30.0,51,10.7,200,0.0,87.39,26.32,392.45,5.06,45.08,12.63,13.64,141
2021_NIP37,2021-08-21,28.0,54,34.3,199,0.0,87.97,29.08,400.5,18.05,49.22,33.12,13.01,142
2021_NIP37,2021-08-22,20.5,45,6.5,267,0.7,87.0,31.53,407.19,3.87,52.84,11.15,14.07,143
2021_NIP37,2021-08-23,24.0,38,18.0,178,0.2,89.81,34.75,414.51,10.33,57.45,24.41,11.03,144
2021_NIP37,2021-08-24,19.4,65,7.2,354,0.1,87.08,36.23,421.01,4.06,59.63,12.42,13.98,145
2021_NIP37,2021-08-25,24.7,50,11.2,230,0.2,87.98,38.89,428.46,5.64,63.39,16.6,12.99,146
2021_NIP37,2021-08-26,11.9,60,10.5,352,0.4,86.57,39.96,433.61,4.46,64.96,14.05,14.54,147
2021_NIP37,2021-08-27,18.2,35,15.8,111,0.0,89.2,42.55,439.89,8.47,68.53,23.23,11.69,148
2021_NIP37,2021-08-28,17.7,73,3.7,169,0.7,84.18,43.6,446.08,2.27,70.08,8.46,17.23,149
2021_NIP37,2021-08-29,18.2,100,14.6,190,4.3,34.01,30.32,438.78,0.02,51.71,0.03,105.44,150
2021_NIP37,2021-08-30,17.2,78,13.4,306,9.6,37.78,15.76,407.22,0.04,28.73,0.05,95.67,151
2021_NIP46,2021-07-13,27.0,42,12.8,218,0.1,90.18,56.04,245.96,8.38,71.41,23.56,10.65,103
2021_NIP46,2021-07-14,20.0,40,7.4,313,0.2,90.23,59.01,253.26,6.43,74.58,19.95,10.59,104
2021_NIP46,2021-07-15,25.5,34,12.0,319,0.0,91.13,63.14,261.55,9.22,78.75,26.48,9.65,105
2021_NIP46,2021-07-16,29.1,29,12.1,243,0.0,92.73,68.17,270.5,11.62,83.64,31.93,8.0,106
2021_NIP46,2021-07-17,29.3,46,7.2,297,0.1,91.46,72.03,279.47,7.59,87.61,24.44,9.3,107
2021_NIP50,2021-07-20,19.5,38,3.9,56,0.2,81.56,42.07,295.87,1.65,62.07,5.81,20.28,110
2021_NIP50,2021-07-21,23.7,34,8.7,218,0.0,89.29,45.91,303.84,6.01,66.64,17.86,11.58,111
2021_NIP50,2021-07-22,24.8,44,7.3,147,0.0,89.34,49.32,312.01,5.64,70.7,17.6,11.53,112
2021_NIP50,2021-07-23,24.1,65,22.3,177,0.0,87.29,51.39,320.05,8.94,73.34,24.99,13.75,113
2021_NIP50,2021-07-24,24.1,45,20.4,284,6.0,76.37,34.97,312.16,2.33,54.64,7.37,26.68,114
2021_NIP54,2021-07-16,28.1,35,13.4,243,0.0,90.81,37.09,264.3,9.46,54.91,22.43,9.97,106
2021_NIP54,2021-07-17,28.9,45,8.2,255,0.0,90.86,40.96,273.21,7.33,59.59,19.48,9.92,107
2021_NIP54,2021-07-18,24.5,59,3.3,84,0.9,84.86,43.43,281.32,2.44,62.67,8.39,16.45,108
2021_NIP54,2021-07-19,13.2,96,12.0,41,6.1,32.88,26.61,272.59,0.01,42.78,0.02,108.55,109
2021_NIP54,2021-07-20,19.1,40,4.1,45,1.4,64.0,29.46,279.73,0.62,46.64,1.0,44.11,110
2021_NIP54,2021-07-21,23.9,35,6.9,227,0.0,85.14,33.27,287.74,3.04,51.62,8.99,16.14,111
2021_NIP54,2021-07-22,24.7,45,6.6,135,0.0,88.27,36.61,295.89,4.67,55.92,13.38,12.68,112
2021_NIP54,2021-07-23,24.1,65,21.7,185,0.0,87.17,38.68,303.93,8.53,58.68,21.56,13.88,113
2021_NIP54,2021-07-24,24.7,46,19.3,284,5.4,77.0,27.72,298.79,2.3,45.0,6.42,25.88,114
2021_NIP54,2021-07-25,21.3,63,17.7,287,0.6,82.9,29.66,306.33,3.89,47.76,10.56,18.71,115
2021_NIP54,2021-07-26,20.7,42,10.7,303,6.6,68.77,19.92,296.33,1.03,34.11,2.02,36.98,116
2021_NIP54,2021-07-27,22.3,34,6.5,267,0.2,85.76,23.55,304.04,3.25,39.46,8.07,15.45,117
2021_NIP54,2021-07-28,22.5,61,9.4,227,0.7,84.63,25.71,311.8,3.22,42.63,8.39,16.72,118
2021_NIP54,2021-07-29,16.1,43,14.8,347,2.2,77.64,24.51,318.4,1.93,41.11,5.07,25.08,119
2021_NIP54,2021-07-30,18.3,56,13.3,237,0.3,83.81,26.52,325.4,3.51,44.06,9.22,17.66,120
2021_NIP54,2021-07-31,17.7,73,12.6,340,4.6,59.44,18.63,321.13,0.75,32.54,0.93,51.43,121
2021_NIP54,2021-08-01,15.3,63,7.9,313,4.7,53.19,13.09,315.49,0.35,23.72,0.35,62.46,122
2021_NIP54,2021-08-02,25.7,45,19.7,285,0.0,83.77,16.13,323.12,4.82,28.69,9.4,17.7,123
2021_NIP54,2021-08-03,20.4,37,0.8,333,3.8,67.7,13.72,321.57,0.61,24.8,0.63,38.53,124
2021_NIP54,2021-08-04,27.9,48,14.5,228,0.0,86.05,16.84,329.59,5.07,29.86,10.04,15.12,125
2021_NIP54,2021-08-05,13.6,100,7.3,81,8.8,21.16,8.59,308.84,0.0,16.06,0.0,145.71,126
2021_NIP54,2021-08-06,15.5,53,9.0,358,19.8,41.42,5.16,254.75,0.07,9.82,0.04,86.9,127
2021_NIP54,2021-08-07,18.6,45,10.4,146,0.0,73.23,7.4,261.1,1.19,13.82,0.86,30.79,128
2021_NIP54,2021-08-08,21.4,63,15.8,180,0.0,82.38,9.12,267.96,3.31,16.8,4.84,19.31,129
2021_NIP54,2021-08-09,21.3,84,3.1,36,1.5,69.82,9.86,274.79,0.73,18.09,0.62,35.49,130
2021_NIP54,2021-08-10,25.9,65,22.7,162,0.4,83.03,11.81,282.46,5.09,21.38,8.36,18.56,131
2021_NIP54,2021-08-11,18.8,80,20.1,246,9.2,51.23,6.61,264.23,0.52,12.44,0.36,66.16,132
2021_NIP54,2021-08-12,14.5,66,23.0,270,0.5,72.31,7.7,269.84,2.16,14.38,2.64,32.04,133
2021_NIP54,2021-08-13,13.6,59,14.1,289,0.2,80.49,8.95,275.3,2.44,16.55,3.42,21.56,134
2021_NIP54,2021-08-14,20.0,37,11.4,257,0.1,87.81,11.69,281.9,5.56,21.19,8.98,13.18,135
2021_NIP54,2021-08-15,27.2,43,18.0,213,0.0,89.62,15.02,289.8,10.06,26.6,16.25,11.23,136
2021_NIP54,2021-08-16,28.3,47,16.0,211,0.0,89.67,18.24,297.9,9.16,31.64,16.53,11.18,137
2021_NIP54,2021-08-17,28.2,54,17.9,214,0.0,89.63,21.02,305.98,10.02,35.88,18.84,11.22,138
2021_NIP54,2021-08-18,30.2,60,7.3,213,0.2,89.01,23.61,314.42,5.37,39.75,12.36,11.88,139
2021_NIP54,2021-08-19,25.9,69,5.6,153,2.9,71.11,20.11,317.2,0.86,34.71,1.48,33.68,140
2021_NIP54,2021-08-20,27.0,65,11.9,194,0.1,82.75,22.14,325.07,2.85,37.83,6.99,18.89,141
2021_NIP54,2021-08-21,19.8,95,20.0,188,3.1,50.76,16.94,325.89,0.49,29.99,0.58,67.07,142
2021_NIP54,2021-08-22,17.6,53,9.9,260,0.3,74.26,18.76,332.07,1.21,32.88,2.48,29.43,143
2021_NIP60,2021-07-19,12.2,96,12.0,44,4.6,35.28,23.91,267.04,0.02,39.08,0.03,102.07,109
2021_NIP60,2021-07-20,19.2,39,2.4,63,0.2,67.52,26.82,274.2,0.65,43.1,0.99,38.79,110
2021_NIP60,2021-07-21,23.9,35,8.1,225,0.0,86.21,30.64,282.2,3.75,48.2,10.3,14.94,111
2021_NIP60,2021-07-22,24.7,45,8.2,139,0.0,88.53,33.97,290.35,5.25,52.57,14.17,12.4,112
2021_NIP60,2021-07-23,24.7,63,24.1,178,0.0,87.59,36.21,298.5,10.23,55.57,23.84,13.41,113
2021_NIP60,2021-07-24,23.5,47,18.7,281,6.4,74.29,24.25,290.0,1.89,40.12,4.9,29.39,114
2021_NIP62,2021-07-20,19.0,39,1.6,27,0.2,63.37,21.96,259.45,0.53,36.25,0.72,45.07,110
2021_NIP62,2021-07-21,23.9,36,9.0,241,0.0,85.22,25.72,267.45,3.42,41.47,8.7,16.05,111
2021_NIP62,2021-07-22,24.5,44,8.0,126,0.0,88.45,29.09,275.57,5.14,46.03,12.94,12.48,112
2021_NIP62,2021-07-23,24.8,62,24.5,181,0.0,87.76,31.4,283.73,10.68,49.19,23.11,13.24,113
2021_NIP62,2021-07-24,23.7,46,18.2,278,5.5,75.66,22.46,278.73,1.99,37.39,4.91,27.59,114
2021_NIP62,2021-07-25,19.2,74,15.3,279,2.0,70.44,21.16,285.89,1.37,35.72,3.13,34.62,115
2021_NIP62,2021-07-26,20.2,37,13.1,302,1.3,82.21,24.31,293.23,2.83,40.28,7.22,19.52,116
2021_NIP62,2021-07-27,22.1,32,7.6,251,0.1,89.32,28.02,300.91,5.71,45.46,13.95,11.55,117
2021_NIP62,2021-07-28,21.2,66,12.5,237,1.3,80.8,29.8,308.43,2.33,48.0,6.77,21.19,118
2021_NIP62,2021-07-29,15.2,44,15.2,346,3.1,72.21,25.08,309.37,1.45,41.71,3.79,32.17,119
2021_NIP62,2021-07-30,18.1,58,14.0,226,0.2,81.89,26.97,316.33,2.85,44.47,7.73,19.9,120
2021_NIP62,2021-07-31,15.7,78,15.0,343,2.9,63.05,22.04,317.95,1.03,37.57,2.24,45.58,121
2021_NIP7,2021-06-06,19.9,66,17.7,185,0.0,80.09,19.22,115.65,2.8,27.16,5.56,22.04,66
2021_NIP7,2021-06-07,25.8,26,14.4,271,0.0,91.44,24.47,123.7,10.89,32.74,19.11,9.32,67
2021_NIP7,2021-06-08,26.2,35,3.6,360,0.0,91.49,29.14,131.82,6.36,37.53,13.68,9.27,68
2021_NIP7,2021-06-09,24.8,31,13.9,127,0.0,91.72,33.84,139.69,11.03,42.15,21.89,9.04,69
2021_NIP7,2021-06-10,11.6,97,15.1,147,26.2,18.08,11.58,91.76,0.0,17.6,0.0,157.32,70
2021_NIP71,2021-08-16,29.1,42,19.7,215,0.0,90.21,25.04,401.58,11.92,43.32,23.44,10.61,137
2021_NIP71,2021-08-17,28.2,47,20.5,204,0.0,90.26,28.25,409.66,12.5,48.18,25.53,10.56,138
2021_NIP71,2021-08-18,30.6,55,8.9,212,0.0,89.91,31.19,418.17,6.63,52.58,16.91,10.93,139
2021_NIP71,2021-08-19,28.9,58,2.8,220,5.8,67.4,21.38,407.01,0.66,37.8,0.92,38.98,140
2021_NIP71,2021-08-20,29.9,53,9.4,182,0.0,85.12,24.39,415.39,3.44,42.53,8.88,16.17,141
2021_NIP71,2021-08-21,28.6,51,33.5,197,0.0,88.38,27.39,423.54,18.38,47.16,32.85,12.56,142
2021_NIP71,2021-08-22,20.3,47,7.6,265,0.1,88.43,29.73,430.2,5.02,50.71,13.41,12.51,143
2021_NIP71,2021-08-23,24.0,39,17.1,172,0.0,89.83,32.9,437.53,9.9,55.38,23.26,11.01,144
2021_NIP71,2021-08-24,19.0,67,8.7,353,0.4,86.72,34.26,443.95,4.15,57.45,12.39,14.38,145
2021_NIP71,2021-08-25,24.3,53,10.7,222,0.0,87.42,36.73,451.33,5.08,61.04,15.01,13.6,146
2021_NIP71,2021-08-26,11.7,61,10.3,348,0.4,86.26,37.76,456.44,4.22,62.58,13.19,14.88,147
2021_NIP71,2021-08-27,18.4,35,15.1,115,0.0,89.16,40.38,462.75,8.13,66.29,22.19,11.73,148
2021_NIP71,2021-08-28,18.4,69,4.8,153,0.3,86.35,41.62,469.07,3.24,68.13,11.21,14.79,149
2021_NIP73,2021-08-03,18.8,40,7.6,245,0.0,86.12,13.07,274.19,3.61,23.36,6.46,15.04,124
2021_NIP73,2021-08-04,25.8,55,11.3,217,0.0,87.25,15.57,281.84,5.11,27.36,9.62,13.8,125
2021_NIP73,2021-08-05,11.0,71,7.3,70,4.4,54.3,10.66,277.45,0.38,19.45,0.34,60.41,126
2021_NIP8,2021-06-06,21.2,62,17.7,185,0.0,81.47,21.9,119.99,3.26,30.07,6.86,20.4,66
2021_NIP8,2021-06-07,25.8,26,14.4,271,0.0,91.62,27.14,128.04,11.16,35.48,20.25,9.14,67
2021_NIP8,2021-06-08,27.3,33,3.6,360,0.0,91.75,32.15,136.36,6.59,40.45,14.64,9.01,68
2021_NIP8,2021-06-09,25.5,31,13.9,127,0.0,91.85,36.98,144.35,11.25,45.09,22.95,8.9,69
2021_RED10,2021-05-17,20.0,41,8.7,128,1.0,85.82,41.38,104.76,3.66,41.64,9.24,15.38,46
2021_RED10,2021-05-18,23.5,37,23.2,193,0.0,89.8,45.46,111.39,13.4,45.44,26.04,11.05,47
2021_RED10,2021-05-19,22.2,56,19.5,205,0.0,88.51,48.16,117.79,9.25,48.14,20.63,12.42,48
2021_RED10,2021-05-20,11.7,100,18.4,42,10.0,20.04,24.7,104.14,0.0,31.01,0.0,149.81,49
2021_RED10,2021-05-21,9.3,85,9.8,96,11.7,19.7,11.92,87.22,0.0,17.77,0.0,151.09,50
2021_RED10,2021-05-22,7.0,93,13.2,22,13.6,11.6,5.52,67.08,0.0,9.16,0.0,185.07,51
2021_RED10,2021-05-23,8.8,70,14.6,130,0.1,39.0,6.3,71.07,0.06,10.32,0.04,92.67,52
2021_RED10,2021-05-24,19.4,68,19.6,186,0.0,68.92,8.03,76.97,1.62,12.74,1.48,36.77,53
2021_RED10,2021-05-25,19.7,44,24.2,227,0.2,84.83,11.1,82.92,6.97,16.63,9.58,16.49,54
2021_RED10,2021-05-26,4.0,45,14.2,333,2.8,66.18,8.79,86.04,1.13,14.0,0.82,40.78,55
2021_RED10,2021-05-27,9.1,37,6.0,57,0.0,78.81,10.48,90.08,1.37,16.24,1.39,23.61,56
2021_RED10,2021-05-28,14.3,33,15.1,179,0.0,86.84,13.2,95.06,5.83,19.6,8.97,14.25,57
2021_RED10,2021-05-29,16.1,48,23.7,193,0.0,87.06,15.55,100.36,9.28,22.42,14.04,14.01,58
2021_RED10,2021-05-30,19.0,48,10.2,247,1.0,84.39,18.31,106.19,3.24,25.58,6.16,17.0,59
2021_RED10,2021-05-31,17.6,46,7.2,273,2.2,75.79,18.15,111.76,1.15,25.82,1.78,27.43,60
2021_RED10,2021-06-01,21.7,37,12.9,193,0.0,87.37,21.93,119.07,5.64,30.04,11.0,13.66,61
2021_RED10,2021-06-02,23.2,39,12.8,248,0.0,89.5,25.84,126.65,7.61,34.22,14.95,11.36,62
2021_RED10,2021-06-03,24.0,47,6.7,344,0.1,89.55,29.34,134.37,5.63,37.96,12.51,11.31,63
2021_RED10,2021-06-04,28.4,39,17.7,258,0.0,90.67,34.08,142.89,11.52,42.7,22.71,10.12,64
2021_RED10,2021-06-05,26.3,42,8.6,180,0.0,90.72,38.26,151.03,7.33,46.85,17.16,10.07,65
2021_RED10,2021-06-06,22.4,83,15.1,218,4.3,60.21,27.44,151.92,0.89,37.81,1.77,50.15,66
2021_RED10,2021-06-07,22.0,43,8.4,250,1.6,77.03,29.77,159.28,1.33,40.58,3.36,25.85,67
2021_RED10,2021-06-08,26.4,34,4.2,59,0.1,88.7,34.55,167.44,4.4,45.58,11.36,12.22,68
2021_RED10,2021-06-09,17.9,97,14.8,141,9.9,26.6,16.9,153.8,0.0,26.51,0.0,127.19,69
2021_RED10,2021-06-10,17.3,78,11.9,65,17.1,32.97,8.37,124.59,0.01,14.34,0.01,108.3,70
2021_RED10,2021-06-11,20.6,69,27.1,126,0.0,68.88,10.14,131.71,2.37,17.01,3.37,36.83,71
2021_RED10,2021-06-12,19.7,64,23.1,256,4.4,66.73,8.03,132.19,1.8,13.95,1.98,39.96,72
2021_RED10,2021-06-13,23.0,42,15.7,302,1.3,82.45,11.71,139.74,3.32,19.37,5.3,19.24,73
2021_RED10,2021-06-14,18.3,59,13.3,2,0.4,84.73,13.81,146.43,3.97,22.35,6.86,16.6,74
2021_RED10,2021-06-15,22.6,46,5.2,74,0.0,87.61,17.18,153.91,3.96,26.86,7.62,13.4,75
2021_RED10,2021-06-16,25.9,41,22.0,169,0.0,89.74,21.37,161.97,12.51,32.14,20.95,11.11,76
2021_RED10,2021-06-17,23.9,31,25.3,265,0.3,91.41,25.91,169.68,18.75,37.51,29.89,9.36,77
2021_RED10,2021-06-18,13.6,72,14.3,321,0.0,85.81,27.0,175.53,4.85,39.0,11.25,15.39,78
2021_RED10,2021-06-19,17.3,47,10.2,222,0.0,87.04,29.56,182.05,4.69,42.05,11.43,14.02,79
2021_RED10,2021-06-20,13.1,77,18.5,347,1.8,71.92,28.24,187.81,1.7,41.05,4.44,32.57,80
2021_RED10,2021-06-21,13.0,42,18.1,313,0.2,83.19,30.4,193.55,4.12,43.65,10.5,18.38,81
2021_RED10,2021-06-22,17.2,44,6.5,236,0.9,83.76,33.1,200.05,2.47,46.82,7.04,17.72,82
2021_RED10,2021-06-23,25.9,39,23.7,237,0.0,89.69,37.43,208.12,13.54,51.64,27.92,11.16,83
2021_RED10,2021-06-24,21.5,41,20.7,278,1.4,85.85,40.94,215.39,6.73,55.51,17.62,15.34,84
2021_RED10,2021-06-25,24.5,35,11.7,261,0.0,90.15,45.32,223.21,7.89,60.12,20.65,10.68,85
2021_RED10,2021-06-26,24.7,51,5.1,315,0.0,89.69,48.65,231.06,5.3,63.75,15.89,11.16,86
2021_RED10,2021-06-27,23.7,53,5.4,266,4.3,70.19,36.99,230.74,0.83,52.81,2.3,34.97,87
2021_RED10,2021-06-28,23.6,46,8.6,358,0.1,84.66,40.5,238.4,3.1,56.85,9.7,16.69,88
2021_RED10,2021-06-29,24.5,31,8.0,265,0.0,90.54,45.15,246.21,6.93,61.91,19.07,10.27,89
2021_RED10,2021-06-30,26.3,39,9.8,36,0.0,90.59,49.55,254.35,7.64,66.64,21.28,10.21,90
2021_RED10,2021-07-01,26.3,37,1.3,236,0.0,90.77,53.6,262.79,5.11,71.0,16.39,10.02,91
2021_RED10,2021-07-02,30.4,31,6.6,257,0.0,92.49,58.71,271.96,8.52,76.26,24.65,8.24,92
2021_RED10,2021-07-03,31.7,35,14.1,218,0.0,92.54,63.71,281.37,12.51,81.37,33.09,8.19,93
2021_RED10,2021-07-04,28.3,57,8.0,265,0.1,89.6,66.68,290.17,6.06,84.7,20.46,11.25,94
2021_RED10,2021-07-05,23.3,55,16.3,311,2.5,79.13,58.03,298.07,2.37,78.07,9.39,23.23,95
2021_RED10,2021-07-06,15.4,47,10.0,52,0.0,84.74,60.09,304.54,3.37,80.48,12.75,16.59,96
2021_RED10,2021-07-07,21.1,32,5.3,152,0.0,89.52,63.63,312.05,5.23,84.29,18.31,11.34,97
2021_RED10,2021-07-08,21.6,39,11.4,198,0.0,89.62,66.88,319.64,7.21,87.82,23.6,11.23,98
2021_RED10,2021-07-09,23.2,52,12.9,240,0.0,89.22,69.62,327.52,7.35,90.92,24.34,11.66,99
2021_RED10,2021-07-10,27.8,40,12.6,272,0.2,90.35,73.69,336.23,8.5,95.22,27.56,10.46,100
2021_RED10,2021-07-11,30.6,32,8.0,275,0.0,92.31,78.76,345.44,8.91,100.33,29.18,8.43,101
2021_RED10,2021-07-12,29.2,33,24.8,204,0.0,92.36,83.52,354.4,20.92,105.12,51.88,8.38,102
2021_RED10,2021-07-13,23.2,47,14.6,327,4.9,75.11,57.19,349.14,1.61,81.15,6.84,28.32,103
2021_RED10,2021-07-14,22.9,37,5.1,315,0.0,86.76,60.74,356.97,3.48,85.23,13.55,14.33,104
2021_RED10,2021-07-15,27.1,27,7.9,227,0.0,92.16,65.58,365.55,8.68,90.55,27.26,8.58,105
2021_RED10,2021-07-16,29.8,34,17.3,225,0.0,92.21,70.37,374.62,14.03,95.76,38.61,8.53,106
2021_RED102,2021-07-14,22.2,33,6.3,294,0.0,85.71,70.08,348.06,3.19,93.23,13.33,15.5,104
2021_RED102,2021-07-15,27.4,25,9.8,246,0.0,92.55,75.1,356.7,10.09,98.4,31.45,8.18,105
2021_RED102,2021-07-16,30.9,32,18.7,232,0.0,92.6,80.21,365.96,15.91,103.63,43.38,8.13,106
2021_RED102,2021-07-17,21.8,77,8.5,12,6.0,56.43,50.16,355.76,0.48,74.18,1.37,56.59,107
2021_RED102,2021-07-18,29.9,33,11.8,247,0.0,88.01,55.04,364.85,5.84,79.94,19.31,12.96,108
2021_RED102,2021-07-19,16.6,59,12.8,40,2.0,75.86,51.27,371.54,1.54,76.24,6.27,27.34,109
2021_RED102,2021-07-20,22.2,36,5.0,120,0.0,86.89,54.77,379.24,3.53,80.48,13.25,14.18,110
2021_RED102,2021-07-21,26.4,38,5.6,195,0.0,89.99,58.78,387.7,5.68,85.24,19.58,10.84,111
2021_RED102,2021-07-22,25.8,50,14.4,143,14.8,70.04,29.87,342.62,1.29,49.05,3.79,35.18,112
2021_RED102,2021-07-23,23.1,80,14.6,196,4.5,57.95,21.05,339.22,0.74,36.44,1.02,53.95,113
2021_RED102,2021-07-24,22.9,40,22.0,280,1.8,80.9,22.68,347.05,3.8,38.99,9.18,21.07,114
2021_RED102,2021-07-25,18.7,73,13.0,304,3.2,64.88,18.22,347.67,1.01,32.23,1.83,42.75,115
2021_RED102,2021-07-26,21.3,48,11.9,295,8.0,64.21,12.35,330.76,0.93,22.58,0.91,43.78,116
2021_RED102,2021-07-27,23.2,48,10.1,276,0.5,82.85,15.31,338.64,2.64,27.52,5.28,18.77,117
2021_RED102,2021-07-28,23.4,63,13.7,325,6.2,66.29,10.78,329.15,1.1,19.92,1.0,40.62,118
2021_RED102,2021-07-29,17.1,43,8.1,339,0.4,81.48,13.21,335.93,2.02,24.06,3.61,20.38,119
2021_RED102,2021-07-30,22.2,75,11.9,273,11.4,52.33,7.58,307.93,0.39,14.29,0.29,64.06,120
2021_RED102,2021-07-31,18.9,50,19.2,334,6.5,63.49,6.12,297.87,1.3,11.65,0.85,44.9,121
2021_RED102,2021-08-01,22.4,49,11.3,323,0.0,82.32,8.6,304.91,2.62,16.06,3.64,19.39,122
2021_RED102,2021-08-02,25.3,53,13.8,276,0.2,86.83,11.16,312.47,5.46,20.49,8.68,14.25,123
2021_RED102,2021-08-03,25.0,43,0.5,315,4.1,68.76,10.03,310.9,0.62,18.57,0.53,37.0,124
2021_RED102,2021-08-04,25.4,61,10.4,358,0.0,82.29,12.17,318.48,2.49,22.21,4.31,19.43,125
2021_RED108,2021-07-13,21.1,49,14.6,340,9.1,67.47,44.13,337.9,1.2,66.53,4.45,38.88,103
2021_RED108,2021-07-14,23.2,32,5.1,315,0.0,85.89,48.01,345.78,3.08,71.28,11.06,15.3,104
2021_RED108,2021-07-15,26.8,31,13.4,211,0.0,91.38,52.53,354.31,10.26,76.65,28.1,9.39,105
2021_RED108,2021-07-16,30.8,36,18.0,213,0.0,91.74,57.32,363.55,13.62,82.23,35.18,9.01,106
2021_RED108,2021-07-17,25.2,66,3.4,32,3.7,67.26,44.1,363.09,0.68,67.66,2.24,39.18,107
2021_RED108,2021-07-18,30.2,33,16.4,220,0.0,90.03,49.02,372.23,9.84,73.76,26.78,10.8,108
2021_RED108,2021-07-19,18.8,60,12.7,45,3.0,72.13,40.69,373.28,1.28,63.95,4.59,32.28,109
2021_RED108,2021-07-20,23.2,39,7.0,145,0.0,86.06,44.17,381.16,3.47,68.49,11.9,15.11,110
2021_RED108,2021-07-21,25.7,55,9.0,178,0.0,87.2,47.0,389.49,4.52,72.21,15.06,13.85,111
2021_RED108,2021-07-22,27.2,50,13.8,141,3.5,79.42,38.6,389.65,2.15,61.87,7.43,22.87,112
2021_RED108,2021-07-23,23.5,78,9.7,248,11.2,49.66,19.65,357.78,0.26,34.56,0.33,69.22,113
2021_RED108,2021-07-24,23.2,42,23.5,281,0.1,82.82,22.96,365.66,5.16,39.69,11.94,18.81,114
2021_RED108,2021-07-25,22.1,60,16.7,276,0.2,85.35,25.14,373.35,5.13,43.03,12.45,15.9,115
2021_RED108,2021-07-26,22.2,52,7.3,290,2.9,74.27,22.28,375.4,1.07,38.8,2.42,29.42,116
2021_RED108,2021-07-27,24.8,42,9.8,262,0.0,86.85,25.81,383.56,4.47,44.18,11.31,14.24,117
2021_RED108,2021-07-28,24.8,52,15.9,332,1.8,82.68,26.75,391.73,3.45,45.69,9.31,18.97,118
2021_RED108,2021-07-29,21.2,34,8.5,332,0.2,88.92,30.2,399.25,5.63,50.8,14.68,11.98,119
2021_RED108,2021-07-30,22.5,76,10.2,280,16.8,49.33,13.49,344.47,0.25,24.57,0.26,69.89,120
2021_RED108,2021-07-31,20.4,47,16.5,337,9.7,62.42,9.28,321.45,1.08,17.31,0.89,46.58,121
2021_RED108,2021-08-01,23.9,43,13.0,321,0.0,84.23,12.22,328.75,3.65,22.37,6.35,17.18,122
2021_RED108,2021-08-02,26.7,44,16.2,266,0.1,88.91,15.44,336.56,8.3,27.7,14.33,11.99,123
2021_RED108,2021-08-03,27.3,45,2.7,293,2.4,79.77,15.67,344.48,1.27,28.14,2.28,22.43,124
2021_RED108,2021-08-04,25.4,63,7.1,24,0.2,84.43,17.7,352.06,2.79,31.44,6.09,16.94,125
2021_RED108,2021-08-05,14.7,80,13.7,23,18.7,39.57,8.15,295.21,0.06,15.25,0.05,91.28,126
2021_RED111,2021-07-11,29.4,37,9.3,167,0.0,91.19,44.77,299.07,8.12,65.16,21.96,9.59,101
2021_RED111,2021-07-12,28.7,43,17.7,219,0.0,91.24,48.76,307.94,12.48,69.87,30.65,9.53,102
2021_RED111,2021-07-13,19.1,55,11.8,337,19.3,57.29,22.52,256.84,0.61,36.95,0.83,55.09,103
2021_RED111,2021-07-14,23.0,36,4.8,318,0.0,81.96,26.15,264.68,1.81,41.93,4.82,19.82,104
2021_RED111,2021-07-15,26.9,33,12.5,226,0.0,90.51,30.55,273.23,8.66,47.75,19.59,10.29,105
2021_RED111,2021-07-16,30.4,40,15.8,221,0.0,90.9,34.99,282.4,10.81,53.43,24.3,9.88,106
2021_RED111,2021-07-17,17.2,75,10.7,42,5.1,57.11,23.41,277.56,0.57,38.67,0.8,55.41,107
2021_RED111,2021-07-18,22.3,73,2.5,90,0.5,70.81,24.89,285.28,0.73,40.87,1.3,34.1,108
2021_RED111,2021-07-19,18.0,48,11.0,49,9.7,59.19,14.68,265.87,0.68,25.81,0.72,51.86,109
2021_RED111,2021-07-20,21.9,39,5.9,133,0.0,81.67,17.98,273.52,1.84,30.88,3.93,20.15,110
2021_RED111,2021-07-21,24.3,53,4.7,171,0.0,86.08,20.78,281.59,3.1,35.09,7.21,15.08,111
2021_RED111,2021-07-22,25.7,53,15.0,145,5.6,74.05,15.45,276.7,1.55,27.12,2.89,29.71,112
2021_RED111,2021-07-23,24.3,76,16.1,207,4.3,63.84,11.37,275.84,1.13,20.61,1.23,44.35,113
2021_RED111,2021-07-24,22.6,43,21.8,279,0.1,84.97,14.54,283.61,6.29,25.78,11.08,16.34,114
2021_RED111,2021-07-25,17.9,78,9.2,315,4.3,56.54,10.26,281.45,0.51,18.8,0.44,56.4,115
2021_RED111,2021-07-26,20.7,40,9.4,313,0.2,80.97,13.33,288.88,2.03,23.9,3.62,20.99,116
2021_RED111,2021-07-27,23.8,49,8.6,268,0.3,86.68,16.31,296.86,4.11,28.68,8.2,14.42,117
2021_RED111,2021-07-28,23.7,51,16.2,323,6.2,72.5,12.13,289.12,1.54,21.95,2.38,31.78,118
2021_RED111,2021-07-29,17.7,45,6.3,301,0.0,83.13,14.55,296.01,2.26,25.92,4.31,18.44,119
2021_RED111,2021-07-30,24.5,59,9.5,299,7.4,65.34,10.2,284.51,0.86,18.72,0.75,42.05,120
2021_RED111,2021-07-31,19.2,51,19.7,336,2.9,72.66,9.53,287.14,1.85,17.59,2.53,31.57,121
2021_RED111,2021-08-01,23.2,48,12.5,321,0.0,85.18,12.14,294.32,4.05,22.0,6.93,16.1,122
2021_RED111,2021-08-02,25.8,51,10.3,331,0.0,87.65,14.86,301.97,5.15,26.46,9.51,13.35,123
2021_RED111,2021-08-03,25.3,39,2.2,171,2.0,81.34,16.16,309.53,1.47,28.59,2.83,20.55,124
2021_RED111,2021-08-04,22.5,80,3.6,360,0.6,80.66,17.14,316.58,1.46,30.19,2.94,21.36,125
2021_RED111,2021-08-05,13.2,73,9.2,26,7.6,46.85,9.95,300.65,0.17,18.38,0.15,74.95,126
2021_RED114,2021-07-13,21.1,53,14.6,340,8.0,67.2,46.91,339.99,1.19,69.76,4.57,39.26,103
2021_RED114,2021-07-14,22.7,37,5.4,312,0.0,84.68,50.43,347.78,2.65,74.03,9.97,16.67,104
2021_RED114,2021-07-15,26.7,31,12.3,212,0.0,91.18,54.94,356.29,9.43,79.3,26.99,9.59,105
2021_RED114,2021-07-16,30.5,36,18.4,215,0.0,91.68,59.69,365.49,13.77,84.77,35.98,9.07,106
2021_RED114,2021-07-17,27.4,57,3.7,259,1.7,81.32,59.19,374.12,1.58,84.83,6.95,20.58,107
2021_RED114,2021-07-18,30.1,33,16.1,219,0.8,90.73,64.1,383.24,10.71,90.4,31.42,10.06,108
2021_RED114,2021-07-19,19.5,64,13.0,42,2.3,75.05,56.64,390.46,1.48,83.13,6.43,28.4,109
2021_RED114,2021-07-20,23.1,43,7.0,145,0.0,86.0,59.88,398.32,3.45,87.05,13.6,15.18,110
2021_RED114,2021-07-21,25.8,56,8.8,171,0.1,87.06,62.66,406.67,4.38,90.47,16.7,14.01,111
2021_RED114,2021-07-22,26.9,53,13.8,141,3.4,78.56,50.11,406.86,1.98,76.63,7.95,23.93,112
2021_RED114,2021-07-23,22.0,86,9.6,250,14.6,38.23,23.54,359.44,0.04,40.46,0.06,94.54,113
2021_RED114,2021-07-24,23.1,46,22.5,283,1.3,76.88,26.61,367.3,2.68,45.06,7.39,26.04,114
2021_RED114,2021-07-25,22.0,61,17.7,282,0.5,83.89,28.73,374.97,4.43,48.22,11.79,17.56,115
2021_RED114,2021-07-26,22.1,54,5.9,308,0.6,85.55,31.23,382.65,3.06,51.88,9.07,15.68,116
2021_RED114,2021-07-27,24.5,45,9.5,259,0.0,88.4,34.54,390.76,5.5,56.58,15.29,12.54,117
2021_RED114,2021-07-28,24.8,55,15.3,333,1.1,84.98,37.28,398.93,4.54,60.44,13.69,16.32,118
2021_RED114,2021-07-29,21.0,37,8.7,336,0.0,88.89,40.55,406.42,5.66,64.91,16.86,12.02,119
2021_RED114,2021-07-30,22.3,74,11.6,275,10.5,54.6,21.41,375.57,0.48,37.48,0.66,59.87,120
2021_RED114,2021-07-31,20.1,54,16.3,338,8.6,60.8,13.38,354.4,0.98,24.45,1.07,49.18,121
2021_RED114,2021-08-01,23.4,46,13.3,319,0.0,83.05,16.11,361.61,3.18,28.99,6.53,18.54,122
2021_RED114,2021-08-02,26.7,41,15.2,266,0.0,89.25,19.49,369.42,8.28,34.44,16.01,11.63,123
2021_RED114,2021-08-03,28.0,44,2.5,278,1.7,83.54,21.54,377.47,1.96,37.7,4.87,17.97,124
2021_RED114,2021-08-04,24.7,70,6.6,22,0.4,84.32,23.14,384.92,2.68,40.23,6.87,17.07,125
2021_RED114,2021-08-05,14.9,83,14.2,21,26.0,35.9,9.39,297.64,0.03,17.41,0.03,100.45,126
2021_RED12,2021-05-17,19.9,42,7.1,120,0.5,88.6,36.66,104.36,5.02,39.04,11.58,12.32,46
2021_RED12,2021-05-18,23.8,35,22.2,197,0.0,90.53,40.92,111.05,14.15,42.6,26.2,10.28,47
2021_RED12,2021-05-19,21.7,57,19.4,202,0.0,88.41,43.5,117.36,9.08,45.16,19.69,12.53,48
2021_RED120,2021-07-15,27.0,29,12.4,216,0.0,91.7,52.93,348.21,10.21,76.71,28.02,9.05,105
2021_RED120,2021-07-16,30.9,34,18.5,217,0.0,92.15,57.89,357.47,14.79,82.42,37.18,8.59,106
2021_RED120,2021-07-17,24.1,71,3.6,6,3.8,64.16,43.71,356.55,0.61,66.91,1.87,43.86,107
2021_RED120,2021-07-18,30.0,33,16.3,225,0.0,89.61,48.6,365.65,9.21,72.96,25.45,11.25,108
2021_RED120,2021-07-19,18.3,60,13.0,44,3.6,69.45,37.94,364.3,1.18,60.21,4.04,36.02,109
2021_RED120,2021-07-20,22.9,38,6.4,142,0.0,85.37,41.44,372.13,3.06,64.83,10.39,15.88,110
2021_RED120,2021-07-21,26.3,52,8.9,194,0.0,87.6,44.52,380.57,4.76,68.9,15.27,13.41,111
2021_RED120,2021-07-22,27.0,50,14.6,142,6.1,75.71,30.49,370.25,1.67,50.57,5.07,27.54,112
2021_RED120,2021-07-23,22.8,81,10.0,229,10.4,46.54,15.61,343.07,0.17,28.03,0.19,75.61,113
2021_RED120,2021-07-24,22.9,43,23.4,281,0.2,81.69,18.82,350.89,4.46,33.19,9.59,20.13,114
2021_RED120,2021-07-25,21.8,59,16.3,275,0.1,85.2,21.03,358.52,4.92,36.68,11.01,16.08,115
2021_RED120,2021-07-26,21.9,53,7.8,292,4.7,68.43,16.05,353.67,0.88,28.83,1.1,37.48,116
2021_RED120,2021-07-27,24.3,45,10.1,266,1.0,82.88,19.33,361.75,2.64,34.1,6.1,18.74,117
2021_RED120,2021-07-28,24.2,58,15.1,332,2.1,79.12,19.2,369.81,2.23,33.99,5.15,23.23,118
2021_RED120,2021-07-29,20.0,37,8.7,336,0.3,87.32,22.32,377.11,4.52,38.89,10.61,13.72,119
2021_RED120,2021-07-30,22.5,75,10.1,276,19.8,48.96,10.48,314.76,0.24,19.36,0.21,70.63,120
2021_RED120,2021-07-31,19.9,52,16.6,336,10.2,59.62,7.32,292.08,0.92,13.77,0.67,51.13,121
2021_RED127,2021-07-15,27.5,25,10.2,238,0.0,92.57,74.58,366.71,10.33,98.89,32.03,8.16,105
2021_RED127,2021-07-16,30.9,31,19.2,230,0.0,92.77,79.77,375.98,16.72,104.24,44.9,7.95,106
2021_RED127,2021-07-17,23.7,72,5.6,333,2.8,69.89,64.55,378.67,0.83,90.52,3.78,35.39,107
2021_RED127,2021-07-18,30.5,30,14.5,240,0.2,90.89,69.75,387.86,10.12,96.23,31.17,9.89,108
2021_RED135,2021-07-17,30.6,36,9.1,263,0.0,92.47,105.62,382.81,9.63,125.01,33.78,8.26,107
2021_RED135,2021-07-18,30.6,29,13.3,232,0.7,92.66,110.9,392.02,12.24,129.92,40.07,8.06,108
2021_RED135,2021-07-19,18.2,69,14.0,23,1.5,78.92,112.31,399.0,2.07,131.84,11.25,23.47,109
2021_RED137,2021-07-16,30.6,33,19.6,226,0.0,92.32,60.3,360.67,16.01,85.05,39.76,8.42,106
2021_RED137,2021-07-17,27.6,53,6.2,260,0.3,90.15,63.46,369.34,5.99,88.79,20.79,10.67,107
2021_RED137,2021-07-18,30.3,31,15.0,224,0.2,92.49,68.55,378.5,13.0,94.37,36.48,8.25,108
2021_RED137,2021-07-19,18.7,64,13.0,34,4.5,66.08,48.07,373.26,1.06,72.72,4.16,40.93,109
2021_RED137,2021-07-20,22.8,41,7.0,145,0.0,83.98,51.38,381.07,2.61,76.85,10.1,17.46,110
2021_RED137,2021-07-21,26.5,51,9.5,191,0.0,87.54,54.55,389.54,4.87,80.81,16.97,13.47,111
2021_RED137,2021-07-22,27.0,50,15.7,143,2.0,83.57,52.43,398.11,3.83,78.89,13.97,17.94,112
2021_RED137,2021-07-23,21.2,91,9.5,205,19.1,30.07,22.62,334.65,0.01,38.7,0.01,116.57,113
2021_RED137,2021-07-24,22.9,44,21.7,282,1.9,73.63,23.58,342.48,2.14,40.23,5.54,30.26,114
2021_RED137,2021-07-25,22.2,60,17.4,283,0.1,83.35,25.77,350.18,4.06,43.53,10.36,18.19,115
2021_RED137,2021-07-26,22.0,52,5.9,317,0.0,86.32,28.37,357.84,3.41,47.35,9.41,14.82,116
2021_RED137,2021-07-27,24.2,44,9.0,265,0.0,88.64,31.7,365.9,5.55,52.11,14.71,12.29,117
2021_RED137,2021-07-28,24.1,57,13.5,331,0.5,88.46,34.24,373.94,6.79,55.73,17.76,12.48,118
2021_RED137,2021-07-29,19.7,38,9.9,341,0.0,89.29,37.27,381.19,6.38,59.9,17.63,11.58,119
2021_RED137,2021-07-30,21.7,76,11.5,274,10.7,52.46,19.18,351.72,0.39,33.76,0.5,63.82,120
2021_RED137,2021-07-31,19.4,57,16.5,337,6.8,60.02,12.78,338.69,0.94,23.35,0.94,50.47,121
2021_RED139,2021-07-16,30.6,34,19.6,226,0.0,92.12,60.12,361.56,15.57,84.93,39.01,8.62,106
2021_RED139,2021-07-17,27.7,53,6.2,260,0.3,90.13,63.3,370.25,5.97,88.69,20.73,10.7,107
2021_RED139,2021-07-18,30.3,32,15.0,224,0.2,92.29,68.31,379.41,12.65,94.22,35.81,8.44,108
2021_RED139,2021-07-19,18.9,64,13.0,34,4.5,66.22,47.92,374.18,1.06,72.6,4.17,40.73,109
2021_RED139,2021-07-20,22.9,41,7.0,145,0.0,84.06,51.25,382.01,2.64,76.75,10.18,17.37,110
2021_RED139,2021-07-21,26.4,52,9.5,191,0.0,87.39,54.35,390.46,4.76,80.64,16.66,13.64,111
2021_RED139,2021-07-22,27.1,50,15.7,143,2.0,83.6,52.27,399.05,3.85,78.75,14.0,17.9,112
2021_RED139,2021-07-23,21.2,91,9.5,205,19.1,30.07,22.54,335.44,0.01,38.6,0.01,116.56,113
2021_RED139,2021-07-24,23.0,45,21.7,282,1.9,73.44,23.46,343.28,2.12,40.08,5.47,30.52,114
2021_RED139,2021-07-25,22.3,60,17.4,283,0.1,83.33,25.66,351.0,4.05,43.39,10.32,18.21,115
2021_RED141,2021-07-16,31.1,32,18.6,229,0.0,92.61,76.25,377.04,15.87,101.29,42.87,8.12,106
2021_RED141,2021-07-17,21.9,76,8.4,20,4.9,59.82,51.17,370.8,0.62,76.09,2.21,50.8,107
2021_RED141,2021-07-18,29.8,33,12.7,245,0.0,88.58,56.03,379.87,6.64,81.87,21.44,12.34,108
2021_RED141,2021-07-19,17.0,58,12.7,43,2.2,75.23,50.75,386.63,1.47,76.42,6.03,28.16,109
2021_RED142,2021-07-16,30.5,35,19.4,222,0.0,91.91,59.07,362.29,14.95,83.92,37.78,8.84,106
2021_RED142,2021-07-17,28.4,51,6.5,251,0.5,90.47,62.46,371.1,6.36,87.92,21.61,10.34,107
2021_RED142,2021-07-18,30.2,32,15.6,220,0.7,91.89,67.46,380.24,12.32,93.46,35.04,8.86,108
2021_RED142,2021-07-19,19.4,64,12.9,36,3.4,70.12,52.16,379.61,1.2,77.65,5.0,35.07,109
2021_RED142,2021-07-20,23.0,42,7.2,143,0.0,84.96,55.44,387.46,3.01,81.67,11.77,16.35,110
2021_RED142,2021-07-21,26.2,53,9.4,180,0.0,87.36,58.46,395.88,4.72,85.39,17.09,13.67,111
2021_RED142,2021-07-22,27.0,51,14.9,143,1.7,84.15,58.41,404.44,3.98,85.83,15.08,17.26,112
2021_RED142,2021-07-23,21.2,91,9.2,225,20.2,29.68,24.86,335.84,0.01,41.95,0.01,117.72,113
2021_RED142,2021-07-24,23.1,46,21.8,283,1.6,73.79,26.86,343.7,2.16,44.94,6.04,30.05,114
2021_RED142,2021-07-25,22.3,60,18.2,284,0.3,83.46,29.06,351.42,4.29,48.16,11.49,18.06,115
2021_RED142,2021-07-26,22.2,52,5.4,323,0.0,86.37,31.68,359.12,3.35,51.92,9.79,14.77,116
2021_RED142,2021-07-27,24.5,44,9.1,261,0.0,88.7,35.05,367.24,5.62,56.6,15.56,12.22,117
2021_RED142,2021-07-28,24.5,56,14.2,333,0.6,86.93,37.7,375.35,5.65,60.26,16.16,14.14,118
2021_RED142,2021-07-29,20.4,38,9.1,342,0.0,89.06,40.83,382.73,5.92,64.46,17.36,11.83,119
2021_RED142,2021-07-30,22.2,73,12.3,277,8.3,57.55,23.47,362.62,0.64,40.4,0.93,54.63,120
2021_RED146,2021-07-18,30.1,33,15.7,217,1.1,90.86,69.05,384.4,10.69,95.3,32.2,9.93,108
2021_RED146,2021-07-19,20.3,63,12.6,37,2.3,75.66,60.79,391.76,1.5,87.6,6.76,27.59,109
2021_RED146,2021-07-20,23.2,43,7.2,143,0.0,86.2,64.04,399.64,3.58,91.45,14.41,14.95,110
2021_RED146,2021-07-21,25.9,55,9.6,160,0.1,87.26,66.89,408.01,4.7,94.89,18.04,13.78,111
2021_RED146,2021-07-22,26.9,53,14.1,142,2.1,82.23,62.0,416.55,2.98,90.37,12.4,19.5,112
2021_RED146,2021-07-23,21.4,91,10.3,245,14.6,32.15,28.68,367.77,0.01,48.0,0.02,110.57,113
2021_RED147,2021-07-18,30.1,33,15.7,217,1.1,90.86,68.97,382.79,10.69,95.1,32.17,9.93,108
2021_RED147,2021-07-19,20.2,63,12.6,37,2.3,75.61,60.71,390.13,1.5,87.42,6.73,27.66,109
2021_RED147,2021-07-20,23.2,43,7.2,143,0.0,86.19,63.97,398.01,3.57,91.26,14.37,14.97,110
2021_RED147,2021-07-21,26.0,55,9.6,160,0.1,87.27,66.83,406.4,4.7,94.72,18.05,13.77,111
2021_RED147,2021-07-22,26.9,53,14.1,142,2.1,82.23,61.94,414.94,2.98,90.22,12.39,19.5,112
2021_RED147,2021-07-23,21.2,92,10.3,245,14.6,30.49,28.6,366.34,0.01,47.86,0.01,115.34,113
2021_RED147,2021-07-24,23.2,46,21.6,285,2.5,72.28,26.83,374.22,2.01,45.51,5.68,32.07,114
2021_RED147,2021-07-25,22.4,59,18.8,287,0.2,83.37,29.09,381.95,4.37,48.88,11.76,18.16,115
2021_RED147,2021-07-26,22.4,52,5.0,330,0.0,86.36,31.74,389.69,3.28,52.75,9.7,14.78,116
2021_RED147,2021-07-27,24.6,44,8.8,258,0.0,88.71,35.12,397.82,5.55,57.55,15.54,12.21,117
2021_RED147,2021-07-28,24.9,55,14.7,335,0.8,86.28,37.87,406.01,5.28,61.42,15.52,14.86,118
2021_RED147,2021-07-29,20.9,37,8.8,341,0.0,89.15,41.13,413.47,5.91,65.87,17.55,11.73,119
2021_RED147,2021-07-30,22.6,69,12.7,278,6.8,62.26,25.66,397.74,0.88,44.19,2.1,46.84,120
2021_RED147,2021-07-31,20.1,55,16.2,339,6.0,64.14,17.44,385.8,1.15,31.33,2.19,43.88,121
2021_RED147,2021-08-01,23.3,47,13.8,321,0.1,83.65,20.11,392.99,3.52,35.65,8.15,17.84,122
2021_RED147,2021-08-02,26.9,38,13.7,272,0.0,89.86,23.69,400.84,8.38,41.28,17.73,10.98,123
2021_RED147,2021-08-03,28.4,41,2.9,270,1.1,87.44,27.28,408.96,3.44,46.77,9.39,13.59,124
2021_RED147,2021-08-04,24.7,66,3.3,354,0.4,87.06,29.09,416.41,3.32,49.54,9.45,14.0,125
2021_RED147,2021-08-05,15.1,86,14.5,19,24.9,33.86,11.01,326.41,0.02,20.3,0.02,105.87,126
2021_RED16,2021-06-05,25.6,42,8.3,178,0.2,90.67,41.55,170.5,7.17,51.64,17.76,10.13,65
2021_RED16,2021-06-06,21.5,74,10.8,195,5.3,60.6,28.17,168.45,0.73,39.73,1.24,49.52,66
2021_RED16,2021-06-07,21.5,42,8.7,253,0.4,82.01,31.63,175.73,2.21,43.62,6.06,19.75,67
2021_RED16,2021-06-08,25.7,32,3.9,68,0.8,88.45,36.42,183.76,4.18,48.71,11.32,12.49,68
2021_RED16,2021-06-09,16.2,99,11.3,99,7.4,26.18,20.16,175.17,0.0,31.32,0.0,128.53,69
2021_RED16,2021-06-10,17.1,73,14.2,69,17.5,37.9,9.86,143.14,0.05,16.82,0.04,95.36,70
2021_RED16,2021-06-11,18.8,70,26.6,113,0.0,68.95,11.43,149.93,2.31,19.2,3.58,36.72,71
2021_RED16,2021-06-12,17.0,80,17.3,249,4.1,54.94,8.11,150.33,0.66,14.29,0.49,59.25,72
2021_RED16,2021-06-13,22.8,44,15.9,298,0.4,82.18,11.63,157.84,3.25,19.65,5.23,19.55,73
2021_RED16,2021-06-14,16.9,63,10.1,2,0.2,83.85,13.39,164.28,3.0,22.24,5.23,17.61,74
2021_RED16,2021-06-15,22.7,43,4.2,121,0.0,87.8,16.96,171.77,3.86,27.2,7.52,13.19,75
2021_RED16,2021-06-16,26.3,39,21.0,174,0.0,90.16,21.36,179.91,12.64,32.94,21.36,10.66,76
2021_RED16,2021-06-17,23.9,31,27.4,268,2.3,86.98,22.52,187.62,11.06,34.64,19.89,14.09,77
2021_RED16,2021-06-18,12.0,70,14.2,339,0.7,82.45,23.55,193.18,3.08,36.1,7.29,19.24,78
2021_RED16,2021-06-19,17.1,47,11.4,215,0.0,86.12,26.09,199.66,4.38,39.34,10.4,15.04,79
2021_RED16,2021-06-20,11.4,79,17.9,351,3.9,56.88,18.97,198.79,0.81,30.64,0.97,55.81,80
2021_RED16,2021-06-21,12.3,43,17.6,314,0.8,75.81,20.98,204.41,1.95,33.4,4.43,27.4,81
2021_RED16,2021-06-22,16.8,43,4.7,203,0.7,82.61,23.67,210.84,1.95,36.97,4.75,19.05,82
2021_RED16,2021-06-23,26.2,39,22.7,245,0.1,89.62,28.05,218.96,12.74,42.5,24.33,11.24,83
2021_RED16,2021-06-24,20.8,41,23.4,273,1.2,86.53,31.46,226.11,8.48,46.68,19.07,14.59,84
2021_RED16,2021-06-25,24.5,30,10.5,254,0.0,91.11,36.17,233.92,8.53,52.18,20.28,9.66,85
2021_RED16,2021-06-26,23.8,55,3.6,354,0.0,89.29,39.12,241.61,4.64,55.7,13.3,11.58,86
2021_RED16,2021-06-27,22.8,53,0.8,27,0.3,89.03,42.08,249.12,3.89,59.17,11.95,11.86,87
2021_RED16,2021-06-28,22.6,46,9.4,353,0.3,89.08,45.45,256.59,6.03,63.0,17.39,11.81,88
2021_RED16,2021-06-29,24.9,30,5.9,256,0.0,91.48,50.24,264.47,7.13,68.13,20.49,9.28,89
2021_RED16,2021-06-30,26.0,36,9.9,33,0.0,91.53,54.81,272.56,8.78,72.95,24.62,9.23,90
2021_RED16,2021-07-01,26.4,34,1.1,252,0.0,91.58,59.07,281.01,5.68,77.44,18.59,9.18,91
2021_RED16,2021-07-02,31.0,30,9.0,272,0.0,92.88,64.35,290.3,10.15,82.81,29.0,7.85,92
2021_RED16,2021-07-03,32.1,32,15.1,218,0.0,92.93,69.65,299.78,13.9,88.12,36.89,7.8,93
2021_RED16,2021-07-04,28.6,52,9.4,230,0.0,90.45,73.0,308.63,7.34,91.75,24.43,10.36,94
2021_RED16,2021-07-05,20.2,59,17.8,315,6.4,67.06,45.81,299.12,1.39,66.25,5.17,39.48,95
2021_RED16,2021-07-06,16.0,38,8.7,45,0.0,82.31,48.3,305.7,2.3,69.24,8.48,19.39,96
2021_RED16,2021-07-07,21.3,28,5.4,184,0.0,89.7,52.08,313.24,5.39,73.58,17.4,11.15,97
2021_RED16,2021-07-08,22.4,36,9.3,208,0.0,90.23,55.62,320.98,7.08,77.61,21.84,10.58,98
2021_RED16,2021-07-09,23.7,48,10.5,248,0.0,89.97,58.65,328.95,7.25,81.13,22.72,10.86,99
2021_RED16,2021-07-10,29.0,35,13.8,285,0.0,91.5,63.24,337.87,10.64,86.16,30.55,9.26,100
2021_RED16,2021-07-11,31.4,29,5.0,249,0.0,93.09,68.66,347.23,8.55,91.89,27.18,7.63,101
2021_RED16,2021-07-12,29.4,33,25.3,208,0.0,93.14,73.46,356.22,23.94,96.94,54.48,7.58,102
2021_RED16,2021-07-13,22.0,50,15.1,332,4.4,74.4,52.67,352.62,1.59,76.7,6.5,29.24,103
2021_RED16,2021-07-14,22.3,37,6.0,303,0.0,86.53,56.13,360.34,3.53,80.8,13.27,14.59,104
2021_RED16,2021-07-15,27.2,25,9.3,216,0.0,92.59,61.12,368.94,9.89,86.44,29.13,8.14,105
2021_RED16,2021-07-16,30.4,33,20.1,227,0.0,92.64,66.07,378.12,17.17,91.97,43.16,8.09,106
2021_RED16,2021-07-17,30.4,38,8.4,250,0.3,92.69,70.66,387.29,9.59,97.05,30.19,8.04,107
2021_RED16,2021-07-18,30.5,30,14.8,221,0.0,92.9,75.85,396.49,13.65,102.63,39.13,7.82,108
2021_RED16,2021-07-19,21.1,60,13.0,28,2.2,77.81,67.37,403.99,1.79,95.09,8.34,24.86,109
2021_RED16,2021-07-20,23.2,42,7.5,145,0.0,86.9,70.68,411.87,4.02,98.92,16.41,14.17,110
2021_RED16,2021-07-21,26.2,50,10.4,182,0.0,88.17,73.89,420.29,5.57,102.66,21.27,12.79,111
2021_RED16,2021-07-22,27.3,50,15.9,142,0.6,88.22,77.22,428.91,7.4,106.5,26.43,12.73,112
2021_RED16,2021-07-23,20.9,95,8.9,207,23.8,22.67,33.63,342.09,0.0,53.99,0.0,140.33,113
2021_RED16,2021-07-24,23.3,45,21.1,284,2.5,70.65,31.23,349.99,1.85,51.06,5.67,34.33,114
2021_RED16,2021-07-25,22.9,54,18.8,287,0.3,84.09,33.82,357.82,4.8,54.71,13.51,17.34,115
2021_RED16,2021-07-26,23.2,45,5.0,330,0.1,87.7,36.96,365.7,3.96,59.01,12.13,13.3,116
2021_RED16,2021-07-27,24.7,43,8.0,260,0.1,89.11,40.41,373.85,5.65,63.63,16.64,11.78,117
2021_RED16,2021-07-28,25.3,53,12.9,333,0.1,89.16,43.33,382.1,7.28,67.51,20.7,11.72,118
2021_RED16,2021-07-29,20.6,37,10.1,343,0.0,89.72,46.54,389.52,6.85,71.67,20.44,11.13,119
2021_RED16,2021-07-30,23.1,62,13.0,273,5.5,68.09,31.77,380.56,1.13,52.57,3.44,37.96,120
2021_RED16,2021-07-31,20.0,57,16.6,338,4.1,67.87,24.14,377.14,1.35,41.62,3.48,38.29,121
2021_RED16,2021-08-01,22.8,47,13.7,325,0.1,84.29,26.76,384.25,3.81,45.58,10.1,17.11,122
2021_RED16,2021-08-02,27.1,36,14.0,282,0.0,90.34,30.48,392.13,9.12,51.04,21.04,10.47,123
2021_RED16,2021-08-03,28.4,40,4.7,279,0.1,90.56,34.14,400.24,5.89,56.27,16.06,10.24,124
2021_RED16,2021-08-04,25.6,53,6.0,245,0.0,89.6,36.73,407.86,5.48,59.96,15.74,11.25,125
2021_RED16,2021-08-05,15.2,92,16.4,19,26.1,27.26,13.29,315.41,0.0,24.05,0.0,125.1,126
2021_RED16,2021-08-06,20.7,43,7.2,53,0.0,67.62,15.86,322.14,0.83,28.24,0.95,38.65,127
2021_RED16,2021-08-07,23.2,49,13.3,147,0.4,83.95,18.42,329.32,3.57,32.32,7.78,17.49,128
2021_RED16,2021-08-08,25.6,52,19.1,180,0.0,87.42,21.06,336.93,7.75,36.43,15.67,13.61,129
2021_RED16,2021-08-09,22.7,61,3.8,49,2.7,71.33,18.61,344.02,0.79,32.79,0.99,33.39,130
2021_RED16,2021-08-10,18.3,87,19.4,223,15.2,37.44,8.74,300.74,0.06,16.29,0.04,96.5,131
2021_RED16,2021-08-11,19.0,54,24.0,246,7.7,60.52,6.19,286.34,1.42,11.75,0.93,49.64,132
2021_RED16,2021-08-12,10.7,93,23.1,291,3.5,40.12,3.79,284.74,0.11,7.33,0.06,89.97,133
2021_RED16,2021-08-13,14.9,48,17.2,296,0.1,71.14,5.51,290.42,1.55,10.51,0.96,33.64,134
2021_RED16,2021-08-14,24.3,42,14.2,210,0.1,86.5,8.55,297.8,5.31,15.95,7.39,14.62,135
2021_RED16,2021-08-15,29.8,39,18.4,220,0.0,90.65,12.44,306.17,11.9,22.58,17.02,10.14,136
2021_RED16,2021-08-16,28.7,54,16.3,188,0.0,89.81,15.27,314.34,9.49,27.23,15.74,11.03,137
2021_RED16,2021-08-17,28.5,56,7.9,300,0.0,89.4,17.96,322.47,5.86,31.53,11.66,11.46,138
2021_RED16,2021-08-18,27.3,56,8.1,21,0.5,89.18,20.54,330.39,5.73,35.55,12.23,11.71,139
2021_RED16,2021-08-19,25.7,69,7.2,207,5.4,64.19,14.22,323.83,0.73,25.62,0.78,43.81,140
2021_RED163,2021-07-19,17.9,59,12.7,45,4.0,67.89,32.94,371.06,1.11,53.91,3.43,38.26,109
2021_RED163,2021-07-20,22.8,36,5.9,133,0.0,85.22,36.53,378.87,2.92,58.87,9.42,16.06,110
2021_RED163,2021-07-21,26.6,47,8.6,195,0.0,88.38,39.98,387.36,5.24,63.56,15.72,12.56,111
2021_RED163,2021-07-22,26.5,50,14.9,143,10.7,72.32,22.75,358.2,1.44,39.27,3.57,32.03,112
2021_RED163,2021-07-23,22.5,82,11.7,214,5.8,51.66,14.58,349.23,0.36,26.4,0.39,65.33,113
2021_RED163,2021-07-24,22.6,43,22.7,280,0.5,82.57,17.75,357.0,4.8,31.58,9.9,19.1,114
2021_RED163,2021-07-25,21.8,59,14.6,290,0.1,85.36,19.96,364.63,4.62,35.11,10.19,15.9,115
2021_RED163,2021-07-26,21.6,53,9.4,293,6.8,65.47,13.67,351.35,0.86,24.92,0.9,41.85,116
2021_RED163,2021-07-27,23.9,47,10.4,270,1.9,78.11,15.1,359.36,1.61,27.33,3.04,24.48,117
2021_RED163,2021-07-28,24.0,63,16.1,331,5.4,68.5,11.1,352.15,1.34,20.58,1.8,37.38,118
2021_RED163,2021-07-29,18.9,39,7.7,332,0.0,83.59,13.97,359.25,2.57,25.46,4.88,17.92,119
2021_RED163,2021-07-30,22.5,73,10.2,278,19.9,49.96,7.41,299.38,0.27,13.96,0.2,68.65,120
2021_RED167,2021-07-19,18.3,50,11.8,50,13.6,58.73,15.89,304.82,0.68,28.12,0.77,52.63,109
2021_RED167,2021-07-20,22.1,39,5.9,133,0.0,81.63,19.21,312.5,1.84,33.31,4.14,20.2,110
2021_RED167,2021-07-21,25.5,53,7.3,169,0.0,86.48,22.15,320.8,3.74,37.78,8.9,14.64,111
2021_RED167,2021-07-22,25.8,53,14.6,142,11.3,69.85,13.48,295.05,1.3,24.19,2.02,35.45,112
2021_RED167,2021-07-23,24.7,72,12.8,220,4.1,64.72,10.35,294.51,0.99,19.03,0.87,42.99,113
2021_RED167,2021-07-24,22.3,44,21.8,278,0.0,84.81,13.43,302.23,6.16,24.18,10.52,16.51,114
2021_RED167,2021-07-25,18.0,76,10.2,328,2.4,67.58,11.75,309.17,0.97,21.45,0.92,38.71,115
2021_RED167,2021-07-26,21.3,42,11.0,302,1.9,78.14,13.22,316.71,1.66,23.95,2.84,24.45,116
2021_RED167,2021-07-27,24.1,48,10.1,270,0.1,86.41,16.3,324.75,4.26,28.97,8.52,14.72,117
2021_RED167,2021-07-28,24.0,52,15.9,327,6.4,72.11,12.0,315.25,1.5,21.91,2.28,32.31,118
2021_RED185,2021-07-23,23.3,81,18.0,209,3.2,64.85,27.84,335.98,1.3,46.12,3.62,42.79,113
2021_RED185,2021-07-24,23.0,40,22.3,280,0.0,85.95,31.23,343.83,7.4,50.91,18.05,15.23,114
2021_RED185,2021-07-25,17.9,80,10.3,324,3.8,58.18,23.18,342.09,0.61,39.64,0.87,53.57,115
2021_RED185,2021-07-26,20.7,48,13.7,300,0.7,79.8,25.84,349.52,2.22,43.62,6.08,22.4,116
2021_RED192,2021-07-22,26.9,54,13.3,142,2.4,80.91,66.73,424.51,2.45,95.8,10.96,21.06,112
2021_RED192,2021-07-23,22.2,87,11.4,259,13.3,39.38,32.24,380.17,0.05,53.2,0.1,91.73,113
2021_RED192,2021-07-24,23.2,46,22.0,285,1.9,75.69,32.5,388.05,2.42,53.75,7.53,27.56,114
2021_RED192,2021-07-25,22.1,60,19.2,287,0.4,83.89,34.68,395.73,4.77,56.9,13.75,17.56,115
2021_RED192,2021-07-26,22.2,54,4.5,346,0.1,86.17,37.2,403.43,3.11,60.46,10.09,14.99,116
2021_RED192,2021-07-27,24.7,45,8.7,253,0.0,88.53,40.53,411.58,5.38,65.05,16.25,12.4,117
2021_RED192,2021-07-28,25.1,55,14.8,337,0.9,85.88,43.3,419.8,5.02,68.85,15.9,15.31,118
2021_RED192,2021-07-29,21.3,37,8.1,339,0.0,89.12,46.62,427.34,5.68,73.25,18.04,11.77,119
2021_RED216,2021-07-31,21.0,48,15.9,342,3.9,73.31,46.36,481.68,1.57,74.73,6.32,30.69,121
2021_RED216,2021-08-01,23.3,45,14.6,320,0.1,86.06,49.13,488.88,5.1,78.53,17.29,15.11,122
2021_RED216,2021-08-02,27.9,33,12.0,277,0.0,91.22,53.14,496.91,9.34,83.86,27.58,9.55,123
2021_RED216,2021-08-03,29.3,38,5.1,266,0.2,91.27,57.03,505.18,6.64,88.96,22.42,9.5,124
2021_RED216,2021-08-04,24.5,62,4.5,241,0.4,88.35,59.04,512.6,4.25,91.68,16.43,12.59,125
2021_RED216,2021-08-05,16.0,87,14.2,16,20.6,34.43,24.98,419.56,0.02,43.49,0.03,104.33,126
2021_RED221,2021-07-28,22.9,53,17.1,312,4.3,74.42,13.12,242.54,1.76,23.12,2.97,29.22,118
2021_RED221,2021-07-29,15.8,50,8.8,289,0.0,82.74,15.11,249.09,2.43,26.23,4.71,18.9,119
2021_RED221,2021-07-30,23.1,63,8.9,291,0.1,84.9,17.21,256.95,3.26,29.48,6.76,16.41,120
2021_RED221,2021-07-31,16.6,63,19.8,335,2.9,71.11,14.57,259.41,1.76,25.55,3.22,33.69,121
2021_RED221,2021-08-01,21.8,49,11.6,306,0.0,84.09,16.98,266.34,3.34,29.29,6.89,17.34,122
2021_RED221,2021-08-02,23.9,53,10.0,347,0.0,86.81,19.41,273.65,4.5,32.97,9.61,14.27,123
2021_RED221,2021-08-03,24.1,40,4.2,211,1.2,85.39,22.53,280.99,2.75,37.53,6.73,15.86,124
2021_RED221,2021-08-04,22.3,72,5.9,317,0.0,85.43,23.88,288.01,3.01,39.56,7.56,15.81,125
2021_RED221,2021-08-05,13.5,64,6.4,43,3.8,59.98,17.89,285.89,0.56,30.93,0.68,50.54,126
2021_RED221,2021-08-06,18.3,51,5.0,291,0.0,77.26,19.85,292.19,1.14,33.93,2.34,25.56,127
2021_RED221,2021-08-07,22.0,49,14.8,167,0.0,85.81,22.28,299.15,4.97,37.57,11.24,15.39,128
2021_RED221,2021-08-08,26.2,56,21.6,183,0.0,87.17,24.76,306.87,8.49,41.21,17.89,13.87,129
2021_RED221,2021-08-09,18.2,77,1.6,63,7.6,42.52,14.32,292.35,0.06,25.52,0.06,84.38,130
2021_RED221,2021-08-10,18.9,97,14.1,128,8.0,17.47,7.55,277.38,0.0,14.14,0.0,159.74,131
2021_RED51,2021-06-29,23.3,49,9.7,255,0.5,89.74,41.04,272.43,6.74,59.63,18.32,11.1,89
2021_RED51,2021-06-30,23.9,40,10.0,38,0.9,88.05,44.99,280.14,5.37,64.21,16.09,12.92,90
2021_RED51,2021-07-01,26.0,33,2.2,261,0.0,90.83,49.26,288.52,5.4,69.05,16.81,9.96,91
2021_RED51,2021-07-02,31.1,35,11.2,264,0.0,91.92,54.17,297.82,9.9,74.48,27.04,8.83,92
2021_RED51,2021-07-03,31.9,35,15.9,218,0.0,92.14,59.21,307.27,12.96,79.92,33.58,8.6,93
2021_RED51,2021-07-04,28.1,55,11.2,228,0.6,89.44,62.3,316.03,6.96,83.46,22.4,11.42,94
2021_RED51,2021-07-05,12.1,66,17.4,336,4.5,61.1,43.35,311.36,1.05,64.31,3.73,48.69,95
2021_RED51,2021-07-06,15.1,35,8.7,38,0.0,80.36,45.82,317.78,1.83,67.36,6.8,21.72,96
2021_RED51,2021-07-07,20.6,29,6.3,211,0.0,88.97,49.44,325.2,5.08,71.65,16.39,11.93,97
2021_RED51,2021-07-08,21.9,38,11.6,234,0.0,89.72,52.79,332.84,7.39,75.6,22.2,11.13,98
2021_RED51,2021-07-09,26.0,37,8.4,245,0.0,90.61,56.8,341.23,7.14,80.21,22.34,10.19,99
2021_RED51,2021-07-10,28.2,40,10.5,329,0.2,90.66,60.93,350.01,7.99,84.9,24.92,10.14,100
2021_RED51,2021-07-11,30.5,33,6.6,193,0.0,92.13,65.9,359.2,8.09,90.36,25.96,8.61,101
2021_RED51,2021-07-12,28.9,41,24.1,219,0.2,92.05,70.06,368.11,19.33,94.94,47.22,8.69,102
2021_RED51,2021-07-13,20.3,52,14.0,337,9.5,65.09,39.36,344.05,1.07,61.21,3.67,42.42,103
2021_RED51,2021-07-14,22.7,36,4.8,318,0.0,84.13,42.94,351.84,2.38,65.8,8.48,17.29,104
2021_RED51,2021-07-15,26.7,34,13.1,217,0.0,90.58,47.24,360.35,9.01,71.16,24.74,10.22,105
2021_RED51,2021-07-16,30.4,38,18.0,217,0.0,91.26,51.83,369.52,12.72,76.75,32.51,9.51,106
2021_RED51,2021-07-17,22.1,78,9.7,42,6.4,55.74,32.45,357.65,0.49,52.9,0.85,57.81,107
2021_RED51,2021-07-18,29.2,38,15.5,228,0.0,86.99,36.86,366.61,6.09,58.91,16.87,14.07,108
2021_RED51,2021-07-19,18.2,57,13.0,46,5.0,65.89,25.83,359.66,1.05,43.79,2.67,41.21,109
2021_RED51,2021-07-20,22.5,40,6.1,135,0.0,83.8,29.15,367.41,2.44,48.66,7.12,17.67,110
2021_RED51,2021-07-21,26.0,54,8.6,195,0.0,86.93,32.08,375.8,4.26,52.88,12.06,14.14,111
2021_RED51,2021-07-22,26.3,52,14.6,142,10.7,71.11,18.14,347.63,1.35,32.09,2.8,33.69,112
2021_RED51,2021-07-23,23.7,78,11.2,222,6.9,53.7,11.32,335.2,0.43,20.87,0.4,61.5,113
2021_RED51,2021-07-24,22.5,44,23.0,280,0.0,82.78,14.42,342.96,5.0,26.1,9.21,18.85,114
2021_RED51,2021-07-25,20.6,62,14.6,286,0.5,84.79,16.36,350.37,4.27,29.29,8.58,16.54,115
2021_RED51,2021-07-26,21.5,50,8.4,290,8.7,63.68,11.01,330.76,0.76,20.33,0.7,44.59,116
2021_RED51,2021-07-27,24.1,47,10.1,268,3.0,74.24,10.89,333.35,1.22,20.13,1.46,29.46,117
2021_RED51,2021-07-28,24.0,57,15.9,332,4.5,71.64,9.07,330.36,1.47,16.98,1.71,32.95,118
2021_RED51,2021-07-29,19.6,40,8.0,333,0.0,84.63,11.99,337.59,3.0,22.02,5.19,16.72,119
2021_RED51,2021-07-30,23.1,72,9.6,283,20.2,50.92,6.66,280.15,0.3,12.57,0.2,66.77,120
2021_RED51,2021-07-31,19.9,50,17.2,334,10.1,61.04,5.37,260.18,1.04,10.21,0.63,48.8,121
2021_RED51,2021-08-01,23.2,48,13.0,321,0.0,82.54,7.98,267.36,2.93,14.85,3.92,19.13,122
2021_RED51,2021-08-02,26.1,53,15.9,275,0.0,87.08,10.62,275.06,6.29,19.37,9.5,13.98,123
2021_RED51,2021-08-03,25.9,49,1.5,284,1.7,80.36,12.45,282.72,1.27,22.43,1.8,21.73,124
2021_RED51,2021-08-04,24.9,66,6.8,18,0.0,84.0,14.27,290.21,2.59,25.42,4.93,17.43,125
2021_RED51,2021-08-05,13.7,81,13.2,26,8.8,43.6,7.78,271.87,0.13,14.53,0.1,81.95,126
2021_RED55,2021-07-02,28.1,39,13.6,287,0.0,90.73,42.6,191.35,9.45,54.74,22.37,10.06,92
2021_RED55,2021-07-03,28.4,44,13.9,233,0.0,90.78,46.48,200.17,9.66,58.82,23.57,10.01,93
2021_RED55,2021-07-04,26.5,58,7.3,213,0.0,89.0,49.21,208.64,5.37,61.91,15.77,11.89,94
2021_RED55,2021-07-05,19.8,61,18.4,309,5.3,67.75,33.69,205.66,1.47,47.81,4.28,38.46,95
2021_RED55,2021-07-06,15.3,36,8.3,34,0.0,82.56,36.16,212.12,2.32,50.71,6.99,19.11,96
2021_RED55,2021-07-07,19.4,31,4.3,180,0.0,88.69,39.48,219.32,4.41,54.46,12.6,12.23,97
2021_RED55,2021-07-08,21.6,46,8.8,251,0.0,88.73,42.36,226.91,5.57,57.76,15.62,12.18,98
2021_RED55,2021-07-09,24.0,41,8.0,243,0.0,89.5,45.84,234.93,5.97,61.62,17.05,11.36,99
2021_RED55,2021-07-10,25.6,47,10.0,308,0.0,89.55,49.16,243.24,6.65,65.32,19.05,11.31,100
2021_RED55,2021-07-11,29.2,32,5.4,172,0.0,91.93,54.0,252.2,7.41,70.35,21.42,8.82,101
2021_RED55,2021-07-12,27.6,40,25.3,210,0.0,91.98,58.04,260.88,20.34,74.6,43.58,8.76,102
2021_RED55,2021-07-13,21.0,69,13.6,328,0.6,86.38,59.65,268.36,5.07,76.69,17.0,14.75,103
2021_RED57,2021-07-04,28.7,53,8.0,234,0.1,90.33,73.57,293.28,6.73,90.43,22.81,10.48,94
2021_RED57,2021-07-05,21.1,58,17.3,312,3.3,74.54,57.45,294.8,1.79,77.26,7.29,29.06,95
2021_RED57,2021-07-06,16.1,39,8.7,48,0.0,84.61,59.91,301.41,3.1,80.05,11.89,16.74,96
2021_RED57,2021-07-07,21.4,28,5.4,172,0.0,90.25,63.72,308.96,5.83,84.08,19.82,10.57,97
2021_RED57,2021-07-08,22.7,33,9.4,203,0.0,90.86,67.46,316.75,7.79,88.05,24.94,9.92,98
2021_RED57,2021-07-09,23.6,48,11.3,243,0.0,90.08,70.48,324.7,7.67,91.38,25.14,10.74,99
2021_RED57,2021-07-10,28.9,36,13.3,283,0.0,91.31,74.99,333.61,10.11,96.02,31.12,9.46,100
2021_RED64,2021-07-06,15.8,28,9.1,34,0.0,89.74,69.9,283.22,6.54,86.45,21.83,11.1,96
2021_RED64,2021-07-07,20.9,26,5.6,207,0.0,91.65,73.72,290.69,7.19,90.23,23.88,9.11,97
2021_RED64,2021-07-08,23.3,28,9.2,244,0.0,92.05,77.85,298.59,9.12,94.26,28.78,8.7,98
2021_RED64,2021-07-09,25.9,31,7.6,245,0.0,92.1,82.22,306.95,8.48,98.49,27.96,8.64,99
2021_RED64,2021-07-10,28.7,33,10.8,300,0.0,92.15,86.91,315.82,10.03,102.98,31.99,8.59,100
2021_RED64,2021-07-11,30.2,29,5.6,225,0.0,92.97,92.13,324.96,8.67,107.83,29.61,7.75,101
2021_RED64,2021-07-12,30.5,28,25.1,205,0.0,93.32,97.47,334.16,24.3,112.74,58.55,7.4,102
2021_RED64,2021-07-13,20.5,62,13.4,340,2.0,78.25,86.43,341.55,1.89,105.87,9.34,24.31,103
2021_RED64,2021-07-14,22.1,31,7.3,279,0.0,88.63,90.19,349.23,5.09,109.61,20.56,12.29,104
2021_RED64,2021-07-15,27.5,24,9.2,244,0.0,93.1,95.29,357.89,10.58,114.42,34.72,7.62,105
2021_RED64,2021-07-16,30.4,32,19.9,235,0.0,93.15,100.32,367.06,18.28,119.2,50.13,7.57,106
2021_RED64,2021-07-17,27.8,52,7.6,295,1.4,85.15,103.58,375.77,3.16,122.64,15.2,16.12,107
2021_RED64,2021-07-18,30.9,29,13.4,243,1.4,90.75,108.91,385.04,9.37,127.6,33.43,10.04,108
2021_RED64,2021-07-19,16.1,70,12.6,31,0.4,86.14,110.13,391.64,4.66,129.33,20.74,15.01,109
2021_RED64,2021-07-20,22.9,33,5.9,133,0.0,90.05,113.9,399.46,5.81,133.0,24.5,10.78,110
2021_RED65,2021-07-05,15.9,64,17.4,326,4.5,65.07,50.78,295.44,1.27,71.03,4.95,42.46,95
2021_RED65,2021-07-06,15.8,33,9.0,37,0.0,82.54,53.44,301.99,2.4,74.09,9.18,19.13,96
2021_RED65,2021-07-07,20.9,27,5.8,202,0.0,89.87,57.21,309.45,5.64,78.25,18.6,10.97,97
2021_RED65,2021-07-08,22.1,37,9.7,219,0.0,90.07,60.64,317.13,7.06,82.05,22.42,10.76,98
2021_RED65,2021-07-09,25.6,35,8.2,247,0.0,90.93,64.72,325.45,7.4,86.45,23.84,9.85,99
2021_RED65,2021-07-10,29.5,32,11.8,297,0.0,92.21,69.6,334.46,10.64,91.57,31.48,8.53,100
2021_RED65,2021-07-11,31.2,29,5.6,207,0.0,93.14,74.99,343.78,8.87,97.05,28.64,7.58,101
2021_RED65,2021-07-12,29.6,36,25.0,210,0.0,93.09,79.6,352.81,23.43,101.79,54.9,7.63,102
2021_RED65,2021-07-13,21.1,53,14.8,337,7.0,68.4,48.76,339.29,1.25,71.74,4.92,37.51,103
2021_RED65,2021-07-14,22.3,36,5.6,297,0.0,85.08,52.27,347.01,2.83,75.94,10.7,16.21,104
2021_RED65,2021-07-15,27.0,28,10.5,218,0.0,91.81,57.02,355.57,9.42,81.41,27.32,8.94,105
2021_RED65,2021-07-16,30.7,34,19.1,223,0.0,92.13,61.95,364.8,15.19,86.98,38.84,8.62,106
2021_RED65,2021-07-17,26.8,57,4.7,274,1.0,85.44,64.77,373.33,2.84,90.35,11.91,15.81,107
2021_RED65,2021-07-18,30.2,32,15.5,226,0.1,91.9,69.77,382.47,12.27,95.83,35.37,8.85,108
2021_RED65,2021-07-19,18.6,64,12.8,38,5.5,63.38,45.67,372.99,0.94,69.94,3.51,45.07,109
2021_RED65,2021-07-20,22.9,41,6.7,144,0.0,83.22,49.0,380.82,2.33,74.15,8.95,18.34,110
2021_RED65,2021-07-21,26.3,52,8.7,197,0.0,87.18,52.09,389.25,4.44,78.06,15.54,13.87,111
2021_RED65,2021-07-22,27.0,50,15.4,143,4.6,77.8,38.72,384.76,2.01,61.87,7.0,24.88,112
2021_RED65,2021-07-23,21.5,88,9.1,214,13.2,35.65,18.02,345.32,0.02,31.89,0.03,101.11,113
2021_RED65,2021-07-24,22.9,45,22.7,281,0.9,77.31,21.12,353.14,2.8,36.75,6.74,25.49,114
2021_RED65,2021-07-25,22.1,61,16.7,276,0.0,83.97,23.25,360.83,4.25,40.05,10.25,17.47,115
2021_RED65,2021-07-26,22.1,53,7.1,300,2.5,75.28,21.65,368.51,1.11,37.76,2.51,28.09,116
2021_RED65,2021-07-27,24.3,45,9.7,266,0.7,85.48,24.93,376.59,3.67,42.79,9.43,15.75,117
2021_RED65,2021-07-28,24.2,57,14.2,330,1.7,81.24,25.97,384.65,2.66,44.44,7.29,20.67,118
2021_RED65,2021-07-29,19.9,39,9.6,340,0.1,87.53,28.98,391.93,4.88,48.92,12.85,13.49,119
2021_RED65,2021-07-30,21.8,78,10.8,272,16.9,47.24,12.93,337.7,0.2,23.61,0.2,74.14,120
2021_RED65,2021-07-31,19.6,57,16.9,336,9.1,57.7,8.5,317.15,0.82,15.94,0.64,54.39,121
2021_RED67,2021-07-04,28.4,53,8.7,222,0.1,90.25,70.53,290.68,6.89,87.8,22.85,10.56,94
2021_RED67,2021-07-05,20.1,59,17.3,315,3.9,71.69,52.18,290.07,1.58,71.98,6.2,32.88,95
2021_RED67,2021-07-06,15.9,37,8.4,43,0.0,83.94,54.69,296.64,2.79,74.87,10.49,17.51,96
2021_RED67,2021-07-07,21.0,28,5.4,180,0.0,90.01,58.43,304.12,5.63,78.94,18.68,10.82,97
2021_RED67,2021-07-08,22.7,33,8.6,213,0.0,90.82,62.17,311.91,7.43,82.99,23.4,9.97,98
2021_RED67,2021-07-09,23.6,46,10.0,249,0.0,90.36,65.31,319.86,7.48,86.47,24.01,10.45,99
2021_RED67,2021-07-10,28.5,37,13.6,287,0.2,91.1,69.69,328.7,9.96,91.09,30.03,9.67,100
2021_RED67,2021-07-11,31.2,28,4.4,235,0.0,93.19,75.15,338.02,8.41,96.6,27.55,7.53,101
2021_RED67,2021-07-12,29.5,32,25.0,207,0.0,93.24,80.03,347.03,23.92,101.53,55.54,7.48,102
2021_RED67,2021-07-13,22.0,51,14.5,330,5.0,72.74,54.45,341.42,1.43,77.86,5.95,31.46,103
2021_RED67,2021-07-14,21.7,38,5.3,298,0.0,85.59,57.77,349.03,2.99,81.73,11.7,15.63,104
2021_RED67,2021-07-15,27.1,25,8.4,223,0.0,92.41,62.74,357.61,9.22,87.22,27.89,8.32,105
2021_RED67,2021-07-16,30.3,32,19.7,230,0.0,92.47,67.75,366.77,16.45,92.7,42.14,8.26,106
2021_RED67,2021-07-17,30.5,38,8.5,258,0.0,92.53,72.35,375.96,9.42,97.7,29.93,8.21,107
2021_RED68,2021-07-04,29.1,50,8.1,225,0.0,90.75,63.42,278.72,7.18,80.85,22.53,10.04,94
2021_RED68,2021-07-05,18.6,59,18.3,313,0.8,85.03,65.32,285.77,5.32,83.13,18.42,16.26,95
2021_RED68,2021-07-06,16.1,31,8.2,41,0.0,88.91,68.11,292.37,5.54,86.08,19.34,11.99,96
2021_RED68,2021-07-07,20.6,28,5.4,184,0.0,91.06,71.78,299.79,6.55,89.8,22.31,9.71,97
2021_RED68,2021-07-08,22.7,33,9.2,228,0.0,91.11,75.52,307.58,7.99,93.59,26.19,9.66,98
2021_RED68,2021-07-09,25.3,33,9.2,249,0.0,91.38,79.67,315.83,8.3,97.72,27.47,9.38,99
2021_RED68,2021-07-10,27.8,38,12.1,293,0.0,91.43,83.88,324.54,9.68,101.91,31.09,9.33,100
2021_RED68,2021-07-11,30.1,30,5.3,208,0.0,92.68,89.01,333.66,8.2,106.8,28.39,8.04,101
2021_RED68,2021-07-12,29.9,29,26.1,204,0.0,93.01,94.18,342.75,24.47,111.66,58.57,7.72,102
2021_RED68,2021-07-13,21.5,57,14.2,324,1.6,81.89,91.4,350.32,2.88,110.63,13.47,19.9,103
2021_RED68,2021-07-14,21.0,37,6.3,294,0.0,88.05,94.67,357.81,4.45,113.96,19.01,12.92,104
2021_RED68,2021-07-15,27.2,25,8.4,230,0.0,92.75,99.65,366.41,9.68,118.64,33.21,7.97,105
2021_RED68,2021-07-16,29.9,33,19.3,233,0.0,92.8,104.53,375.49,16.88,123.27,48.29,7.92,106
2021_RED68,2021-07-17,30.9,37,9.1,263,0.0,92.85,109.26,384.76,10.17,127.8,35.3,7.87,107
2021_RED68,2021-07-18,30.9,29,13.3,232,0.7,92.75,114.6,394.03,12.39,132.71,40.69,7.97,108
2021_RED68,2021-07-19,17.5,69,14.0,23,1.5,78.74,115.95,400.88,2.04,134.59,11.19,23.7,109
2021_RED68,2021-07-20,22.8,36,7.4,141,0.0,88.04,119.55,408.69,4.7,138.1,21.36,12.93,110
2021_RED68,2021-07-21,27.0,41,9.1,198,0.0,89.87,123.44,417.25,6.65,141.92,27.51,10.97,111
2021_RED68,2021-07-22,26.4,47,16.4,140,0.6,88.76,126.86,425.71,8.21,145.4,31.95,12.15,112
2021_RED68,2021-07-23,22.9,88,8.0,185,13.2,37.83,59.15,381.76,0.03,85.27,0.08,95.54,113
2021_RED68,2021-07-24,23.2,44,20.6,282,17.3,66.0,28.91,327.77,1.55,47.38,4.48,41.05,114
2021_RED68,2021-07-25,22.3,60,17.5,289,0.1,81.53,31.11,335.49,3.26,50.51,9.41,20.32,115
2021_RED68,2021-07-26,22.8,48,7.5,305,0.5,86.69,34.03,343.3,3.9,54.55,11.42,14.41,116
2021_RED68,2021-07-27,23.7,44,9.0,272,0.0,88.62,37.29,351.27,5.54,58.94,15.72,12.3,117
2021_RED68,2021-07-28,23.9,57,6.9,332,0.1,88.44,39.82,359.27,4.85,62.36,14.67,12.49,118
2021_RED68,2021-07-29,18.9,38,11.4,342,0.0,89.18,42.73,366.38,6.77,66.17,19.43,11.7,119
2021_RED68,2021-07-30,20.7,78,11.2,268,12.7,48.46,21.01,330.62,0.24,36.26,0.32,71.63,120
2021_RED70,2021-07-04,28.6,53,8.0,234,0.1,90.29,73.51,293.43,6.69,90.4,22.72,10.52,94
2021_RED70,2021-07-05,21.1,58,17.3,312,3.3,74.53,57.41,294.95,1.79,77.24,7.28,29.07,95
2021_RED70,2021-07-06,16.1,39,8.7,48,0.0,84.61,59.88,301.55,3.1,80.03,11.89,16.74,96
2021_RED70,2021-07-07,21.4,28,5.4,172,0.0,90.25,63.68,309.11,5.83,84.07,19.81,10.57,97
2021_RED70,2021-07-08,22.9,33,9.4,203,0.0,90.89,67.46,316.93,7.82,88.06,25.02,9.89,98
2021_RED70,2021-07-09,23.7,48,11.3,243,0.0,90.1,70.49,324.9,7.69,91.4,25.18,10.73,99
2021_RED70,2021-07-10,28.8,36,13.3,283,0.0,91.3,74.98,333.79,10.09,96.03,31.08,9.47,100
2021_RED70,2021-07-11,31.5,28,6.2,263,0.0,93.29,80.49,343.17,9.34,101.48,30.29,7.43,101
2021_RED70,2021-07-12,29.8,32,25.4,207,0.2,93.34,85.43,352.23,24.75,106.37,57.84,7.38,102
2021_RED70,2021-07-13,22.4,50,15.0,330,4.1,75.39,61.36,349.97,1.67,85.32,7.31,27.95,103
2021_RED71,2021-07-04,28.8,53,8.0,234,0.1,90.38,77.59,297.75,6.78,93.96,23.39,10.43,94
2021_RED71,2021-07-05,22.0,55,17.3,312,3.3,76.03,60.44,299.37,1.95,80.33,8.07,27.12,95
2021_RED71,2021-07-06,16.3,38,8.7,48,0.0,85.29,62.97,306.01,3.4,83.16,13.1,15.97,96
2021_RED71,2021-07-07,21.7,27,5.4,172,0.0,90.64,66.88,313.62,6.17,87.25,21.05,10.15,97
2021_RED71,2021-07-08,23.1,31,9.4,203,0.0,91.33,70.8,321.48,8.32,91.32,26.6,9.44,98
2021_RED72,2021-07-05,22.5,56,16.6,311,3.3,75.88,53.31,311.13,1.86,74.65,7.39,27.31,95
2021_RED72,2021-07-06,16.1,42,9.8,54,0.0,84.65,55.66,317.73,3.29,77.41,12.25,16.7,96
2021_RED72,2021-07-07,21.4,30,5.6,165,0.0,89.92,59.36,325.28,5.62,81.52,18.96,10.92,97
2021_RED72,2021-07-08,22.6,34,10.8,201,0.0,90.63,63.03,333.06,8.09,85.57,25.23,10.17,98
2021_RED72,2021-07-09,23.4,51,12.1,243,0.1,89.58,65.85,340.97,7.42,88.82,24.22,11.28,99
2021_RED72,2021-07-10,28.4,39,13.0,276,0.0,90.66,70.08,349.79,9.07,93.38,28.52,10.14,100
2021_RED72,2021-07-11,31.1,31,7.2,273,0.0,92.6,75.29,359.09,8.92,98.8,28.99,8.13,101
2021_RED72,2021-07-12,29.6,33,25.3,204,0.0,92.65,80.12,368.12,22.36,103.78,53.78,8.08,102
2021_RED72,2021-07-13,22.9,49,14.9,328,4.3,75.53,57.39,364.75,1.67,82.38,7.16,27.76,103
2021_RED72,2021-07-14,22.7,38,5.1,315,0.0,86.62,60.86,372.54,3.42,86.42,13.46,14.48,104
2021_RED72,2021-07-15,27.4,26,7.9,219,0.0,92.39,65.81,381.17,8.97,91.94,28.11,8.34,105
2021_RED72,2021-07-16,30.2,34,18.3,227,0.0,92.44,70.67,390.31,15.26,97.29,41.06,8.29,106
2021_RED72,2021-07-17,30.5,36,9.8,234,0.0,92.49,75.41,399.51,10.02,102.47,31.89,8.24,107
2021_RED72,2021-07-18,30.4,31,14.1,218,0.0,92.68,80.52,408.68,12.77,107.89,38.32,8.04,108
2021_RED72,2021-07-19,22.1,61,12.8,11,0.7,87.4,82.64,416.37,5.63,110.47,22.19,13.63,109
2021_RED72,2021-07-20,23.3,45,7.4,141,0.0,88.53,85.8,424.26,5.04,113.97,20.81,12.4,110
2021_RED72,2021-07-21,25.6,53,11.1,151,0.0,88.58,88.74,432.58,6.12,117.32,24.18,12.34,111
2021_RED72,2021-07-22,27.0,54,15.3,137,0.3,88.63,91.78,441.14,7.62,120.75,28.46,12.29,112
2021_RED72,2021-07-23,24.8,81,6.4,254,4.1,59.31,63.38,436.85,0.54,93.02,2.26,51.66,113
2021_RED72,2021-07-24,24.0,43,21.7,285,6.0,74.34,42.06,423.68,2.21,67.39,8.05,29.33,114
2021_RED72,2021-07-25,23.5,50,21.1,290,0.2,85.82,44.95,431.61,6.84,71.32,20.37,15.37,115
2021_RED72,2021-07-26,24.7,41,2.4,297,0.0,88.84,48.52,439.76,4.1,76.06,14.4,12.07,116
2021_RED72,2021-07-27,25.1,43,5.7,252,1.6,83.95,50.18,447.99,2.44,78.4,9.64,17.5,117
2021_RED72,2021-07-28,26.9,50,12.1,333,0.0,87.84,53.46,456.53,5.79,82.71,19.53,13.15,118
2021_RED72,2021-07-29,21.0,37,10.8,345,0.0,89.52,56.73,464.02,6.9,86.9,22.75,11.34,119
2021_RED72,2021-07-30,24.0,58,14.9,262,1.4,83.02,59.21,472.04,3.43,90.15,13.83,18.57,120
2021_RED72,2021-07-31,20.7,55,16.5,340,4.5,70.67,42.66,463.98,1.47,69.38,5.62,34.29,121
2021_RED72,2021-08-01,22.6,48,14.3,326,0.0,84.71,45.21,471.05,4.17,72.92,14.24,16.62,122
2021_RED72,2021-08-02,27.4,35,11.3,277,0.0,90.57,49.03,478.99,8.22,78.08,24.33,10.24,123
2021_RED72,2021-08-03,28.6,42,8.4,280,0.1,90.62,52.59,487.14,7.15,82.82,22.74,10.18,124
2021_RED72,2021-08-04,26.5,47,14.3,231,1.0,87.46,55.61,494.92,6.13,86.83,20.89,13.56,125
2021_RED72,2021-08-05,16.2,94,18.8,7,16.6,27.39,24.69,423.88,0.0,43.1,0.01,124.69,126
2021_RED72,2021-08-06,20.8,43,7.6,59,0.2,68.06,27.26,430.63,0.86,47.07,2.17,38.02,127
2021_RED72,2021-08-07,23.5,50,12.3,142,0.0,83.85,29.8,437.86,3.35,50.94,9.69,17.61,128
2021_RED72,2021-08-08,25.6,50,16.9,178,0.0,87.68,32.56,445.48,7.21,55.06,18.45,13.32,129
2021_RED72,2021-08-09,24.4,57,4.3,66,0.0,87.73,34.82,452.87,3.85,58.41,11.76,13.27,130
2021_RED72,2021-08-10,18.3,92,21.4,225,21.0,31.37,13.16,370.96,0.01,24.18,0.01,112.79,131
2021_RED73,2021-07-04,28.5,56,8.9,249,0.2,89.78,77.32,316.38,6.51,95.99,22.98,11.06,94
2021_RED73,2021-07-05,22.6,56,15.6,308,2.7,77.62,64.41,324.15,2.0,86.06,8.65,25.1,95
2021_RED73,2021-07-06,15.9,44,9.6,56,0.0,84.8,66.64,330.72,3.33,88.63,13.37,16.52,96
2021_RED73,2021-07-07,21.6,30,5.5,157,0.0,89.99,70.38,338.31,5.65,92.6,20.38,10.84,97
2021_RED73,2021-07-08,21.8,39,10.8,195,0.0,90.04,73.66,345.94,7.43,96.14,25.23,10.79,98
2021_RED73,2021-07-09,23.4,53,12.9,240,0.3,89.18,76.36,353.85,7.3,99.2,25.31,11.71,99
2021_RED73,2021-07-10,29.0,37,12.3,277,0.2,91.05,80.81,362.78,9.26,103.81,30.44,9.72,100
2021_RED73,2021-07-11,31.1,32,8.4,263,0.0,92.47,85.96,372.08,9.3,108.98,31.19,8.26,101
2021_RED73,2021-07-12,29.5,35,24.4,211,0.0,92.52,90.63,381.09,20.97,113.67,53.63,8.21,102
2021_RED73,2021-07-13,23.1,47,14.4,328,4.4,75.88,63.17,376.98,1.67,89.04,7.52,27.31,103
2021_RED73,2021-07-14,23.2,37,5.4,318,0.0,87.09,66.76,384.86,3.71,93.14,14.96,13.97,104
2021_RED73,2021-07-15,27.3,27,8.7,218,0.0,92.27,71.63,393.47,9.18,98.46,29.51,8.47,105
2021_RED73,2021-07-16,30.4,34,18.1,226,0.0,92.32,76.52,402.65,14.84,103.74,41.51,8.42,106
2021_RED73,2021-07-17,30.5,36,9.4,223,0.0,92.37,81.27,411.84,9.64,108.84,31.95,8.37,107
2021_RED73,2021-07-18,30.4,32,14.7,211,0.0,92.49,86.3,421.02,12.81,114.12,39.29,8.24,108
2021_RED73,2021-07-19,22.4,61,11.2,15,1.6,80.93,84.17,428.76,2.21,112.93,11.03,21.04,109
2021_RED73,2021-07-20,23.5,46,7.2,143,0.0,87.0,87.29,436.69,4.01,116.41,17.76,14.07,110
2021_RED73,2021-07-21,25.4,55,14.5,136,0.0,87.35,90.1,444.97,6.09,119.63,24.3,13.68,111
2021_RED73,2021-07-22,27.0,55,15.0,132,0.6,87.27,93.07,453.53,6.17,123.02,24.8,13.77,112
2021_RED73,2021-07-23,25.6,76,12.6,233,0.5,85.37,94.57,461.84,4.19,125.1,18.93,15.88,113
2021_RED73,2021-07-24,24.3,42,22.7,288,3.0,82.18,74.46,462.37,4.57,106.18,18.74,19.56,114
2021_RED73,2021-07-25,23.8,47,20.9,289,0.4,87.65,77.56,470.36,8.77,109.84,30.09,13.36,115
2021_RED73,2021-07-26,25.1,39,1.1,252,0.0,89.58,81.32,478.58,4.26,114.15,18.43,11.28,116
2021_RED73,2021-07-27,25.6,41,5.0,249,1.9,83.17,76.84,486.89,2.12,110.2,10.53,18.4,117
2021_RED73,2021-07-28,26.9,50,12.9,333,0.0,87.74,80.13,495.44,5.94,114.11,23.39,13.26,118
2021_RED73,2021-07-29,21.8,36,9.5,349,0.0,89.77,83.57,503.07,6.7,118.09,25.82,11.07,119
2021_RED73,2021-07-30,24.7,55,14.6,261,3.0,78.03,66.72,502.86,1.97,100.21,9.38,24.58,120
2021_RED73,2021-07-31,21.2,49,15.5,342,2.4,77.65,58.92,510.38,2.0,91.45,8.97,25.06,121
2021_RED73,2021-08-01,22.7,47,15.5,324,0.2,86.44,61.52,517.47,5.62,94.85,20.58,14.69,122
2021_RED73,2021-08-02,27.8,33,10.2,278,0.0,91.2,65.52,525.48,8.51,99.9,28.22,9.57,123
2021_RED73,2021-08-03,29.4,40,9.4,272,0.1,91.25,69.3,533.77,8.23,104.64,28.2,9.52,124
2021_RED73,2021-08-04,25.5,51,13.8,229,0.0,89.93,71.99,541.37,8.5,108.06,29.26,10.91,125
2021_RED73,2021-08-05,16.4,92,14.2,7,16.4,29.91,33.2,462.86,0.01,56.31,0.01,117.03,126
2021_RED73,2021-08-06,20.9,43,7.2,72,0.0,69.13,35.79,469.63,0.87,60.13,2.82,36.47,127
2021_RED73,2021-08-07,24.2,48,12.0,139,0.0,84.7,38.51,476.99,3.7,64.08,12.04,16.64,128
2021_RED73,2021-08-08,26.3,49,16.6,178,0.0,88.09,41.39,484.73,7.52,68.22,21.3,12.88,129
2021_RED73,2021-08-09,24.7,56,4.5,76,0.0,88.14,43.74,492.18,4.12,71.57,13.96,12.83,130
2021_RED73,2021-08-10,19.1,87,21.7,227,13.5,42.58,20.57,436.73,0.17,36.81,0.22,84.24,131
2021_RED73,2021-08-11,19.8,49,26.4,253,6.1,66.38,14.18,421.64,2.1,26.16,4.02,40.48,132
2021_RED73,2021-08-12,11.8,88,26.4,287,3.3,49.95,10.29,418.56,0.62,19.39,0.55,68.66,133
2021_RED73,2021-08-13,15.4,49,18.0,299,0.0,75.48,12.03,424.34,1.95,22.47,3.29,27.83,134
2021_RED73,2021-08-14,25.0,40,12.6,207,0.0,87.74,15.26,431.84,5.85,28.05,10.92,13.26,135
2021_RED73,2021-08-15,30.2,40,18.0,213,0.0,90.65,19.14,440.28,11.65,34.53,20.62,10.15,136
2021_RED73,2021-08-16,29.1,54,18.1,186,0.0,89.86,22.01,448.52,10.46,39.21,20.32,10.98,137
2021_RED73,2021-08-17,29.4,54,5.6,315,0.0,89.84,24.9,456.82,5.55,43.83,13.39,11.0,138
2021_RED73,2021-08-18,29.9,52,6.3,204,0.0,89.89,27.98,465.2,5.8,48.64,14.65,10.95,139
2021_RED73,2021-08-19,28.7,59,15.6,206,10.4,71.96,15.97,429.5,1.47,29.23,2.87,32.51,140
2021_RED73,2021-08-20,26.5,63,7.2,180,0.1,82.61,18.08,437.28,2.21,32.77,4.97,19.05,141
2021_RED74,2021-07-05,21.0,58,17.4,310,3.7,73.27,50.64,291.6,1.69,70.62,6.52,30.74,95
2021_RED74,2021-07-06,16.1,38,8.4,50,0.0,84.34,53.14,298.2,2.94,73.53,10.84,17.05,96
2021_RED74,2021-07-07,21.2,28,5.2,168,0.0,90.13,56.91,305.72,5.68,77.68,18.62,10.69,97
2021_RED74,2021-07-08,23.0,31,8.9,207,0.0,91.22,60.82,313.57,8.0,81.92,24.46,9.55,98
2021_RED74,2021-07-09,23.6,47,10.8,244,0.0,90.3,63.89,321.52,7.71,85.37,24.37,10.52,99
2021_RED77,2021-07-05,22.9,56,16.6,311,3.3,76.16,53.06,309.41,1.9,74.28,7.49,26.95,95
2021_RED77,2021-07-06,15.9,43,9.8,54,0.0,84.52,55.34,315.98,3.24,76.97,12.04,16.84,96
2021_RED77,2021-07-07,21.1,30,5.6,165,0.0,89.83,58.99,323.48,5.55,81.03,18.72,11.01,97
2021_RED77,2021-07-08,22.4,33,10.8,201,0.0,90.75,62.69,331.22,8.23,85.1,25.46,10.04,98
2021_RED77,2021-07-09,23.1,52,12.1,243,0.1,89.42,65.41,339.08,7.26,88.26,23.76,11.45,99
2021_RED77,2021-07-10,27.9,39,13.0,276,0.0,90.56,69.57,347.8,8.94,92.75,28.16,10.24,100
2021_RED77,2021-07-11,30.9,30,7.2,273,0.0,92.74,74.83,357.07,9.1,98.21,29.3,7.98,101
2021_RED77,2021-07-12,29.3,33,25.3,204,0.0,92.79,79.61,366.05,22.81,103.14,54.3,7.93,102
2021_RED77,2021-07-13,22.9,48,14.9,328,4.3,75.83,57.14,362.73,1.7,81.99,7.26,27.38,103
2021_RED77,2021-07-14,22.6,37,5.1,315,0.0,86.85,60.65,370.5,3.53,86.07,13.76,14.24,104
2021_RED77,2021-07-15,27.2,26,7.9,219,0.0,92.38,65.56,379.1,8.96,91.55,28.02,8.35,105
2021_RED77,2021-07-16,29.9,34,18.3,227,0.0,92.43,70.37,388.19,15.24,96.85,40.93,8.3,106
2021_RED77,2021-07-17,30.2,35,9.8,234,0.0,92.48,75.15,397.33,10.0,102.05,31.79,8.25,107
2021_RED77,2021-07-18,30.2,31,14.1,218,0.0,92.65,80.22,406.47,12.72,107.43,38.13,8.08,108
2021_RED77,2021-07-19,22.2,61,12.8,11,0.7,87.37,82.35,414.17,5.61,110.02,22.09,13.66,109
2021_RED77,2021-07-20,23.1,46,7.4,141,0.0,88.35,85.42,422.03,4.92,113.44,20.38,12.59,110
2021_RED77,2021-07-21,25.1,54,11.1,151,0.0,88.4,88.25,430.25,5.96,116.68,23.69,12.54,111
2021_RED77,2021-07-22,26.6,55,15.3,137,0.3,88.45,91.18,438.74,7.42,120.01,27.9,12.48,112
2021_RED77,2021-07-23,26.0,75,6.4,254,4.1,63.96,63.48,434.75,0.7,93.01,3.17,44.16,113
2021_RED77,2021-07-24,23.8,43,21.7,285,6.0,74.65,42.09,421.65,2.24,67.36,8.16,28.91,114
2021_RED77,2021-07-25,23.3,48,21.1,290,0.2,86.17,45.07,429.55,7.18,71.41,21.11,14.99,115
2021_RED77,2021-07-26,24.8,40,2.4,297,0.0,89.1,48.72,437.71,4.25,76.22,14.83,11.79,116
2021_RED77,2021-07-27,24.9,42,5.7,252,1.6,84.11,50.4,445.9,2.49,78.59,9.83,17.31,117
2021_RED77,2021-07-28,27.1,49,12.1,333,0.0,88.06,53.78,454.48,5.97,83.0,20.02,12.9,118
2021_RED77,2021-07-29,20.8,37,10.8,345,0.0,89.53,57.02,461.93,6.91,87.14,22.81,11.32,119
2021_RED77,2021-07-30,23.9,56,14.9,262,1.4,83.37,59.6,469.94,3.59,90.5,14.36,18.16,120
2021_RED77,2021-07-31,20.6,54,16.5,340,4.5,70.94,42.95,461.94,1.48,69.7,5.69,33.92,121
2021_RED77,2021-08-01,22.3,48,14.3,326,0.0,84.67,45.46,468.96,4.14,73.19,14.2,16.67,122
2021_RED77,2021-08-02,27.2,34,11.3,277,0.0,90.7,49.32,476.86,8.37,78.37,24.71,10.09,123
2021_RED77,2021-08-03,28.5,42,8.4,280,0.1,90.75,52.86,484.99,7.29,83.09,23.09,10.04,124
2021_RED77,2021-08-04,26.3,45,14.3,231,1.0,87.78,55.97,492.73,6.41,87.19,21.62,13.21,125
2021_RED77,2021-08-05,16.4,95,18.8,7,16.6,25.71,24.81,422.11,0.0,43.27,0.0,130.07,126
2021_RED77,2021-08-06,20.4,43,7.6,59,0.2,66.78,27.34,428.79,0.83,47.17,2.03,39.89,127
2021_RED77,2021-08-07,23.4,50,12.3,142,0.0,83.51,29.87,436.01,3.21,51.01,9.34,18.0,128
2021_RED77,2021-08-08,25.4,50,16.9,178,0.0,87.59,32.61,443.58,7.12,55.09,18.28,13.42,129
2021_RED77,2021-08-09,24.5,58,4.3,66,0.0,87.64,34.83,451.0,3.8,58.38,11.64,13.36,130
2021_RED77,2021-08-10,18.3,92,21.4,225,21.0,31.36,13.17,369.46,0.01,24.18,0.01,112.83,131
2021_RED77,2021-08-11,19.4,50,24.7,249,6.9,62.31,9.18,354.44,1.62,17.25,2.05,46.75,132
2021_RED77,2021-08-12,11.4,88,28.0,288,3.1,49.63,6.49,353.33,0.64,12.41,0.44,69.29,133
2021_RED77,2021-08-13,15.2,48,18.8,299,0.2,75.61,8.24,359.07,2.05,15.58,2.62,27.66,134
2021_RED77,2021-08-14,24.4,42,13.5,209,0.0,87.28,11.29,366.46,5.73,20.97,9.17,13.76,135
2021_RED77,2021-08-15,29.4,43,18.8,209,0.0,89.95,14.88,374.76,10.98,27.07,17.51,10.88,136
2021_RED77,2021-08-16,28.4,55,18.8,185,0.0,89.53,17.62,382.87,10.34,31.6,18.09,11.33,137
2021_RED77,2021-08-17,29.5,54,5.8,292,0.0,89.58,20.53,391.19,5.41,36.29,11.81,11.27,138
2021_RED77,2021-08-18,31.0,48,8.4,200,0.0,89.63,23.97,399.77,6.21,41.69,14.21,11.22,139
2021_RED77,2021-08-19,29.2,56,14.6,200,0.9,86.78,26.72,408.03,5.65,45.93,13.91,14.3,140
2021_RED77,2021-08-20,27.8,58,10.1,180,0.6,86.77,29.23,416.04,4.49,49.73,12.15,14.32,141
2021_RED81,2021-07-06,12.8,43,5.6,15,1.3,76.57,31.96,219.42,1.12,46.86,3.08,26.42,96
2021_RED81,2021-07-07,19.0,36,9.7,228,0.0,86.66,34.98,226.54,4.33,50.48,11.9,14.44,97
2021_RED81,2021-07-08,22.1,42,13.4,262,0.0,88.73,38.14,234.22,7.02,54.21,17.94,12.19,98
2021_RED81,2021-07-09,25.6,41,11.8,258,0.0,89.77,41.84,242.53,7.51,58.47,19.63,11.08,99
2021_RED81,2021-07-10,24.6,54,8.2,49,0.3,89.17,44.62,250.67,5.75,61.76,16.59,11.72,100
2021_RED81,2021-07-11,27.5,43,11.3,163,0.0,89.8,48.45,259.32,7.36,66.05,20.62,11.05,101
2021_RED81,2021-07-12,29.7,38,22.0,220,0.0,91.1,52.93,268.37,15.2,70.9,35.2,9.68,102
2021_RED81,2021-07-13,18.0,60,11.8,333,9.5,58.31,29.54,250.62,0.66,45.63,1.23,53.34,103
2021_RED81,2021-07-14,21.6,40,12.4,292,0.0,82.62,32.73,258.21,2.88,49.71,8.37,19.03,104
2021_RED81,2021-07-15,25.9,35,10.2,252,0.0,89.9,36.86,266.58,7.06,54.78,18.13,10.94,105
2021_RED81,2021-07-16,29.9,43,16.1,219,0.0,90.26,41.01,275.66,10.02,59.78,24.38,10.56,106
2021_RED81,2021-07-17,13.4,75,11.7,45,4.8,55.58,28.12,271.28,0.53,44.66,0.82,58.11,107
2021_RED81,2021-07-18,14.3,94,10.7,78,23.6,16.65,10.65,212.16,0.0,18.93,0.0,163.05,108
2021_RED81,2021-07-19,17.5,47,9.2,45,22.1,46.34,6.74,165.62,0.16,12.24,0.11,76.02,109
2021_RED81,2021-07-20,21.1,38,3.0,194,0.0,75.23,9.98,173.12,0.9,17.44,0.75,28.15,110
2021_RED81,2021-07-21,23.7,53,2.9,97,0.0,83.81,12.71,181.09,2.08,21.63,3.45,17.66,111
2021_RED81,2021-07-22,25.1,48,15.8,139,0.0,87.88,15.91,189.31,7.01,26.3,12.22,13.1,112
2021_RED81,2021-07-23,22.0,87,17.3,201,2.4,66.37,13.57,196.98,1.33,23.16,2.0,40.5,113
2021_RED81,2021-07-24,21.8,47,24.3,277,0.0,84.56,16.43,204.6,6.75,27.36,12.1,16.8,114
2021_RED81,2021-07-25,18.4,60,15.8,297,6.7,62.85,10.94,197.77,1.06,19.22,0.94,45.91,115
2021_RED81,2021-07-26,19.0,39,11.9,305,0.0,82.69,13.82,204.9,2.83,23.65,5.12,18.96,116
2021_RED81,2021-07-27,22.7,44,10.7,250,0.0,87.7,16.95,212.69,5.29,28.26,10.08,13.3,117
2021_RED81,2021-07-28,22.8,53,18.2,309,1.7,82.37,18.36,220.5,3.73,30.39,7.79,19.33,118
2021_RED81,2021-07-29,15.7,50,9.7,297,0.4,85.39,20.33,227.03,3.62,33.22,8.01,15.86,119
2021_RED81,2021-07-30,22.9,62,6.1,270,0.2,85.7,22.47,234.85,3.16,36.27,7.47,15.51,120
2021_RED81,2021-07-31,16.1,62,18.5,336,3.4,68.88,17.95,236.0,1.53,30.17,3.11,36.83,121
2021_RED81,2021-08-01,21.6,49,10.6,298,0.0,83.32,20.34,242.89,2.87,33.64,6.53,18.22,122
2021_RED81,2021-08-02,23.5,51,11.4,349,0.0,86.92,22.83,250.12,4.9,37.18,11.05,14.15,123
2021_RED81,2021-08-03,24.0,41,6.7,216,0.1,89.13,25.89,257.45,5.31,41.38,12.51,11.75,124
2021_RED81,2021-08-04,22.0,73,7.6,329,0.2,85.9,27.18,264.41,3.5,43.24,9.11,15.29,125
2021_RED81,2021-08-05,13.8,59,5.1,51,2.6,67.47,23.46,269.9,0.75,38.55,1.23,38.87,126
2021_RED87,2021-07-09,25.4,33,8.0,252,0.0,91.41,81.03,311.35,7.85,98.18,26.48,9.35,99
2021_RED87,2021-07-10,28.0,36,12.2,294,0.0,91.46,85.4,320.1,9.77,102.46,31.35,9.3,100
2021_RED87,2021-07-11,30.2,29,5.6,220,0.0,92.89,90.62,329.24,8.57,107.36,29.33,7.83,101
2021_RED87,2021-07-12,30.0,29,25.0,205,0.0,93.03,95.81,338.34,23.24,112.19,56.85,7.69,102
2021_RED93,2021-07-11,31.3,30,6.1,208,0.0,92.96,74.41,331.3,8.87,95.3,28.38,7.77,101
2021_RED93,2021-07-12,29.3,38,25.4,215,0.0,92.69,78.83,340.27,22.6,99.84,53.24,8.04,102
2021_RED93,2021-07-13,20.9,53,14.7,338,8.0,67.05,46.5,323.73,1.19,68.43,4.51,39.49,103
2021_RED93,2021-07-14,22.7,36,5.5,302,0.0,84.86,50.08,331.52,2.73,72.7,10.11,16.46,104
2021_RED93,2021-07-15,26.8,31,11.4,215,0.0,91.2,54.6,340.05,9.03,77.92,25.97,9.58,105
2021_RED93,2021-07-16,30.6,36,18.7,220,0.0,91.7,59.36,349.26,14.02,83.32,36.09,9.05,106
2021_RED93,2021-07-17,25.9,62,4.7,266,1.1,83.69,61.77,357.62,2.24,86.29,9.52,17.8,107
2021_RED93,2021-07-18,29.9,34,16.0,224,0.5,91.31,66.58,366.71,11.58,91.59,33.31,9.46,108
2021_RED93,2021-07-19,18.5,64,12.8,40,4.0,67.16,48.67,363.78,1.09,72.94,4.3,39.32,109
2021_RED93,2021-07-20,22.9,41,6.7,144,0.0,84.25,51.99,371.6,2.67,77.04,10.29,17.15,110
2021_RED93,2021-07-21,25.9,55,8.7,187,0.0,86.86,54.85,379.97,4.24,80.61,15.27,14.22,111
2021_RED93,2021-07-22,26.9,52,14.6,142,4.2,77.47,41.64,377.39,1.88,65.28,6.83,25.28,112
2021_RED93,2021-07-23,22.3,84,9.2,231,14.1,40.51,19.49,335.55,0.06,34.04,0.08,89.04,113
2021_RED93,2021-07-24,23.0,45,22.8,282,1.1,78.18,22.6,343.4,3.02,38.82,7.48,24.4,114
2021_RED93,2021-07-25,22.0,62,17.1,278,0.3,84.0,24.67,351.06,4.36,41.96,10.75,17.44,115
2021_RED93,2021-07-26,22.0,55,6.5,304,1.6,79.24,26.04,358.72,1.46,44.09,3.99,23.08,116
2021_RED93,2021-07-27,24.3,46,9.8,264,0.0,87.0,29.26,366.8,4.57,48.8,12.18,14.07,117
2021_RED93,2021-07-28,24.4,57,14.7,332,1.4,82.92,31.84,374.9,3.35,52.53,9.87,18.68,118
2021_RED93,2021-07-29,20.3,39,9.2,339,0.3,87.99,34.91,382.26,5.11,56.84,14.48,12.99,119
2021_RED93,2021-07-30,21.9,80,11.2,274,14.3,47.01,15.8,339.02,0.19,28.31,0.22,74.62,120
2021_SLK104,2021-07-23,22.8,84,16.1,214,3.4,62.11,34.95,305.84,1.04,54.37,3.2,47.07,113
2021_SLK104,2021-07-24,23.6,37,22.4,281,0.1,86.35,38.61,313.79,7.87,59.05,20.4,14.79,114
2021_SLK104,2021-07-25,17.8,81,9.9,314,11.9,42.66,18.82,285.2,0.09,32.31,0.11,84.07,115
2021_SLK104,2021-07-26,20.7,49,13.5,299,1.9,70.36,19.46,292.63,1.25,33.37,2.61,34.73,116
2021_SLK104,2021-07-27,23.4,40,10.5,266,0.0,86.02,22.91,300.54,4.12,38.49,9.76,15.16,117
2021_SLK104,2021-07-28,23.1,63,11.0,308,3.9,69.87,18.01,300.28,1.08,31.33,1.99,35.42,118
2021_SLK104,2021-07-29,15.9,44,8.5,332,0.9,79.58,20.25,306.85,1.67,34.76,3.86,22.67,119
2021_SLK104,2021-07-30,20.1,79,8.1,283,3.3,59.81,15.87,307.99,0.61,28.13,0.69,50.83,120
2021_SLK106,2021-07-24,23.4,38,21.0,283,0.7,80.62,19.45,283.71,3.5,33.21,7.77,21.4,114
2021_SLK106,2021-07-25,16.8,84,11.8,320,6.7,45.42,11.59,273.63,0.16,20.97,0.15,77.99,115
2021_SLK106,2021-07-26,20.4,57,14.8,296,0.8,73.17,13.76,281.01,1.48,24.53,2.48,30.88,116
2021_SLK106,2021-07-27,23.5,37,11.9,268,0.0,87.34,17.4,288.94,5.33,30.25,10.55,13.69,117
2021_SLK106,2021-07-28,21.4,76,9.8,294,5.8,57.04,11.45,282.38,0.54,20.79,0.51,55.53,118
2021_SLK106,2021-07-29,15.7,44,10.5,344,0.0,77.8,13.66,288.91,1.57,24.43,2.69,24.88,119
2021_SLK106,2021-07-30,18.6,84,8.6,270,3.2,55.99,10.42,290.39,0.47,19.12,0.41,57.37,120
2021_SLK106,2021-07-31,17.3,59,18.8,343,8.8,56.58,6.85,273.38,0.82,12.9,0.57,56.33,121
2021_SLK106,2021-08-01,20.5,48,13.2,334,0.0,79.99,9.17,280.07,2.21,16.96,3.09,22.17,122
2021_SLK106,2021-08-02,24.7,52,15.3,297,0.1,86.51,11.73,287.52,5.62,21.29,9.09,14.61,123
2021_SLK106,2021-08-03,24.0,37,2.5,278,3.4,75.1,11.19,288.63,0.87,20.4,0.8,28.33,124
2021_SLK106,2021-08-04,26.8,53,13.6,292,0.0,85.92,13.9,296.45,4.75,24.88,8.57,15.27,125
2021_SLK106,2021-08-05,10.4,100,11.5,41,30.7,11.12,5.56,212.07,0.0,10.43,0.0,187.35,126
2021_SLK115,2021-07-26,19.5,45,10.8,307,0.5,80.85,17.03,264.39,2.15,29.33,4.47,21.13,116
2021_SLK115,2021-07-27,23.4,35,11.8,258,0.0,89.09,20.77,272.31,6.82,34.89,13.88,11.8,117
2021_SLK115,2021-07-28,23.6,53,12.9,297,4.5,73.42,16.27,270.79,1.36,28.3,2.51,30.55,118
2021_SLK115,2021-07-29,15.1,48,9.4,320,0.4,82.58,18.25,277.21,2.46,31.35,5.37,19.09,119
2021_SLK115,2021-07-30,19.7,70,3.2,207,0.9,79.37,19.72,284.46,1.25,33.61,2.64,22.93,120
2021_SLK115,2021-07-31,15.0,66,17.1,342,7.0,56.32,12.2,273.06,0.74,21.95,0.71,56.78,121
2021_SLK115,2021-08-01,20.7,46,11.3,323,0.4,80.05,14.63,279.79,2.02,25.88,3.82,22.1,122
2021_SLK115,2021-08-02,24.1,54,10.9,326,0.0,85.88,17.02,287.14,4.12,29.65,8.38,15.31,123
2021_SLK115,2021-08-03,22.9,35,3.7,209,2.3,79.94,17.31,294.26,1.36,30.17,2.68,22.23,124
2021_SLK115,2021-08-04,26.1,58,13.4,290,0.0,85.75,19.66,301.96,4.59,33.82,9.93,15.45,125
2021_SLK115,2021-08-05,11.5,74,9.7,48,5.6,50.41,12.45,293.14,0.28,22.51,0.27,67.75,126
2021_SLK124,2021-07-27,23.7,37,11.5,270,0.0,87.03,25.55,308.86,5.0,42.34,12.09,14.03,117
2021_SLK124,2021-07-28,22.8,62,10.9,304,4.0,69.82,19.84,308.02,1.08,34.17,2.16,35.49,118
2021_SLK124,2021-07-29,15.3,45,9.3,332,0.5,81.87,21.95,314.48,2.24,37.38,5.52,19.92,119
2021_SLK17,2021-06-17,24.8,28,23.2,263,0.0,92.17,25.23,161.56,18.79,36.3,29.48,8.57,77
2021_SLK17,2021-06-18,9.9,81,16.9,320,1.9,70.21,23.43,166.75,1.48,34.67,3.33,34.94,78
2021_SLK17,2021-06-19,15.9,56,8.7,228,0.1,80.27,25.4,173.01,1.81,37.16,4.43,21.83,79
2021_SLK17,2021-06-20,16.4,77,12.1,287,6.9,49.97,15.32,166.07,0.3,24.89,0.31,68.62,80
2021_SLK17,2021-06-21,12.3,47,13.0,318,1.5,67.41,17.19,171.69,1.11,27.49,1.78,38.96,81
2021_SLK17,2021-06-22,15.0,41,7.8,292,0.9,78.74,19.69,177.79,1.49,30.84,3.06,23.7,82
2021_SLK17,2021-06-23,23.5,43,25.7,226,0.0,87.89,23.38,185.43,11.56,35.55,20.8,13.09,83
2021_SLK17,2021-06-24,19.6,46,15.4,259,3.6,74.84,19.71,187.02,1.65,31.2,3.49,28.66,84
2021_SLK17,2021-06-25,23.9,37,11.9,270,0.0,87.79,23.86,194.72,5.69,36.52,12.34,13.2,85
2021_SLK17,2021-06-26,23.7,47,7.2,288,0.2,88.38,27.32,202.39,4.89,40.85,11.62,12.56,86
2021_SLK17,2021-06-27,24.2,42,0.4,180,1.1,84.61,31.18,210.15,2.04,45.49,5.75,16.74,87
2021_SLK17,2021-06-28,24.4,42,8.4,353,0.0,88.65,35.07,217.95,5.39,50.02,14.07,12.27,88
2021_SLK17,2021-06-29,26.2,26,8.6,292,0.0,92.45,40.39,226.07,9.37,55.84,22.46,8.28,89
2021_SLK17,2021-06-30,24.0,41,12.9,36,0.6,89.8,44.29,233.79,7.98,60.11,20.8,11.04,90
2021_SLK17,2021-07-01,23.1,33,3.3,49,0.0,90.78,48.1,241.66,5.66,64.23,16.76,10.01,91
2021_SLK17,2021-07-02,31.3,29,13.7,288,0.0,93.09,53.5,250.99,13.25,69.8,31.88,7.63,92
2021_SLK17,2021-07-03,32.5,35,12.7,241,0.0,93.14,58.63,260.55,12.68,75.04,32.1,7.58,93
2021_SLK17,2021-07-04,26.8,59,9.7,202,1.0,85.66,61.32,269.08,3.76,78.12,13.69,15.56,94
2021_SLK17,2021-07-05,23.5,54,17.3,306,7.0,70.75,38.2,259.87,1.53,55.86,5.02,34.18,95
2021_SLK17,2021-07-06,15.9,40,8.6,33,0.0,83.14,40.59,266.44,2.54,58.79,8.33,18.43,96
2021_SLK17,2021-07-07,19.6,31,2.8,140,0.0,88.74,43.94,273.67,4.12,62.71,12.94,12.18,97
2021_SLK17,2021-07-08,23.4,28,5.2,254,0.0,91.49,48.09,281.58,6.9,67.4,19.88,9.27,98
2021_SLK17,2021-07-09,25.5,31,7.3,261,0.0,91.81,52.4,289.88,8.02,72.18,22.96,8.94,99
2021_SLK17,2021-07-10,27.5,39,11.4,305,0.0,91.86,56.5,298.53,9.93,76.7,27.49,8.89,100
2021_SLK17,2021-07-11,29.4,36,4.3,156,0.0,91.91,61.08,307.53,6.99,81.63,22.22,8.84,101
2021_SLK17,2021-07-12,29.9,31,22.5,215,0.0,92.57,66.1,316.61,19.19,86.87,45.11,8.16,102
2021_SLK17,2021-07-13,22.4,66,12.5,309,3.6,70.85,50.35,316.96,1.21,72.07,4.75,34.05,103
2021_SLK17,2021-07-14,21.9,36,6.4,317,0.0,85.73,53.8,324.6,3.22,76.08,11.91,15.47,104
2021_SLK17,2021-07-15,26.8,27,8.4,260,0.0,91.97,58.59,333.13,8.67,81.39,25.79,8.78,105
2021_SLK17,2021-07-16,28.8,36,14.7,239,0.0,92.02,63.08,342.02,11.99,86.35,33.13,8.72,106
2021_SLK17,2021-07-17,31.1,31,11.3,279,0.0,92.75,68.3,351.32,11.2,91.92,32.65,7.97,107
2021_SLK17,2021-07-18,31.1,30,9.5,259,1.2,91.31,73.59,360.62,8.34,97.46,27.51,9.46,108
2021_SLK17,2021-07-19,17.9,82,15.1,25,6.3,52.34,45.14,348.8,0.46,68.21,0.97,64.05,109
2021_SLK3,2021-05-17,18.4,46,3.5,66,0.8,83.84,22.65,79.03,2.15,26.39,4.14,17.63,46
2021_SLK3,2021-05-18,23.8,34,17.9,202,0.0,90.04,26.97,85.71,10.63,30.19,18.04,10.79,47
2021_SLK3,2021-05-19,19.8,61,16.1,200,0.0,87.58,29.12,91.68,6.82,32.46,13.36,13.44,48
2021_SLK3,2021-05-20,16.3,100,7.6,90,8.1,22.71,15.35,83.74,0.0,21.05,0.0,140.18,49
2021_SLK3,2021-05-21,9.8,91,7.1,41,17.4,12.25,6.9,57.16,0.0,10.6,0.0,182.07,50
2021_SLK3,2021-05-22,7.4,100,13.5,34,15.5,1.02,2.83,35.39,0.0,4.72,0.0,243.2,51
2021_SLK3,2021-05-23,10.5,57,15.3,133,1.0,36.39,4.15,39.69,0.04,6.58,0.02,99.18,52
2021_SLK3,2021-05-24,18.6,71,18.6,198,0.0,65.59,5.65,45.44,1.38,8.62,0.77,41.67,53
2021_SLK3,2021-05-25,22.9,45,20.1,209,0.0,84.88,9.13,51.96,5.71,12.68,6.97,16.43,54
2021_SLK3,2021-05-26,3.1,50,17.9,326,1.8,72.73,8.48,54.93,1.7,12.24,1.55,31.46,55
2021_SLK3,2021-05-27,7.9,39,6.2,21,0.0,81.14,9.93,58.75,1.76,13.96,1.9,20.78,56
2021_SLK3,2021-05-28,13.0,36,10.5,176,0.0,86.49,12.3,63.5,4.4,16.57,6.34,14.64,57
2021_SLK3,2021-05-29,15.5,38,22.0,198,0.0,88.33,15.01,68.69,10.22,19.41,14.1,12.62,58
2021_SLK3,2021-05-30,16.4,60,14.0,215,2.9,71.04,13.03,71.4,1.31,17.9,1.44,33.79,59
2021_SLK3,2021-05-31,17.9,43,8.8,282,0.8,81.68,15.88,77.02,2.14,20.96,3.48,20.14,60
2021_SLK3,2021-06-01,22.3,32,14.0,222,0.0,89.6,20.07,84.44,8.2,25.18,13.52,11.25,61
2021_SLK3,2021-06-02,21.7,42,16.8,228,0.0,89.65,23.56,91.75,9.51,28.69,16.19,11.2,62
2021_SLK3,2021-06-03,23.9,46,3.3,347,0.8,87.06,27.11,99.46,3.32,32.25,7.28,14.0,63
2021_SLK3,2021-06-04,27.6,40,19.2,197,0.0,90.13,31.64,107.83,11.49,36.5,20.98,10.69,64
2021_SLK3,2021-06-05,24.1,44,3.1,159,1.4,83.89,35.36,115.57,2.12,40.07,5.48,17.57,65
2021_SLK3,2021-06-06,29.2,45,21.9,234,0.2,89.3,39.75,124.23,11.69,44.17,23.34,11.57,66
2021_SLK3,2021-06-07,21.8,45,10.5,264,2.8,78.05,35.45,131.56,1.61,42.36,4.29,24.55,67
2021_SLK3,2021-06-08,26.6,34,4.3,336,0.0,88.98,40.26,139.75,4.6,46.81,11.96,11.91,68
2021_SLK3,2021-06-09,21.7,71,18.1,149,1.3,80.35,42.0,147.06,2.94,49.01,8.45,21.73,69
2021_SLK3,2021-06-10,15.3,88,13.7,35,24.0,30.55,16.56,103.43,0.01,23.65,0.01,115.15,70
2021_SLK3,2021-06-11,16.9,79,24.7,111,1.8,53.56,16.02,109.87,0.84,23.48,0.85,61.77,71
2021_SLK3,2021-06-12,19.8,63,20.6,254,2.4,68.75,15.0,116.84,1.7,22.71,2.79,37.02,72
2021_SLK3,2021-06-13,19.2,65,11.9,284,1.5,73.44,16.87,123.7,1.29,25.16,2.09,30.52,73
2021_SLK3,2021-06-14,15.4,66,11.2,2,0.2,80.0,18.34,129.88,2.0,27.11,3.91,22.15,74
2021_SLK3,2021-06-15,21.6,38,2.9,30,0.0,87.17,22.05,137.17,3.31,31.46,7.14,13.88,75
2021_SLK3,2021-06-16,24.7,43,14.3,192,0.0,89.09,25.92,145.02,7.74,35.83,15.52,11.8,76
2021_SLK3,2021-06-17,24.1,32,22.9,262,0.0,91.17,30.43,152.76,16.08,40.63,27.96,9.6,77
2021_SLK3,2021-06-18,11.4,86,15.3,317,2.5,62.62,25.79,158.22,1.03,36.65,2.16,46.27,78
2021_SLK3,2021-06-19,15.7,58,8.2,229,0.0,76.69,27.65,164.45,1.29,38.93,3.11,26.28,79
2021_SLK3,2021-06-20,17.3,74,14.6,280,3.8,60.57,20.89,165.41,0.88,31.75,1.37,49.56,80
2021_SLK3,2021-06-21,12.3,56,13.3,319,1.7,68.12,21.07,171.03,1.15,32.22,2.25,37.93,81
2021_SLK3,2021-06-22,15.2,53,7.4,241,0.7,78.08,23.09,177.17,1.38,34.83,3.07,24.53,82
2021_SLK3,2021-06-23,23.1,46,26.6,221,0.7,86.58,26.53,184.73,10.05,39.04,19.69,14.53,83
2021_SLK3,2021-06-24,19.9,49,16.3,264,0.9,85.33,29.35,191.71,5.02,42.45,12.13,15.92,84
2021_SLK3,2021-06-25,23.6,43,13.3,267,0.0,88.59,33.06,199.37,6.85,46.74,16.28,12.33,85
2021_SLK3,2021-06-26,22.6,54,4.4,261,0.0,88.64,35.93,206.84,4.4,50.1,12.01,12.28,86
2021_SLK3,2021-06-27,24.0,45,3.6,217,0.1,88.88,39.56,214.56,4.38,54.16,12.49,12.03,87
2021_SLK3,2021-06-28,24.6,42,6.4,344,1.1,86.49,43.49,222.39,3.58,58.42,11.1,14.63,88
2021_SLK3,2021-06-29,26.0,30,10.2,280,0.0,91.4,48.48,230.48,8.75,63.54,22.87,9.37,89
2021_SLK3,2021-06-30,24.8,40,9.7,31,0.0,91.45,52.57,238.35,8.59,67.77,23.34,9.31,90
2021_SLK3,2021-07-01,23.3,34,3.5,66,0.0,91.5,56.35,246.24,6.33,71.69,19.32,9.26,91
2021_SLK3,2021-07-02,30.4,28,13.1,278,0.0,93.18,61.68,255.42,13.01,76.92,33.05,7.54,92
2021_SLK3,2021-07-03,31.5,37,13.6,238,0.0,93.22,66.5,264.79,13.44,81.71,34.76,7.49,93
2021_SLK3,2021-07-04,25.0,65,9.0,217,0.5,88.09,68.65,273.0,5.13,84.3,18.06,12.88,94
2021_SLK3,2021-07-05,24.8,49,18.2,300,0.4,88.33,71.75,281.17,8.44,87.61,26.3,12.62,95
2021_SLK3,2021-07-06,14.6,51,9.7,45,0.0,88.02,73.56,287.5,5.26,89.72,19.04,12.95,96
2021_SLK3,2021-07-07,19.7,29,4.6,135,0.0,90.51,77.03,294.75,5.82,93.18,20.89,10.29,97
2021_SLK3,2021-07-08,23.2,26,4.3,204,0.0,92.14,81.25,302.63,7.22,97.24,24.88,8.6,98
2021_SLK3,2021-07-09,24.7,32,9.6,257,0.0,92.19,85.37,310.78,9.5,101.22,30.61,8.55,99
2021_SLK3,2021-07-10,27.7,38,13.6,287,0.0,92.24,89.56,319.47,11.71,105.31,35.81,8.5,100
2021_SLK3,2021-07-11,30.2,32,5.0,210,0.0,92.44,94.56,328.61,7.8,109.99,27.81,8.29,101
2021_SLK3,2021-07-12,29.6,32,22.3,211,0.0,92.49,99.46,337.64,18.79,114.56,50.23,8.24,102
2021_SLK3,2021-07-13,22.5,60,14.4,307,5.7,68.91,61.97,329.85,1.25,84.33,5.52,36.79,103
2021_SLK34,2021-07-03,32.8,33,11.2,249,0.0,92.66,46.19,185.54,11.0,56.94,25.39,8.07,93
2021_SLK34,2021-07-04,29.1,45,14.3,205,0.1,91.52,50.09,194.48,10.95,60.94,26.19,9.24,94
2021_SLK34,2021-07-05,20.7,55,19.0,307,5.5,70.77,34.22,191.5,1.67,47.31,4.85,34.16,95
2021_SLK35,2021-07-02,29.3,51,12.3,310,0.6,88.18,19.63,178.02,6.13,30.77,11.94,12.78,92
2021_SLK35,2021-07-03,31.9,37,9.7,228,0.0,91.44,24.51,187.47,8.58,36.94,17.05,9.32,93
2021_SLK35,2021-07-04,31.7,38,9.2,231,0.0,91.53,29.28,196.88,8.48,42.69,18.21,9.23,94
2021_SLK35,2021-07-05,11.2,67,19.1,316,0.1,86.38,30.24,202.6,6.68,44.04,15.48,14.76,95
2021_SLK35,2021-07-06,12.8,43,9.4,4,2.5,72.99,27.02,208.61,1.12,40.83,2.71,31.12,96
2021_SLK35,2021-07-07,18.2,35,8.5,216,0.0,85.49,29.97,215.59,3.46,44.48,9.17,15.75,97
2021_SLK35,2021-07-08,22.6,36,15.2,274,0.0,89.63,33.53,223.36,8.74,48.76,19.93,11.23,98
2021_SLK35,2021-07-09,24.9,44,11.2,276,0.0,89.67,36.95,231.54,7.2,52.83,18.03,11.18,99
2021_SLK37,2021-07-02,28.9,54,11.7,313,1.2,85.48,18.37,163.63,4.06,28.69,8.11,15.76,92
2021_SLK37,2021-07-03,31.8,38,9.4,223,0.0,90.97,23.16,173.05,7.91,34.71,15.52,9.81,93
2021_SLK37,2021-07-04,31.8,38,8.3,236,0.0,91.5,27.95,182.48,8.07,40.42,17.06,9.26,94
2021_SLK37,2021-07-05,10.5,69,18.6,317,0.1,86.07,28.8,188.08,6.24,41.65,14.26,15.1,95
2021_SLK37,2021-07-06,12.3,45,9.4,4,3.3,68.07,23.35,189.39,0.94,35.69,1.84,38.0,96
2021_SLK37,2021-07-07,18.1,36,9.2,219,0.0,83.95,26.23,196.35,2.91,39.33,7.29,17.5,97
2021_SLK37,2021-07-08,22.5,37,15.0,280,0.0,89.18,29.73,204.11,8.12,43.58,17.81,11.7,98
2021_SLK37,2021-07-09,24.5,47,10.7,282,0.4,89.23,32.91,212.22,6.58,47.43,15.92,11.65,99
2021_SLK37,2021-07-10,22.8,62,11.7,45,3.8,71.09,25.65,213.78,1.17,39.46,2.79,33.72,100
2021_SLK37,2021-07-11,25.3,40,11.8,149,0.0,86.99,29.37,222.03,5.05,44.14,12.46,14.08,101
2021_SLK37,2021-07-12,30.6,31,19.8,209,0.0,92.36,34.51,231.25,16.26,50.26,31.19,8.38,102
2021_SLK37,2021-07-13,18.1,62,14.4,328,0.1,87.75,36.22,238.21,6.42,52.49,16.5,13.24,103
2021_SLK37,2021-07-14,20.4,41,12.8,280,0.0,88.81,39.2,245.58,6.89,56.04,18.02,12.09,104
2021_SLK37,2021-07-15,25.6,33,12.5,282,0.0,91.14,43.4,253.9,9.47,60.81,23.63,9.64,105
2021_SLK37,2021-07-16,29.7,39,16.2,233,0.0,91.19,47.81,262.95,11.49,65.74,28.11,9.59,106
2021_SLK37,2021-07-17,13.7,82,14.7,28,13.3,40.94,22.91,233.63,0.09,36.79,0.12,88.02,107
2021_SLK39,2021-07-01,22.0,34,1.4,180,0.0,89.55,35.83,176.99,4.31,47.58,11.46,11.31,91
2021_SLK39,2021-07-02,31.5,37,16.0,301,0.0,91.54,40.65,186.37,11.96,52.61,25.88,9.22,92
2021_SLK39,2021-07-03,33.0,33,11.4,242,0.0,92.66,46.02,196.01,11.11,58.0,25.8,8.07,93
2021_SLK39,2021-07-04,31.4,35,11.4,204,0.0,92.71,50.98,205.37,11.19,62.92,27.01,8.02,94
2021_SLK39,2021-07-05,17.6,59,19.4,310,1.1,83.51,52.78,212.24,4.59,65.09,14.38,18.0,95
2021_SLK39,2021-07-06,15.1,32,9.8,17,0.0,88.21,55.37,218.66,5.43,67.81,16.73,12.75,96
2021_SLK39,2021-07-07,19.3,30,4.2,200,0.0,90.32,58.72,225.84,5.55,71.18,17.45,10.49,97
2021_SLK39,2021-07-08,24.0,26,8.8,258,0.0,92.31,63.09,233.86,9.28,75.35,26.0,8.43,98
2021_SLK39,2021-07-09,26.2,30,8.0,260,0.0,92.36,67.57,242.28,8.97,79.63,26.14,8.38,99
2021_SLK39,2021-07-10,26.7,41,8.9,346,0.1,91.8,71.43,250.79,8.68,83.44,26.15,8.95,100
2021_SLK39,2021-07-11,27.7,43,12.6,153,0.4,91.53,75.28,259.48,10.06,87.27,29.59,9.23,101
2021_SLK39,2021-07-12,30.6,28,23.5,216,0.0,93.25,80.64,268.69,22.22,92.15,50.84,7.47,102
2021_SLK39,2021-07-13,19.0,74,14.2,344,3.5,66.41,60.05,269.57,1.14,77.14,4.7,40.44,103
2021_SLK39,2021-07-14,20.1,40,7.9,273,0.2,83.3,63.03,276.89,2.5,80.34,10.0,18.24,104
2021_SLK39,2021-07-15,26.7,26,7.9,267,0.0,91.77,67.86,285.4,8.22,85.12,25.45,8.98,105
2021_SLK39,2021-07-16,28.9,37,16.2,238,0.0,91.82,72.3,294.3,12.58,89.58,34.82,8.93,106
2021_SLK39,2021-07-17,28.6,47,9.8,298,1.5,86.15,76.0,303.16,4.05,93.44,16.03,15.01,107
2021_SLK39,2021-07-18,29.6,37,7.7,259,1.5,87.62,80.54,312.19,4.49,97.92,17.74,13.39,108
2021_SLK39,2021-07-19,13.1,84,14.3,41,2.7,61.41,64.8,318.25,0.91,85.88,4.06,48.19,109
2021_SLK39,2021-07-20,21.3,34,3.6,127,0.0,82.31,68.27,325.79,1.77,89.6,7.98,19.41,110
2021_SLK39,2021-07-21,25.8,33,8.6,213,0.0,90.11,72.5,334.14,6.72,94.01,23.24,10.72,111
2021_SLK39,2021-07-22,25.6,42,12.8,142,2.5,82.91,63.61,342.45,3.04,86.88,12.31,18.7,112
2021_SLK39,2021-07-23,23.0,85,20.0,198,7.1,52.77,37.4,329.42,0.62,58.27,1.57,63.23,113
2021_SLK39,2021-07-24,23.7,39,21.0,286,4.2,76.08,29.54,327.58,2.35,48.21,6.86,27.05,114
2021_SLK39,2021-07-25,18.5,76,18.0,323,3.9,61.23,21.93,325.92,1.09,37.54,2.42,48.49,115
2021_SLK39,2021-07-26,20.6,55,14.8,293,1.7,74.81,22.81,333.33,1.6,38.96,4.0,28.7,116
2021_SLK39,2021-07-27,24.3,31,11.9,272,0.1,89.06,26.93,341.41,6.82,44.99,15.91,11.83,117
2021_SLK39,2021-07-28,21.5,69,9.9,260,3.0,69.87,22.52,343.39,1.03,38.7,2.29,35.42,118
2021_SLK39,2021-07-29,15.8,43,13.2,349,0.8,81.17,24.79,349.93,2.51,42.11,6.67,20.76,119
2021_SLK39,2021-07-30,15.3,95,9.7,182,4.6,38.5,16.43,344.54,0.04,29.37,0.05,93.87,120
2021_SLK39,2021-07-31,17.0,64,18.3,340,3.2,58.0,13.45,344.9,0.9,24.5,0.93,53.87,121
2021_SLK39,2021-08-01,19.8,47,13.0,336,0.0,80.22,15.73,351.47,2.24,28.3,4.56,21.89,122
2021_SLK39,2021-08-02,25.2,48,17.0,291,0.0,87.38,18.56,359.01,6.94,32.87,13.63,13.65,123
2021_SLK39,2021-08-03,23.6,39,2.7,247,3.8,73.24,15.88,357.26,0.81,28.58,0.92,30.79,124
2021_SLK39,2021-08-04,28.1,47,14.5,243,0.0,87.16,19.07,365.32,5.93,33.74,12.21,13.89,125
2021_SLK39,2021-08-05,10.5,100,12.5,46,37.0,10.62,7.16,246.89,0.0,13.36,0.0,189.73,126
2021_SLK39,2021-08-06,16.3,48,8.0,5,1.8,49.05,7.93,252.83,0.22,14.71,0.16,70.44,127
2021_SLK39,2021-08-07,20.2,49,11.9,155,0.0,76.82,10.17,259.47,1.56,18.53,2.08,26.12,128
2021_SLK39,2021-08-08,24.1,50,16.9,181,0.0,86.21,12.78,266.81,5.84,22.82,9.75,14.94,129
2021_SLK39,2021-08-09,23.4,52,4.9,54,0.0,87.26,15.2,274.03,3.71,26.7,7.16,13.78,130
2021_SLK39,2021-08-10,21.1,92,21.3,186,5.8,45.7,9.14,267.22,0.27,16.84,0.22,77.38,131
2021_SLK39,2021-08-11,18.6,69,23.1,247,3.9,59.63,6.86,266.09,1.28,12.89,0.89,51.11,132
2021_SLK39,2021-08-12,11.4,72,29.6,283,3.0,59.82,5.12,266.51,1.8,9.78,1.33,50.8,133
2021_SLK39,2021-08-13,13.0,57,17.5,289,1.6,69.78,5.78,271.85,1.5,10.98,0.95,35.55,134
2021_SLK39,2021-08-14,19.9,55,14.3,227,0.6,81.78,7.73,278.44,2.85,14.46,3.74,20.03,135
2021_SLK39,2021-08-15,30.3,33,21.7,230,0.1,91.57,12.07,286.89,16.0,21.85,20.82,9.19,136
2021_SLK39,2021-08-16,28.7,49,15.0,207,0.0,90.7,15.21,295.06,10.09,26.95,16.4,10.1,137
2021_SLK43,2021-07-02,31.3,37,16.9,299,0.0,91.46,42.0,194.08,12.37,54.51,26.94,9.31,92
2021_SLK43,2021-07-03,33.0,32,10.8,249,0.0,92.84,47.45,203.72,11.05,59.97,26.15,7.89,93
2021_SLK43,2021-07-04,30.9,36,13.7,207,0.0,92.89,52.26,212.99,12.88,64.78,30.16,7.84,94
2021_SLK43,2021-07-05,19.0,57,19.5,309,4.2,71.61,38.75,212.75,1.76,53.25,5.57,33.0,95
2021_SLK43,2021-07-06,15.0,31,9.7,15,0.0,84.82,41.36,219.15,3.35,56.2,10.28,16.5,96
2021_SLK43,2021-07-07,18.6,31,3.7,191,0.0,89.09,44.55,226.2,4.54,59.71,13.58,11.8,97
2021_SLK43,2021-07-08,23.8,26,7.4,247,0.0,92.05,48.88,234.19,8.34,64.24,22.22,8.69,98
2021_SLK43,2021-07-09,25.9,30,8.7,263,0.0,92.13,53.32,242.56,9.0,68.82,24.3,8.61,99
2021_SLK43,2021-07-10,26.5,40,8.0,333,0.1,91.88,57.21,251.03,8.39,72.89,23.83,8.87,100
2021_SLK43,2021-07-11,27.0,46,13.6,143,0.2,90.98,60.77,259.6,9.78,76.67,27.21,9.8,101
2021_SLK43,2021-07-12,30.2,30,21.5,220,0.0,92.75,65.92,268.74,18.72,81.72,43.13,7.97,102
2021_SLK43,2021-07-13,20.1,70,17.4,338,4.7,66.02,45.44,266.04,1.32,63.68,4.73,41.02,103
2021_SLK43,2021-07-14,19.8,43,7.6,275,0.3,82.42,48.23,273.31,2.2,66.94,7.99,19.27,104
2021_SLK43,2021-07-15,26.3,28,8.3,272,0.0,91.18,52.87,281.75,7.7,71.97,22.29,9.6,105
2021_SLK43,2021-07-16,28.4,37,15.3,240,0.0,91.23,57.23,290.57,11.04,76.7,29.56,9.55,106
2021_SLK43,2021-07-17,29.9,40,10.0,285,0.0,91.28,61.6,299.65,8.51,81.38,25.47,9.49,107
2021_SLK43,2021-07-18,28.9,42,3.9,236,3.3,79.76,50.86,302.49,1.35,71.62,5.3,22.45,108
2021_SLK43,2021-07-19,13.0,85,14.9,37,0.3,79.81,51.36,308.53,2.36,72.53,8.95,22.39,109
2021_SLK43,2021-07-20,21.1,34,3.7,119,0.0,87.78,54.8,316.03,3.76,76.46,13.5,13.21,110
2021_SLK43,2021-07-21,25.5,32,8.5,208,0.0,91.08,59.05,324.33,7.68,81.16,23.67,9.7,111
2021_SLK43,2021-07-22,25.5,41,11.6,144,1.4,86.68,62.73,332.62,4.78,85.27,17.26,14.42,112
2021_SLK43,2021-07-23,25.7,64,22.4,191,3.0,77.47,51.45,335.47,2.79,74.38,10.46,25.28,113
2021_SLK43,2021-07-24,23.7,40,21.1,284,7.1,75.73,33.37,322.93,2.31,53.04,7.19,27.51,114
2021_SLK43,2021-07-25,20.7,66,17.9,310,2.8,71.17,28.49,330.36,1.6,46.88,4.61,33.61,115
2021_SLK43,2021-07-26,20.5,49,12.9,293,3.3,72.09,23.97,331.2,1.29,40.59,3.22,32.34,116
2021_SLK43,2021-07-27,24.0,29,11.3,277,0.6,88.46,28.15,339.22,6.08,46.63,14.85,12.47,117
2021_SLK43,2021-07-28,21.2,68,9.1,277,2.5,72.12,25.03,346.74,1.06,42.41,2.63,32.3,118
2021_SLK43,2021-07-29,15.9,42,13.9,350,2.6,73.05,22.68,353.31,1.41,39.08,3.47,31.04,119
2021_SLK43,2021-07-30,14.3,100,11.9,185,5.0,26.88,14.31,346.11,0.0,25.94,0.0,126.31,120
2021_SLK43,2021-07-31,17.4,60,18.3,340,3.0,56.87,12.2,347.28,0.82,22.43,0.8,55.82,121
2021_SLK43,2021-08-01,19.0,50,9.8,336,0.3,78.08,14.28,353.7,1.55,25.94,2.79,24.53,122
2021_SLK43,2021-08-02,24.7,49,17.9,289,0.0,86.79,16.99,361.15,6.67,30.41,12.69,14.3,123
2021_SLK43,2021-08-03,23.2,38,2.9,240,4.7,70.85,13.8,355.76,0.74,25.17,0.78,34.04,124
2021_SLK43,2021-08-04,28.2,45,14.9,233,0.0,87.26,17.13,363.84,6.13,30.65,11.91,13.78,125
2021_SLK43,2021-08-05,10.6,100,12.5,46,21.9,12.99,7.07,293.62,0.0,13.33,0.0,178.73,126
2021_SLK43,2021-08-06,15.7,51,7.9,357,2.0,48.17,7.32,299.45,0.19,13.79,0.14,72.22,127
2021_SLK43,2021-08-07,19.9,47,11.3,153,0.0,76.61,9.61,306.03,1.5,17.83,1.86,26.37,128
2021_SLK43,2021-08-08,23.6,49,14.4,181,0.0,86.07,12.21,313.29,5.06,22.26,8.5,15.09,129
2021_SLK43,2021-08-09,23.3,56,3.5,66,0.4,86.67,14.43,320.48,3.18,25.94,6.1,14.43,130
2021_SLK43,2021-08-10,22.7,80,21.8,193,3.1,68.31,11.41,321.9,1.78,20.96,2.78,37.65,131
2021_SLK43,2021-08-11,18.8,67,21.3,244,7.1,59.57,7.32,308.44,1.16,13.82,0.84,51.22,132
2021_SLK43,2021-08-12,12.4,65,28.9,280,2.0,67.43,6.82,313.67,2.47,12.94,2.91,38.93,133
2021_SLK43,2021-08-13,12.9,56,17.3,293,0.9,76.67,8.1,319.0,2.03,15.22,2.55,26.3,134
2021_SLK43,2021-08-14,20.1,51,14.3,229,0.6,84.31,10.24,325.62,3.95,18.99,6.19,17.08,135
2021_SLK43,2021-08-15,30.0,34,21.7,227,0.1,91.49,14.48,334.03,15.83,26.12,22.45,9.27,136
2021_SLK43,2021-08-16,28.6,48,16.3,208,0.0,90.83,17.67,342.18,10.97,31.29,18.8,9.96,137
2021_SLK46,2021-07-05,16.8,60,19.1,311,1.1,83.18,53.83,211.8,4.33,65.83,13.83,18.38,95
2021_SLK46,2021-07-06,15.2,31,9.2,21,0.0,88.27,56.47,218.24,5.32,68.58,16.57,12.68,96
2021_SLK46,2021-07-07,19.6,28,4.3,204,0.0,90.71,59.97,225.47,5.9,72.04,18.38,10.08,97
2021_SLK46,2021-07-08,24.1,25,9.2,259,0.0,92.58,64.41,233.51,9.84,76.24,27.23,8.15,98
2021_SLK46,2021-07-09,26.4,29,7.8,257,0.0,92.63,68.99,241.97,9.23,80.56,26.79,8.1,99
2021_SLK46,2021-07-10,26.7,41,9.1,342,0.0,91.86,72.85,250.48,8.83,84.36,26.62,8.89,100
2021_SLK46,2021-07-11,28.2,41,11.4,156,0.0,91.91,76.91,259.26,9.99,88.32,29.64,8.84,101
2021_SLK46,2021-07-12,30.9,27,24.1,215,0.0,93.53,82.39,268.52,23.79,93.25,53.34,7.19,102
2021_SLK46,2021-07-13,18.3,75,13.4,346,3.0,67.74,64.35,270.85,1.14,80.74,4.89,38.48,103
2021_SLK46,2021-07-14,20.3,39,7.6,273,0.2,83.91,67.42,278.21,2.67,83.97,10.84,17.55,104
2021_SLK46,2021-07-15,26.9,26,7.9,267,0.0,91.91,72.28,286.75,8.38,88.68,26.33,8.84,105
2021_SLK46,2021-07-16,29.2,37,16.5,238,0.0,91.96,76.77,295.71,13.02,93.11,36.27,8.79,106
2021_SLK46,2021-07-17,27.7,51,10.3,295,1.6,84.74,76.61,304.4,3.42,94.05,14.11,16.6,107
2021_SLK46,2021-07-18,29.8,35,9.8,264,2.1,86.79,71.64,313.47,4.43,91.18,16.92,14.3,108
2021_SLK46,2021-07-19,13.2,83,14.1,40,8.1,43.59,40.35,296.71,0.13,60.23,0.26,81.96,109
2021_SLK46,2021-07-20,21.3,35,3.8,131,0.0,75.57,43.77,304.25,0.96,64.39,3.36,27.71,110
2021_SLK46,2021-07-21,25.8,34,7.6,211,0.0,88.68,47.94,312.6,5.2,69.31,16.39,12.24,111
2021_SLK46,2021-07-22,25.5,44,13.0,141,2.4,82.56,44.38,320.89,2.94,65.95,10.15,19.11,112
2021_SLK46,2021-07-23,22.2,88,18.3,202,6.7,48.38,26.81,310.18,0.34,44.1,0.52,71.8,113
2021_SLK46,2021-07-24,23.7,39,20.5,285,4.7,74.68,21.05,307.06,2.11,35.94,5.07,28.88,114
2021_SLK46,2021-07-25,17.2,82,17.1,321,3.8,56.18,15.43,305.95,0.73,27.41,0.81,57.04,115
2021_SLK46,2021-07-26,20.5,55,14.7,292,4.7,64.8,11.89,302.37,1.1,21.65,1.24,42.87,116
2021_SLK46,2021-07-27,24.2,32,11.5,270,0.9,85.55,15.93,310.43,4.06,28.23,8.04,15.67,117
2021_SLK46,2021-07-28,21.4,71,8.8,261,3.7,64.82,12.41,310.35,0.82,22.57,0.8,42.85,118
2021_SLK47,2021-07-06,15.2,31,9.0,23,0.0,86.0,50.08,215.84,3.81,63.39,12.25,15.18,96
2021_SLK47,2021-07-07,19.8,28,4.7,203,0.0,90.2,53.61,223.11,5.59,66.98,16.99,10.62,97
2021_SLK47,2021-07-08,23.6,27,9.1,261,0.0,92.04,57.85,231.06,9.07,71.16,24.86,8.7,98
2021_SLK47,2021-07-09,26.4,29,7.6,251,0.0,92.38,62.43,239.52,8.82,75.6,25.15,8.35,99
2021_SLK47,2021-07-10,26.8,40,9.5,331,0.0,91.97,66.36,248.05,9.16,79.53,26.49,8.78,100
2021_SLK47,2021-07-11,28.6,38,9.2,159,0.0,92.02,70.69,256.9,9.08,83.76,27.04,8.73,101
2021_SLK47,2021-07-12,30.8,25,24.8,213,0.0,93.93,76.31,266.15,26.05,88.9,55.21,6.79,102
2021_SLK47,2021-07-13,17.8,78,11.9,355,4.4,59.34,52.73,264.04,0.71,70.34,2.51,51.6,103
2021_SLK47,2021-07-14,20.7,35,8.0,275,0.1,82.53,56.06,271.47,2.28,73.94,8.77,19.14,104
2021_SLK47,2021-07-15,27.0,25,8.3,268,0.0,91.96,61.01,280.03,8.61,78.99,25.3,8.78,105
2021_SLK47,2021-07-16,29.5,35,17.8,238,0.0,92.01,65.68,289.05,14.0,83.77,36.16,8.73,106
2021_SLK47,2021-07-17,28.0,49,11.0,289,1.3,86.42,69.17,297.79,4.47,87.52,16.65,14.71,107
2021_SLK47,2021-07-18,30.4,32,11.9,265,1.1,90.56,74.2,306.97,8.46,92.5,27.07,10.25,108
2021_SLK47,2021-07-19,13.6,82,14.3,39,15.1,39.64,35.46,268.0,0.07,53.29,0.12,91.12,109
2021_SLK47,2021-07-20,21.2,36,4.6,129,0.0,74.11,38.81,275.52,0.92,57.41,2.89,29.63,110
2021_SLK47,2021-07-21,25.5,35,8.2,203,0.0,88.18,42.87,283.81,4.99,62.24,14.98,12.77,111
2021_SLK47,2021-07-22,25.0,47,13.8,137,4.6,76.5,32.3,281.95,1.68,50.22,5.11,26.52,112
2021_SLK47,2021-07-23,21.4,95,14.1,218,8.5,30.69,16.87,267.1,0.01,29.14,0.01,114.76,113
2021_SLK47,2021-07-24,23.5,38,20.8,284,3.2,73.77,15.85,269.75,2.05,27.64,4.08,30.08,114
2021_SLK47,2021-07-25,17.7,78,14.3,313,4.3,56.15,11.2,267.85,0.63,20.27,0.58,57.09,115
2021_SLK47,2021-07-26,20.8,57,13.4,290,10.2,58.13,7.54,248.54,0.71,14.01,0.52,53.64,116
2021_SLK47,2021-07-27,23.5,37,10.5,266,1.1,81.68,11.18,256.48,2.33,20.16,3.74,20.14,117
2021_SLK47,2021-07-28,21.0,74,7.9,273,5.2,56.95,7.76,252.74,0.49,14.42,0.36,55.67,118
2021_SLK47,2021-07-29,16.3,41,12.1,350,0.0,79.06,10.17,259.37,1.91,18.53,2.75,23.31,119
2021_SLK47,2021-07-30,16.8,91,9.4,247,9.6,32.32,5.23,241.65,0.01,9.92,0.01,110.09,120
2021_SLK47,2021-07-31,17.4,57,19.4,342,5.8,55.78,4.29,235.92,0.8,8.21,0.43,57.73,121
2021_SLK47,2021-08-01,20.4,48,13.8,340,0.0,79.81,6.6,242.6,2.24,12.35,2.46,22.39,122
2021_SLK47,2021-08-02,25.1,49,17.0,287,0.0,87.13,9.36,250.12,6.69,17.11,9.38,13.93,123
2021_SLK47,2021-08-03,24.2,40,2.5,278,4.2,72.07,8.73,249.41,0.76,16.06,0.6,32.36,124
2021_SLK47,2021-08-04,27.2,50,14.2,263,0.0,86.12,11.66,257.31,5.04,20.94,8.18,15.04,125
2021_SLK47,2021-08-05,10.5,100,13.6,37,38.3,10.34,4.6,161.66,0.0,8.58,0.0,191.07,126
2021_SLK5,2021-05-18,23.8,34,17.9,202,0.0,90.01,26.34,84.93,10.57,29.67,17.82,10.82,47
2021_SLK5,2021-05-19,19.7,62,16.1,200,0.0,87.41,28.42,90.88,6.66,31.9,12.99,13.61,48
2021_SLK5,2021-05-20,16.3,100,7.6,90,8.1,22.67,15.0,82.96,0.0,20.66,0.0,140.32,49
2021_SLK50,2021-07-07,18.3,36,9.7,222,0.0,83.75,26.37,210.68,2.9,40.17,7.38,17.72,97
2021_SLK50,2021-07-08,22.5,36,13.4,276,0.0,89.27,29.92,218.44,7.59,44.57,17.14,11.6,98
2021_SLK50,2021-07-09,24.3,49,10.9,276,0.3,89.32,32.96,226.52,6.74,48.34,16.37,11.55,99
2021_SLK60,2021-07-15,26.9,26,8.5,258,0.0,92.55,74.23,281.09,9.46,89.42,28.74,8.18,105
2021_SLK60,2021-07-16,29.3,36,18.0,237,0.0,92.6,78.8,290.07,15.38,93.86,40.58,8.12,106
2021_SLK60,2021-07-17,30.6,37,10.7,282,0.1,92.65,83.49,299.28,10.72,98.37,32.74,8.07,107
2021_SLK60,2021-07-18,30.4,31,12.5,258,2.2,88.93,76.34,308.45,6.91,94.32,23.75,11.97,108
2021_SLK60,2021-07-19,14.9,81,14.8,34,10.6,44.32,40.09,284.02,0.16,59.26,0.3,80.36,109
2021_SLK63,2021-07-15,26.5,27,11.6,292,0.0,92.1,68.69,303.63,10.37,87.75,30.29,8.64,105
2021_SLK63,2021-07-16,29.8,34,15.0,240,0.0,92.15,73.48,312.7,12.39,92.57,35.03,8.59,106
2021_SLK63,2021-07-17,22.0,71,7.2,3,6.8,57.59,44.76,301.97,0.5,65.32,1.11,54.58,107
2021_SLK63,2021-07-18,26.5,49,4.3,185,1.3,77.27,48.06,310.45,1.1,69.3,4.19,25.54,108
2021_SLK63,2021-07-19,14.2,68,13.5,46,6.5,53.5,29.93,299.44,0.48,47.89,0.78,61.88,109
2021_SLK63,2021-07-20,21.3,34,1.1,288,0.0,77.67,33.4,306.98,0.97,52.52,2.84,25.04,110
2021_SLK63,2021-07-21,25.4,38,10.1,270,0.0,88.41,37.26,315.25,5.68,57.52,15.81,12.53,111
2021_SLK63,2021-07-22,25.8,39,11.2,140,0.2,90.07,41.11,323.6,7.62,62.41,20.52,10.75,112
2021_SLK63,2021-07-23,24.8,69,24.5,197,4.4,72.72,30.15,321.38,2.37,48.84,6.95,31.49,113
2021_SLK63,2021-07-24,23.5,41,19.7,285,3.8,78.2,24.89,321.11,2.59,41.7,6.81,24.37,114
2021_SLK63,2021-07-25,17.2,88,15.5,324,6.8,42.6,14.56,309.14,0.12,26.06,0.13,84.2,115
2021_SLK73,2021-07-19,15.2,66,13.5,42,9.4,53.54,26.41,301.19,0.48,43.33,0.73,61.8,109
2021_SLK73,2021-07-20,21.8,36,4.2,121,0.0,79.73,29.86,308.82,1.37,48.09,3.96,22.49,110
2021_SLK73,2021-07-21,25.8,37,5.9,194,0.0,88.73,33.84,317.17,4.81,53.42,13.35,12.19,111
2021_SLK73,2021-07-22,25.8,47,13.3,139,4.0,78.15,27.06,316.69,1.87,44.6,5.2,24.43,112
2021_SLK73,2021-07-23,22.8,84,16.8,211,3.9,59.0,19.9,316.05,0.89,34.38,1.58,52.17,113
2021_SLK73,2021-07-24,23.6,37,22.1,282,0.0,85.78,23.55,324.0,7.15,39.86,15.45,15.42,114
2021_SLK73,2021-07-25,18.0,79,10.1,325,3.0,62.72,19.05,325.58,0.79,33.23,1.04,46.1,115
2021_SLK73,2021-07-26,20.9,51,14.3,295,2.1,74.71,18.98,333.04,1.55,33.22,3.41,28.83,116
2021_SLK73,2021-07-27,23.2,42,9.0,265,0.1,86.36,22.29,340.92,4.01,38.32,9.51,14.78,117
2021_SLK73,2021-07-28,22.7,68,11.0,311,6.6,61.79,14.46,329.75,0.79,26.06,0.85,47.59,118
2021_SLK73,2021-07-29,16.3,43,9.2,339,0.0,79.77,16.79,336.38,1.77,29.86,3.65,22.44,119
2021_SLK73,2021-07-30,20.4,79,10.5,274,5.3,54.31,11.16,329.73,0.44,20.59,0.41,60.39,120
2021_SLK73,2021-07-31,18.3,52,19.2,337,3.9,66.47,9.28,327.99,1.47,17.34,1.74,40.34,121
2021_SLK73,2021-08-01,21.5,48,11.7,326,0.0,82.99,11.71,334.87,2.91,21.54,4.96,18.61,122
2021_SLK73,2021-08-02,25.1,53,14.5,284,0.1,86.93,14.25,342.39,5.73,25.82,10.27,14.14,123
2021_SLK73,2021-08-03,24.4,38,2.4,297,4.1,72.99,12.49,340.02,0.79,22.88,0.78,31.12,124
2021_SLK73,2021-08-04,26.4,57,13.5,314,0.0,84.68,14.93,347.78,3.98,26.97,7.69,16.66,125
2021_SLK73,2021-08-05,10.9,92,12.9,36,20.9,24.47,6.46,283.59,0.0,12.23,0.0,134.14,126
2021_SLK87,2021-07-17,24.3,65,7.4,337,4.4,67.66,47.52,301.41,0.84,68.17,3.02,38.59,107
2021_SLK87,2021-07-18,23.6,56,7.0,145,2.4,72.38,43.07,309.36,0.97,63.9,3.37,31.94,108
2021_SLK87,2021-07-19,12.3,82,13.2,45,5.9,44.22,27.14,300.1,0.14,44.27,0.22,80.59,109
2021_SLK87,2021-07-20,19.7,38,2.6,254,0.0,72.9,30.17,307.35,0.79,48.45,1.95,31.24,110
2021_SLK87,2021-07-21,24.9,38,12.6,267,0.0,87.63,33.95,315.53,5.76,53.51,15.37,13.37,111
2021_SLK87,2021-07-22,24.6,44,9.7,129,0.5,88.95,37.33,323.66,6.01,57.96,16.57,11.95,112
2021_SLK87,2021-07-23,24.4,67,20.5,183,2.3,77.98,34.16,331.76,2.64,54.33,8.22,24.64,113
2021_SLK87,2021-07-24,23.5,43,19.6,283,4.3,77.4,26.58,329.45,2.41,44.23,6.62,25.37,114
2021_SLK87,2021-07-25,16.5,92,16.3,319,4.8,42.58,17.52,324.14,0.13,30.88,0.15,84.24,115
2021_SLK87,2021-07-26,19.6,38,12.1,300,0.8,75.7,20.54,331.37,1.47,35.57,3.38,27.54,116
2021_SLK87,2021-07-27,22.2,34,8.7,265,0.0,87.69,24.15,339.07,4.77,41.0,11.43,13.31,117
2021_SLK87,2021-07-28,21.8,68,14.1,267,3.4,70.11,19.46,339.63,1.28,34.05,2.74,35.08,118
2021_SLK87,2021-07-29,14.6,46,13.7,346,0.3,82.09,21.45,345.96,2.88,37.15,6.97,19.65,119
2021_SUD42,2021-06-15,17.4,30,20.2,356,0.2,83.49,26.99,211.16,4.76,40.91,11.39,18.03,75
2021_SUD42,2021-06-16,16.9,33,15.1,335,0.0,88.6,30.17,217.61,7.51,44.8,17.06,12.32,76
2021_SUD42,2021-06-17,23.5,30,18.8,227,0.0,91.35,34.7,225.24,13.41,50.1,27.32,9.42,77
2021_SUD42,2021-06-18,24.3,50,16.6,207,0.3,89.92,38.04,233.02,9.78,54.03,22.78,10.92,78
2021_SUD42,2021-06-19,17.8,55,13.0,312,0.8,85.17,40.28,239.63,4.15,56.73,12.3,16.11,79
2021_SUD42,2021-06-20,20.8,50,12.8,232,0.0,87.03,43.16,246.78,5.34,60.06,15.44,14.04,80
2021_THU33,2021-06-06,31.4,39,19.8,207,0.0,90.31,38.13,121.48,12.15,42.73,23.6,10.51,66
2021_THU33,2021-06-07,25.3,28,14.9,278,0.0,92.21,43.13,129.44,12.44,47.06,25.16,8.53,67
2021_THU33,2021-06-08,27.7,34,5.2,34,0.0,92.26,48.14,137.83,7.68,51.4,18.65,8.48,68
2021_THU33,2021-06-09,26.2,37,17.1,132,0.0,92.3,52.66,145.95,14.08,55.37,29.67,8.43,69
2021_THU36,2021-06-07,26.0,24,11.4,252,0.2,93.2,51.76,161.06,11.99,57.4,27.06,7.52,67
2021_THU36,2021-06-08,29.1,31,6.1,45,0.0,93.25,57.25,169.7,9.24,62.11,23.49,7.47,68
2021_THU36,2021-06-09,27.2,35,20.6,137,0.0,92.92,62.09,178.0,18.32,66.33,38.53,7.8,69
2021_THU36,2021-06-10,27.2,50,8.0,280,6.5,72.81,40.63,173.82,1.03,51.29,3.02,31.36,70
2021_THU36,2021-06-11,16.0,86,18.1,113,7.8,42.11,23.03,164.59,0.13,34.12,0.16,85.32,71
2021_THU36,2021-06-12,23.1,40,20.2,270,2.1,76.91,23.93,172.15,2.39,35.51,5.69,26.0,72
2021_THU36,2021-06-13,22.0,43,18.8,265,1.0,85.06,27.39,179.52,5.48,39.66,12.54,16.23,73
2021_THU36,2021-06-14,17.4,60,14.9,352,3.6,68.57,21.79,180.79,1.27,33.49,2.67,37.27,74
2021_THU36,2021-06-15,21.3,38,6.8,357,0.0,84.58,25.45,188.03,2.8,38.03,6.91,16.77,75
2021_THU36,2021-06-16,24.7,36,8.3,214,0.0,89.7,29.8,195.88,6.24,43.17,14.53,11.15,76
2021_THU36,2021-06-17,25.8,27,18.8,273,0.0,92.45,34.97,203.93,15.67,48.95,30.04,8.28,77
2021_THU38,2021-06-08,27.2,34,6.2,54,0.1,92.71,53.48,145.42,8.61,55.72,21.13,8.02,68
2021_THU38,2021-06-09,25.7,36,16.3,133,0.0,92.47,57.99,153.45,13.84,59.64,30.41,8.26,69
2021_THU38,2021-06-10,21.8,74,4.7,176,19.9,44.4,25.88,118.99,0.09,33.53,0.12,80.19,70
2021_THU8,2021-05-17,23.0,40,6.5,326,0.6,88.2,31.53,71.98,4.6,31.48,9.53,12.75,46
2021_THU8,2021-05-18,22.9,36,14.8,181,0.1,90.1,35.57,78.51,9.16,35.5,17.54,10.73,47
2021_THU8,2021-05-19,14.6,86,10.1,182,0.0,82.87,36.15,83.54,2.64,36.11,6.32,18.75,48
2021_TIM10,2021-07-08,18.4,42,10.0,77,0.0,87.65,18.58,218.91,5.07,30.65,10.19,13.35,98
2021_TIM10,2021-07-09,21.9,34,4.1,345,0.0,89.97,22.14,226.55,5.25,35.59,11.39,10.87,99
2021_TIM10,2021-07-10,24.7,34,6.9,264,0.0,90.93,26.14,234.7,6.94,40.89,15.31,9.85,100
2021_TIM10,2021-07-11,22.7,56,6.6,13,0.3,88.92,28.6,242.49,5.12,44.17,12.61,11.98,101
2021_TIM10,2021-07-12,26.3,43,5.1,176,0.2,89.55,32.27,250.93,5.2,48.84,13.49,11.31,102
2021_TIM10,2021-07-13,22.2,71,2.5,188,0.7,84.51,33.85,258.63,2.24,51.01,6.78,16.85,103
2022_CHA2,2022-05-10,17.5,47,20.8,195,0.0,89.45,22.05,52.06,11.3,22.02,16.17,11.42,39
2022_CHA2,2022-05-11,23.5,36,3.2,56,2.0,81.92,23.68,58.7,1.66,23.68,2.81,19.86,40
2022_CHA2,2022-05-12,19.8,38,14.4,176,16.4,65.29,13.44,37.48,1.1,14.17,0.81,42.13,41
2022_SLK4,2022-08-19,16.6,64,11.7,357,0.4,74.9,9.43,131.66,1.37,15.99,1.37,28.58,140
2022_SLK4,2022-08-20,18.1,58,8.5,249,0.0,82.23,11.09,137.92,2.25,18.47,3.37,19.49,141
2022_SLK4,2022-08-21,25.3,46,13.7,245,0.0,87.94,14.04,145.48,6.37,22.62,10.42,13.04,142
2022_SLK4,2022-08-22,16.3,54,8.2,57,8.0,57.62,8.92,136.49,0.52,15.33,0.4,54.52,143
2022_SUD11,2022-05-12,22.2,28,19.2,190,0.0,91.56,32.16,70.1,14.09,32.08,22.79,9.2,41
2022_SUD11,2022-05-13,26.0,32,14.7,194,0.0,91.73,37.01,77.19,11.5,36.91,21.11,9.03,42
2022_SUD11,2022-05-14,25.0,49,15.7,179,0.0,90.22,40.51,84.09,9.76,40.4,19.62,10.6,43
2022_SUD4,2022-05-09,18.7,28,16.3,173,0.0,91.23,21.95,50.28,11.62,21.9,16.48,9.54,38
2022_SUD4,2022-05-10,19.9,32,19.8,188,0.0,91.28,25.7,56.27,13.97,25.64,20.34,9.49,39
2022_SUD4,2022-05-11,22.5,32,4.8,193,0.0,91.33,29.93,62.72,6.6,29.83,12.45,9.43,40
2022_SUD4,2022-05-12,24.0,27,14.4,189,0.0,92.31,34.75,69.45,12.3,34.63,21.47,8.43,41
2022_SUD7,2022-05-09,18.9,27,15.7,171,0.0,91.46,24.85,51.77,11.65,24.75,17.51,9.3,38
2022_SUD7,2022-05-10,21.2,27,22.7,192,0.0,91.92,29.13,57.99,17.68,29.01,25.48,8.83,39
2022_SUD7,2022-05-11,22.2,33,2.5,188,0.0,91.97,33.24,64.39,6.44,33.1,12.9,8.78,40
2022_SUD7,2022-05-12,25.3,26,18.7,192,0.0,92.79,38.39,71.35,16.35,38.21,27.48,7.93,41
2022_TIM1,2022-05-09,18.4,28,20.3,170,0.0,91.28,22.76,52.36,14.31,22.71,19.55,9.49,38
2022_TIM1,2022-05-10,19.8,35,24.2,189,0.0,91.33,26.33,58.33,17.54,26.27,24.19,9.44,39
2022_TIM1,2022-05-11,21.8,55,4.1,34,6.8,61.64,17.59,54.82,0.55,19.52,0.49,47.83,40
2022_TIM1,2022-05-12,23.2,35,20.7,191,0.0,86.34,21.74,61.4,7.21,23.07,11.66,14.8,41
2022_TIM1,2022-05-13,26.8,33,13.7,196,0.0,91.07,26.67,68.63,9.96,27.05,16.27,9.71,42
2022_TIM1,2022-05-14,26.6,42,15.2,187,0.0,91.12,30.89,75.82,10.82,30.88,18.48,9.66,43
2022_TIM1,2022-05-15,21.3,51,15.3,236,1.5,83.24,33.78,82.06,3.6,33.77,8.04,18.32,44
2022_TIM2,2022-05-09,18.3,29,20.3,170,0.0,91.04,21.43,50.96,13.84,21.41,18.56,9.73,38
2022_TIM2,2022-05-10,19.3,37,24.2,189,0.0,91.09,24.81,56.84,16.97,24.77,23.0,9.68,39
2022_TIM2,2022-05-11,22.0,55,4.1,34,6.8,61.8,16.74,53.4,0.56,18.77,0.49,47.56,40
2023_CHA3,2023-05-31,29.4,28,13.1,233,0.0,94.23,48.14,128.84,15.07,49.78,29.49,6.48,60
2023_CHA3,2023-06-01,29.8,36,4.6,252,0.1,93.38,53.34,137.61,8.73,54.18,21.02,7.34,61
2023_CHA3,2023-06-02,26.0,49,8.9,27,3.1,78.97,45.34,142.09,1.61,50.44,4.89,23.42,62
2023_CHA3,2023-06-03,25.0,29,10.6,80,0.1,90.25,50.21,150.0,7.58,54.67,19.07,10.57,63
2023_CHA3,2023-06-04,25.8,26,3.2,270,0.0,92.49,55.45,158.04,7.17,59.08,19.09,8.25,64
2023_CHA3,2023-06-05,22.5,39,16.5,10,0.6,89.83,59.24,165.5,9.61,62.53,24.23,11.01,65
2023_CHA3,2023-06-06,18.3,29,17.1,15,0.0,90.85,62.87,172.2,11.46,65.74,28.07,9.93,66
2023_CHA3,2023-06-07,17.5,32,22.5,20,0.0,90.9,66.2,178.75,15.16,68.75,34.62,9.88,67
2023_CHA3,2023-06-08,18.7,41,9.8,6,0.0,90.48,69.28,185.52,7.52,71.66,21.87,10.33,68
2023_CHA3,2023-06-09,23.8,32,9.5,335,0.0,91.24,73.73,193.21,8.25,75.47,23.99,9.54,69
2023_CHA3,2023-06-10,18.2,50,14.8,359,0.0,89.24,76.27,199.89,8.11,78.07,24.1,11.64,70
2023_CHA3,2023-06-11,9.9,69,11.4,24,3.6,60.11,56.32,199.54,0.73,66.04,2.43,50.31,71
2023_CHA6,2023-06-02,25.6,50,8.5,54,0.0,90.48,54.37,130.75,7.05,54.34,18.02,10.32,62
2023_CHA6,2023-06-03,25.0,25,10.8,75,0.1,92.72,59.52,138.66,10.87,59.47,25.73,8.01,63
2023_CHA6,2023-06-04,26.6,28,6.2,263,0.0,92.77,64.77,146.85,8.68,64.7,22.95,7.96,64
2023_CHA6,2023-06-05,21.2,47,16.7,25,5.4,73.19,44.1,145.04,1.63,50.11,4.93,30.85,65
2023_CHA6,2023-06-06,18.0,31,15.3,27,0.0,86.9,47.57,151.69,5.95,53.33,15.72,14.17,66
2023_CHA6,2023-06-07,17.8,32,18.5,24,0.0,89.72,50.96,158.3,10.47,56.47,24.43,11.12,67
2023_CHA6,2023-06-08,19.3,40,11.4,24,0.0,89.77,54.18,165.17,7.37,59.54,19.55,11.07,68
2023_CHA6,2023-06-09,23.9,28,9.4,310,0.0,91.85,58.92,172.88,8.96,63.63,23.26,8.9,69
2023_CHA6,2023-06-10,10.0,89,15.8,21,3.0,56.61,46.7,174.4,0.71,55.95,1.94,56.28,70
2023_CHA6,2023-06-11,9.4,63,10.1,35,2.6,56.38,39.82,179.5,0.52,51.23,0.9,56.69,71
2023_COC1,2023-05-28,20.1,50,10.4,110,0.0,89.44,25.79,85.85,6.68,29.46,12.49,11.42,57
2023_COC1,2023-05-29,26.9,26,13.2,197,0.0,92.76,31.25,93.09,12.34,33.98,21.31,7.97,58
2023_COC1,2023-05-30,27.6,31,14.6,218,0.0,92.81,36.46,100.47,13.33,38.23,23.85,7.92,59
2023_COC1,2023-05-31,27.8,45,10.7,228,0.0,91.4,40.65,107.87,8.98,41.86,18.79,9.36,60
2023_COC11,2023-06-16,16.7,43,11.3,9,0.0,84.65,54.15,204.97,3.55,65.23,11.76,16.7,76
2023_COC11,2023-06-17,19.1,32,6.6,103,0.0,89.16,57.77,211.81,5.3,68.7,16.55,11.72,77
2023_COC11,2023-06-18,20.7,40,10.3,102,0.0,89.28,61.21,218.94,6.5,72.06,19.73,11.6,78
2023_COC11,2023-06-19,26.9,33,8.2,128,0.0,91.37,66.15,227.19,7.88,76.57,23.39,9.4,79
2023_COC11,2023-06-20,31.1,30,9.7,195,0.0,92.88,72.09,236.19,10.52,81.78,29.52,7.84,80
2023_COC11,2023-06-21,30.9,30,20.9,224,0.0,92.98,77.98,245.16,18.77,86.88,44.47,7.74,81
2023_COC11,2023-06-22,30.9,40,15.8,223,0.0,92.62,83.04,254.12,13.79,91.41,37.35,8.11,82
2023_COC11,2023-06-23,17.2,93,7.2,354,3.1,53.3,63.26,255.81,0.34,78.19,0.79,62.25,83
2023_COC11,2023-06-24,15.5,64,6.6,61,0.4,70.36,64.84,262.0,0.88,80.11,3.68,34.74,84
2023_COC11,2023-06-25,15.5,59,10.9,84,0.0,79.99,66.63,268.2,1.97,82.2,8.26,22.17,85
2023_COC11,2023-06-26,12.1,87,11.6,16,1.4,68.31,67.08,273.78,1.06,83.2,4.65,37.65,86
2023_COC11,2023-06-27,14.0,43,17.9,10,0.1,82.23,69.35,279.7,3.61,85.62,13.98,19.49,87
2023_COC11,2023-06-28,18.3,41,6.0,73,0.0,86.91,72.36,286.4,3.73,88.7,14.61,14.16,88
2023_COC11,2023-06-29,21.3,38,12.6,103,0.0,89.26,76.02,293.64,7.27,92.3,24.36,11.62,89
2023_COC11,2023-06-30,16.9,78,7.2,96,5.6,51.5,48.61,286.46,0.28,68.26,0.59,65.65,90
2023_COC11,2023-07-01,22.1,65,7.1,60,0.4,73.02,50.51,294.15,1.0,70.68,3.8,31.08,91
2023_COC11,2023-07-02,24.4,53,7.6,87,0.0,84.19,53.33,302.24,2.77,74.01,10.36,17.22,92
2023_COC11,2023-07-03,28.2,44,11.0,169,0.0,89.08,57.18,311.02,6.54,78.35,20.74,11.81,93
2023_COC11,2023-07-04,30.7,38,15.2,216,0.0,91.18,61.81,320.25,10.92,83.39,30.57,9.59,94
2023_COC11,2023-07-05,22.7,70,8.7,240,3.2,69.3,49.11,322.01,0.95,71.11,3.61,36.23,95
2023_COC12,2023-06-19,29.1,30,13.8,174,0.0,92.53,69.68,242.26,12.32,81.07,32.69,8.2,79
2023_COC12,2023-06-20,32.4,28,16.5,216,0.0,93.6,76.03,251.5,16.38,86.6,40.7,7.12,80
2023_COC12,2023-06-21,31.5,34,17.6,215,0.9,91.66,81.69,260.57,13.18,91.59,36.3,9.1,81
2023_COC19,2023-06-24,25.2,34,11.7,11,0.2,93.08,67.23,241.36,11.97,79.26,31.72,7.64,84
2023_COC19,2023-06-25,22.7,27,6.9,96,0.0,93.13,71.81,248.85,9.46,83.43,27.75,7.59,85
2023_COC19,2023-06-26,24.3,45,7.6,87,1.2,86.27,75.48,256.62,3.69,86.99,14.33,14.88,86
2023_COC20,2023-06-23,24.6,39,12.6,297,3.4,80.59,73.27,273.44,2.28,87.76,9.8,21.45,83
2023_COC20,2023-06-24,21.2,38,8.3,355,0.0,87.77,76.91,280.66,4.73,91.29,17.76,13.23,84
2023_COC20,2023-06-25,23.5,32,6.6,135,0.0,90.67,81.32,288.29,6.58,95.38,23.08,10.12,85
2023_COC20,2023-06-26,18.1,48,12.3,353,0.0,89.4,83.95,294.95,7.31,98.1,25.21,11.46,86
2023_COC20,2023-06-27,16.8,37,5.8,22,0.0,89.45,86.91,301.38,5.31,101.01,20.38,11.41,87
2023_COC20,2023-06-28,22.8,31,5.2,155,0.0,91.02,91.26,308.89,6.45,104.98,23.85,9.76,88
2023_COC20,2023-06-29,25.1,34,14.2,144,0.0,91.17,95.81,316.81,10.37,109.12,33.57,9.6,89
2023_COC20,2023-06-30,19.1,68,13.4,66,2.3,73.93,80.73,323.65,1.42,99.44,7.01,29.87,90
2023_COC20,2023-07-01,24.6,52,4.3,42,0.5,84.15,83.62,331.79,2.33,102.6,10.93,17.27,91
2023_COC20,2023-07-02,29.7,31,4.8,132,0.0,91.44,88.62,340.84,6.71,107.41,24.78,9.32,92
2023_COC20,2023-07-03,30.5,31,15.6,199,0.0,92.62,93.74,350.03,13.66,112.29,40.7,8.11,93
2023_COC20,2023-07-04,29.5,38,10.6,242,0.1,92.67,98.19,359.04,10.69,116.64,35.23,8.06,94
2023_COC20,2023-07-05,19.7,71,16.6,312,1.5,79.21,99.61,366.29,2.43,118.59,12.18,23.12,95
2023_COC20,2023-07-06,23.0,35,8.8,258,1.9,82.48,91.49,374.14,2.36,113.56,11.65,19.2,96
2023_COC20,2023-07-07,24.5,30,14.4,202,0.0,90.65,95.7,382.25,9.72,117.72,33.19,10.15,97
2023_COC20,2023-07-08,18.1,36,4.1,315,2.1,79.01,84.54,389.21,1.27,109.58,6.69,23.37,98
2023_COC20,2023-07-09,22.9,26,18.7,182,0.0,90.7,88.71,397.04,12.16,113.84,37.95,10.09,99
2023_COC20,2023-07-10,17.8,36,14.1,264,8.4,67.96,51.48,374.75,1.19,76.64,4.91,38.16,100
2023_COC20,2023-07-11,17.0,62,12.7,255,2.9,65.78,42.82,375.85,1.03,66.65,3.76,41.38,101
2023_COC20,2023-07-12,18.7,44,14.8,267,0.6,82.36,45.42,382.92,3.14,70.06,11.11,19.35,102
2023_COC20,2023-07-13,25.0,35,17.9,189,0.0,89.93,49.4,391.12,10.46,75.09,28.18,10.91,103
2023_COC20,2023-07-14,24.5,50,11.8,192,0.1,89.74,52.41,399.23,7.48,78.92,22.91,11.11,104
2023_COC22,2023-06-20,29.4,35,30.5,203,0.3,91.64,44.64,180.4,25.18,55.16,43.39,9.12,80
2023_COC22,2023-06-21,29.4,56,19.9,221,1.7,85.06,45.76,189.09,5.79,57.02,15.97,16.23,81
2023_COC22,2023-06-22,24.5,64,13.7,293,1.5,80.54,48.19,196.91,2.4,59.79,8.03,21.5,82
2023_COC23,2023-06-24,20.2,42,9.7,360,0.0,87.14,64.92,268.78,4.64,80.95,16.39,13.91,84
2023_COC23,2023-06-25,24.1,37,12.6,193,0.0,89.95,69.1,276.52,8.03,85.06,25.02,10.89,85
2023_COC23,2023-06-26,8.5,78,16.7,7,1.1,78.06,69.65,281.45,2.2,86.06,9.36,24.55,86
2023_COC24,2023-06-24,20.2,44,9.0,355,0.0,87.24,66.14,242.78,4.54,78.69,15.87,13.81,84
2023_COC24,2023-06-25,24.5,37,15.0,197,0.0,90.06,70.39,250.6,9.21,82.7,27.12,10.76,85
2023_COC24,2023-06-26,10.2,66,17.3,12,1.8,74.27,65.97,255.84,1.76,80.22,7.38,29.41,86
2023_COC24,2023-06-27,16.3,40,1.8,79,0.0,83.18,68.71,262.18,1.81,83.03,7.73,18.38,87
2023_COC24,2023-06-28,22.8,32,8.9,159,0.0,89.76,72.99,269.68,6.48,87.07,21.78,11.09,88
2023_COC24,2023-06-29,25.0,43,17.1,150,0.0,89.8,76.91,277.59,9.87,90.87,29.81,11.04,89
2023_COC24,2023-06-30,22.3,52,9.4,113,0.0,89.16,79.87,285.01,6.1,93.93,21.71,11.73,90
2023_COC24,2023-07-01,25.3,42,5.4,360,0.1,89.6,83.46,293.26,5.32,97.53,20.04,11.25,91
2023_COC24,2023-07-02,29.8,35,9.7,202,0.0,91.57,88.18,302.33,8.74,101.99,29.03,9.19,92
2023_COC24,2023-07-03,30.6,35,20.2,191,0.0,91.91,93.02,311.54,15.57,106.52,43.3,8.84,93
2023_COC24,2023-07-04,27.0,35,14.8,229,0.8,90.51,97.31,320.11,9.72,110.58,32.34,10.3,94
2023_COC24,2023-07-05,13.3,71,13.6,258,2.5,68.75,78.6,326.21,1.19,98.11,5.88,37.02,95
2023_COC24,2023-07-06,20.9,49,13.9,239,0.6,82.97,81.24,333.67,3.24,101.0,14.09,18.63,96
2023_COC24,2023-07-07,19.4,61,5.9,223,2.6,69.97,67.49,340.87,0.84,90.29,3.85,35.27,97
2023_COC24,2023-07-08,17.9,44,15.1,232,12.7,60.97,34.92,307.14,0.93,54.38,2.77,48.92,98
2023_COC24,2023-07-09,21.5,37,25.6,178,0.0,85.48,38.26,314.71,8.18,58.68,20.91,15.76,99
2023_COC24,2023-07-10,14.4,46,16.8,239,16.7,57.27,17.76,269.97,0.79,30.51,0.94,55.13,100
2023_COC24,2023-07-11,12.2,71,20.3,263,2.4,60.5,15.42,275.87,1.17,27.05,1.93,49.69,101
2023_COC24,2023-07-12,15.1,53,14.0,270,2.0,69.46,15.15,282.29,1.24,26.72,2.1,36.0,102
2023_COC24,2023-07-13,22.6,47,21.5,190,0.0,85.23,18.1,290.07,6.43,31.31,12.51,16.04,103
2023_COC24,2023-07-14,22.8,59,11.7,198,0.5,86.07,20.4,297.87,4.41,34.84,9.76,15.09,104
2023_COC24,2023-07-15,21.6,65,5.5,293,2.6,70.64,18.23,305.47,0.84,31.72,1.19,34.34,105
2023_COC24,2023-07-16,12.5,84,9.0,275,13.6,31.77,8.78,271.19,0.01,16.25,0.01,111.65,106
2023_COC24,2023-07-17,12.7,75,11.1,299,0.0,53.69,9.59,277.18,0.43,17.66,0.36,61.52,107
2023_COC24,2023-07-18,8.0,85,14.3,326,0.5,62.7,9.91,282.32,0.98,18.23,0.84,46.14,108
2023_COC24,2023-07-19,20.3,49,11.3,248,0.0,81.16,12.48,289.68,2.28,22.53,3.95,20.77,109
2023_COC24,2023-07-20,13.6,67,12.6,3,2.4,67.94,10.96,295.83,1.11,20.07,1.05,38.18,110
2023_COC24,2023-07-21,21.1,43,14.4,217,0.0,84.49,13.94,303.34,4.06,25.0,7.48,16.88,111
2023_COC24,2023-07-22,24.4,54,16.4,199,0.2,86.94,16.69,311.43,6.32,29.44,11.94,14.13,112
2023_COC24,2023-07-23,16.6,62,19.0,299,12.1,57.16,9.39,282.17,0.87,17.33,0.72,55.31,113
2023_COC24,2023-07-24,19.7,52,18.1,253,0.4,79.73,11.73,289.42,2.75,21.3,4.66,22.49,114
2023_COC24,2023-07-25,17.0,63,19.5,304,21.4,53.69,6.49,234.3,0.66,12.13,0.44,61.52,115
2023_COC24,2023-07-26,9.2,70,17.4,308,0.5,68.73,7.21,239.66,1.44,13.42,1.16,37.05,116
2023_COC24,2023-07-27,9.8,84,7.9,51,1.3,63.58,7.62,245.12,0.74,14.14,0.54,44.75,117
2023_COC24,2023-07-28,14.0,66,16.6,304,1.3,70.94,8.83,251.35,1.49,16.23,1.66,33.92,118
2023_COC24,2023-07-29,16.9,69,15.0,333,0.5,79.24,10.14,258.09,2.24,18.46,3.36,23.08,119
2023_COC24,2023-07-30,14.0,66,10.1,333,0.0,81.96,11.34,264.32,2.36,20.49,3.84,19.81,120
2023_COC24,2023-07-31,17.4,46,3.9,326,0.1,85.79,13.69,271.15,2.86,24.31,5.28,15.41,121
2023_COC24,2023-08-01,23.6,44,11.7,225,0.0,88.49,16.55,278.41,6.22,28.81,11.65,12.45,122
2023_COC24,2023-08-02,23.5,56,11.8,207,0.0,88.5,18.78,285.64,6.26,32.26,12.45,12.44,123
2023_COC24,2023-08-03,18.4,65,17.6,44,4.2,67.31,13.86,283.14,1.39,24.71,2.3,39.11,124
2023_COC24,2023-08-04,19.6,53,7.0,12,0.1,80.74,15.87,289.68,1.75,27.92,3.43,21.27,125
2023_COC24,2023-08-05,22.9,44,12.7,155,0.0,87.44,18.65,296.8,5.64,32.23,11.43,13.58,126
2023_COC24,2023-08-06,21.7,68,6.9,171,3.7,65.63,14.47,296.33,0.77,25.8,0.82,41.61,127
2023_COC26,2023-07-01,27.4,49,17.8,234,0.3,88.49,31.81,259.53,8.47,48.7,19.47,12.44,91
2023_COC26,2023-07-02,22.9,60,16.3,121,0.5,87.83,34.07,267.36,7.14,51.67,17.72,13.16,92
2023_COC26,2023-07-03,25.1,65,25.6,200,1.6,81.87,34.89,275.58,5.1,53.0,13.91,19.92,93
2023_COC26,2023-07-04,22.1,54,24.6,219,2.1,80.31,33.41,283.26,4.06,51.61,11.44,21.78,94
2023_COC26,2023-07-05,8.6,67,19.4,292,6.5,51.82,19.88,272.36,0.54,33.63,0.69,65.03,95
2023_COC29,2023-07-02,29.4,44,3.9,146,0.1,89.39,38.14,285.27,4.78,57.17,13.81,11.48,92
2023_COC29,2023-07-03,24.8,63,19.2,208,0.1,87.72,40.39,293.43,8.14,60.1,21.1,13.28,93
2023_COC29,2023-07-04,23.5,45,22.7,223,0.6,88.37,43.57,301.37,10.65,64.0,26.34,12.57,94
2023_COC29,2023-07-05,9.5,64,14.6,280,3.5,62.68,33.55,300.0,0.99,52.44,2.92,46.17,95
2023_COC3,2023-06-01,30.0,31,7.7,281,0.0,94.04,46.34,111.36,11.19,46.32,23.17,6.67,61
2023_COC3,2023-06-02,25.5,39,10.1,35,0.7,90.04,50.61,119.35,7.18,50.58,17.58,10.78,62
2023_COC3,2023-06-03,24.3,32,9.4,113,0.0,91.24,55.16,127.13,8.22,55.11,20.32,9.53,63
2023_COC30,2023-06-27,19.9,36,6.2,170,0.0,87.25,41.85,272.84,3.95,60.5,12.27,13.79,87
2023_COC30,2023-06-28,25.6,39,12.9,153,0.0,89.89,46.14,280.85,8.09,65.41,21.95,10.94,88
2023_COC30,2023-06-29,25.6,51,8.9,117,1.8,82.5,46.39,288.87,2.37,66.2,8.48,19.17,89
2023_COC30,2023-06-30,23.3,58,7.2,96,7.6,62.46,28.87,276.55,0.68,45.79,1.32,46.51,90
2023_COC32,2023-07-02,28.1,43,5.8,180,0.0,89.93,69.96,280.64,5.68,86.2,19.71,10.91,92
2023_COC32,2023-07-03,30.4,36,23.2,192,0.0,91.59,74.7,289.81,17.32,90.85,43.14,9.17,93
2023_COC32,2023-07-04,26.8,36,16.8,227,0.8,90.3,78.89,298.34,10.43,94.99,31.63,10.51,94
2023_COC32,2023-07-05,12.8,68,15.0,259,3.5,64.2,58.73,297.62,1.09,78.66,4.55,43.79,95
2023_COC32,2023-07-06,20.5,47,16.4,232,1.0,80.69,61.42,305.01,2.8,81.71,11.09,21.32,96
2023_COC32,2023-07-07,17.3,68,7.0,348,1.8,71.81,58.32,311.83,0.95,79.48,3.95,32.72,97
2023_COC32,2023-07-08,17.6,44,17.1,229,12.9,61.7,30.09,280.12,1.07,47.44,2.94,47.73,98
2023_COC32,2023-07-09,21.5,36,28.9,175,0.0,86.08,33.49,287.69,10.51,51.88,23.47,15.08,99
2023_COC32,2023-07-10,13.7,46,20.1,243,17.3,57.71,14.82,244.18,0.96,25.73,1.16,54.37,100
2023_COC33,2023-07-03,30.4,36,23.2,192,0.0,91.64,74.9,293.07,17.43,91.4,43.44,9.12,93
2023_COC33,2023-07-04,26.7,36,16.8,227,0.8,90.28,79.08,301.58,10.41,95.53,31.66,10.53,94
2023_COC33,2023-07-05,12.9,69,15.0,259,3.5,63.93,58.83,300.82,1.07,79.02,4.51,44.21,95
2023_COC34,2023-07-02,27.7,47,7.9,93,0.0,89.3,65.08,270.54,5.77,81.28,19.31,11.57,92
2023_COC34,2023-07-03,30.7,36,24.9,190,0.0,91.61,69.86,279.77,18.92,86.02,44.49,9.15,93
2023_COC34,2023-07-04,27.0,35,19.9,221,1.7,88.39,69.93,288.33,9.28,87.07,27.98,12.55,94
2023_COC34,2023-07-05,13.2,61,19.0,260,3.3,68.13,54.03,288.51,1.54,73.6,6.12,37.91,95
2023_COC34,2023-07-06,21.0,49,17.1,231,0.3,83.65,56.68,295.99,4.16,76.66,14.63,17.84,96
2023_COC34,2023-07-07,13.7,77,24.1,359,3.1,63.95,45.0,296.82,1.7,65.27,6.2,44.18,97
2023_COC34,2023-07-08,17.7,45,20.5,232,8.4,64.31,26.85,280.81,1.44,43.34,3.87,43.62,98
2023_COC37,2023-07-02,24.7,52,12.2,88,0.0,89.51,42.93,248.27,7.39,59.94,19.65,11.35,92
2023_COC37,2023-07-03,30.9,34,25.9,190,0.0,92.04,47.89,257.53,21.13,65.38,41.97,8.71,93
2023_COC37,2023-07-04,26.0,37,24.2,217,0.4,92.09,51.9,265.92,19.54,69.76,41.14,8.66,94
2023_COC38,2023-07-03,28.7,44,3.7,151,0.0,83.05,29.1,302.5,1.96,46.92,5.65,18.53,93
2023_COC38,2023-07-04,31.8,34,12.8,218,0.0,91.59,34.2,311.93,10.26,53.68,23.47,9.16,94
2023_COC38,2023-07-05,30.7,48,13.1,233,0.0,91.15,38.08,321.16,9.78,58.75,23.77,9.62,95
2023_COC38,2023-07-06,18.1,60,6.3,13,8.5,55.7,21.89,303.48,0.41,37.09,0.56,57.89,96
2023_COC38,2023-07-07,23.0,37,3.4,288,0.0,80.58,25.45,311.32,1.44,42.27,3.78,21.46,97
2023_COC38,2023-07-08,16.5,80,12.6,355,2.3,65.25,22.47,317.99,1.01,38.19,2.19,42.18,98
2023_COC38,2023-07-09,21.0,35,6.7,216,0.6,83.6,25.84,325.48,2.44,43.12,6.6,17.9,99
2023_COC38,2023-07-10,22.2,58,19.9,185,0.5,85.87,28.14,333.18,6.48,46.47,15.56,15.32,100
2023_COC38,2023-07-11,20.8,43,17.7,246,14.3,67.5,15.04,295.3,1.41,26.68,2.51,38.82,101
2023_COC38,2023-07-12,20.2,41,12.2,236,0.0,84.14,17.99,302.64,3.47,31.32,7.43,17.28,102
2023_COC38,2023-07-13,23.8,35,9.2,141,0.0,89.64,21.79,310.63,6.47,37.08,13.77,11.21,103
2023_COC38,2023-07-14,25.7,40,17.2,206,0.0,90.08,25.57,318.96,10.32,42.6,20.98,10.74,104
2023_COC38,2023-07-15,25.4,53,14.5,199,0.8,86.91,28.49,327.24,5.72,46.8,14.19,14.17,105
2023_COC38,2023-07-16,24.6,60,7.6,262,1.9,78.61,28.34,335.37,1.46,46.79,4.16,23.87,106
2023_COC38,2023-07-17,19.5,80,8.4,7,11.8,42.63,13.97,305.55,0.09,25.08,0.09,84.12,107
2023_COC38,2023-07-18,18.7,86,9.1,263,8.1,32.11,7.85,290.21,0.01,14.71,0.01,110.68,108
2023_COC38,2023-07-19,16.3,59,7.9,300,5.7,46.59,5.77,283.02,0.16,10.98,0.1,75.5,109
2023_COC38,2023-07-20,22.5,51,5.0,249,0.2,74.22,8.48,290.77,0.95,15.81,0.74,29.48,110
2023_COC38,2023-07-21,17.2,48,12.6,358,0.9,81.41,10.72,297.57,2.51,19.67,3.99,20.47,111
2023_COC38,2023-07-22,22.3,37,0.8,153,0.0,87.49,14.18,305.29,3.11,25.41,5.9,13.53,112
2023_COC38,2023-07-23,25.9,51,8.2,255,0.0,88.07,17.29,313.66,4.91,30.39,9.88,12.9,113
2023_COC38,2023-07-24,20.8,53,8.0,342,6.7,64.25,12.04,303.02,0.77,21.91,0.73,43.71,114
2023_COC38,2023-07-25,26.1,33,16.0,239,0.0,87.99,16.32,311.42,7.2,28.86,13.1,12.98,115
2023_COC38,2023-07-26,21.2,61,12.5,311,2.5,75.16,15.06,318.94,1.45,26.95,2.63,28.24,116
2023_COC38,2023-07-27,23.6,45,9.7,222,0.0,86.12,18.26,326.89,4.01,32.04,8.57,15.05,117
2023_COC38,2023-07-28,11.6,84,14.5,300,0.8,79.18,18.73,332.68,2.18,32.84,4.9,23.16,118
2023_COC38,2023-07-29,20.0,54,10.2,288,0.4,84.74,21.01,339.99,3.4,36.4,8.0,16.59,119
2023_COC38,2023-07-30,15.6,54,12.4,334,9.7,57.19,12.27,316.43,0.63,22.37,0.61,55.27,120
2023_COC38,2023-07-31,16.4,52,12.1,330,0.3,76.93,14.24,323.09,1.59,25.65,2.86,25.96,121
2023_COC38,2023-08-01,20.1,39,5.9,322,0.0,86.16,16.91,329.71,3.33,29.97,6.98,15.0,122
2023_COC38,2023-08-02,24.4,38,12.3,177,0.0,89.67,20.17,337.1,7.6,35.1,15.15,11.18,123
2023_COC38,2023-08-03,22.7,47,7.3,20,2.6,77.9,18.77,344.19,1.35,33.03,2.87,24.74,124
2023_COC38,2023-08-04,17.7,64,21.4,343,0.0,82.87,20.16,350.38,4.67,35.26,10.3,18.74,125
2023_COC38,2023-08-05,21.0,46,11.8,329,0.0,87.13,22.63,357.17,5.15,39.07,11.82,13.93,126
2023_COC38,2023-08-06,25.3,34,3.9,202,0.0,90.44,26.22,364.73,5.56,44.46,13.5,10.37,127
2023_COC38,2023-08-07,27.1,35,10.1,174,0.1,91.22,30.01,372.61,8.49,49.96,19.77,9.55,128
2023_COC38,2023-08-08,24.7,59,5.6,285,0.4,88.77,32.19,380.06,4.77,53.13,13.22,12.14,129
2023_COC38,2023-08-09,22.4,67,7.4,227,6.1,60.81,20.58,368.24,0.62,36.12,0.84,49.17,130
2023_COC38,2023-08-10,22.1,54,10.3,331,10.6,59.54,12.18,339.64,0.67,22.35,0.65,51.26,131
2023_COC38,2023-08-11,16.4,59,16.3,315,3.4,63.71,9.76,338.52,1.14,18.21,0.97,44.54,132
2023_COC38,2023-08-12,17.1,69,7.6,8,0.1,75.22,10.92,344.6,1.14,20.24,1.21,28.17,133
2023_COC38,2023-08-13,17.8,73,14.0,334,4.5,58.63,7.62,339.49,0.76,14.42,0.56,52.8,134
2023_COC38,2023-08-14,18.7,60,14.5,325,0.1,77.34,9.25,345.86,1.86,17.34,2.51,25.45,135
2023_COC38,2023-08-15,22.6,36,4.0,180,0.1,87.24,12.38,352.93,3.53,22.77,6.22,13.81,136
2023_COC38,2023-08-16,19.8,46,0.8,207,4.9,61.51,9.7,346.41,0.47,18.12,0.4,48.03,137
2023_COC38,2023-08-17,21.1,72,27.2,187,0.4,78.04,10.98,353.21,3.72,20.38,6.11,24.57,138
2023_COC38,2023-08-18,14.7,63,22.4,341,22.3,51.76,5.77,284.22,0.62,10.99,0.4,65.15,139
2023_COC38,2023-08-19,23.1,43,4.0,180,0.0,78.15,8.62,291.38,1.17,16.05,0.92,24.44,140
2023_COC38,2023-08-20,15.8,74,16.3,338,0.5,80.88,9.53,297.23,2.84,17.64,4.25,21.1,141
2023_COC38,2023-08-21,21.0,51,12.3,308,0.5,85.94,11.76,304.01,4.46,21.45,7.45,15.25,142
2023_COC38,2023-08-22,23.0,44,8.7,265,1.7,82.51,13.5,311.15,2.35,24.35,4.32,19.16,143
2023_COC38,2023-08-23,23.5,46,3.1,225,0.2,87.06,16.24,318.39,3.29,28.8,6.73,14.0,144
2023_COC38,2023-08-24,21.6,59,7.2,186,0.0,87.11,18.16,325.28,4.07,31.87,8.65,13.95,145
2023_COC38,2023-08-25,11.4,98,15.7,323,2.7,50.16,14.26,330.34,0.37,25.75,0.39,68.25,146
2023_COC38,2023-08-26,15.5,49,11.3,343,0.2,74.05,16.01,336.13,1.29,28.61,2.36,29.71,147
2023_COC38,2023-08-27,20.7,40,8.8,215,0.0,85.75,18.71,342.86,3.64,32.93,8.0,15.46,148
2023_COC38,2023-08-28,21.7,46,11.9,235,0.0,87.86,21.25,349.77,5.74,36.9,12.51,13.13,149
2023_COC38,2023-08-29,11.9,52,14.0,359,12.0,53.42,11.21,315.87,0.49,20.59,0.45,62.02,150
2023_COC38,2023-08-30,14.1,49,7.7,233,0.5,73.56,12.81,321.42,1.05,23.29,1.25,30.36,151
2023_COC38,2023-08-31,14.7,59,9.7,301,0.3,80.85,14.14,327.07,2.03,25.53,3.8,21.14,152
2023_COC38,2023-09-01,23.6,47,18.1,211,0.0,87.32,16.47,333.02,7.27,29.32,13.32,13.71,153
2023_COC38,2023-09-02,22.9,60,19.7,262,3.0,76.3,13.96,333.36,2.24,25.28,4.2,26.77,154
2023_COC38,2023-09-03,28.8,55,19.4,239,0.3,86.58,16.36,340.25,6.99,29.2,12.88,14.53,155
2023_COC38,2023-09-04,26.6,38,4.4,215,0.5,89.93,19.41,346.74,5.3,34.06,11.21,10.9,156
2023_COC38,2023-09-05,31.6,44,16.5,212,0.0,90.36,22.67,354.13,10.37,39.09,20.17,10.45,157
2023_COC38,2023-09-06,10.8,100,17.0,343,5.1,32.08,14.2,343.89,0.01,25.75,0.02,110.77,158
2023_COC38,2023-09-07,11.7,68,18.4,357,6.5,42.72,8.56,328.96,0.14,16.08,0.11,83.93,159
2023_COC38,2023-09-08,15.3,55,13.9,323,0.0,69.9,9.88,333.42,1.26,18.39,1.35,35.37,160
2023_COC38,2023-09-09,18.3,42,6.5,276,0.0,83.03,11.88,338.41,2.25,21.85,3.81,18.56,161
2023_COC38,2023-09-10,17.0,74,3.4,342,0.9,78.35,12.72,343.18,1.15,23.28,1.56,24.18,162
2023_COC38,2023-09-11,13.0,65,12.6,357,0.2,81.68,13.6,347.22,2.59,24.77,4.83,20.14,163
2023_COC38,2023-09-12,15.3,51,12.1,30,5.3,63.08,9.41,337.27,0.89,17.59,0.75,45.54,164
2023_COC38,2023-09-13,9.9,100,15.3,345,13.1,11.69,4.17,299.08,0.0,8.07,0.0,184.67,165
2023_COC38,2023-09-14,18.2,41,12.1,280,3.4,55.93,4.2,297.66,0.56,8.11,0.3,57.47,166
2023_COC38,2023-09-15,19.5,53,15.1,205,0.0,78.52,5.92,302.87,2.11,11.3,2.1,23.97,167
2023_COC38,2023-09-16,17.5,74,6.5,214,0.2,80.89,6.78,307.72,1.74,12.86,1.71,21.08,168
2023_COC38,2023-09-17,11.6,93,15.9,335,2.8,51.65,4.64,307.06,0.44,8.95,0.25,65.36,169
2023_COC38,2023-09-18,12.5,63,9.0,337,0.0,69.04,5.54,311.02,0.95,10.61,0.59,36.6,170
2023_COC38,2023-09-19,15.1,48,7.0,339,0.0,80.63,7.04,315.44,1.73,13.34,1.77,21.4,171
2023_COC38,2023-09-20,17.9,38,2.8,140,0.0,86.47,9.14,320.37,2.98,17.06,4.37,14.65,172
2023_COC38,2023-09-21,22.3,53,12.4,197,0.0,87.1,11.09,326.08,5.29,20.45,8.43,13.96,173
2023_COC38,2023-09-22,18.4,51,9.3,13,0.0,87.15,12.8,331.1,4.55,23.34,7.96,13.9,174
2023_COC38,2023-09-23,18.3,55,5.4,90,0.8,84.15,14.35,336.1,2.46,25.93,4.74,17.27,175
2023_COC38,2023-09-24,20.2,44,7.0,12,0.0,87.41,16.47,341.44,4.21,29.4,8.49,13.62,176
2023_COC38,2023-09-25,17.6,59,6.1,93,0.0,87.13,17.84,346.31,3.87,31.61,8.23,13.92,177
2023_COC38,2023-09-26,19.7,44,6.5,146,0.0,88.09,19.91,351.56,4.52,34.89,9.97,12.88,178
2023_COC38,2023-09-27,20.0,40,7.0,168,0.0,88.93,22.17,356.86,5.23,38.37,11.86,11.97,179
2023_COC38,2023-09-28,20.5,38,8.4,160,0.0,89.5,24.55,362.26,6.09,41.99,14.05,11.36,180
2023_COC38,2023-09-29,21.3,41,11.9,194,0.0,89.55,26.9,367.8,7.32,45.49,16.87,11.31,181
2023_COC38,2023-09-30,19.3,64,13.1,278,1.5,79.45,27.58,372.97,2.08,46.56,5.96,22.83,182
2023_COC38,2023-10-01,22.6,43,7.6,225,0.0,86.96,29.63,377.75,4.07,49.54,11.19,14.11,183
2023_COC38,2023-10-02,22.9,70,19.9,229,5.6,66.69,19.18,365.83,1.53,33.92,3.42,40.03,184
2023_COC39,2023-07-06,20.5,49,2.7,23,3.8,68.46,45.35,345.18,0.68,68.28,2.28,37.43,96
2023_COC39,2023-07-07,23.3,37,4.6,225,0.0,85.07,48.96,353.08,2.68,72.72,9.98,16.22,97
2023_COC39,2023-07-08,18.4,65,5.9,317,0.2,85.12,50.57,360.1,2.88,74.86,10.78,16.17,98
2023_COC39,2023-07-09,22.0,33,7.2,207,0.7,88.69,54.2,367.76,5.11,79.22,17.41,12.22,99
2023_COC39,2023-07-10,17.2,100,16.2,273,8.0,23.17,30.15,348.89,0.0,49.59,0.0,138.58,100
2023_COC39,2023-07-11,17.4,49,17.9,245,6.0,55.95,20.12,338.63,0.75,35.04,0.98,57.44,101
2023_COC39,2023-07-12,20.1,42,11.8,232,0.0,80.58,23.01,345.95,2.19,39.46,5.61,21.46,102
2023_COC39,2023-07-13,23.7,38,5.1,188,0.0,88.11,26.62,353.92,4.23,44.82,10.9,12.85,103
2023_COC39,2023-07-14,24.8,48,17.4,204,0.0,88.48,29.78,362.09,8.29,49.41,19.31,12.45,104
2023_COC39,2023-07-15,25.6,48,13.7,203,2.1,82.77,29.54,370.4,3.13,49.26,8.95,18.86,105
2023_COC39,2023-07-16,23.1,55,8.5,234,4.9,68.48,21.58,364.6,0.91,37.6,1.85,37.4,106
2023_COC39,2023-07-17,20.1,78,4.9,324,5.4,47.75,14.28,356.49,0.16,25.97,0.17,73.09,107
2023_COC39,2023-07-18,18.7,80,8.9,284,23.8,32.97,6.82,283.44,0.01,12.86,0.01,108.3,108
2023_COC39,2023-07-19,17.6,59,3.7,259,0.8,58.45,8.62,290.31,0.44,16.04,0.35,53.1,109
2023_COC39,2023-07-20,22.7,52,2.2,261,0.1,77.22,11.3,298.1,0.99,20.64,0.91,25.6,110
2023_COC39,2023-07-21,18.5,44,9.7,4,2.1,76.56,11.9,305.13,1.38,21.69,1.98,26.45,111
2023_COC39,2023-07-22,22.8,32,1.8,169,0.0,87.32,15.72,312.94,3.2,27.93,6.43,13.71,112
2023_COC39,2023-07-23,25.3,52,9.8,242,0.1,87.82,18.69,321.2,5.14,32.64,10.67,13.17,113
2023_COC39,2023-07-24,20.9,52,4.9,306,7.2,61.53,12.7,308.5,0.57,23.02,0.57,48.01,114
2023_COC39,2023-07-25,25.8,34,19.6,238,0.0,87.6,16.87,316.85,8.16,29.77,14.67,13.41,115
2023_COC39,2023-07-26,24.5,47,11.1,295,1.4,84.58,20.05,324.97,3.48,34.75,7.94,16.78,116
2023_COC39,2023-07-27,24.0,48,13.3,218,0.6,87.33,23.12,332.99,5.71,39.4,12.9,13.71,117
2023_COC39,2023-07-28,12.9,85,11.3,297,4.3,50.58,15.97,328.74,0.31,28.48,0.35,67.42,118
2023_COC39,2023-07-29,20.9,51,11.7,279,0.5,77.25,18.5,336.21,1.6,32.53,3.48,25.56,119
2023_COC39,2023-07-30,17.5,49,9.9,341,4.2,66.6,14.48,333.08,0.92,26.12,0.99,40.16,120
2023_COC39,2023-07-31,18.2,43,12.4,330,0.1,82.73,17.06,340.06,2.92,30.32,6.2,18.91,121
2023_COC39,2023-08-01,20.9,38,3.3,283,0.0,87.83,19.88,346.83,3.71,34.77,8.4,13.15,122
2023_COC39,2023-08-02,19.1,72,10.8,182,0.8,82.38,21.05,353.27,2.58,36.64,6.23,19.31,123
2023_COC39,2023-08-03,22.5,51,4.0,27,12.2,57.73,12.17,320.24,0.43,22.22,0.42,54.34,124
2023_COC39,2023-08-04,19.1,53,16.9,2,0.6,78.73,14.13,326.68,2.35,25.5,4.46,23.71,125
2023_COC39,2023-08-05,21.8,38,7.1,319,0.0,87.39,17.06,333.61,4.22,30.25,8.65,13.64,126
2023_COC39,2023-08-06,25.2,37,8.6,213,0.0,90.11,20.48,341.15,6.72,35.61,13.87,10.72,127
2023_COC39,2023-08-07,25.1,45,8.2,203,0.0,90.16,23.45,348.67,6.63,40.15,14.64,10.66,128
2023_COC39,2023-08-08,23.8,65,5.9,281,6.9,60.78,14.94,335.51,0.58,26.89,0.63,49.22,129
2023_COC39,2023-08-09,19.0,79,10.7,225,2.6,58.24,12.5,341.94,0.62,22.91,0.62,53.45,130
2023_COC39,2023-08-10,20.8,52,9.4,313,2.6,69.47,11.69,348.68,0.99,21.57,0.94,35.98,131
2023_COC39,2023-08-11,17.8,45,7.0,339,4.5,64.09,9.25,343.45,0.72,17.33,0.6,43.97,132
2023_COC39,2023-08-12,18.8,50,8.4,20,0.0,80.18,11.3,349.84,1.77,20.91,2.75,21.94,133
2023_COC39,2023-08-13,19.6,61,15.5,4,3.0,71.39,9.66,350.66,1.43,18.07,1.74,33.3,134
2023_COC39,2023-08-14,18.7,53,11.8,340,0.0,82.46,11.58,357.03,2.73,21.42,4.64,19.22,135
2023_COC39,2023-08-15,23.1,35,11.1,205,0.0,89.27,14.82,364.19,6.75,26.91,12.0,11.61,136
2023_COC39,2023-08-16,19.9,50,3.8,163,2.0,77.12,14.98,370.77,1.06,27.21,1.63,25.72,137
2023_COC39,2023-08-17,18.0,92,21.3,192,7.1,38.71,8.4,354.66,0.08,15.85,0.06,93.37,138
2023_COC39,2023-08-18,18.1,45,17.9,341,3.4,65.42,7.52,353.58,1.32,14.28,0.97,41.93,139
2023_COC39,2023-08-19,24.5,40,10.2,198,0.0,85.34,10.69,360.99,3.69,19.9,5.98,15.92,140
2023_COC39,2023-08-20,18.0,68,13.8,321,0.8,82.15,11.95,367.23,2.91,22.1,5.05,19.59,141
2023_COC39,2023-08-21,21.9,46,14.1,283,0.1,87.23,14.51,374.18,5.87,26.46,10.61,13.81,142
2023_COC39,2023-08-22,22.7,51,8.8,261,0.2,87.58,16.92,381.27,4.72,30.46,9.57,13.43,143
2023_COC39,2023-08-23,23.0,49,4.2,239,0.3,87.95,19.46,388.41,3.95,34.59,8.84,13.03,144
2023_COC39,2023-08-24,18.7,83,6.1,208,0.7,82.45,20.15,394.78,2.05,35.75,4.89,19.24,145
2023_COC39,2023-08-25,10.7,95,13.4,355,4.0,41.43,13.83,389.03,0.09,25.41,0.09,86.87,146
2023_COC39,2023-08-26,16.1,49,8.0,352,0.0,69.26,15.64,394.93,0.91,28.47,1.22,36.28,147
2023_COC39,2023-08-27,20.1,40,11.7,223,0.0,84.67,18.27,401.55,3.63,32.81,7.97,16.67,148
2023_COC39,2023-08-28,20.8,51,10.3,234,0.0,86.73,20.49,408.3,4.51,36.4,10.2,14.36,149
2023_COC39,2023-08-29,12.5,51,13.2,22,12.8,53.4,10.78,365.46,0.47,20.08,0.42,62.07,150
2023_COC39,2023-08-30,15.7,39,14.8,223,0.0,78.42,12.89,371.29,2.06,23.73,3.66,24.09,151
2023_COC39,2023-08-31,16.9,53,5.8,292,1.0,79.84,14.64,377.34,1.5,26.69,2.72,22.36,152
2023_COC39,2023-09-01,22.4,48,19.0,209,0.0,86.75,16.82,383.08,7.01,30.31,13.17,14.34,153
2023_COC39,2023-09-02,23.0,60,19.6,257,5.6,70.75,11.64,371.96,1.72,21.6,2.73,34.18,154
2023_COC39,2023-09-03,28.1,59,20.7,250,0.2,84.94,13.78,378.72,5.93,25.25,10.43,16.37,155
2023_COC39,2023-09-04,26.7,33,3.7,191,0.0,90.45,17.09,385.23,5.51,30.77,10.95,10.35,156
2023_COC39,2023-09-05,31.2,46,17.6,215,0.0,90.5,20.2,392.55,11.19,35.79,20.38,10.3,157
2023_COC39,2023-09-06,10.3,100,18.9,21,17.2,15.15,8.61,333.04,0.0,16.18,0.0,169.3,158
2023_COC42,2023-07-22,22.3,32,2.5,172,0.0,89.28,13.95,294.06,4.39,24.95,8.01,11.6,112
2023_COC42,2023-07-23,25.3,53,8.2,241,0.0,89.31,16.87,302.32,5.87,29.61,11.28,11.56,113
2023_COC42,2023-07-24,20.6,54,3.3,319,8.9,56.89,10.92,284.88,0.39,19.93,0.35,55.78,114
2023_COC46,2023-07-21,20.0,44,4.0,355,0.5,87.1,19.71,362.75,3.46,34.7,7.89,13.96,111
2023_COC46,2023-07-22,25.7,47,13.1,201,0.0,88.6,23.04,371.08,6.79,39.89,14.86,12.32,112
2023_COC46,2023-07-23,18.5,58,8.0,324,12.5,54.77,12.51,335.18,0.41,22.88,0.4,59.56,113
2023_COC46,2023-07-24,20.6,45,7.6,295,0.0,78.71,15.31,342.59,1.47,27.55,2.73,23.74,114
2023_COC46,2023-07-25,26.3,38,19.3,261,0.0,89.28,19.3,351.03,10.23,33.94,18.6,11.59,115
2023_COC46,2023-07-26,21.7,48,11.0,322,0.0,89.33,22.09,358.64,6.78,38.28,14.53,11.54,116
2023_COC46,2023-07-27,20.4,91,12.6,185,14.0,34.17,10.3,318.95,0.02,19.06,0.02,105.02,117
2023_COC46,2023-07-28,15.0,61,15.4,307,1.2,61.21,11.77,325.36,0.96,21.59,0.91,48.51,118
2023_COC46,2023-07-29,21.2,50,15.7,302,0.0,81.65,14.39,332.88,3.02,25.97,5.8,20.18,119
2023_COC46,2023-07-30,19.6,42,10.9,343,2.1,78.98,14.98,340.11,1.78,26.99,3.41,23.41,120
2023_COC46,2023-07-31,20.8,37,13.2,338,0.0,87.79,18.22,347.56,6.07,32.22,12.14,13.2,121
2023_COC46,2023-08-01,24.0,32,7.2,183,0.0,90.78,21.74,354.88,6.89,37.71,14.59,10.01,122
2023_COC46,2023-08-02,16.7,88,3.7,151,8.0,36.66,11.98,336.01,0.02,22.0,0.02,98.5,123
2023_COC46,2023-08-03,19.3,90,10.9,316,1.9,42.12,10.82,342.49,0.09,20.05,0.08,85.28,124
2023_COC46,2023-08-04,21.3,40,11.5,14,3.7,68.04,9.75,341.07,1.05,18.2,0.9,38.04,125
2023_COC46,2023-08-05,24.4,35,6.6,225,0.0,86.26,13.17,348.46,3.5,24.07,6.39,14.88,126
2023_COC46,2023-08-06,23.8,59,9.4,173,1.6,80.36,14.49,355.75,1.9,26.31,3.6,21.72,127
2023_COC46,2023-08-07,25.5,54,4.3,270,3.6,71.02,12.41,355.2,0.8,22.82,0.79,33.81,128
2023_COC46,2023-08-08,22.8,53,7.9,309,3.1,71.26,11.1,356.12,0.97,20.59,0.9,33.48,129
2023_COC46,2023-08-09,19.9,59,12.9,257,2.2,72.87,10.72,362.71,1.33,19.97,1.7,31.28,130
2023_COC46,2023-08-10,15.1,77,11.6,353,2.8,59.98,8.51,368.43,0.73,16.09,0.58,50.54,131
2023_COC46,2023-08-11,16.9,52,4.2,20,1.0,72.67,10.29,374.47,0.85,19.26,0.75,31.55,132
2023_COC46,2023-08-12,16.2,45,11.3,37,0.1,83.35,12.26,380.39,2.99,22.69,5.27,18.18,133
2023_COC46,2023-08-13,20.6,45,12.5,18,0.0,87.33,14.72,387.11,5.49,26.89,10.12,13.71,134
2023_COC46,2023-08-14,22.0,39,5.4,8,0.0,89.17,17.63,394.07,5.0,31.71,10.27,11.71,135
2023_COC46,2023-08-15,24.4,33,20.1,213,0.0,91.04,21.16,401.47,13.69,37.39,24.04,9.74,136
2023_COC46,2023-08-16,19.3,61,13.7,157,5.0,66.46,14.93,392.77,1.11,27.26,1.77,40.37,137
2023_COC46,2023-08-17,17.7,66,13.6,238,12.3,50.84,8.26,354.54,0.36,15.61,0.28,66.91,138
2023_COC46,2023-08-18,20.9,42,12.0,309,2.6,71.95,8.53,361.31,1.22,16.1,0.97,32.53,139
2023_COC46,2023-08-19,22.8,58,15.6,203,1.8,77.65,9.43,368.42,2.01,17.72,2.84,25.06,140
2023_COC46,2023-08-20,19.4,52,17.3,315,0.0,84.89,11.46,374.91,4.96,21.29,8.16,16.43,141
2023_COC46,2023-08-21,22.4,45,14.1,274,0.0,88.0,14.13,381.95,6.55,25.86,11.46,12.97,142
2023_COC46,2023-08-22,24.0,42,8.3,270,0.0,89.21,17.13,389.27,5.82,30.87,11.46,11.67,143
2023_COC46,2023-08-23,22.8,51,8.3,178,0.1,89.24,19.55,396.38,5.84,34.81,12.27,11.64,144
2023_COC46,2023-08-24,16.3,93,7.8,202,8.4,32.74,10.43,373.17,0.01,19.5,0.01,108.94,145
2023_COC46,2023-08-25,10.9,91,11.0,38,1.4,37.42,10.65,378.14,0.04,19.91,0.03,96.56,146
2023_COC46,2023-08-26,18.0,42,2.1,301,0.0,66.48,12.94,384.38,0.62,23.87,0.63,40.34,147
2023_COC46,2023-08-27,20.8,40,12.8,218,0.0,84.39,15.65,391.13,3.7,28.46,7.43,16.99,148
2023_COC46,2023-08-28,13.7,97,10.5,8,6.0,31.5,9.05,377.64,0.01,17.08,0.01,112.42,149
2023_COC46,2023-08-29,13.9,51,11.1,13,3.4,53.0,7.36,375.37,0.4,14.03,0.29,62.81,150
2023_COC46,2023-08-30,17.8,62,16.6,271,1.2,71.24,8.84,381.58,1.5,16.72,1.75,33.51,151
2023_COC46,2023-08-31,20.3,58,3.6,186,0.8,78.48,10.7,388.23,1.18,20.02,1.31,24.03,152
2023_COC46,2023-09-01,22.5,48,21.4,200,0.0,86.62,12.88,393.99,7.77,23.82,12.59,14.49,153
2023_COC46,2023-09-02,24.9,54,20.9,274,8.0,72.79,8.74,372.82,1.98,16.51,2.63,31.39,154
2023_COC46,2023-09-03,27.9,46,14.7,306,0.1,87.24,11.53,379.55,6.05,21.43,9.71,13.81,155
2023_COC46,2023-09-04,26.5,36,11.3,158,0.0,90.54,14.67,386.02,8.19,26.8,13.94,10.26,156
2023_COC46,2023-09-05,30.1,47,12.2,204,0.2,90.59,17.62,393.15,8.63,31.68,15.81,10.21,157
2023_COC46,2023-09-06,9.6,84,17.2,20,16.7,35.5,7.94,335.29,0.03,15.0,0.02,101.49,158
2023_COC46,2023-09-07,12.2,54,10.5,27,0.7,61.81,9.03,339.19,0.77,16.94,0.63,47.56,159
2023_COC46,2023-09-08,14.5,50,0.8,27,0.0,74.36,10.42,343.51,0.77,19.38,0.69,29.29,160
2023_COC46,2023-09-09,19.7,55,9.4,266,0.4,83.06,12.09,348.76,2.61,22.25,4.54,18.52,161
2023_COC46,2023-09-10,14.8,60,11.8,337,1.1,79.61,13.22,353.13,1.98,24.18,3.55,22.63,162
2023_COC46,2023-09-11,9.3,89,12.4,30,1.4,66.85,13.42,356.5,1.05,24.54,1.38,39.79,163
2023_COC46,2023-09-12,12.8,48,13.2,45,0.2,79.91,14.71,360.51,2.19,26.7,4.27,22.27,164
2023_COC46,2023-09-13,16.2,39,9.2,321,0.0,86.3,16.59,365.13,4.02,29.8,8.22,14.84,165
2023_COC46,2023-09-14,18.1,45,12.5,226,0.0,87.58,18.47,370.09,5.69,32.84,11.64,13.43,166
2023_COC46,2023-09-15,18.2,70,14.2,207,0.0,85.64,19.5,375.07,4.71,34.52,10.25,15.58,167
2023_COC46,2023-09-16,15.7,93,5.2,245,6.5,34.4,11.28,359.38,0.01,20.91,0.01,104.41,168
2023_COC46,2023-09-17,13.7,58,10.1,358,7.1,44.65,6.99,341.81,0.13,13.3,0.09,79.65,169
2023_COC46,2023-09-18,15.5,38,2.9,187,0.0,70.23,8.82,346.3,0.73,16.59,0.59,34.92,170
2023_COC46,2023-09-19,17.5,46,8.8,161,0.0,82.53,10.61,351.16,2.37,19.73,3.76,19.14,171
2023_COC46,2023-09-20,19.1,57,11.4,167,0.0,85.11,12.16,356.3,3.8,22.4,6.6,16.18,172
2023_COC46,2023-09-21,21.1,68,9.8,242,0.0,85.16,13.42,361.8,3.53,24.57,6.51,16.12,173
2023_COC46,2023-09-22,15.5,77,6.7,16,0.0,83.8,14.1,366.29,2.51,25.73,4.81,17.66,174
2023_COC46,2023-09-23,17.1,60,7.5,73,4.4,62.16,10.18,359.53,0.68,19.01,0.59,47.0,175
2023_COC46,2023-09-24,20.1,49,10.9,98,0.0,80.83,12.1,364.85,2.15,22.35,3.68,21.16,176
2023_COC46,2023-09-25,18.4,54,7.9,74,0.0,84.77,13.7,369.87,3.04,25.08,5.72,16.56,177
2023_COC46,2023-09-26,19.4,54,5.6,105,0.0,86.06,15.38,375.06,3.24,27.9,6.5,15.11,178
2023_COC46,2023-09-27,19.7,45,8.6,158,0.0,87.71,17.42,380.31,4.76,31.26,9.77,13.29,179
2023_COC46,2023-09-28,18.5,42,9.0,180,0.0,88.36,19.44,385.35,5.34,34.53,11.36,12.58,180
2023_COC46,2023-09-29,19.7,57,16.9,200,0.0,87.83,21.03,390.6,7.35,37.08,15.2,13.16,181
2023_COC46,2023-09-30,19.6,52,7.2,264,2.4,75.27,19.18,395.83,1.12,34.22,2.29,28.1,182
2023_COC46,2023-10-01,21.7,45,4.7,189,0.0,84.96,21.08,400.44,2.66,37.26,6.49,16.34,183
2023_COC46,2023-10-02,23.7,68,13.5,261,9.4,61.12,11.81,371.86,0.86,21.87,0.83,48.67,184
2023_COC46,2023-10-03,21.4,68,6.9,171,0.4,75.82,12.9,376.42,1.14,23.76,1.56,27.39,185
2023_COC46,2023-10-04,24.9,52,28.9,197,0.0,86.39,14.79,381.61,10.97,26.96,17.46,14.75,186
2023_COC46,2023-10-05,16.7,49,11.8,211,0.2,86.87,16.16,385.32,4.96,29.26,9.75,14.21,187
2023_COC49,2023-08-04,18.3,60,19.1,357,0.3,81.88,14.15,313.41,3.68,25.43,6.91,19.9,125
2023_COC49,2023-08-05,21.5,40,8.5,324,0.1,87.81,16.95,320.28,4.81,29.94,9.62,13.18,126
2023_COC49,2023-08-06,25.3,35,7.1,210,0.0,90.5,20.5,327.84,6.59,35.45,13.63,10.3,127
2023_COC49,2023-08-07,26.3,40,8.8,192,0.2,90.55,23.89,335.58,7.23,40.56,15.72,10.25,128
2023_COC49,2023-08-08,22.8,74,7.8,283,4.6,61.77,16.9,331.25,0.67,29.98,0.79,47.62,129
2023_COC49,2023-08-09,20.7,73,9.2,228,8.6,48.93,9.9,312.37,0.23,18.34,0.2,70.68,130
2023_COC49,2023-08-10,21.5,52,12.0,314,4.4,64.7,8.13,309.14,0.95,15.25,0.73,43.02,131
2023_COC49,2023-08-11,17.3,52,11.7,326,7.1,58.75,5.83,296.02,0.68,11.12,0.43,52.6,132
2023_COC49,2023-08-12,16.9,66,9.3,16,0.0,74.01,7.1,302.06,1.16,13.41,0.83,29.76,133
2023_COC49,2023-08-13,19.0,62,14.6,350,3.4,67.64,5.92,302.04,1.21,11.29,0.78,38.63,134
2023_COC49,2023-08-14,18.8,57,12.2,332,0.1,80.66,7.69,308.42,2.26,14.48,2.82,21.36,135
2023_COC49,2023-08-15,22.9,37,7.8,193,0.1,88.33,10.81,315.55,5.0,19.92,7.91,12.61,136
2023_COC49,2023-08-16,19.5,49,3.6,143,3.0,71.21,9.76,316.81,0.78,18.12,0.67,33.55,137
2023_COC49,2023-08-17,18.5,90,20.3,197,3.5,50.81,6.72,316.1,0.5,12.76,0.35,66.98,138
2023_COC49,2023-08-18,17.5,49,19.6,346,12.0,58.42,4.81,286.23,0.99,9.23,0.57,53.15,139
2023_COC49,2023-08-19,24.4,42,8.0,175,0.0,82.73,7.86,293.62,2.34,14.74,2.98,18.9,140
2023_COC49,2023-08-20,17.1,73,12.4,330,1.2,76.99,8.88,299.71,1.62,16.53,1.97,25.9,141
2023_COC49,2023-08-21,21.6,48,12.6,294,0.5,85.68,11.31,306.6,4.37,20.72,7.16,15.54,142
2023_COC49,2023-08-22,22.6,49,9.5,259,1.3,83.36,13.81,313.67,2.73,24.88,5.12,18.17,143
2023_COC49,2023-08-23,23.2,48,4.5,241,0.6,86.42,16.42,320.85,3.23,29.11,6.65,14.7,144
2023_COC49,2023-08-24,19.4,74,7.1,210,0.3,84.97,17.52,327.35,3.0,30.9,6.45,16.33,145
2023_COC49,2023-08-25,10.4,97,14.7,343,3.2,45.57,12.86,326.09,0.19,23.42,0.19,77.66,146
2023_COC49,2023-08-26,15.8,51,8.8,348,0.1,70.88,14.57,331.93,1.0,26.26,1.36,34.01,147
2023_COC49,2023-08-27,20.2,40,12.0,224,0.0,85.15,17.21,338.57,3.94,30.54,8.2,16.13,148
2023_COC49,2023-08-28,20.9,51,11.1,241,0.0,86.87,19.44,345.34,4.79,34.08,10.33,14.21,149
2023_COC49,2023-08-29,12.0,51,14.5,14,10.3,55.1,10.83,317.9,0.58,19.96,0.53,58.96,150
2023_COC49,2023-08-30,14.6,46,12.7,223,0.4,76.53,12.58,323.53,1.6,22.93,2.6,26.48,151
2023_COC49,2023-08-31,15.9,55,7.8,292,0.3,82.66,14.16,329.39,2.29,25.57,4.34,18.99,152
2023_COC49,2023-09-01,22.1,50,19.2,210,0.0,86.87,16.22,335.08,7.21,28.94,13.13,14.21,153
2023_COC49,2023-09-02,22.9,61,20.6,258,6.1,69.96,10.93,324.01,1.76,20.16,2.66,35.29,154
2023_COC49,2023-09-03,28.1,59,19.8,243,0.4,84.76,13.06,330.77,5.53,23.78,9.52,16.57,155
2023_COC49,2023-09-04,26.4,34,4.6,225,0.0,90.24,16.3,337.23,5.6,29.08,10.74,10.57,156
2023_COC49,2023-09-05,31.2,46,17.9,218,0.0,90.29,19.4,344.55,11.02,34.01,19.65,10.52,157
2023_COC49,2023-09-06,10.0,100,18.8,5,11.9,18.41,9.1,309.84,0.0,16.96,0.0,156.03,158
2023_COC49,2023-09-07,11.1,68,20.3,6,3.4,43.08,6.58,306.97,0.17,12.49,0.11,83.11,159
2023_COC49,2023-09-08,15.2,56,10.3,324,0.0,68.53,7.85,311.41,1.0,14.78,0.76,37.34,160
2023_COC49,2023-09-09,18.5,44,7.6,262,0.0,82.5,9.81,316.44,2.22,18.21,3.29,19.17,161
2023_COC49,2023-09-10,18.1,66,3.3,347,2.0,70.12,9.31,321.4,0.74,17.36,0.62,35.07,162
2023_COC49,2023-09-11,12.4,64,13.1,21,0.4,78.39,10.17,325.34,1.89,18.87,2.75,24.13,163
2023_COC49,2023-09-12,14.7,53,15.6,38,1.0,80.51,11.49,329.69,2.64,21.15,4.42,21.54,164
2023_COC49,2023-09-13,10.1,100,11.9,357,8.7,19.99,5.69,307.36,0.0,10.89,0.0,150.03,165
2023_COC49,2023-09-14,17.9,43,11.7,261,1.8,60.29,6.61,312.28,0.75,12.55,0.51,50.02,166
2023_COC49,2023-09-15,19.5,56,15.8,210,0.0,79.36,8.22,317.5,2.36,15.44,3.13,22.94,167
2023_COC49,2023-09-16,18.5,69,9.6,236,0.6,81.47,9.3,322.53,2.17,17.35,3.08,20.39,168
2023_COC49,2023-09-17,11.4,89,15.5,348,5.7,41.48,5.26,311.31,0.1,10.1,0.06,86.77,169
2023_COC49,2023-09-18,11.3,72,4.7,328,0.0,57.54,5.88,315.05,0.44,11.23,0.28,54.65,170
2023_COC49,2023-09-19,14.8,45,4.3,336,0.0,75.42,7.44,319.42,0.97,14.05,0.71,27.91,171
2023_COC49,2023-09-20,18.6,36,4.4,189,0.0,85.56,9.68,324.47,2.84,18.02,4.31,15.67,172
2023_COC49,2023-09-21,21.9,56,14.4,202,0.0,86.45,11.48,330.11,5.33,21.13,8.64,14.68,173
2023_COC49,2023-09-22,18.6,52,8.7,24,0.0,86.73,13.17,335.17,4.16,23.98,7.47,14.36,174
2023_COC49,2023-09-23,18.6,52,4.7,90,0.8,84.44,14.85,340.22,2.47,26.78,4.86,16.94,175
2023_COC49,2023-09-24,20.3,46,6.0,17,0.0,87.18,16.91,345.58,3.87,30.13,8.01,13.87,176
2023_COC49,2023-09-25,17.0,64,5.0,69,0.0,86.38,18.07,350.34,3.29,32.01,7.18,14.75,177
2023_COC49,2023-09-26,19.9,44,4.7,148,0.0,87.88,20.16,355.63,4.01,35.32,9.07,13.1,178
2023_COC49,2023-09-27,19.8,40,6.8,180,0.0,88.85,22.39,360.89,5.12,38.77,11.73,12.05,179
2023_COC49,2023-09-28,20.3,36,8.3,175,0.0,89.75,24.83,366.25,6.29,42.47,14.49,11.09,180
2023_COC49,2023-09-29,20.7,40,13.0,204,0.0,89.8,27.16,371.68,8.03,45.93,18.16,11.04,181
2023_COC49,2023-09-30,18.8,66,12.3,275,0.0,86.76,28.37,376.77,5.01,47.74,12.95,14.33,182
2023_COC49,2023-10-01,22.3,45,10.6,235,0.0,88.29,30.32,381.49,5.72,50.58,14.82,12.66,183
2023_COC49,2023-10-02,22.5,72,19.6,227,6.4,64.12,18.54,366.11,1.37,32.91,2.9,43.91,184
2023_COC49,2023-10-03,19.3,76,5.9,232,13.8,39.52,9.12,323.11,0.04,17.04,0.03,91.4,185
2023_COC52,2023-09-04,26.5,33,7.6,199,0.0,91.0,18.6,471.15,7.25,33.86,14.33,9.78,156
2023_COC52,2023-09-05,31.0,44,16.0,224,0.6,90.13,21.8,478.43,9.79,39.14,19.34,10.69,157
2023_COC52,2023-09-06,10.2,94,19.1,16,23.5,23.29,8.71,378.02,0.0,16.48,0.0,138.16,158
2023_COC53,2023-09-04,26.1,35,11.0,169,0.0,90.78,17.23,415.53,8.34,31.23,15.3,10.01,156
2023_COC53,2023-09-05,29.5,48,11.0,203,0.4,90.83,20.06,422.55,8.4,35.87,16.52,9.96,157
2023_COC53,2023-09-06,10.2,73,18.5,21,12.9,45.43,9.74,375.94,0.22,18.3,0.19,77.96,158
2023_COC53,2023-09-07,12.2,54,10.4,34,0.0,68.23,10.83,379.84,1.0,20.22,0.91,37.77,159
2023_COC53,2023-09-08,14.0,50,0.7,360,0.0,77.53,12.18,384.06,0.94,22.56,0.92,25.21,160
2023_COC53,2023-09-09,19.8,56,9.4,270,0.1,83.87,13.81,389.33,2.9,25.38,5.51,17.59,161
2023_COC53,2023-09-10,13.9,59,11.7,326,1.7,75.29,13.79,393.54,1.4,25.35,2.38,28.08,162
2023_COC53,2023-09-11,8.5,82,11.4,24,1.3,67.96,14.09,396.77,1.04,25.89,1.46,38.15,163
2023_COC53,2023-09-12,13.1,42,10.6,35,0.0,81.09,15.56,400.83,2.19,28.37,4.45,20.84,164
2023_COC53,2023-09-13,16.1,39,9.4,313,0.0,86.63,17.43,405.44,4.25,31.47,8.91,14.47,165
2023_COC53,2023-09-14,17.7,44,12.3,230,0.0,87.74,19.3,410.33,5.76,34.54,12.09,13.26,166
2023_COC53,2023-09-15,18.0,68,13.3,218,0.0,85.96,20.39,415.27,4.71,36.32,10.55,15.22,167
2023_COC53,2023-09-16,14.7,95,1.3,34,8.6,25.95,10.69,388.26,0.0,20.0,0.0,129.27,168
2023_COC53,2023-09-17,13.5,52,9.3,347,7.4,43.86,6.72,367.85,0.11,12.85,0.08,81.38,169
2023_COC53,2023-09-18,15.3,38,3.0,194,0.0,69.74,8.53,372.31,0.72,16.14,0.57,35.6,170
2023_COC53,2023-09-19,17.4,44,9.3,164,0.0,82.76,10.37,377.14,2.5,19.41,3.95,18.87,171
2023_COC53,2023-09-20,18.5,57,12.2,166,0.0,85.1,11.88,382.18,3.95,22.04,6.77,16.19,172
2023_COC53,2023-09-21,18.5,76,10.3,241,0.0,84.23,12.71,387.21,3.19,23.5,5.75,17.17,173
2023_COC53,2023-09-22,13.9,98,2.4,333,3.3,42.49,8.86,383.87,0.06,16.75,0.05,84.46,174
2023_COC53,2023-09-23,16.1,63,4.0,117,1.8,56.03,8.8,388.48,0.37,16.66,0.3,57.29,175
2023_COC53,2023-09-24,19.7,51,8.3,92,0.0,77.52,10.62,393.73,1.38,19.89,1.81,25.23,176
2023_COC53,2023-09-25,17.5,55,7.4,76,0.0,83.33,12.11,398.58,2.45,22.51,4.26,18.21,177
2023_COC53,2023-09-26,19.0,56,4.7,122,0.0,85.26,13.68,403.7,2.77,25.23,5.23,16.01,178
2023_COC53,2023-09-27,19.4,45,9.5,171,0.0,87.48,15.69,408.9,4.82,28.63,9.4,13.54,179
2023_COC53,2023-09-28,17.8,49,11.4,198,0.0,87.53,17.41,413.81,5.34,31.5,10.81,13.49,180
2023_COC53,2023-09-29,19.0,59,17.4,202,0.0,87.3,18.87,418.93,7.0,33.92,13.95,13.74,181
2023_COC53,2023-09-30,19.1,53,8.9,256,3.8,69.41,14.7,413.64,0.96,27.0,1.28,36.08,182
2023_COC53,2023-10-01,21.3,47,4.9,253,0.0,82.73,16.5,418.18,2.0,30.03,4.2,18.91,183
2023_COC53,2023-10-02,20.7,80,15.2,263,9.7,50.32,8.84,386.33,0.37,16.72,0.3,67.92,184
2023_COC55,2023-09-28,19.9,37,9.7,165,0.0,89.55,23.44,301.99,6.55,39.27,14.34,11.31,180
2023_COC55,2023-09-29,20.4,40,13.6,202,0.0,89.6,25.74,307.37,8.03,42.57,17.46,11.26,181
2023_COC55,2023-09-30,18.5,67,13.7,270,0.1,86.52,26.89,312.4,5.19,44.26,12.77,14.6,182
2023_COC55,2023-10-01,21.8,44,9.9,226,0.0,88.3,28.84,317.03,5.53,46.99,13.87,12.65,183
2023_COC55,2023-10-02,22.2,73,18.4,231,5.1,65.14,19.22,309.05,1.34,33.27,2.86,42.35,184
2023_COC55,2023-10-03,19.6,76,8.6,248,9.6,45.07,10.35,285.7,0.13,18.98,0.11,78.73,185
2023_COC6,2023-06-01,29.8,31,9.0,272,0.0,93.64,44.39,118.89,11.29,45.92,23.23,7.07,61
2023_COC6,2023-06-02,25.2,34,11.7,34,0.5,92.92,48.96,126.83,11.7,49.83,24.79,7.81,62
2023_COC6,2023-06-03,23.0,35,9.3,118,0.0,92.35,53.08,134.37,9.57,53.41,22.29,8.38,63
2023_COC6,2023-06-04,25.7,26,6.0,197,0.0,92.86,58.31,142.4,8.71,58.29,21.8,7.86,64
2023_COC6,2023-06-05,21.1,38,18.1,354,0.1,91.6,61.93,149.6,13.42,61.9,30.32,9.15,65
2023_COC6,2023-06-06,17.9,26,19.7,9,0.0,91.65,65.63,156.23,14.65,65.59,33.08,9.1,66
2023_COC6,2023-06-07,18.1,28,22.9,13,0.0,91.7,69.27,162.89,17.33,69.22,37.93,9.05,67
2023_COC6,2023-06-08,20.0,37,10.9,44,0.0,91.38,72.77,169.9,9.05,72.71,25.09,9.38,68
2023_COC7,2023-06-01,30.3,28,9.4,266,0.0,93.61,45.6,118.6,11.48,46.5,23.64,7.1,61
2023_COC7,2023-06-02,25.6,27,13.0,28,1.2,90.58,50.73,126.61,8.97,50.73,20.73,10.22,62
2023_COC7,2023-06-03,23.3,30,8.4,110,0.0,91.51,55.23,134.21,8.13,55.21,20.17,9.25,63
2023_COC7,2023-06-04,25.6,24,6.4,207,0.0,93.1,60.57,142.22,9.19,60.53,23.09,7.62,64
2023_COC7,2023-06-05,21.2,35,18.1,355,0.0,92.12,64.39,149.44,14.44,64.33,32.46,8.62,65
2023_COC7,2023-06-06,17.8,23,20.4,9,0.0,92.29,68.22,156.05,16.6,68.15,36.6,8.45,66
2023_COC7,2023-06-07,18.2,28,23.1,14,0.0,92.34,71.88,162.73,19.15,71.8,41.17,8.4,67
2023_COC7,2023-06-08,20.1,36,12.0,49,0.0,91.7,75.45,169.75,10.01,75.36,27.39,9.05,68
2023_COC7,2023-06-09,23.3,33,0.4,360,0.0,91.75,79.75,177.35,5.62,79.65,18.73,9.0,69
2023_COC7,2023-06-10,19.8,48,16.2,347,0.0,89.78,82.62,184.32,9.39,82.51,27.46,11.07,70
2023_COC7,2023-06-11,8.0,85,8.7,17,6.7,40.01,48.96,175.99,0.05,57.75,0.1,90.22,71
2023_COC7,2023-06-12,22.9,40,17.1,112,0.1,79.49,52.75,183.52,2.56,61.39,8.62,22.78,72
2023_COC7,2023-06-13,20.7,68,10.5,131,0.8,80.77,54.58,190.65,2.1,63.63,7.4,21.24,73
2023_COC7,2023-06-14,15.5,83,7.8,257,12.5,36.46,26.88,168.97,0.02,38.47,0.03,98.99,74
2023_COC7,2023-06-15,11.9,79,12.7,353,4.0,39.6,19.4,168.4,0.06,30.13,0.07,91.19,75
2023_COC7,2023-06-16,20.1,39,14.2,353,0.0,76.55,22.81,175.43,1.72,34.42,3.96,26.45,76
2023_COC7,2023-06-17,20.9,32,7.2,357,0.0,87.68,26.74,182.59,4.42,39.15,10.45,13.32,77
2023_COC7,2023-06-18,23.5,34,4.9,144,0.0,90.27,31.02,190.23,5.7,44.07,13.71,10.55,78
2023_COC7,2023-06-19,25.5,34,5.4,160,0.0,91.09,35.64,198.22,6.58,49.18,16.23,9.68,79
2023_COC7,2023-06-20,28.5,29,7.6,175,0.0,92.59,41.17,206.75,9.08,54.98,21.8,8.14,80
2023_COC7,2023-06-21,29.7,28,10.1,215,0.0,93.14,47.01,215.5,11.14,60.84,26.48,7.58,81
2023_COC7,2023-06-22,29.0,29,15.3,229,0.0,93.19,52.64,224.13,14.58,66.33,33.15,7.52,82
2023_COC7,2023-06-23,28.4,33,13.6,217,0.0,93.25,57.84,232.64,13.48,71.34,32.6,7.47,83
2023_COC7,2023-06-24,26.0,29,12.5,18,0.1,93.3,62.91,240.73,12.84,76.1,32.58,7.42,84
2023_COC7,2023-06-25,23.0,30,6.9,96,0.0,93.17,67.35,248.27,9.52,80.26,27.31,7.55,85
2023_COC7,2023-06-26,22.2,60,10.4,70,1.2,83.42,69.8,255.67,2.88,82.97,11.46,18.11,86
2023_HEA18,2023-09-04,27.3,33,5.3,152,0.0,90.71,17.98,427.92,6.2,32.54,12.41,10.08,156
2023_HEA18,2023-09-05,31.1,48,17.7,209,0.0,90.76,20.96,435.22,11.67,37.42,21.47,10.03,157
2023_HEA18,2023-09-06,11.1,100,18.8,29,20.8,13.9,8.53,354.93,0.0,16.09,0.0,174.69,158
2023_HEA18,2023-09-07,11.7,60,16.6,13,13.6,38.86,4.62,313.51,0.06,8.92,0.04,93.0,159
2023_HEA18,2023-09-08,14.8,52,6.6,319,0.0,65.4,5.98,317.88,0.75,11.42,0.49,41.95,160
2023_HEA18,2023-09-09,19.3,51,7.1,255,0.0,80.37,7.76,323.05,1.69,14.64,1.86,21.72,161
2023_HEA18,2023-09-10,19.1,57,7.6,357,0.8,82.2,9.31,328.2,2.14,17.38,3.03,19.53,162
2023_HEA18,2023-09-11,11.0,74,11.4,35,0.1,82.25,9.87,331.88,2.61,18.37,3.98,19.48,163
2023_HEA18,2023-09-12,9.8,85,13.2,29,6.1,42.39,5.56,318.59,0.1,10.66,0.07,84.68,164
2023_HEA18,2023-09-13,14.8,43,14.4,360,0.6,72.04,7.17,322.95,1.39,13.59,0.99,32.41,165
2023_HEA18,2023-09-14,18.3,45,13.6,259,0.0,84.07,9.07,327.95,3.69,16.97,5.42,17.36,166
2023_HEA18,2023-09-15,20.0,60,15.3,204,0.1,85.3,10.58,333.26,4.75,19.6,7.49,15.96,167
2023_HEA18,2023-09-16,19.3,65,8.7,240,2.0,74.06,10.13,338.43,1.13,18.85,0.99,29.69,168
2023_HEA18,2023-09-17,10.6,86,13.4,355,1.8,61.75,9.17,342.05,0.89,17.19,0.73,47.65,169
2023_HEA18,2023-09-18,14.2,35,6.9,9,0.0,79.72,10.94,346.31,1.56,20.28,2.26,22.5,170
2023_HEA18,2023-09-19,16.0,38,1.5,104,0.0,85.48,12.83,350.89,2.43,23.51,4.36,15.76,171
2023_HEA18,2023-09-20,19.1,40,9.1,189,0.0,88.2,14.99,356.03,5.24,27.12,9.79,12.75,172
2023_HEA18,2023-09-21,22.3,62,12.1,197,0.0,87.43,16.57,361.75,5.46,29.74,10.65,13.59,173
2023_HEA18,2023-09-22,19.5,58,8.4,31,0.0,87.48,18.11,366.96,4.56,32.24,9.6,13.54,174
2023_HEA18,2023-09-23,19.7,53,6.9,81,0.8,84.91,19.85,372.21,2.95,35.03,6.87,16.4,175
2023_HEA18,2023-09-24,20.1,52,6.3,77,0.0,86.47,21.66,377.54,3.55,37.89,8.52,14.65,176
2023_HEA18,2023-09-25,18.5,55,6.4,43,0.0,86.52,23.23,382.57,3.6,40.34,8.94,14.6,177
2023_HEA18,2023-09-26,19.7,47,6.9,137,0.0,87.52,25.2,387.82,4.26,43.35,10.75,13.49,178
2023_HEA18,2023-09-27,19.6,44,7.6,161,0.0,88.18,27.26,393.05,4.84,46.46,12.41,12.78,179
2023_HEA18,2023-09-28,19.7,39,9.3,167,0.0,89.08,29.52,398.3,6.0,49.81,15.24,11.81,180
2023_HEA18,2023-09-29,20.3,42,13.9,197,0.0,89.13,31.73,403.66,7.62,53.04,18.84,11.76,181
2023_HEA18,2023-09-30,20.1,61,9.5,281,1.7,78.42,31.41,408.98,1.58,52.7,4.95,24.1,182
2023_HEA18,2023-10-01,21.6,49,8.9,201,0.0,85.6,33.16,413.57,3.58,55.25,10.75,15.63,183
2023_HEA18,2023-10-02,24.0,69,18.3,238,5.2,68.11,22.0,402.08,1.48,38.71,3.66,37.93,184
2023_HEA18,2023-10-03,23.9,61,7.5,235,0.5,81.1,23.48,407.09,1.87,41.04,4.91,20.84,185
2023_HEA18,2023-10-04,25.6,51,22.1,187,0.0,87.24,25.46,412.4,8.79,44.12,19.01,13.8,186
2023_HEA18,2023-10-05,18.1,71,7.1,225,6.1,54.53,15.83,395.96,0.38,28.78,0.44,59.99,187
2023_HEA5,2023-06-02,24.6,40,8.7,38,0.9,88.76,54.91,141.46,5.57,55.73,15.3,12.15,62
2023_HEA5,2023-06-03,25.2,22,8.6,90,0.0,93.07,60.31,149.4,10.22,60.3,24.82,7.65,63
2023_HEA5,2023-06-04,27.6,21,4.6,219,0.0,94.21,66.28,157.78,9.79,66.24,25.27,6.51,64
2023_HEA5,2023-06-05,20.0,41,17.4,6,0.0,91.34,69.55,164.78,12.47,69.51,30.55,9.43,65
2023_KLK5,2023-06-06,17.7,28,19.2,6,0.0,92.09,67.2,153.03,15.2,67.12,34.28,8.65,66
2023_KLK5,2023-06-07,17.3,30,23.3,17,0.0,92.12,70.59,159.55,18.77,70.51,40.29,8.62,67
2023_KLK5,2023-06-08,17.1,46,14.7,36,0.1,89.91,73.17,166.03,8.88,73.09,24.83,10.92,68
2023_KLK5,2023-06-09,22.5,34,8.6,15,0.1,90.61,77.27,173.48,7.21,77.18,22.06,10.19,69
2023_KLK5,2023-06-10,23.2,42,2.5,45,0.0,90.66,80.98,181.06,5.34,80.88,18.19,10.14,70
2023_KLK5,2023-06-11,7.7,91,11.8,12,18.7,25.57,37.12,144.01,0.0,45.15,0.0,130.53,71
2023_NIP107,2023-08-19,24.0,55,15.5,208,0.3,84.41,14.31,419.6,4.25,26.37,8.04,16.97,140
2023_NIP107,2023-08-20,19.6,52,16.3,319,0.2,86.43,16.36,426.13,5.85,29.85,11.31,14.69,141
2023_NIP107,2023-08-21,22.1,47,13.0,275,0.1,87.92,18.9,433.11,6.13,34.08,12.61,13.06,142
2023_NIP107,2023-08-22,24.3,41,6.5,267,0.0,89.38,21.99,440.49,5.44,39.1,12.36,11.49,143
2023_NIP107,2023-08-23,23.0,49,8.8,168,0.0,89.43,24.53,447.64,6.15,43.15,14.37,11.44,144
2023_NIP107,2023-08-24,16.6,94,10.2,225,7.1,34.83,13.84,426.69,0.02,25.6,0.02,103.26,145
2023_NIP13,2023-06-10,9.2,60,15.5,4,2.1,71.31,34.95,146.36,1.43,43.77,3.86,33.41,70
2023_NIP13,2023-06-11,15.9,32,12.1,23,0.0,85.17,38.0,152.63,3.97,46.84,10.61,16.11,71
2023_NIP13,2023-06-12,20.9,37,5.6,63,0.0,88.79,41.65,159.79,4.78,50.43,12.86,12.12,72
2023_NIP13,2023-06-13,24.6,34,6.1,40,0.0,90.7,46.11,167.62,6.44,54.64,16.91,10.1,73
2023_NIP13,2023-06-14,8.8,66,14.1,354,0.0,86.37,47.0,172.61,5.19,55.93,14.54,14.76,74
2023_NIP13,2023-06-15,16.3,42,13.0,34,0.0,87.76,49.65,178.95,5.98,58.63,16.62,13.24,75
2023_NIP13,2023-06-16,21.1,30,3.0,346,0.0,90.45,53.75,186.15,5.32,62.43,15.74,10.35,76
2023_NIP13,2023-06-17,24.7,39,3.1,249,0.0,90.5,57.89,194.0,5.39,66.31,16.42,10.3,77
2023_NIP13,2023-06-18,26.4,32,13.0,177,0.0,91.66,62.81,202.16,10.46,70.7,27.35,9.09,78
2023_NIP13,2023-06-19,28.1,36,10.7,194,0.0,91.71,67.73,210.62,9.38,75.09,26.16,9.04,79
2023_NIP13,2023-06-20,29.4,32,17.6,208,0.0,92.28,73.19,219.32,14.39,79.8,35.97,8.46,80
2023_NIP13,2023-06-21,29.3,33,15.5,208,0.0,92.33,78.55,227.99,13.04,84.41,34.63,8.41,81
2023_NIP13,2023-06-22,30.6,38,14.3,221,0.0,92.38,83.73,236.91,12.36,88.9,34.29,8.36,82
2023_NIP13,2023-06-23,24.3,35,9.9,316,1.4,87.39,88.08,244.68,4.86,92.72,18.27,13.64,83
2023_NIP13,2023-06-24,24.4,33,6.5,71,0.0,90.59,92.57,252.48,6.47,96.6,22.96,10.21,84
2023_NIP13,2023-06-25,17.1,63,11.8,102,0.0,87.24,94.35,258.96,5.23,98.75,19.94,13.8,85
2023_NIP13,2023-06-26,21.5,44,13.1,37,4.3,74.42,65.96,257.68,1.44,80.44,6.12,29.21,86
2023_NIP13,2023-06-27,18.7,47,2.2,9,0.0,82.94,68.73,264.45,1.79,83.32,7.67,18.66,87
2023_NIP13,2023-06-28,24.5,42,11.1,167,0.0,88.46,72.63,272.27,6.02,87.15,20.66,12.47,88
2023_NIP13,2023-06-29,16.9,84,14.6,170,3.7,57.69,53.25,271.77,0.73,71.48,2.62,54.4,89
2023_NIP13,2023-06-30,20.9,67,2.6,344,1.6,64.58,53.1,278.94,0.59,71.95,1.93,43.21,90
2023_NIP13,2023-07-01,21.4,56,6.4,322,2.2,70.46,48.79,286.49,0.88,68.44,3.18,34.59,91
2023_NIP13,2023-07-02,28.4,31,3.3,131,0.1,88.47,53.57,295.31,4.06,73.71,14.06,12.47,92
2023_NIP13,2023-07-03,29.0,35,16.0,203,0.0,91.37,58.17,304.23,11.68,78.71,31.1,9.39,93
2023_NIP13,2023-07-04,27.9,32,13.8,250,0.2,92.0,62.8,312.96,11.43,83.64,31.58,8.74,94
2023_NIP13,2023-07-05,19.2,59,14.2,300,0.7,86.77,64.75,320.12,5.53,86.01,19.29,14.32,95
2023_NIP13,2023-07-06,21.7,34,7.4,313,0.0,89.84,68.29,327.73,6.08,89.8,21.16,11.0,96
2023_NIP13,2023-07-07,20.6,49,16.9,207,0.1,89.34,70.89,335.14,9.14,92.74,28.58,11.53,97
2023_NIP13,2023-07-08,18.0,36,5.4,323,4.6,69.2,50.43,330.65,0.8,73.01,3.02,36.37,98
2023_NIP13,2023-07-09,20.8,35,19.1,212,0.0,86.61,53.77,338.1,6.91,76.95,21.36,14.5,99
2023_NIP13,2023-07-10,17.1,48,15.3,261,8.7,63.37,31.27,318.5,1.06,50.22,3.06,45.07,100
2023_NIP13,2023-07-11,10.7,69,19.9,292,5.4,51.58,20.25,310.35,0.54,34.81,0.7,65.49,101
2023_NIP13,2023-07-12,21.7,44,12.0,261,0.0,79.81,23.24,317.96,2.04,39.3,5.21,22.39,102
2023_NIP13,2023-07-13,23.2,34,18.1,223,1.2,87.01,27.01,325.84,6.95,44.75,16.08,14.06,103
2023_NIP13,2023-07-14,22.7,47,12.5,237,0.3,88.12,29.97,333.63,6.15,48.95,15.38,12.84,104
2023_NIP13,2023-07-15,17.1,82,11.2,303,10.8,43.19,14.89,306.97,0.11,26.56,0.12,82.87,105
2023_NIP13,2023-07-16,21.0,50,5.1,225,0.6,71.54,17.48,314.46,0.85,30.7,1.14,33.1,106
2023_NIP13,2023-07-17,14.9,88,9.9,350,6.4,38.06,10.34,303.75,0.04,19.07,0.03,94.97,107
2023_NIP13,2023-07-18,15.4,65,10.7,310,3.1,52.24,8.46,304.78,0.36,15.83,0.29,64.24,108
2023_NIP13,2023-07-19,17.1,59,4.2,250,0.4,70.85,10.22,311.56,0.79,18.89,0.7,34.05,109
2023_NIP13,2023-07-20,21.9,47,9.3,344,0.1,84.14,13.08,319.21,2.99,23.73,5.44,17.28,110
2023_NIP13,2023-07-21,22.1,37,5.0,330,0.8,87.04,16.51,326.89,3.61,29.32,7.4,14.03,111
2023_NIP13,2023-07-22,25.4,46,9.9,237,0.0,88.67,19.87,335.17,5.83,34.62,12.22,12.25,112
2023_NIP13,2023-07-23,19.9,39,9.8,332,3.3,76.06,17.54,335.82,1.34,31.02,2.68,27.08,113
2023_NIP13,2023-07-24,20.4,41,9.4,274,0.0,86.05,20.52,343.2,3.92,35.7,8.95,15.12,114
2023_NIP13,2023-07-25,25.9,35,19.5,275,0.0,90.59,24.64,351.57,12.47,41.93,23.8,10.21,115
2023_NIP13,2023-07-26,21.0,48,9.0,331,0.0,89.73,27.34,359.05,6.49,45.93,15.49,11.11,116
2023_NIP13,2023-07-27,24.5,53,18.6,261,9.7,71.13,16.33,335.68,1.66,29.12,3.32,33.66,117
2023_NIP13,2023-07-28,15.7,55,14.4,323,0.4,81.36,18.1,342.21,2.73,31.98,6.03,20.52,118
2023_NIP13,2023-07-29,20.3,44,17.9,304,0.4,87.18,20.92,349.57,7.05,36.39,14.57,13.87,119
2023_NIP13,2023-07-30,18.9,56,9.6,347,2.8,72.6,18.42,356.68,1.11,32.62,2.16,31.65,120
2023_NIP13,2023-07-31,22.3,28,7.9,360,0.1,88.09,22.37,364.39,4.86,38.79,11.23,12.87,121
2023_NIP13,2023-08-01,23.6,38,10.2,198,0.0,89.82,25.53,371.65,6.98,43.58,15.92,11.02,122
2023_NIP13,2023-08-02,20.3,74,14.8,309,15.5,51.91,12.02,324.32,0.43,22.0,0.42,64.87,123
2023_NIP13,2023-08-03,21.6,63,13.3,322,5.7,59.61,8.5,316.17,0.78,15.93,0.61,51.15,124
2023_NIP13,2023-08-04,21.3,44,6.4,43,0.8,79.07,11.09,323.01,1.43,20.43,1.98,23.3,125
2023_NIP13,2023-08-05,24.8,41,10.9,214,0.0,88.01,14.25,330.47,5.58,25.72,10.02,12.96,126
2023_NIP13,2023-08-06,24.7,54,8.6,248,2.2,79.24,14.25,337.92,1.62,25.78,2.94,23.09,127
2023_NIP13,2023-08-07,22.9,63,8.8,305,4.0,67.12,11.15,335.77,0.89,20.59,0.82,39.38,128
2023_NIP13,2023-08-08,23.5,40,4.5,299,0.3,84.16,14.19,343.0,2.36,25.73,4.5,17.26,129
2023_NIP13,2023-08-09,17.8,70,14.9,262,1.6,75.79,14.55,349.21,1.7,26.36,3.16,27.43,130
2023_NIP13,2023-08-10,11.1,90,15.1,1,10.8,30.82,7.22,319.5,0.01,13.68,0.01,114.38,131
2023_NIP13,2023-08-11,17.0,52,9.0,88,0.0,64.13,9.02,325.56,0.8,16.87,0.65,43.91,132
2023_NIP13,2023-08-12,17.9,40,12.7,43,0.3,82.49,11.37,331.79,2.87,20.95,4.81,19.19,133
2023_NIP13,2023-08-13,20.3,40,11.8,23,0.0,87.84,14.02,338.45,5.7,25.41,10.13,13.15,134
2023_NIP13,2023-08-14,21.9,33,5.0,30,0.0,90.2,17.2,345.39,5.67,30.6,11.17,10.62,135
2023_NIP13,2023-08-15,21.8,57,21.9,229,1.0,84.9,19.24,352.32,6.27,33.85,12.79,16.41,136
2023_NIP13,2023-08-16,21.4,56,16.2,168,3.9,72.55,15.2,349.94,1.55,27.42,2.91,31.71,137
2023_NIP13,2023-08-17,11.1,91,26.3,327,6.2,38.14,8.8,337.05,0.09,16.53,0.07,94.78,138
2023_NIP13,2023-08-18,21.6,40,7.9,267,2.1,69.19,9.85,343.94,0.91,18.38,0.78,36.38,139
2023_NIP13,2023-08-19,24.7,54,16.5,212,1.3,81.27,12.3,351.39,3.0,22.62,5.29,20.63,140
2023_NIP13,2023-08-20,18.7,53,14.8,311,0.0,85.37,14.22,357.76,4.67,25.87,8.64,15.88,141
2023_NIP13,2023-08-21,21.0,49,12.3,267,0.0,87.24,16.55,364.55,5.36,29.72,10.5,13.81,142
2023_NIP13,2023-08-22,23.2,40,5.1,231,0.0,89.18,19.56,371.73,4.93,34.57,10.66,11.7,143
2023_NIP13,2023-08-23,22.2,48,8.9,153,0.0,89.23,22.06,378.73,6.01,38.51,13.28,11.65,144
2023_NIP13,2023-08-24,17.1,90,11.2,266,8.2,38.44,11.99,357.66,0.04,22.12,0.04,94.02,145
2023_NIP13,2023-08-25,11.5,98,12.8,50,3.6,21.69,8.0,354.55,0.0,15.15,0.0,143.8,146
2023_NIP13,2023-08-26,17.7,41,1.5,346,0.1,55.76,10.29,360.74,0.32,19.21,0.28,57.77,147
2023_NIP13,2023-08-27,20.8,46,14.5,228,0.0,80.6,12.73,367.49,2.52,23.44,4.52,21.44,148
2023_NIP13,2023-08-28,13.1,96,10.1,4,2.0,56.51,10.98,372.85,0.53,20.45,0.49,56.46,149
2023_NIP13,2023-08-29,14.0,46,11.4,18,2.4,66.37,10.19,378.38,0.99,19.09,0.87,40.51,150
2023_NIP13,2023-08-30,19.7,53,17.9,279,0.0,82.05,12.2,384.93,3.53,22.62,6.2,19.71,151
2023_NIP13,2023-08-31,24.4,48,7.1,221,0.0,87.12,14.94,392.32,4.06,27.29,7.87,13.94,152
2023_NIP19,2023-06-12,21.0,34,5.8,60,0.0,88.56,35.01,155.09,4.67,44.76,11.81,12.36,72
2023_NIP19,2023-06-13,24.8,34,5.8,30,0.0,90.69,39.51,162.96,6.33,49.2,15.78,10.11,73
2023_NIP19,2023-06-14,7.8,70,14.1,356,0.0,85.8,40.22,167.77,4.79,50.29,12.87,15.4,74
2023_NIP19,2023-06-15,16.3,40,13.2,35,0.0,87.9,42.97,174.11,6.17,53.14,16.13,13.08,75
2023_NIP19,2023-06-16,21.0,31,3.1,339,0.0,90.32,46.98,181.29,5.24,57.02,14.81,10.5,76
2023_NIP19,2023-06-17,23.5,45,2.9,240,0.0,90.37,50.54,188.92,5.23,60.57,15.28,10.44,77
2023_NIP19,2023-06-18,26.3,32,12.3,177,0.0,91.63,55.45,197.06,10.05,65.1,25.51,9.13,78
2023_NIP19,2023-06-19,27.9,36,11.4,198,0.0,91.68,60.33,205.49,9.67,69.59,25.7,9.08,79
2023_NIP19,2023-06-20,29.0,34,18.5,209,0.0,91.84,65.56,214.11,14.16,74.27,34.36,8.91,80
2023_NIP19,2023-06-21,29.2,33,15.5,208,0.0,92.07,70.91,222.77,12.57,78.97,32.72,8.67,81
2023_NIP19,2023-06-22,30.1,41,14.3,223,0.0,92.12,75.75,231.59,11.92,83.35,32.42,8.62,82
2023_NIP19,2023-06-23,24.4,35,10.2,315,2.2,84.44,69.57,239.39,3.27,80.59,12.46,16.93,83
2023_NIP19,2023-06-24,24.6,32,6.4,74,0.0,90.26,74.17,247.22,6.14,84.76,20.66,10.56,84
2023_NIP19,2023-06-25,17.8,60,11.7,101,0.0,87.65,76.16,253.83,5.52,87.03,19.39,13.35,85
2023_NIP19,2023-06-26,22.2,41,13.8,33,3.0,79.36,62.56,256.73,2.14,77.75,8.57,22.95,86
2023_NIP19,2023-06-27,19.0,44,1.4,360,0.0,85.12,65.52,263.55,2.3,80.82,9.35,16.16,87
2023_NIP19,2023-06-28,25.0,38,10.9,171,0.0,89.59,69.78,271.45,7.0,84.96,22.72,11.26,88
2023_NIP19,2023-06-29,17.7,77,15.7,171,4.9,58.88,46.96,267.34,0.84,65.26,2.89,52.37,89
2023_NIP19,2023-06-30,20.2,72,2.9,360,1.0,67.47,48.53,274.38,0.67,67.3,2.17,38.87,90
2023_NIP19,2023-07-01,21.8,54,5.9,322,1.8,73.85,47.63,282.0,0.97,66.98,3.54,29.96,91
2023_NIP19,2023-07-02,28.7,29,3.3,131,0.1,89.66,52.6,290.87,4.82,72.45,15.86,11.2,92
2023_NIP19,2023-07-03,28.9,36,16.5,203,0.0,91.29,57.11,299.78,11.83,77.37,31.11,9.48,93
2023_NIP19,2023-07-04,27.4,33,13.7,252,0.4,91.73,61.59,308.42,10.95,82.16,30.4,9.02,94
2023_NIP19,2023-07-05,18.4,57,13.4,301,0.9,84.78,63.56,315.43,4.02,84.54,15.06,16.54,95
2023_NIP19,2023-07-06,21.7,35,7.9,313,0.0,89.28,67.04,323.04,5.75,88.28,20.14,11.6,96
2023_NIP19,2023-07-07,19.6,55,15.9,208,0.4,88.27,69.23,330.27,7.45,90.85,24.58,12.68,97
2023_NIP19,2023-07-08,17.8,38,5.1,321,7.4,62.8,42.24,315.86,0.62,63.31,1.78,45.98,98
2023_NIP19,2023-07-09,20.2,38,19.2,210,0.0,84.42,45.34,323.2,5.13,67.14,15.93,16.95,99
2023_NIP19,2023-07-10,16.6,51,15.6,262,10.1,60.58,25.08,299.65,0.93,41.48,2.13,49.55,100
2023_NIP19,2023-07-11,10.3,71,19.7,294,6.3,47.88,15.35,289.06,0.34,27.1,0.37,72.82,101
2023_NIP19,2023-07-12,21.4,46,12.3,265,0.0,78.06,18.2,296.61,1.76,31.56,3.79,24.55,102
2023_NIP19,2023-07-13,22.7,37,18.3,225,1.2,85.95,21.72,304.4,6.05,36.87,13.02,15.23,103
2023_NIP19,2023-07-14,21.5,49,12.8,238,0.4,87.44,24.43,311.98,5.66,40.86,13.08,13.58,104
2023_NIP19,2023-07-15,17.4,80,9.4,302,9.9,44.62,12.92,290.04,0.12,23.24,0.12,79.7,105
2023_NIP19,2023-07-16,20.5,53,4.8,222,0.7,70.25,15.3,297.44,0.8,27.11,0.89,34.88,106
2023_NIP19,2023-07-17,15.0,81,11.6,353,6.0,45.41,9.45,288.77,0.16,17.47,0.13,78.0,107
2023_NIP19,2023-07-18,14.3,71,10.5,311,0.7,63.5,10.5,295.04,0.84,19.29,0.74,44.87,108
2023_NIP19,2023-07-19,16.8,61,3.7,241,0.4,75.6,12.14,301.77,0.96,22.06,0.92,27.68,109
2023_NIP19,2023-07-20,22.1,47,9.8,343,0.1,85.44,15.03,309.45,3.67,26.8,7.12,15.8,110
2023_NIP19,2023-07-21,22.0,39,4.8,318,1.9,80.85,16.58,317.12,1.59,29.32,3.17,21.13,111
2023_NIP19,2023-07-22,25.1,48,9.7,243,0.0,87.16,19.78,325.34,4.65,34.34,10.12,13.89,112
2023_NIP19,2023-07-23,19.4,40,9.8,336,3.9,73.32,16.45,323.9,1.16,29.19,2.05,30.67,113
2023_NIP19,2023-07-24,20.3,42,9.8,276,0.0,85.2,19.36,331.26,3.55,33.79,7.94,16.08,114
2023_NIP19,2023-07-25,25.6,37,19.6,276,0.0,90.08,23.31,339.57,11.64,39.8,22.1,10.75,115
2023_NIP19,2023-07-26,20.4,49,9.3,332,0.0,89.4,25.89,346.94,6.29,43.64,14.71,11.46,116
2023_NIP19,2023-07-27,23.5,59,17.4,263,8.7,67.92,15.7,327.92,1.41,28.05,2.62,38.22,117
2023_NIP24,2023-06-20,29.1,37,17.7,197,0.0,91.27,73.97,223.1,12.54,80.89,33.05,9.5,80
2023_NIP24,2023-06-21,30.6,37,14.9,195,0.0,91.52,79.23,232.01,11.29,85.48,31.66,9.24,81
2023_NIP24,2023-06-22,29.3,54,9.7,231,0.0,90.03,82.91,240.69,7.02,89.1,23.33,10.8,82
2023_NIP24,2023-06-23,23.8,37,14.7,295,10.0,73.78,47.69,223.88,1.51,62.24,5.35,30.06,83
2023_NIP24,2023-06-24,22.1,42,6.6,13,0.0,85.49,51.23,231.26,3.15,65.94,10.73,15.74,84
2023_NIP24,2023-06-25,21.4,45,8.2,139,0.0,87.83,54.49,238.52,4.75,69.37,15.31,13.16,85
2023_NIP24,2023-06-26,19.9,47,11.5,2,0.0,87.9,57.42,245.51,5.66,72.47,17.89,13.09,86
2023_NIP24,2023-06-27,17.4,37,3.4,32,0.0,88.9,60.49,252.04,4.34,75.61,15.01,12.01,87
2023_NIP24,2023-06-28,23.7,33,11.9,166,0.0,90.82,64.86,259.71,8.78,79.86,25.78,9.97,88
2023_NIP24,2023-06-29,20.2,70,13.5,171,0.1,86.4,66.55,266.75,5.06,81.97,17.59,14.74,89
2023_NIP24,2023-06-30,17.3,74,9.8,62,2.4,68.29,57.36,273.27,0.97,75.24,3.89,37.68,90
2023_NIP24,2023-07-01,24.5,45,5.6,345,0.0,84.16,60.67,281.38,2.49,78.84,9.87,17.25,91
2023_NIP24,2023-07-02,29.3,34,1.1,180,0.0,90.4,65.38,290.36,4.8,83.67,17.11,10.41,92
2023_NIP24,2023-07-03,29.6,35,16.7,194,0.0,91.65,70.07,299.39,12.59,88.41,34.61,9.1,93
2023_NIP24,2023-07-04,27.5,35,11.6,240,0.3,91.7,74.44,308.05,9.8,92.81,29.99,9.05,94
2023_NIP24,2023-07-05,17.3,72,13.4,297,2.9,68.44,59.62,310.06,1.17,80.53,4.99,37.47,95
2023_NIP24,2023-07-06,21.7,40,7.6,275,0.1,84.47,62.83,317.67,2.88,84.08,11.54,16.9,96
2023_NIP24,2023-07-07,23.5,33,16.7,205,0.1,90.22,66.7,325.6,10.26,88.22,30.15,10.6,97
2023_NIP25,2023-06-23,22.3,37,16.6,292,2.1,84.33,69.55,274.86,4.44,85.2,16.32,17.06,83
2023_NIP25,2023-06-24,21.8,33,6.4,63,0.0,89.46,73.59,282.19,5.48,89.09,19.54,11.4,84
2023_NIP25,2023-06-25,24.9,36,9.0,180,0.0,90.57,77.97,290.08,7.32,93.27,24.59,10.24,85
2023_NIP25,2023-06-26,10.0,73,15.0,21,0.0,85.33,78.76,295.28,4.69,94.5,18.0,15.93,86
2023_NIP25,2023-06-27,17.9,35,4.7,122,0.0,88.55,82.01,301.91,4.41,97.68,17.49,12.38,87
2023_NIP25,2023-06-28,25.2,30,14.5,150,0.0,91.6,86.86,309.85,11.18,102.14,34.27,9.16,88
2023_NIP25,2023-06-29,23.4,56,13.5,151,0.0,88.99,89.69,317.46,7.32,105.13,26.07,11.91,89
2023_NIP25,2023-06-30,19.0,79,8.8,71,4.9,55.35,58.7,312.29,0.45,79.87,1.29,58.51,90
2023_NIP26,2023-06-20,28.4,44,18.5,204,0.0,88.3,43.54,231.79,8.54,59.26,21.68,12.64,80
2023_NIP26,2023-06-21,31.0,44,14.0,222,1.7,87.29,45.92,240.77,5.89,62.19,16.96,13.74,81
2023_NIP26,2023-06-22,26.3,36,14.0,270,0.0,90.56,50.54,248.91,9.4,67.05,24.72,10.25,82
2023_NIP26,2023-06-23,21.1,44,15.3,278,1.0,86.65,53.81,256.11,5.74,70.56,17.81,14.46,83
2023_NIP26,2023-06-24,22.0,34,4.2,70,0.0,89.75,57.83,263.48,5.11,74.68,16.86,11.09,84
2023_NIP26,2023-06-25,25.7,36,10.0,221,0.0,90.74,62.34,271.51,7.89,79.21,23.83,10.05,85
2023_NIP26,2023-06-26,12.4,58,11.1,29,0.8,84.21,63.84,277.14,3.31,81.02,12.63,17.2,86
2023_NIP26,2023-06-27,18.8,35,4.9,144,0.0,88.41,67.24,283.93,4.37,84.47,16.04,12.53,87
2023_NIP26,2023-06-28,25.3,32,14.5,153,0.0,91.23,71.97,291.89,10.62,89.05,31.01,9.54,88
2023_NIP26,2023-06-29,25.7,49,12.0,141,0.1,90.26,75.57,299.92,8.15,92.72,26.42,10.55,89
2023_NIP26,2023-06-30,22.1,61,10.4,90,6.1,65.27,48.37,291.8,0.9,68.4,3.29,42.15,90
2023_NIP26,2023-07-01,26.7,39,4.2,250,0.0,85.18,52.35,300.31,2.67,72.92,9.96,16.09,91
2023_NIP26,2023-07-02,30.4,36,9.6,214,0.0,91.02,57.09,309.49,8.04,78.14,23.98,9.76,92
2023_NIP26,2023-07-03,26.6,55,19.5,205,0.1,89.39,60.01,317.98,10.49,81.55,29.43,11.48,93
2023_NIP26,2023-07-04,24.7,39,20.5,218,5.1,79.78,42.75,313.42,3.12,63.76,10.46,22.42,94
2023_NIP26,2023-07-05,12.7,62,17.0,283,1.3,76.69,43.98,319.41,2.01,65.44,7.24,26.27,95
2023_NIP26,2023-07-06,22.3,39,15.1,237,0.0,87.51,47.34,327.13,6.42,69.52,19.2,13.5,96
2023_NIP26,2023-07-07,11.5,100,18.8,348,11.8,17.93,22.91,296.58,0.0,38.41,0.0,157.91,97
2023_NIP26,2023-07-08,18.5,44,15.0,249,1.6,62.06,24.47,303.62,0.98,40.74,2.26,47.16,98
2023_NIP29,2023-07-02,28.6,34,4.7,189,0.0,89.15,53.31,296.8,4.81,73.58,15.98,11.73,92
2023_NIP29,2023-07-03,28.1,46,20.4,194,0.0,89.42,57.02,305.56,11.03,77.76,29.73,11.45,93
2023_NIP29,2023-07-04,26.0,37,14.7,245,4.1,81.31,44.29,305.03,2.75,64.99,9.52,20.59,94
2023_NIP35,2023-07-07,17.4,69,14.1,193,1.8,74.89,46.22,328.18,1.55,68.37,5.86,28.6,97
2023_NIP35,2023-07-08,17.2,45,12.3,249,6.8,63.35,29.53,315.89,0.91,47.88,2.4,45.11,98
2023_NIP35,2023-07-09,18.3,55,23.1,203,0.4,80.82,31.58,322.88,3.98,50.76,11.14,21.17,99
2023_NIP35,2023-07-10,14.4,63,11.6,240,16.0,47.97,14.14,279.41,0.23,25.1,0.24,72.64,100
2023_NIP35,2023-07-11,9.9,78,20.8,288,8.6,38.15,7.74,262.32,0.07,14.42,0.05,94.73,101
2023_NIP35,2023-07-12,17.3,61,14.8,273,1.4,64.04,9.43,269.14,1.07,17.34,0.89,44.04,102
2023_NIP35,2023-07-13,20.4,56,21.9,210,2.2,74.84,9.66,276.51,2.29,17.77,3.34,28.67,103
2023_NIP35,2023-07-14,19.0,72,9.4,220,2.8,64.42,8.18,283.64,0.83,15.25,0.63,43.46,104
2023_NIP35,2023-07-15,18.2,62,7.0,305,1.4,71.26,9.9,290.62,0.93,18.24,0.79,33.48,105
2023_NIP35,2023-07-16,15.6,88,5.8,330,9.1,31.83,5.23,272.34,0.01,9.98,0.0,111.48,106
2023_NIP35,2023-07-17,14.4,69,10.9,326,2.3,49.81,4.74,278.63,0.28,9.09,0.16,68.93,107
2023_NIP35,2023-07-18,13.9,68,12.8,322,0.7,67.33,5.86,284.84,1.09,11.15,0.7,39.08,108
2023_NIP35,2023-07-19,16.6,59,7.1,246,0.0,78.56,7.57,291.53,1.41,14.22,1.22,23.92,109
2023_NIP35,2023-07-20,16.7,76,13.4,354,0.0,80.76,8.57,298.24,2.43,16.0,3.32,21.24,110
2023_NIP35,2023-07-21,20.1,53,11.5,231,0.0,85.39,10.91,305.56,3.97,20.04,6.43,15.86,111
2023_NIP35,2023-07-22,21.8,76,10.2,225,0.2,84.67,12.2,313.19,3.37,22.24,5.86,16.67,112
2023_NIP35,2023-07-23,16.7,59,14.3,304,2.1,74.88,11.86,319.9,1.56,21.72,2.41,28.62,113
2023_NIP35,2023-07-24,19.2,48,14.8,269,0.1,84.67,14.34,327.06,4.25,25.85,7.94,16.67,114
2023_NIP35,2023-07-25,18.4,71,14.3,309,1.7,75.13,14.53,334.08,1.59,26.21,2.89,28.28,115
2023_NIP35,2023-07-26,13.5,62,10.0,322,0.0,80.76,15.83,340.21,2.04,28.37,4.14,21.24,116
2023_NIP35,2023-07-27,13.5,84,15.9,94,12.0,38.7,7.96,308.18,0.06,14.96,0.05,93.4,117
2023_NIP36,2023-07-05,15.0,68,15.1,282,0.4,85.11,72.17,336.78,4.58,93.99,17.63,16.17,95
2023_NIP36,2023-07-06,20.9,44,12.3,249,0.0,87.9,75.06,344.25,5.9,97.16,21.55,13.08,96
2023_NIP36,2023-07-07,18.4,62,14.2,196,2.5,73.64,63.66,351.26,1.46,87.62,6.61,30.25,97
2023_NIP36,2023-07-08,17.7,42,13.7,247,8.9,63.28,36.37,330.18,0.98,57.04,3.09,45.23,98
2023_NIP37,2023-07-05,15.4,65,14.5,289,0.6,83.85,66.77,340.04,3.75,89.57,14.75,17.61,95
2023_NIP37,2023-07-06,21.4,39,10.2,260,0.1,88.46,70.0,347.6,5.74,93.12,20.69,12.48,96
2023_NIP37,2023-07-07,18.8,60,13.1,196,1.0,82.98,71.87,354.68,3.12,95.41,13.24,18.62,97
2023_NIP37,2023-07-08,18.0,39,11.0,251,7.4,65.86,43.82,339.0,0.95,66.23,3.4,41.26,98
2023_NIP39,2023-07-07,20.6,49,13.0,208,0.7,86.74,81.24,320.83,5.18,99.49,19.87,14.35,97
2023_NIP39,2023-07-08,18.0,37,9.0,270,4.8,70.11,56.03,316.03,0.99,77.65,4.07,35.08,98
2023_NIP39,2023-07-09,19.8,40,19.7,211,0.2,85.53,58.98,323.3,6.12,81.01,20.11,15.7,99
2023_NIP39,2023-07-10,15.8,54,13.7,252,11.2,57.13,31.03,295.88,0.67,49.16,1.44,55.36,100
2023_NIP39,2023-07-11,10.2,70,21.8,292,6.1,48.52,19.1,286.07,0.41,32.73,0.51,71.52,101
2023_NIP39,2023-07-12,20.5,52,12.0,261,0.4,76.11,21.53,293.47,1.5,36.39,3.53,27.01,102
2023_NIP39,2023-07-13,22.4,38,19.9,215,0.6,87.53,24.95,301.2,8.2,41.34,17.47,13.48,103
2023_NIP39,2023-07-14,20.8,51,12.9,234,1.0,84.71,27.47,308.65,3.88,44.95,10.16,16.63,104
2023_NIP39,2023-07-15,17.6,66,6.8,288,2.6,68.22,23.95,315.52,0.83,40.26,1.7,37.77,105
2023_NIP39,2023-07-16,18.8,59,2.9,270,3.6,59.33,19.12,315.24,0.45,33.21,0.57,51.61,106
2023_NIP39,2023-07-17,15.9,65,9.8,343,7.5,49.3,11.72,300.91,0.25,21.36,0.23,69.96,107
2023_NIP39,2023-07-18,12.8,78,12.3,310,0.0,64.22,12.44,306.91,0.95,22.59,0.93,43.75,108
2023_NIP39,2023-07-19,16.4,61,5.2,245,0.0,76.29,14.04,313.57,1.08,25.26,1.51,26.78,109
2023_NIP39,2023-07-20,21.0,55,12.2,336,0.5,84.18,16.38,321.05,3.49,29.05,7.13,17.23,110
2023_NIP39,2023-07-21,21.4,40,9.8,234,0.3,88.35,19.55,328.61,5.54,34.03,11.63,12.59,111
2023_NIP39,2023-07-22,25.0,50,8.8,235,0.1,88.4,22.61,336.81,5.31,38.73,12.06,12.54,112
2023_NIP39,2023-07-23,18.1,44,10.7,310,2.7,76.08,20.55,343.78,1.4,35.75,3.21,27.06,113
2023_NIP39,2023-07-24,20.2,43,11.9,270,0.0,85.87,23.4,351.12,4.33,40.11,10.43,15.32,114
2023_NIP39,2023-07-25,24.3,42,15.1,288,0.3,89.0,26.86,359.19,7.95,45.26,17.89,11.9,115
2023_NIP39,2023-07-26,17.6,51,9.0,337,0.4,88.55,29.01,366.07,5.48,48.43,14.0,12.38,116
2023_NIP39,2023-07-27,15.5,88,9.4,266,17.2,31.79,12.16,313.25,0.01,22.17,0.01,111.61,117
2023_NIP39,2023-07-28,15.4,53,14.7,332,4.8,53.53,9.09,308.2,0.51,16.93,0.42,61.81,118
2023_NIP39,2023-07-29,20.1,56,16.8,293,0.2,77.72,11.28,315.52,2.15,20.71,3.47,24.97,119
2023_NIP39,2023-07-30,18.9,43,8.3,358,3.9,69.75,9.86,314.2,0.94,18.28,0.81,35.6,120
2023_NIP42,2023-07-05,14.8,63,13.0,276,0.0,84.17,61.22,331.77,3.62,83.79,13.83,17.25,95
2023_NIP42,2023-07-06,21.3,43,11.8,247,0.0,87.92,64.22,339.31,5.76,87.18,20.04,13.06,96
2023_NIP42,2023-07-07,18.3,67,13.0,204,2.7,70.81,53.62,346.31,1.24,77.32,5.13,34.11,97
2023_NIP42,2023-07-08,17.9,43,13.2,244,9.9,61.84,30.26,321.98,0.89,49.0,2.35,47.5,98
2023_NIP42,2023-07-09,20.2,41,24.0,193,0.0,84.11,33.21,329.32,6.25,53.04,16.27,17.32,99
2023_NIP43,2023-07-05,13.8,63,15.9,273,0.6,82.48,65.34,352.66,3.37,89.32,13.57,19.2,95
2023_NIP43,2023-07-06,21.8,41,13.2,241,0.0,88.05,68.52,360.29,6.3,92.88,22.08,12.92,96
2023_NIP43,2023-07-07,14.9,85,14.9,328,6.7,46.12,40.94,346.4,0.21,63.2,0.41,76.48,97
2023_NIP43,2023-07-08,18.0,46,14.7,245,4.0,64.17,31.58,343.87,1.07,51.36,3.15,43.84,98
2023_NIP43,2023-07-09,16.4,70,26.8,197,1.0,74.73,32.81,350.52,2.91,53.18,8.82,28.81,99
2023_NIP43,2023-07-10,15.2,63,14.2,234,25.6,47.46,12.71,272.16,0.24,22.77,0.24,73.67,100
2023_NIP43,2023-07-11,9.2,82,17.4,276,11.1,31.4,6.44,247.78,0.01,12.09,0.01,112.71,101
2023_NIP43,2023-07-12,17.5,50,14.1,276,1.1,65.77,8.62,254.63,1.11,15.9,0.87,41.39,102
2023_NIP43,2023-07-13,19.9,61,19.2,206,3.7,67.86,7.25,255.27,1.54,13.54,1.41,38.31,103
2023_NIP43,2023-07-14,19.3,77,8.5,208,3.3,57.33,5.62,257.01,0.52,10.66,0.33,55.02,104
2023_NIP43,2023-07-15,19.4,53,6.8,288,2.0,68.87,6.56,264.21,0.85,12.35,0.58,36.84,105
2023_NIP43,2023-07-16,13.1,86,12.4,330,3.8,47.17,4.23,263.16,0.21,8.13,0.11,74.29,106
2023_NIP43,2023-07-17,10.8,80,10.0,330,0.4,60.46,4.79,268.8,0.7,9.17,0.4,49.75,107
2023_NIP43,2023-07-18,14.6,62,13.3,327,0.7,74.2,6.19,275.14,1.44,11.72,0.95,29.5,108
2023_NIP43,2023-07-19,18.8,51,8.2,241,0.0,83.28,8.48,282.22,2.53,15.77,3.46,18.26,109
2023_NIP43,2023-07-20,16.4,64,11.2,6,0.3,84.06,9.96,288.88,3.26,18.34,5.03,17.37,110
2023_NIP43,2023-07-21,21.7,49,10.5,239,0.0,87.03,12.69,296.49,4.75,22.93,8.19,14.03,111
2023_NIP43,2023-07-22,21.2,72,13.3,221,1.1,80.43,14.16,304.01,2.33,25.36,4.39,21.64,112
2023_NIP43,2023-07-23,17.4,57,15.2,301,11.6,57.73,8.53,277.13,0.75,15.84,0.59,54.34,113
2023_NIP9,2023-06-04,19.6,62,16.1,24,1.7,78.97,33.91,151.78,2.31,43.51,6.3,23.42,64
2023_NIP9,2023-06-05,14.8,49,10.1,96,0.0,84.28,36.04,157.84,3.18,45.89,8.69,17.11,65
2023_NIP9,2023-06-06,18.7,30,12.0,141,0.0,89.56,39.69,164.61,7.37,49.53,17.74,11.29,66
2023_NIP9,2023-06-07,19.9,31,12.0,139,0.0,90.67,43.51,171.6,8.64,53.26,20.69,10.12,67
2023_NIP9,2023-06-08,22.7,29,8.6,202,0.0,91.62,47.96,179.09,8.33,57.45,20.95,9.14,68
2023_NIP9,2023-06-09,13.7,71,17.7,12,5.3,58.7,32.09,175.44,0.92,44.04,2.21,52.68,69
2023_NIP9,2023-06-10,12.2,44,14.2,9,0.0,77.37,34.05,181.04,1.83,46.32,5.24,25.41,70
2023_NIP9,2023-06-11,19.4,36,5.0,240,0.0,86.47,37.5,187.93,3.33,50.04,9.53,14.65,71
2023_NIP9,2023-06-12,24.2,30,8.0,216,0.0,90.97,42.17,195.69,7.37,54.81,18.7,9.82,72
2023_NIP9,2023-06-13,15.2,56,15.6,341,0.0,88.08,44.05,201.83,7.14,57.0,18.67,12.89,73
2023_NIP9,2023-06-14,6.0,60,14.8,6,0.2,86.11,44.8,206.32,5.19,58.08,14.84,15.05,74
2023_NIP9,2023-06-15,15.0,34,8.7,42,0.0,88.57,47.6,212.42,5.41,61.02,15.75,12.36,75
2023_NIP9,2023-06-16,21.4,29,7.6,183,0.0,91.0,51.81,219.68,7.26,65.18,20.27,9.78,76
2023_NIP9,2023-06-17,23.4,50,2.4,117,0.1,89.94,55.03,227.29,4.8,68.56,15.32,10.9,77
2023_NIP9,2023-06-18,25.1,45,8.2,165,0.2,89.99,58.82,235.21,6.47,72.39,19.72,10.84,78
2023_NIP9,2023-06-19,27.3,42,10.0,195,0.1,90.04,63.16,243.53,7.13,76.63,21.81,10.79,79
2023_NIP9,2023-06-20,28.5,41,19.4,202,0.0,90.39,67.76,252.07,12.06,81.05,32.22,10.42,80
2023_NIP9,2023-06-21,31.8,37,13.3,221,0.0,91.64,73.22,261.19,10.59,86.1,30.45,9.11,81
2023_NIP9,2023-06-22,27.6,37,12.2,270,0.0,91.69,77.98,269.57,10.09,90.5,30.21,9.06,82
2023_NIP9,2023-06-23,22.1,37,17.1,288,2.2,83.93,70.81,276.95,4.32,86.39,16.09,17.52,83
2023_NIP9,2023-06-24,22.0,31,6.1,62,0.0,89.75,75.0,284.31,5.62,90.39,20.06,11.1,84
2023_NIP9,2023-06-25,25.3,35,8.9,194,0.0,90.84,79.52,292.27,7.57,94.66,25.36,9.95,85
2023_NIP9,2023-06-26,10.2,71,14.2,24,0.7,84.29,80.38,297.51,3.91,95.95,15.83,17.11,86
2023_NIP9,2023-06-27,18.4,34,4.1,135,0.0,88.46,83.77,304.23,4.23,99.23,17.08,12.48,87
2023_NIP9,2023-06-28,25.2,31,14.0,151,0.0,91.4,88.55,312.17,10.6,103.62,33.28,9.37,88
2023_NIP9,2023-06-29,24.3,54,13.3,147,0.0,89.36,91.63,319.94,7.64,106.79,27.06,11.51,89
2023_NIP9,2023-06-30,20.7,67,10.2,80,4.2,65.68,63.54,317.48,0.91,84.7,3.96,41.53,90
2023_NIP9,2023-07-01,26.1,36,3.1,306,0.2,85.28,67.62,325.88,2.56,89.05,10.87,15.98,91
2023_NIP9,2023-07-02,30.0,32,9.2,206,0.0,91.68,72.59,334.99,8.66,94.17,27.75,9.08,92
2023_NIP9,2023-07-03,27.8,47,21.4,187,0.0,90.88,76.19,343.7,14.28,98.04,39.48,9.91,93
2023_NIP9,2023-07-04,25.5,36,18.0,217,6.1,79.74,50.35,334.74,2.74,73.18,10.21,22.47,94
2023_NIP9,2023-07-05,13.3,66,15.9,276,1.7,73.07,48.76,340.83,1.56,71.83,6.09,31.01,95
2023_NIP9,2023-07-06,22.0,39,13.8,242,0.1,86.62,52.07,348.5,5.3,75.82,17.46,14.49,96
2023_NIP9,2023-07-07,15.8,80,17.7,331,7.9,49.63,29.9,330.92,0.38,48.77,0.63,69.28,97
2023_NIP9,2023-07-08,18.0,45,14.9,250,2.4,69.72,27.69,337.86,1.31,45.96,3.66,35.63,98
2023_NIP9,2023-07-09,14.7,86,23.8,190,2.5,58.44,23.48,344.21,1.22,40.11,3.0,53.11,99
2023_NIP9,2023-07-10,15.0,63,13.4,239,21.8,44.91,10.68,279.1,0.16,19.49,0.14,79.07,100
2023_NIP9,2023-07-11,9.3,87,19.2,283,12.1,26.57,5.19,251.2,0.0,9.87,0.0,127.3,101
2023_NIP9,2023-07-12,18.2,54,13.3,272,1.0,62.95,7.28,258.18,0.94,13.6,0.68,45.75,102
2023_NIP9,2023-07-13,20.0,58,19.7,208,4.2,67.48,6.21,257.26,1.56,11.71,1.15,38.86,103
2023_NIP9,2023-07-14,19.2,73,9.4,212,5.0,54.34,4.46,253.77,0.42,8.55,0.23,60.33,104
2023_NIP9,2023-07-15,18.8,52,7.2,273,1.9,68.43,5.62,260.86,0.86,10.67,0.53,37.48,105
2023_NIP9,2023-07-16,14.3,83,13.7,342,1.6,64.05,5.63,267.14,1.01,10.69,0.63,44.03,106
2023_NIP9,2023-07-17,11.2,79,10.2,337,0.5,71.57,6.23,272.86,1.1,11.79,0.73,33.05,107
2023_NIP9,2023-07-18,14.9,61,12.5,327,0.4,80.11,7.7,279.24,2.16,14.4,2.65,22.03,108
2023_NIP9,2023-07-19,17.8,54,7.3,237,0.0,84.39,9.74,286.15,2.8,17.95,4.23,16.99,109
2023_NIP9,2023-07-20,17.3,60,10.8,2,0.0,85.0,11.47,292.97,3.63,20.89,6.06,16.3,110
2023_NIP9,2023-07-21,22.1,46,9.7,248,0.0,87.73,14.41,300.65,5.05,25.74,9.2,13.27,111
2023_NIP9,2023-07-22,21.9,69,12.3,220,2.8,71.64,12.52,303.92,1.23,22.69,1.71,32.95,112
2023_NIP9,2023-07-23,17.2,55,14.8,304,12.2,56.51,7.72,275.09,0.67,14.42,0.5,56.45,113
2023_NIP9,2023-07-24,20.4,43,14.1,266,0.3,81.16,10.59,282.47,2.63,19.37,4.16,20.76,114
2023_NIP9,2023-07-25,18.8,66,10.2,309,2.6,69.49,9.47,289.55,1.03,17.51,0.86,35.97,115
2023_NIP9,2023-07-26,14.0,59,9.8,324,0.0,79.05,10.92,295.78,1.69,20.0,2.5,23.32,116
2023_NIP9,2023-07-27,12.9,84,14.7,62,2.6,59.35,8.69,301.8,0.82,16.21,0.66,51.58,117
2023_NIP9,2023-07-28,16.8,53,13.8,313,3.1,65.96,7.76,303.11,1.1,14.58,0.82,41.11,118
2023_NIP9,2023-07-29,18.4,69,14.9,285,1.2,73.5,9.18,310.13,1.51,17.09,1.79,30.43,119
2023_NIP9,2023-07-30,18.9,40,7.4,14,4.2,68.47,8.29,307.87,0.87,15.54,0.67,37.41,120
2023_NIP9,2023-07-31,21.3,36,4.7,360,0.0,84.47,11.66,315.41,2.49,21.34,4.18,16.9,121
2023_NIP9,2023-08-01,24.4,43,7.8,214,0.1,88.44,14.66,322.81,5.08,26.33,9.37,12.5,122
2023_NIP9,2023-08-02,23.4,58,11.7,223,0.0,88.19,16.78,330.02,5.96,29.78,11.46,12.77,123
2023_NIP9,2023-08-03,19.5,65,16.9,12,8.9,60.52,10.02,309.96,0.99,18.54,0.86,49.65,124
2023_NIP9,2023-08-04,20.6,51,4.2,160,0.1,78.27,12.21,316.67,1.19,22.28,1.58,24.29,125
2023_NIP9,2023-08-05,21.1,65,15.5,168,0.6,82.71,13.82,323.48,3.4,24.97,6.34,18.94,126
2023_NIP9,2023-08-06,23.1,65,5.8,270,3.4,67.36,11.32,323.84,0.77,20.82,0.72,39.03,127
2023_NIP98,2023-08-04,20.5,50,4.2,160,0.0,77.67,11.25,303.29,1.13,20.59,1.24,25.04,125
2023_NIP98,2023-08-05,21.4,62,15.8,168,0.2,83.69,13.01,310.15,3.92,23.56,6.99,17.79,126
2023_NIP98,2023-08-06,22.7,65,3.0,284,4.4,61.15,9.82,307.18,0.51,18.19,0.44,48.61,127
2023_NIP98,2023-08-07,19.3,71,7.3,290,4.8,52.98,6.88,302.31,0.33,13.03,0.23,62.84,128
2023_PEM1,2023-06-03,20.6,38,17.8,54,0.4,91.56,57.05,124.98,13.14,56.95,28.7,9.19,63
2023_PEM1,2023-06-04,20.5,24,13.9,25,0.0,92.38,61.37,132.07,12.11,61.26,28.14,8.36,64
2023_PEM1,2023-06-05,23.7,27,8.1,339,0.0,92.43,66.14,139.74,9.11,66.01,23.98,8.31,65
2023_PEM1,2023-06-06,18.9,40,18.0,357,1.5,84.85,69.29,146.55,5.11,69.16,16.16,16.47,66
2023_RED26,2023-06-09,22.2,60,13.9,350,0.2,80.45,7.6,81.51,2.4,12.33,2.71,21.61,69
2023_RED26,2023-06-10,16.9,38,14.3,39,0.0,87.04,10.54,87.96,5.77,16.22,8.02,14.02,70
2023_RED26,2023-06-11,21.6,35,7.9,336,0.0,89.73,14.43,95.25,6.14,20.93,9.71,11.12,71
2023_RED26,2023-06-12,24.0,32,4.2,239,0.0,91.08,18.92,102.97,6.18,25.93,10.95,9.7,72
2023_RED26,2023-06-13,22.4,48,14.3,348,0.1,89.95,22.14,110.41,8.76,29.49,15.42,10.88,73
2023_RED26,2023-06-14,11.4,63,11.2,40,0.0,86.74,23.35,115.87,4.73,31.06,9.69,14.35,74
2023_RED27,2023-06-09,21.2,72,9.5,349,3.1,65.64,8.7,143.22,0.87,15.1,0.67,41.6,69
2023_RED27,2023-06-10,16.9,37,14.3,39,1.7,77.5,10.74,149.66,1.86,18.21,2.62,25.25,70
2023_RED27,2023-06-11,21.4,34,8.9,346,0.0,87.86,14.65,156.92,4.94,23.75,8.64,13.12,71
2023_RED27,2023-06-12,24.3,31,3.3,276,0.0,90.89,19.26,164.7,5.75,29.81,11.13,9.9,72
2023_RED27,2023-06-13,23.4,47,13.6,349,0.0,90.19,22.68,172.31,8.74,34.13,16.6,10.63,73
2023_RED27,2023-06-14,11.1,64,11.6,36,0.0,86.65,23.83,177.71,4.77,35.7,10.55,14.45,74
2023_RED27,2023-06-15,18.9,29,9.0,88,0.0,90.19,27.57,184.52,6.94,40.15,15.16,10.63,75
2023_RED27,2023-06-16,22.4,39,15.2,211,0.0,90.24,31.35,191.96,9.55,44.52,20.28,10.57,76
2023_RED27,2023-06-17,21.3,56,11.4,208,0.5,88.55,33.94,199.19,6.19,47.6,15.22,12.38,77
2023_RED28,2023-06-09,22.4,71,12.2,304,9.1,57.39,7.34,136.33,0.63,12.93,0.44,54.92,69
2023_RED28,2023-06-10,16.7,37,14.3,39,5.6,64.72,6.74,133.49,1.07,11.96,0.71,42.99,70
2023_RED28,2023-06-11,21.1,32,12.0,9,0.0,85.57,10.71,140.7,4.18,18.0,6.33,15.65,71
2023_RED28,2023-06-12,24.6,30,2.4,333,0.0,90.55,15.45,148.53,5.24,24.52,9.25,10.25,72
2023_RED28,2023-06-13,25.5,43,13.6,349,0.0,90.6,19.44,156.52,9.27,29.67,16.15,10.2,73
2023_RED28,2023-06-14,11.2,63,11.8,31,0.0,86.91,20.64,161.94,4.99,31.3,10.18,14.17,74
2023_RED28,2023-06-15,19.0,29,9.0,74,0.0,90.27,24.39,168.77,7.01,35.84,14.39,10.55,75
2023_RED28,2023-06-16,22.2,40,14.7,205,0.0,90.32,28.07,176.17,9.41,40.15,19.04,10.5,76
2023_RED28,2023-06-17,23.2,48,11.5,200,0.2,89.92,31.4,183.75,7.57,44.0,17.0,10.91,77
2023_RED28,2023-06-18,23.4,55,14.8,184,5.8,71.22,21.81,180.47,1.37,33.5,2.96,33.53,78
2023_RED28,2023-06-19,26.9,41,15.7,169,2.6,82.2,21.93,188.71,3.22,33.98,7.31,19.53,79
2023_RED28,2023-06-20,29.0,46,21.3,174,0.0,88.92,26.21,197.34,10.74,39.35,20.74,11.98,80
2023_RED28,2023-06-21,29.8,33,20.3,197,0.0,91.96,31.66,206.11,15.77,45.75,29.21,8.78,81
2023_RED28,2023-06-22,23.4,79,5.2,335,15.0,44.4,14.46,178.48,0.1,24.05,0.1,80.19,82
2023_RED28,2023-06-23,24.1,35,7.6,315,5.3,68.68,12.87,176.71,0.88,21.77,0.84,37.11,83
2023_RED28,2023-06-24,24.3,37,10.3,102,0.1,86.56,17.08,184.49,4.4,27.74,8.54,14.55,84
2023_RED28,2023-06-25,19.0,50,11.6,74,2.2,77.48,17.03,191.31,1.62,27.85,3.12,25.27,85
2023_RED28,2023-06-26,22.8,47,11.9,14,0.1,86.22,20.36,198.82,4.55,32.42,9.61,14.93,86
2023_RED28,2023-06-27,22.4,47,5.4,184,0.1,87.81,23.64,206.26,4.11,36.75,9.49,13.18,87
2023_RED28,2023-06-28,25.6,45,14.1,184,0.1,89.01,27.51,214.27,7.57,41.65,16.52,11.88,88
2023_RED28,2023-06-29,21.3,68,9.4,223,3.5,67.75,22.03,216.05,0.94,35.12,1.77,38.46,89
2023_RED28,2023-06-30,20.8,76,10.5,292,12.1,46.52,11.62,194.6,0.18,20.23,0.16,75.64,90
2023_RED28,2023-07-01,24.9,45,2.5,225,2.7,66.88,11.98,202.79,0.64,20.88,0.6,39.75,91
2023_RED28,2023-07-02,27.1,41,12.1,197,0.3,86.75,15.89,211.37,4.95,26.75,9.26,14.34,92
2023_RED28,2023-07-03,24.9,57,15.4,249,11.7,67.48,10.11,192.32,1.25,17.88,1.28,38.86,93
2023_RED28,2023-07-04,23.4,43,17.3,222,0.0,85.57,13.39,200.24,5.45,22.95,9.23,15.65,94
2023_RED28,2023-07-05,14.4,54,15.0,316,1.0,82.2,15.07,206.53,3.11,25.49,5.91,19.53,95
2023_RED28,2023-07-06,18.8,41,17.1,219,0.1,87.48,17.83,213.62,7.07,29.5,13.07,13.54,96
2023_RED28,2023-07-07,19.5,63,16.1,310,3.1,71.85,14.99,216.48,1.5,25.56,2.62,32.67,97
2023_RED28,2023-07-08,19.2,35,10.8,249,0.2,85.82,18.09,223.64,4.07,30.1,8.36,15.38,98
2023_RED29,2023-06-10,16.8,38,14.8,43,4.4,66.9,7.27,144.01,1.19,12.92,0.83,39.72,70
2023_RED29,2023-06-11,20.9,34,11.4,11,0.0,85.52,11.1,151.18,4.02,18.75,6.26,15.71,71
2023_RED29,2023-06-12,24.3,32,3.1,324,0.0,90.2,15.64,158.95,5.16,25.11,9.25,10.62,72
2023_RED29,2023-06-13,25.2,45,13.0,346,0.0,90.25,19.45,166.89,8.55,30.13,15.31,10.57,73
2023_RED29,2023-06-14,11.6,63,12.8,40,0.0,86.79,20.69,172.39,5.16,31.83,10.57,14.3,74
2023_RED29,2023-06-15,18.8,31,9.3,77,0.0,89.88,24.3,179.17,6.73,36.3,14.04,10.96,75
2023_RED29,2023-06-16,22.1,41,13.9,205,0.0,89.93,27.91,186.56,8.55,40.62,17.85,10.91,76
2023_RED29,2023-06-17,22.8,49,10.7,194,0.2,89.66,31.12,194.06,7.0,44.43,16.1,11.2,77
2023_RED29,2023-06-18,22.9,60,13.7,183,5.4,69.13,21.82,191.45,1.21,33.96,2.55,36.47,78
2023_RED29,2023-06-19,26.7,42,16.9,160,3.0,81.0,20.92,195.8,2.97,33.02,6.67,20.95,79
2023_RED29,2023-06-20,29.1,47,20.8,171,0.0,88.64,25.13,204.44,10.06,38.45,19.55,12.29,80
2023_RED29,2023-06-21,29.5,35,19.6,194,0.0,91.51,30.37,213.16,14.27,44.78,27.01,9.25,81
2023_RED29,2023-06-22,23.0,83,3.9,326,14.2,39.35,14.0,186.9,0.04,23.59,0.04,91.82,82
2023_RED29,2023-06-23,23.7,38,6.5,326,7.0,63.55,11.59,180.56,0.69,19.97,0.62,44.8,83
2023_RED29,2023-06-24,24.2,39,11.9,95,0.5,85.27,15.65,188.32,3.98,25.91,7.51,15.99,84
2023_RED29,2023-06-25,18.8,56,17.1,60,6.2,66.02,11.16,183.07,1.3,19.37,1.57,41.03,85
2023_RED29,2023-06-26,23.2,48,10.2,10,0.0,83.33,14.49,190.65,2.82,24.35,5.21,18.21,86
2023_RED29,2023-06-27,22.3,52,8.2,151,0.0,86.46,17.45,198.07,3.91,28.6,7.83,14.66,87
2023_RED29,2023-06-28,25.1,50,11.6,175,1.1,85.36,20.9,205.99,3.97,33.34,8.7,15.89,88
2023_RED29,2023-06-29,20.5,73,9.1,214,2.2,71.09,19.38,213.09,1.03,31.58,1.83,33.71,89
2023_RED29,2023-06-30,21.0,77,12.1,287,3.9,59.1,14.6,213.73,0.71,24.94,0.74,52.01,90
2023_RED29,2023-07-01,24.8,48,2.6,164,0.7,78.69,17.76,221.9,1.14,29.6,2.03,23.76,91
2023_RED29,2023-07-02,26.9,42,12.1,192,0.1,88.39,21.58,230.44,6.26,34.97,13.0,12.55,92
2023_RED29,2023-07-03,24.7,51,14.4,257,13.0,68.72,12.8,206.57,1.24,22.17,1.7,37.07,93
2023_RED29,2023-07-04,23.1,46,17.2,217,0.0,85.12,15.87,214.43,5.1,26.79,9.49,16.16,94
2023_RED29,2023-07-05,14.5,58,14.8,321,1.6,77.31,16.56,220.74,1.88,27.89,3.72,25.49,95
2023_RED29,2023-07-06,18.8,41,15.9,219,0.3,86.37,19.32,227.83,5.68,31.88,11.44,14.77,96
2023_RED29,2023-07-07,19.3,65,16.9,304,5.8,63.93,13.08,222.87,1.18,22.82,1.6,44.21,97
2023_RED29,2023-07-08,19.0,38,9.2,249,0.6,82.21,16.01,229.99,2.32,27.27,4.61,19.52,98
2023_RED29,2023-07-09,16.4,95,18.8,206,12.5,26.96,7.63,206.0,0.0,13.97,0.0,126.05,99
2023_RED29,2023-07-10,15.4,55,21.7,265,11.3,50.6,5.1,186.61,0.53,9.56,0.31,67.39,100
2023_RED32,2023-06-10,16.4,41,12.0,46,0.0,85.98,14.24,152.05,4.42,23.08,7.71,15.2,70
2023_RED32,2023-06-11,21.8,34,10.4,268,0.0,89.79,18.22,159.38,7.02,28.34,12.72,11.06,71
2023_RED32,2023-06-12,25.4,29,5.7,252,0.0,91.86,23.17,167.35,7.45,34.43,14.76,8.89,72
2023_RED32,2023-06-13,17.4,55,15.1,1,0.0,88.6,25.37,173.89,7.51,37.17,15.46,12.32,73
2023_RED32,2023-06-14,12.8,59,11.4,72,0.0,86.94,26.87,179.6,4.92,39.11,11.4,14.13,74
2023_RED32,2023-06-15,18.5,36,11.8,121,0.0,89.1,30.17,186.33,6.83,42.95,15.54,11.78,75
2023_RED32,2023-06-16,18.2,65,16.5,203,0.7,84.41,31.95,193.01,4.47,45.19,11.45,16.97,76
2023_RED32,2023-06-17,20.6,54,12.1,192,1.4,81.23,34.57,200.12,2.39,48.29,6.97,20.68,77
2023_RED32,2023-06-18,22.0,59,7.0,192,2.0,75.52,33.59,207.49,1.12,47.82,3.14,27.78,78
2023_RED32,2023-06-19,25.7,45,13.1,171,0.0,87.08,37.47,215.52,5.46,52.24,14.54,13.98,79
2023_RED32,2023-06-20,25.8,61,17.9,202,1.0,84.53,40.23,223.57,4.87,55.5,13.78,16.83,80
2023_RED32,2023-06-21,27.2,50,16.1,219,13.2,72.52,21.97,199.84,1.54,34.47,3.48,31.76,81
2023_RED5,2023-05-24,15.3,25,13.3,142,0.0,89.3,28.69,122.34,7.58,36.17,15.35,11.58,53
2023_RED5,2023-05-25,21.3,39,17.7,207,0.0,89.55,32.29,128.58,9.8,39.67,19.5,11.31,54
2023_RED5,2023-05-26,26.1,44,14.1,220,0.5,89.6,36.3,135.68,8.23,43.5,17.99,11.26,55
2023_RED5,2023-05-27,14.2,70,5.9,346,4.6,55.79,25.47,133.66,0.4,34.5,0.52,57.73,56
2023_RED5,2023-05-28,26.5,35,15.0,170,1.0,84.95,30.19,140.83,4.45,39.31,10.54,16.36,57
2023_RED5,2023-05-29,26.4,33,16.0,203,0.0,90.87,35.04,147.99,10.88,44.02,22.14,9.91,58
2023_RED5,2023-05-30,22.9,63,9.3,193,0.1,87.84,37.38,154.51,5.03,46.59,12.8,13.15,59
2023_RED5,2023-05-31,13.9,74,14.8,51,16.3,44.7,16.46,125.4,0.17,24.79,0.17,79.53,60
2023_RED70,2023-08-11,16.8,65,10.7,110,0.1,83.74,19.66,334.99,3.05,34.29,6.99,17.74,132
2023_RED70,2023-08-12,18.8,52,8.7,107,4.5,66.65,14.74,330.32,0.87,26.52,0.95,40.08,133
2023_RED70,2023-08-13,21.3,43,8.6,147,0.0,83.42,17.37,337.16,2.63,30.78,5.67,18.1,134
2023_RED70,2023-08-14,22.6,49,16.1,219,0.0,87.19,19.87,344.23,6.45,34.73,13.27,13.85,135
2023_RED70,2023-08-15,22.1,49,18.3,315,0.6,87.37,22.31,351.21,7.39,38.51,15.57,13.66,136
2023_RED70,2023-08-16,14.1,98,14.4,37,27.2,15.8,8.57,266.77,0.0,15.87,0.0,166.54,137
2023_SLK18,2023-06-06,18.5,39,9.5,155,1.4,82.38,27.07,159.46,2.41,38.01,5.99,19.32,66
2023_SLK18,2023-06-07,22.9,25,13.4,149,0.0,91.18,31.81,166.98,9.96,43.09,20.57,9.6,67
2023_SLK18,2023-06-08,25.4,23,9.4,220,0.0,93.25,37.18,174.96,10.92,48.56,23.32,7.47,68
2023_SLK18,2023-06-09,16.0,86,16.9,12,5.2,51.55,24.37,172.06,0.46,36.0,0.62,65.54,69
2023_SLK18,2023-06-10,15.6,39,14.2,21,0.3,77.57,27.05,178.28,1.86,39.23,4.73,25.17,70
2023_SLK18,2023-06-11,21.5,32,5.1,352,0.0,87.85,31.1,185.55,4.07,43.83,10.43,13.14,71
2023_SLK18,2023-06-12,25.7,27,2.2,261,0.0,91.77,36.25,193.58,6.17,49.38,15.49,8.98,72
2023_SLK18,2023-06-13,19.5,51,14.6,350,0.0,89.34,38.91,200.49,8.14,52.4,19.66,11.53,73
2023_SLK18,2023-06-14,8.1,59,12.9,23,0.0,86.83,39.9,205.36,5.22,53.71,14.27,14.25,74
2023_SLK18,2023-06-15,18.1,27,8.8,55,0.0,90.43,43.59,212.02,7.1,57.58,18.69,10.38,75
2023_SLK18,2023-06-16,24.0,28,12.3,201,0.0,91.99,48.35,219.74,10.58,62.38,25.87,8.76,76
2023_SLK18,2023-06-17,23.0,54,8.2,221,0.6,88.87,51.27,227.29,5.51,65.56,16.61,12.03,77
2023_SLK19,2023-06-06,19.1,33,11.0,131,0.1,88.0,35.13,150.56,5.6,44.38,13.56,12.98,66
2023_SLK19,2023-06-07,20.7,28,12.2,133,0.0,91.04,39.27,157.69,9.2,48.4,20.61,9.74,67
2023_SLK19,2023-06-08,23.6,24,5.5,191,0.0,92.69,44.21,165.34,8.29,52.99,20.03,8.04,68
2023_SLK19,2023-06-09,17.8,85,13.4,355,9.3,44.44,23.82,153.2,0.15,34.31,0.19,80.1,69
2023_SLK19,2023-06-10,13.6,41,14.6,16,0.9,71.12,26.1,159.05,1.35,37.02,3.17,33.68,70
2023_SLK19,2023-06-11,18.8,36,6.3,13,0.0,84.64,29.46,165.84,2.75,40.8,7.11,16.71,71
2023_SLK19,2023-06-12,23.7,30,0.7,180,0.0,89.88,34.03,173.51,4.36,45.67,11.3,10.96,72
2023_SLK19,2023-06-13,21.6,47,13.8,353,0.0,89.76,37.2,180.8,8.3,49.13,19.28,11.08,73
2023_SLK20,2023-06-06,15.2,69,12.3,130,3.4,60.83,25.85,158.93,0.8,36.75,1.37,49.15,66
2023_SLK20,2023-06-07,21.8,28,12.5,136,1.2,83.38,30.19,166.26,3.19,41.53,8.19,18.15,67
2023_SLK20,2023-06-08,23.8,22,5.1,184,0.0,91.67,35.3,173.95,7.03,46.84,16.63,9.09,68
2023_SLK20,2023-06-09,22.3,69,9.9,289,3.7,68.06,27.53,175.93,0.97,39.57,2.15,38.01,69
2023_SLK23,2023-06-09,15.6,58,16.3,5,0.5,84.4,20.65,161.53,4.41,31.29,9.18,16.98,69
2023_SLK23,2023-06-10,15.2,43,8.8,9,0.0,86.83,23.09,167.67,4.24,34.36,9.37,14.25,70
2023_SLK23,2023-06-11,22.3,34,9.3,257,0.0,90.01,27.16,175.09,6.86,39.14,14.83,10.82,71
2023_SLK23,2023-06-12,24.4,34,9.4,230,0.0,90.91,31.59,182.89,7.84,44.13,17.48,9.87,72
2023_SLK23,2023-06-13,8.9,69,16.5,349,0.0,85.94,32.41,187.89,5.52,45.29,13.56,15.24,73
2023_SLK23,2023-06-14,10.9,45,11.9,25,0.0,86.52,34.14,193.26,4.75,47.37,12.34,14.6,74
2023_SLK23,2023-06-15,15.5,34,8.0,85,0.0,88.75,37.03,199.45,5.36,50.58,14.09,12.17,75
2023_SLK23,2023-06-16,22.5,34,15.7,200,0.0,90.46,41.13,206.91,10.1,54.95,23.5,10.35,76
2023_SLK23,2023-06-17,23.1,42,5.1,129,0.2,90.51,44.82,214.47,5.96,58.88,16.61,10.29,77
2023_SLK23,2023-06-18,21.4,69,13.3,180,3.0,71.29,37.32,217.64,1.28,52.25,3.92,33.44,78
2023_SLK23,2023-06-19,25.0,60,8.7,175,5.5,65.69,26.07,214.52,0.84,39.98,1.71,41.52,79
2023_SLK23,2023-06-20,28.5,50,7.6,172,0.0,84.55,29.96,223.06,2.91,44.86,7.93,16.81,80
2023_SLK23,2023-06-21,30.1,47,13.0,208,9.1,76.91,19.42,210.84,1.67,31.58,3.56,26.0,81
2023_SLK23,2023-06-22,23.3,40,16.6,269,1.6,83.87,22.35,218.44,4.17,35.59,9.43,17.59,82
2023_SLK23,2023-06-23,20.4,47,16.7,276,0.2,87.19,25.35,225.51,6.65,39.57,14.57,13.86,83
2023_SLK23,2023-06-24,21.6,37,5.2,102,0.0,89.38,29.11,232.81,5.09,44.36,12.59,11.49,84
2023_SLK23,2023-06-25,26.2,30,9.2,244,0.0,91.81,34.14,240.93,8.82,50.42,20.42,8.94,85
2023_SLK23,2023-06-26,15.1,47,11.2,40,1.2,83.4,36.4,247.05,2.99,53.2,9.02,18.13,86
2023_SLK23,2023-06-27,19.8,38,8.4,160,0.0,88.12,39.81,254.02,5.0,57.21,14.29,12.85,87
2023_SLK23,2023-06-28,25.4,47,9.7,158,0.0,88.7,43.51,261.99,5.8,61.49,16.66,12.22,88
2023_SLK23,2023-06-29,23.4,63,5.9,79,3.3,70.0,35.69,264.08,0.84,53.35,2.38,35.24,89
2023_SLK23,2023-06-30,22.0,61,5.9,79,8.3,55.79,21.11,250.59,0.4,34.88,0.53,57.72,90
2023_SLK23,2023-07-01,27.9,39,6.1,273,0.1,84.13,25.27,259.32,2.54,40.63,6.59,17.29,91
2023_SLK23,2023-07-02,29.6,35,8.9,201,0.2,90.88,29.95,268.35,7.62,46.84,17.65,9.9,92
2023_SLK23,2023-07-03,23.8,55,17.1,235,1.8,82.32,30.38,276.34,3.51,47.66,9.67,19.39,93
2023_SLK23,2023-07-04,22.7,53,23.6,231,0.4,86.54,33.01,284.13,8.59,51.16,20.17,14.57,94
2023_SLK23,2023-07-05,12.7,51,17.8,288,1.5,79.27,34.6,290.12,2.59,53.3,7.98,23.05,95
2023_SLK23,2023-07-06,22.0,38,19.9,222,0.2,88.28,37.96,297.78,9.13,57.57,22.41,12.67,96
2023_SLK23,2023-07-07,16.9,48,15.2,346,3.6,72.16,30.19,297.47,1.45,48.16,4.23,32.24,97
2023_SLK23,2023-07-08,19.7,40,17.7,246,0.1,85.79,33.12,304.72,5.74,52.08,15.09,15.41,98
2023_SLK23,2023-07-09,16.0,87,11.6,210,7.1,42.37,18.75,292.27,0.1,32.32,0.12,84.71,99
2023_SLK29,2023-06-09,17.5,86,13.4,355,8.9,43.73,22.01,161.25,0.13,32.82,0.17,81.66,69
2023_SLK29,2023-06-10,14.1,40,14.7,17,1.2,70.17,24.41,167.19,1.32,35.76,2.98,35.0,70
2023_SLK29,2023-06-11,19.7,35,6.2,10,0.0,84.86,27.97,174.14,2.83,39.91,7.18,16.46,71
2023_SLK29,2023-06-12,24.4,29,0.4,270,0.0,90.17,32.73,181.94,4.48,45.16,11.48,10.65,72
2023_SLK29,2023-06-13,20.7,50,14.2,351,0.1,89.29,35.6,189.07,7.92,48.41,18.48,11.59,73
2023_SLK29,2023-06-14,7.1,64,14.5,19,0.0,86.12,36.38,193.75,5.11,49.52,13.42,15.05,74
2023_SLK29,2023-06-15,16.7,29,10.0,52,0.0,89.69,39.71,200.16,6.79,53.09,17.32,11.16,75
2023_SLK29,2023-06-16,22.6,28,8.9,201,0.0,91.61,44.2,207.63,8.45,57.69,21.22,9.15,76
2023_SLK29,2023-06-17,22.9,53,8.4,227,0.6,88.92,47.17,215.16,5.61,60.94,16.16,11.98,77
2023_SLK30,2023-06-09,17.3,56,16.3,5,0.2,83.96,10.82,137.74,4.16,18.09,6.33,17.49,69
2023_SLK30,2023-06-10,16.5,38,9.0,16,0.0,87.65,13.7,144.12,4.81,22.13,8.12,13.36,70
2023_SLK30,2023-06-11,22.8,32,9.7,268,0.0,90.6,17.97,151.63,7.61,27.73,13.41,10.2,71
2023_SLK31,2023-06-10,11.9,51,15.0,17,7.0,58.66,19.11,157.06,0.8,29.3,0.93,52.74,70
2023_SLK31,2023-06-11,17.1,34,12.7,25,0.0,81.61,22.27,163.54,2.58,33.23,5.85,20.23,71
2023_SLK31,2023-06-12,22.1,27,6.7,54,0.0,90.04,26.73,170.92,6.05,38.43,13.31,10.79,72
2023_SLK31,2023-06-13,26.2,31,8.7,5,0.0,91.72,31.69,179.04,8.49,43.94,18.49,9.04,73
2023_SLK31,2023-06-14,8.3,69,14.1,4,0.0,86.26,32.46,183.94,5.11,45.04,12.73,14.89,74
2023_SLK31,2023-06-15,16.5,33,12.5,44,0.0,89.1,35.56,190.31,7.07,48.48,17.01,11.79,75
2023_SLK31,2023-06-16,21.8,31,3.6,233,0.0,90.75,39.72,197.64,5.72,52.87,15.19,10.04,76
2023_SLK31,2023-06-17,24.5,40,6.2,216,0.0,90.8,43.76,205.46,6.57,57.11,17.57,9.99,77
2023_SLK31,2023-06-18,25.9,37,13.5,164,0.0,90.85,48.24,213.52,9.56,61.66,23.97,9.93,78
2023_SLK31,2023-06-19,27.0,37,13.3,180,0.2,90.92,52.9,221.79,9.56,66.28,24.87,9.86,79
2023_SLK31,2023-06-20,28.3,40,16.3,188,0.0,90.97,57.55,230.28,11.2,70.84,28.68,9.81,80
2023_SLK31,2023-06-21,30.3,32,13.6,197,0.0,92.36,63.17,239.14,11.89,76.09,30.95,8.38,81
2023_SLK31,2023-06-22,27.8,56,12.0,231,0.3,89.61,66.52,247.55,7.42,79.58,22.87,11.25,82
2023_SLK31,2023-06-23,24.3,32,10.7,318,5.0,78.37,47.92,244.94,1.67,64.36,6.03,24.16,83
2023_SLK31,2023-06-24,24.2,36,8.8,99,0.0,88.47,52.18,252.7,5.36,68.83,16.71,12.47,84
2023_SLK31,2023-06-25,17.4,67,10.9,84,0.5,86.24,53.79,259.23,4.34,70.84,14.45,14.91,85
2023_SLK31,2023-06-26,23.1,37,11.0,41,0.1,89.59,57.8,266.8,7.03,74.99,21.34,11.27,86
2023_SLK31,2023-06-27,19.4,45,3.1,135,0.0,89.64,60.77,273.69,4.76,78.16,16.38,11.22,87
2023_SLK31,2023-06-28,25.7,43,11.2,159,0.0,89.69,64.79,281.72,7.21,82.28,22.79,11.16,88
2023_SLK31,2023-06-29,18.4,68,11.0,157,0.8,83.42,66.44,288.44,2.97,84.32,11.86,18.1,89
2023_SLK31,2023-06-30,22.0,68,1.1,108,1.8,71.5,63.38,295.8,0.7,82.55,2.83,33.15,90
2023_SLK31,2023-07-01,21.8,54,6.6,351,8.6,59.25,36.55,279.94,0.54,55.11,0.98,51.76,91
2023_SLK31,2023-07-02,28.1,38,4.0,243,0.0,84.54,40.8,288.7,2.42,60.3,8.13,16.82,92
2023_SLK31,2023-07-03,27.7,51,19.6,197,0.0,88.04,44.12,297.39,8.69,64.36,22.91,12.93,93
2023_SLK31,2023-07-04,26.0,37,14.2,249,2.4,84.63,41.63,305.77,4.1,62.11,12.82,16.72,94
2023_SLK31,2023-07-05,15.7,62,11.8,301,1.2,79.26,43.12,312.3,1.91,64.12,6.85,23.06,95
2023_SLK31,2023-07-06,21.1,36,9.7,268,0.0,87.88,46.46,319.8,5.16,68.17,16.14,13.1,96
2023_SLK31,2023-07-07,18.7,70,14.4,257,1.8,75.7,44.64,326.87,1.65,66.56,6.1,27.55,97
2023_SLK31,2023-07-08,18.1,37,6.3,283,0.8,83.75,47.48,333.84,2.44,70.05,9.01,17.73,98
2023_SLK31,2023-07-09,15.7,76,17.1,195,0.7,80.92,48.43,340.37,2.98,71.44,10.76,21.04,99
2023_SLK33,2023-06-11,17.8,37,13.0,19,0.0,81.3,19.24,155.37,2.53,29.38,5.28,20.6,71
2023_SLK33,2023-06-12,22.3,29,6.2,36,0.0,89.61,23.61,162.79,5.54,34.65,11.74,11.24,72
2023_SLK33,2023-06-13,26.4,32,10.5,344,0.0,91.53,28.53,170.95,9.06,40.26,18.54,9.23,73
2023_SLK33,2023-06-14,9.1,66,12.5,12,0.0,86.69,29.45,175.99,5.01,41.52,11.98,14.4,74
2023_SLK33,2023-06-15,16.6,31,11.2,50,0.0,89.52,32.66,182.38,7.03,45.12,16.3,11.34,75
2023_SLK33,2023-06-16,21.8,35,6.4,218,0.0,90.25,36.58,189.71,6.14,49.36,15.43,10.56,76
2023_SLK33,2023-06-17,23.1,44,7.4,209,0.0,90.3,40.15,197.27,6.5,53.22,16.78,10.51,77
2023_SLK33,2023-06-18,26.4,40,11.0,169,0.0,90.35,44.49,205.43,7.85,57.73,20.13,10.46,78
2023_SLK33,2023-06-19,27.3,36,12.4,188,0.5,91.08,49.28,213.74,9.35,62.52,23.76,9.7,79
2023_SLK33,2023-06-20,28.8,42,15.9,186,0.0,91.13,53.84,222.33,11.23,67.08,27.95,9.64,80
2023_SLK33,2023-06-21,30.3,32,15.3,214,0.0,92.38,59.46,231.19,12.99,72.38,32.05,8.36,81
2023_SLK33,2023-06-22,28.0,54,12.2,246,0.1,89.95,62.99,239.63,7.87,76.02,23.28,10.89,82
2023_SLK33,2023-06-23,24.1,31,11.3,323,3.4,81.75,51.82,241.85,2.44,67.49,8.8,20.06,83
2023_SLK33,2023-06-24,25.3,30,10.9,99,0.0,90.58,56.69,249.81,8.07,72.34,23.1,10.22,84
2023_SLK33,2023-06-25,16.4,76,10.6,80,1.2,78.61,57.8,256.17,1.69,73.91,6.73,23.87,85
2023_SLK33,2023-06-26,23.9,35,9.4,40,0.0,88.66,62.07,263.87,5.68,78.17,18.69,12.26,86
2023_SLK33,2023-06-27,20.4,43,1.1,252,0.0,88.71,65.3,270.95,3.77,81.5,14.02,12.21,87
2023_SLK33,2023-06-28,26.3,43,8.9,166,0.0,89.54,69.41,279.09,6.28,85.6,21.11,11.32,88
2023_SLK33,2023-06-29,19.0,71,10.0,142,3.9,63.7,50.91,278.21,0.83,69.86,3.01,44.57,89
2023_SLK33,2023-06-30,21.3,75,6.6,292,0.9,71.84,52.39,285.44,0.93,71.82,3.55,32.67,90
2023_SLK33,2023-07-01,21.3,55,5.4,318,3.8,65.51,40.52,285.48,0.71,59.82,2.07,41.79,91
2023_SLK33,2023-07-02,27.8,38,8.0,243,0.0,86.81,44.73,294.19,4.06,64.82,13.05,14.28,92
2023_SLK33,2023-07-03,26.0,59,19.1,212,0.0,86.86,47.34,302.57,7.16,68.06,20.53,14.23,93
2023_SLK33,2023-07-04,25.4,39,13.7,247,1.9,85.09,47.17,310.85,4.25,68.39,13.95,16.2,94
2023_SLK33,2023-07-05,15.3,63,13.9,307,2.1,73.19,43.36,317.31,1.41,64.64,5.14,30.86,95
2023_SLK33,2023-07-06,20.4,35,11.7,261,0.0,86.66,46.64,324.68,4.79,68.64,15.32,14.45,96
2023_SLK33,2023-07-07,18.0,73,16.2,302,2.2,72.01,42.09,331.63,1.51,63.91,5.46,32.46,97
2023_SLK33,2023-07-08,17.1,42,6.6,279,8.0,58.71,25.57,314.9,0.52,42.51,0.79,52.67,98
2023_SLK33,2023-07-09,13.7,100,16.7,199,5.6,20.04,15.55,306.71,0.0,27.6,0.0,149.84,99
2023_SLK33,2023-07-10,15.5,53,18.7,259,10.1,49.52,9.44,284.15,0.4,17.42,0.33,69.52,100
2023_SLK33,2023-07-11,13.2,66,20.5,301,2.6,59.79,8.03,290.23,1.13,15.02,0.86,50.86,101
2023_SLK33,2023-07-12,20.4,44,11.5,266,0.3,81.4,10.86,297.6,2.37,19.9,3.78,20.47,102
2023_SLK33,2023-07-13,20.9,46,20.4,225,0.2,87.06,13.65,305.07,7.87,24.55,12.91,14.0,103
2023_SLK33,2023-07-14,21.1,59,15.8,235,1.1,83.02,15.79,312.57,3.59,28.03,7.17,18.57,104
2023_SLK33,2023-07-15,17.6,53,11.3,279,3.2,70.57,13.46,313.53,1.13,24.3,1.58,34.43,105
2023_SLK33,2023-07-16,18.2,66,3.0,256,0.7,76.4,15.0,320.51,0.97,26.85,1.3,26.64,106
2023_SLK33,2023-07-17,13.5,71,10.4,326,6.9,49.03,9.16,307.55,0.25,17.05,0.2,70.48,107
2023_SLK33,2023-07-18,14.4,69,7.9,330,0.4,66.56,10.29,313.85,0.83,19.02,0.73,40.21,108
2023_SLK33,2023-07-19,18.6,57,1.5,194,0.2,77.5,12.28,320.9,0.98,22.41,0.95,25.25,109
2023_SLK33,2023-07-20,22.1,45,10.7,346,0.2,86.3,15.27,328.58,4.33,27.37,8.35,14.85,110
2023_SLK33,2023-07-21,22.1,41,8.2,229,0.6,88.19,18.49,336.26,5.0,32.51,10.42,12.76,111
2023_SLK33,2023-07-22,22.3,59,10.8,244,3.0,73.86,16.17,338.45,1.25,28.89,2.27,29.96,112
2023_SLK33,2023-07-23,19.4,39,8.4,340,2.7,74.6,15.45,345.65,1.14,27.79,1.91,28.98,113
2023_SLK33,2023-07-24,21.6,37,11.0,302,0.0,86.93,18.8,353.24,4.81,33.19,10.2,14.14,114
2023_SLK33,2023-07-25,25.7,40,17.3,268,0.0,89.75,22.58,361.57,9.9,39.06,19.48,11.09,115
2023_SLK33,2023-07-26,19.1,67,7.2,84,5.4,59.36,15.4,353.4,0.56,27.78,0.63,51.57,116
2023_SLK33,2023-07-27,23.3,53,19.8,273,6.3,69.31,11.35,342.87,1.66,20.97,2.53,36.21,117
2023_SLK33,2023-07-28,16.8,52,8.7,353,0.0,80.92,13.37,349.6,1.95,24.41,3.51,21.05,118
2023_SLK33,2023-07-29,18.2,52,16.6,309,1.0,82.63,15.55,356.58,3.56,28.04,7.11,19.03,119
2023_SLK33,2023-07-30,20.5,59,12.0,303,1.5,79.21,17.63,363.97,1.92,31.44,4.17,23.13,120
2023_SLK33,2023-07-31,21.2,66,1.5,14,3.9,58.2,13.72,361.99,0.39,25.07,0.41,53.54,121
2023_SLK33,2023-08-01,23.5,49,11.5,182,0.5,81.47,16.31,369.22,2.39,29.38,4.99,20.4,122
2023_SLK33,2023-08-02,25.3,56,7.3,281,1.5,80.75,18.71,376.78,1.78,33.29,4.0,21.26,123
2023_SLK33,2023-08-03,21.1,61,12.5,319,6.8,63.0,12.21,362.09,0.91,22.53,0.89,45.66,124
2023_SLK33,2023-08-04,22.4,45,3.8,107,0.2,81.15,14.88,369.12,1.56,27.04,2.91,20.78,125
2023_SLK33,2023-08-05,23.9,58,12.5,219,0.0,85.51,17.05,376.43,4.25,30.63,8.77,15.72,126
2023_SLK33,2023-08-06,23.8,53,11.9,272,3.7,74.57,14.16,374.73,1.36,25.87,2.33,29.02,127
2023_SLK33,2023-08-07,20.7,58,8.9,317,0.3,82.84,16.05,381.46,2.48,29.04,5.14,18.78,128
2023_SLK33,2023-08-08,22.3,60,10.3,245,0.3,85.26,17.98,388.48,3.67,32.23,7.95,16.0,129
2023_SLK33,2023-08-09,17.1,69,14.9,290,7.7,56.11,10.75,368.79,0.65,20.05,0.59,57.15,130
2023_SLK33,2023-08-10,13.7,70,12.6,3,5.9,48.03,6.8,356.7,0.24,12.99,0.17,72.51,131
2023_SLK33,2023-08-11,13.3,77,16.4,116,0.8,63.19,7.49,362.1,1.11,14.24,0.82,45.37,132
2023_SLK33,2023-08-12,18.6,44,10.3,65,0.5,81.34,9.76,368.45,2.22,18.32,3.29,20.55,133
2023_SLK33,2023-08-13,20.2,38,5.9,47,0.0,87.54,12.49,375.09,4.05,23.06,7.13,13.48,134
2023_SLK33,2023-08-14,21.4,37,0.5,135,0.0,89.22,15.42,381.94,3.93,28.01,7.77,11.66,135
2023_SLK33,2023-08-15,23.1,59,22.3,267,1.7,81.91,16.29,389.11,4.34,29.49,8.74,19.87,136
2023_SLK33,2023-08-16,17.9,77,19.2,152,0.6,81.28,17.19,395.33,3.44,31.01,7.34,20.62,137
2023_SLK33,2023-08-17,16.0,60,29.0,333,14.5,59.24,9.11,347.98,1.68,17.1,2.15,51.77,138
2023_SLK33,2023-08-18,22.1,43,10.5,218,0.0,82.12,11.84,354.97,2.46,21.86,4.19,19.62,139
2023_SLK33,2023-08-19,25.3,59,15.5,211,2.0,79.82,12.27,362.52,2.44,22.62,4.26,22.38,140
2023_SLK33,2023-08-20,18.7,47,16.1,309,0.3,85.96,14.43,368.89,5.42,26.29,9.9,15.22,141
2023_SLK33,2023-08-21,19.8,49,9.7,266,0.0,87.16,16.63,375.46,4.65,29.95,9.36,13.89,142
2023_SLK33,2023-08-22,20.1,55,8.6,165,0.0,87.21,18.6,382.08,4.43,33.17,9.52,13.84,143
2023_SLK44,2023-06-18,24.5,54,15.2,176,1.7,82.56,35.02,213.57,3.28,49.68,9.38,19.11,78
2023_SLK44,2023-06-19,25.8,50,13.3,178,0.0,87.44,38.56,221.62,5.8,53.74,15.48,13.59,79
2023_SLK44,2023-06-20,27.0,53,21.1,172,0.0,87.96,42.04,229.88,9.27,57.7,22.66,13.02,80
2023_SLK44,2023-06-21,29.0,41,20.7,200,0.0,90.3,46.71,238.51,12.7,62.72,29.4,10.52,81
2023_SLK44,2023-06-22,24.5,75,8.0,265,7.9,56.29,27.69,227.86,0.47,42.47,0.7,56.84,82
2023_SLK44,2023-06-23,23.5,33,10.9,314,8.2,70.08,18.89,216.68,1.09,31.02,1.98,35.13,83
2023_SLK44,2023-06-24,24.0,38,11.4,101,0.0,86.67,22.99,224.4,4.73,36.6,10.63,14.43,84
2023_SLK44,2023-06-25,19.1,56,9.7,59,0.2,86.72,25.33,231.25,4.37,39.77,10.44,14.38,85
2023_SLK44,2023-06-26,21.7,54,13.3,19,0.0,86.94,28.09,238.56,5.4,43.4,13.03,14.14,86
2023_SLK44,2023-06-27,20.3,40,2.6,164,0.0,88.58,31.47,245.61,3.99,47.67,10.76,12.34,87
2023_SLK44,2023-06-28,25.9,44,11.5,180,0.0,89.31,35.45,253.68,6.94,52.54,17.5,11.56,88
2023_SLK44,2023-06-29,19.1,84,11.0,161,9.0,44.92,18.84,238.15,0.14,31.45,0.17,79.05,89
2023_SLK44,2023-06-30,20.6,81,7.3,303,10.7,35.81,10.19,218.97,0.02,18.26,0.02,100.68,90
2023_SLK44,2023-07-01,23.8,44,3.8,319,3.5,62.44,9.92,221.43,0.57,17.85,0.48,46.55,91
2023_SLK44,2023-07-02,27.5,41,10.7,220,0.0,85.93,13.89,230.09,4.11,24.13,7.41,15.25,92
2023_SLK44,2023-07-03,23.3,73,18.6,234,0.6,83.75,15.43,237.98,4.55,26.56,8.57,17.72,93
2023_SLK44,2023-07-04,24.2,41,15.8,225,0.8,87.76,18.94,246.04,6.9,31.77,13.32,13.23,94
2023_SLK44,2023-07-05,14.5,61,16.3,311,1.4,78.99,20.37,252.36,2.34,33.9,5.39,23.39,95
2023_SLK44,2023-07-06,20.1,38,16.0,234,0.1,87.58,23.46,259.68,6.79,38.27,14.54,13.43,96
2023_SLK44,2023-07-07,18.0,77,16.3,317,6.7,55.04,14.32,250.77,0.64,25.06,0.67,59.07,97
2023_SLK44,2023-07-08,18.7,36,8.9,249,1.3,76.33,17.3,257.84,1.3,29.62,2.47,26.73,98
2023_SLK48,2023-06-19,26.1,55,10.1,186,5.4,70.75,36.82,229.71,1.07,52.57,3.2,34.19,79
2023_SLK48,2023-06-20,29.1,47,9.9,170,0.0,86.68,41.03,238.35,4.39,57.37,12.94,14.42,80
2023_SLK48,2023-06-21,31.2,41,14.8,209,4.2,83.99,33.72,239.53,3.88,49.88,10.79,17.45,81
2023_SLK48,2023-06-22,25.3,40,15.8,270,2.6,82.85,31.94,247.49,3.51,48.3,9.76,18.77,82
2023_SLK48,2023-06-23,21.2,41,16.4,279,0.3,88.09,35.4,254.71,7.45,52.55,18.44,12.88,83
2023_SLK48,2023-06-24,22.7,34,4.2,70,0.0,90.2,39.54,262.2,5.45,57.43,15.32,10.62,84
2023_SLK48,2023-06-25,25.7,34,8.6,237,0.0,91.14,44.2,270.23,7.78,62.74,20.89,9.64,85
2023_SLK48,2023-06-26,15.3,48,11.8,38,0.6,88.5,46.44,276.39,6.27,65.41,18.25,12.43,86
2023_SLK48,2023-06-27,20.4,34,7.2,162,0.0,89.99,50.18,283.47,6.16,69.57,18.62,10.84,87
2023_SLK48,2023-06-28,25.8,41,10.9,172,0.0,90.04,54.36,291.51,7.47,74.15,22.15,10.79,88
2023_SLK48,2023-06-29,24.5,57,4.7,81,5.3,66.61,37.97,286.76,0.71,57.05,1.98,40.15,89
2023_SLK48,2023-06-30,21.8,67,5.5,58,13.6,47.94,18.77,255.61,0.17,31.71,0.2,72.69,90
2023_SLK48,2023-07-01,26.9,42,5.3,298,0.2,80.36,22.58,264.16,1.54,37.21,3.71,21.73,91
2023_SLK48,2023-07-02,29.8,34,9.5,205,0.0,90.7,27.37,273.23,7.64,43.78,17.08,10.1,92
2023_SLK48,2023-07-03,23.4,60,16.5,238,1.8,80.97,27.61,281.14,2.9,44.33,7.85,20.99,93
2023_SLK48,2023-07-04,24.3,41,22.7,228,0.2,88.64,31.13,289.22,11.08,49.06,23.68,12.28,94
2023_SLK48,2023-07-05,11.7,57,17.3,293,4.4,63.67,22.25,285.48,1.19,37.25,2.71,44.61,95
2023_SLK51,2023-06-20,28.5,42,17.2,200,0.0,89.97,58.08,226.89,10.16,70.83,26.82,10.86,80
2023_SLK51,2023-06-21,31.7,35,14.5,210,0.0,91.97,63.69,236.0,11.78,76.06,30.74,8.78,81
2023_SLK51,2023-06-22,27.9,40,9.4,268,0.0,92.02,68.27,244.43,9.17,80.4,26.65,8.73,82
2023_SLK51,2023-06-23,22.8,35,15.8,300,2.1,84.91,64.15,251.94,4.61,78.4,16.04,16.4,83
2023_SLK51,2023-06-24,22.9,37,5.6,45,0.0,89.11,68.13,259.46,5.0,82.26,17.49,11.78,84
2023_SLK51,2023-06-25,24.4,36,4.3,156,0.0,90.37,72.43,267.26,5.62,86.35,19.56,10.44,85
2023_SLK51,2023-06-26,13.3,61,13.7,23,0.0,87.16,73.91,273.06,5.7,88.16,19.98,13.89,86
2023_SLK51,2023-06-27,19.0,33,5.2,155,0.0,89.56,77.45,279.88,5.23,91.56,19.17,11.3,87
2023_SLK51,2023-06-28,25.6,34,14.5,166,0.0,91.07,82.09,287.89,10.37,95.85,31.64,9.71,88
2023_SLK53,2023-06-23,20.7,44,17.6,281,0.9,85.13,22.67,224.81,5.21,36.21,11.44,16.15,83
2023_SLK53,2023-06-24,22.1,35,4.9,126,0.0,89.29,26.64,232.19,4.96,41.4,11.85,11.59,84
2023_SLK53,2023-06-25,26.9,25,8.4,260,0.0,92.86,32.17,240.44,9.82,48.21,21.55,7.87,85
2023_SLK53,2023-06-26,15.7,43,10.8,37,1.2,84.4,34.69,246.67,3.35,51.33,9.72,16.98,86
2023_SLK53,2023-06-27,20.3,35,9.3,164,0.0,88.97,38.35,253.73,5.91,55.66,16.01,11.93,87
2023_SLK53,2023-06-28,25.8,47,9.6,160,0.0,89.02,42.1,261.77,6.04,60.06,16.96,11.87,88
2023_SLK53,2023-06-29,23.0,65,4.7,86,6.0,60.23,27.98,255.51,0.53,43.94,0.81,50.12,89
2023_SLK54,2023-06-23,21.5,40,15.3,278,1.3,84.81,32.73,230.24,4.44,48.29,11.83,16.51,83
2023_SLK54,2023-06-24,23.2,35,3.0,104,0.0,89.3,36.89,237.82,4.51,53.16,12.66,11.57,84
2023_SLK54,2023-06-25,26.0,33,8.4,227,0.0,91.22,41.67,245.91,7.79,58.54,20.17,9.55,85
2023_SLK54,2023-06-26,16.3,46,11.2,40,0.6,88.62,44.14,252.24,6.18,61.41,17.46,12.31,86
2023_SLK54,2023-06-27,20.3,34,8.7,163,0.0,90.02,47.86,259.3,6.67,65.5,19.11,10.81,87
2023_SLK54,2023-06-28,25.7,49,10.1,186,0.1,90.06,51.46,267.33,7.2,69.48,20.84,10.76,88
2023_SLK54,2023-06-29,22.1,74,2.8,140,9.7,47.02,28.35,249.48,0.13,44.16,0.2,74.59,89
2023_SLK54,2023-06-30,21.8,70,7.6,65,11.1,45.99,15.11,228.65,0.14,25.93,0.15,76.75,90
2023_SLK54,2023-07-01,26.9,41,5.2,295,0.2,79.98,18.98,237.2,1.47,31.64,3.09,22.18,91
2023_SLK54,2023-07-02,29.4,33,10.5,207,0.0,90.8,23.78,246.19,8.16,38.31,16.72,9.99,92
2023_SLK54,2023-07-03,24.5,48,17.4,236,3.0,80.46,21.42,249.89,2.87,35.28,6.73,21.6,93
2023_SLK54,2023-07-04,23.7,42,22.5,230,0.1,88.26,24.8,257.86,10.38,39.98,20.4,12.69,94
2023_SLK54,2023-07-05,12.2,53,16.6,292,1.0,82.64,26.27,263.76,3.56,42.06,9.09,19.01,95
2023_SLK54,2023-07-06,21.7,35,19.9,221,0.0,89.28,29.75,271.37,10.53,46.7,22.29,11.6,96
2023_SLK54,2023-07-07,16.0,55,14.4,347,4.3,67.28,21.99,269.13,1.18,36.53,2.64,39.15,97
2023_SLK58,2023-06-27,18.6,39,6.4,164,0.0,88.23,43.5,270.21,4.59,62.03,14.01,12.72,87
2023_SLK58,2023-06-28,24.9,39,13.9,159,0.0,89.92,47.67,278.09,8.54,66.74,23.06,10.91,88
2023_SLK58,2023-06-29,25.1,51,10.4,136,0.7,87.47,51.05,286.01,5.04,70.6,16.17,13.55,89
2023_SLK7,2023-05-26,26.8,36,18.4,220,0.0,90.99,36.39,120.78,12.47,41.51,23.7,9.8,55
2023_SLK7,2023-05-27,27.0,34,21.0,257,0.0,91.47,41.27,128.05,15.23,45.71,28.52,9.29,56
2023_SLK7,2023-05-28,27.6,19,18.2,188,0.8,93.92,47.39,135.42,18.66,50.55,34.29,6.8,57
2023_SLK7,2023-05-29,27.1,22,19.3,204,0.0,94.06,53.18,142.7,20.12,55.06,37.51,6.65,58
2023_SLK7,2023-05-30,27.2,39,16.0,189,0.3,92.42,57.73,150.0,13.54,58.84,29.76,8.32,59
2023_SLK7,2023-05-31,21.6,73,4.2,110,6.7,53.62,35.74,144.19,0.3,44.13,0.47,61.66,60
2023_SLK7,2023-06-01,25.0,56,13.2,116,8.0,64.86,22.08,137.21,1.02,31.49,1.81,42.78,61
2023_SLK7,2023-06-02,26.3,53,11.9,145,3.7,73.73,18.99,140.39,1.31,28.38,2.4,30.12,62
2023_SLK7,2023-06-03,29.2,46,8.6,180,0.0,87.26,23.29,149.05,4.46,33.5,9.63,13.79,63
2023_SLK7,2023-06-04,26.0,61,10.2,23,3.9,72.81,18.98,151.55,1.15,28.91,2.02,31.36,64
2023_SLK7,2023-06-05,19.2,70,12.8,122,0.8,78.05,20.58,158.41,1.8,31.07,3.85,24.56,65
2023_SLK7,2023-06-06,13.7,78,15.3,129,4.3,54.56,14.51,157.61,0.58,23.59,0.58,59.93,66
2023_SLK7,2023-06-07,21.0,32,14.8,166,4.4,72.83,13.13,157.9,1.46,21.74,2.17,31.34,67
2023_SLK7,2023-06-08,24.0,35,9.2,231,0.1,87.54,17.42,165.63,4.79,27.59,9.16,13.47,68
2023_SLK7,2023-06-09,17.5,85,14.3,10,6.3,48.43,10.64,160.56,0.28,18.26,0.24,71.7,69
2023_SLK7,2023-06-10,16.5,38,14.1,32,0.4,77.21,13.52,166.93,1.8,22.48,2.99,25.62,70
2023_SLK7,2023-06-11,22.1,30,6.3,336,0.0,88.47,17.79,174.32,4.73,28.35,9.2,12.47,71
2023_SLK7,2023-06-12,25.0,28,4.6,252,0.0,91.71,22.74,182.22,6.9,34.66,13.96,9.04,72
2023_SLK7,2023-06-13,21.0,48,14.4,356,0.0,89.92,25.77,189.4,8.75,38.45,17.66,10.92,73
2023_SLK7,2023-06-14,10.2,59,11.6,30,0.0,87.17,26.99,194.64,5.12,40.08,11.95,13.89,74
2023_SLK7,2023-06-15,18.8,24,8.4,80,0.0,91.16,30.97,201.43,7.73,44.74,17.41,9.61,75
2023_SLK7,2023-06-16,23.1,35,15.2,211,0.0,91.21,35.11,208.99,10.96,49.45,23.6,9.56,76
2023_SLK7,2023-06-17,22.3,51,11.3,211,0.7,87.27,38.13,216.41,5.12,52.94,13.96,13.77,77
2023_SLK7,2023-06-18,21.5,67,12.6,175,6.8,61.81,23.92,209.16,0.86,37.21,1.62,47.56,78
2023_SLK7,2023-06-19,25.9,48,14.4,193,3.0,76.94,22.1,213.2,1.79,35.11,4.19,25.96,79
2023_SLK7,2023-06-20,28.3,48,20.4,172,0.0,87.82,26.13,221.7,8.77,40.36,18.12,13.17,80
2023_SLK7,2023-06-21,30.7,33,20.2,202,0.0,92.05,31.74,230.63,15.89,47.23,29.81,8.69,81
2023_SLK7,2023-06-22,23.3,54,10.4,314,3.2,75.75,27.15,233.4,1.35,42.07,3.52,27.48,82
2023_SLK7,2023-06-23,23.8,31,11.5,290,2.4,82.44,27.34,241.08,2.69,42.6,7.14,19.25,83
2023_SLK7,2023-06-24,25.4,30,6.0,115,0.0,90.42,32.22,249.06,6.16,48.7,15.36,10.39,84
2023_SLK7,2023-06-25,23.7,37,5.9,133,0.0,90.47,36.34,256.73,6.17,53.68,16.22,10.34,85
2023_SLK7,2023-06-26,18.8,51,13.7,35,0.0,89.0,38.9,263.52,7.41,56.83,19.15,11.89,86
2023_SLK7,2023-06-27,21.8,30,4.2,160,0.0,90.91,43.12,270.85,6.03,61.69,17.19,9.87,87
2023_SLK7,2023-06-28,26.6,42,12.3,185,0.0,90.96,47.35,279.04,9.14,66.5,24.14,9.82,88
2023_SLK7,2023-06-29,19.2,89,4.8,153,13.2,32.33,22.68,249.32,0.01,36.96,0.01,110.08,89
2023_SLK7,2023-06-30,20.1,77,7.6,5,8.3,37.72,13.18,236.23,0.03,23.13,0.03,95.82,90
2023_SLK7,2023-07-01,25.2,45,4.1,308,3.4,64.89,12.46,238.99,0.65,22.05,0.62,42.73,91
2023_SLK7,2023-07-02,27.6,38,11.3,202,0.3,87.13,16.64,247.66,5.02,28.5,9.7,13.93,92
2023_SLK7,2023-07-03,25.0,48,17.9,248,1.8,83.92,18.28,255.87,4.49,31.03,9.26,17.53,93
2023_SLK7,2023-07-04,24.4,34,20.7,231,0.0,90.24,22.24,263.96,12.59,36.74,22.47,10.58,94
2023_SLK7,2023-07-05,12.9,56,15.6,320,1.4,79.9,23.68,269.99,2.47,38.85,6.23,22.28,95
2023_SLK7,2023-07-06,20.4,35,20.0,219,0.0,88.52,26.97,277.36,9.5,43.39,19.94,12.41,96
2023_SLK7,2023-07-07,16.9,64,13.4,340,4.0,65.63,20.27,276.12,1.06,34.25,2.12,41.6,97
2023_SLK7,2023-07-08,18.6,38,13.9,253,0.4,83.77,23.13,283.17,3.6,38.42,8.69,17.7,98
2023_SLK7,2023-07-09,15.1,92,19.4,228,10.3,33.67,11.58,261.52,0.02,20.86,0.02,106.37,99
2023_SLK7,2023-07-10,13.7,62,18.7,268,9.9,45.76,6.89,242.22,0.24,12.86,0.16,77.26,100
2023_SLK7,2023-07-11,17.8,38,22.2,306,3.8,69.49,6.75,242.39,1.88,12.63,1.93,35.96,101
2023_SLK7,2023-07-12,20.7,46,13.9,260,0.0,84.1,9.52,249.82,3.76,17.38,5.6,17.33,102
2023_SLK7,2023-07-13,18.9,64,17.6,239,2.5,73.43,8.78,256.92,1.72,16.17,2.11,30.53,103
2023_SLK7,2023-07-14,19.0,65,10.9,236,10.3,53.43,5.68,237.7,0.42,10.73,0.26,62.0,104
2023_SLK7,2023-07-15,18.2,63,9.2,239,4.8,55.18,4.55,235.12,0.45,8.68,0.25,58.82,105
2023_SLK7,2023-07-16,17.0,69,12.8,344,5.1,53.18,3.4,231.52,0.45,6.56,0.22,62.48,106
2023_SLK7,2023-07-17,12.2,83,9.7,333,6.8,34.99,1.77,222.34,0.02,3.47,0.01,102.84,107
2023_SLK7,2023-07-18,14.2,70,3.4,328,0.7,53.24,2.85,228.6,0.28,5.52,0.13,62.37,108
2023_SLK7,2023-07-19,19.0,53,2.4,117,0.0,72.78,5.06,235.73,0.78,9.61,0.46,31.4,109
2023_SLK7,2023-07-20,21.0,61,12.4,350,0.5,82.22,7.09,243.21,2.74,13.21,3.35,19.5,110
2023_SLK7,2023-07-21,23.4,44,10.6,288,0.1,87.75,10.31,251.13,5.3,18.7,8.04,13.24,111
2023_SLK7,2023-07-22,21.0,73,9.8,276,2.7,69.23,8.91,258.61,1.0,16.41,0.8,36.33,112
2023_SLK7,2023-07-23,16.2,50,7.2,307,0.6,80.09,10.94,265.23,1.65,19.84,2.39,22.06,113
2023_SLK7,2023-07-24,22.2,40,6.4,308,0.0,87.41,14.23,272.93,4.08,25.17,7.55,13.61,114
2023_SLK7,2023-07-25,25.8,33,9.7,285,0.0,90.93,18.46,281.28,7.99,31.72,14.92,9.85,115
2023_SLK7,2023-07-26,21.3,42,7.1,49,0.0,90.67,21.51,288.82,6.75,36.27,14.06,10.13,116
2023_SLK7,2023-07-27,18.3,71,20.5,292,4.5,65.29,15.4,285.95,1.5,27.14,2.77,42.12,117
2023_SLK7,2023-07-28,17.3,44,6.5,354,0.1,80.69,17.82,292.77,1.7,30.93,3.59,21.33,118
2023_SLK7,2023-07-29,19.4,51,16.6,300,0.2,85.72,20.18,299.96,5.37,34.54,11.43,15.49,119
2023_SLK7,2023-07-30,23.0,44,8.9,320,0.1,88.31,23.34,307.81,5.27,39.25,12.08,12.63,120
2023_SLK7,2023-07-31,22.5,45,6.5,6,4.1,72.66,18.98,306.6,0.95,32.87,1.68,31.57,121
2023_SLK7,2023-08-01,24.1,49,12.6,183,0.0,85.29,21.63,313.94,4.14,36.9,9.56,15.97,122
2023_SLK7,2023-08-02,24.6,59,19.7,294,12.7,67.73,12.1,283.24,1.57,21.86,2.43,38.5,123
2023_SLK7,2023-08-03,20.9,60,11.4,11,1.9,73.34,12.32,290.01,1.25,22.27,1.74,30.65,124
2023_SLK7,2023-08-04,21.5,50,8.5,168,0.5,84.03,14.65,296.88,2.84,26.09,5.48,17.4,125
2023_SLK7,2023-08-05,24.9,50,13.3,268,1.7,82.72,16.19,304.37,3.05,28.57,6.22,18.92,126
2023_SLK7,2023-08-06,23.1,52,13.3,272,0.1,86.63,18.58,311.53,5.17,32.35,10.68,14.48,127
2023_SLK7,2023-08-07,18.5,59,13.0,298,2.9,72.08,15.84,313.02,1.29,28.12,2.33,32.35,128
2023_SLK7,2023-08-08,20.4,58,6.4,254,0.4,81.62,17.71,319.69,1.88,31.1,4.04,20.21,129
2023_SLK7,2023-08-09,12.7,86,14.4,323,13.8,34.69,8.41,282.72,0.02,15.66,0.02,103.63,130
2023_SLK7,2023-08-10,18.4,45,4.7,9,2.5,59.03,8.35,289.03,0.49,15.57,0.38,52.12,131
2023_SLK7,2023-08-11,15.0,63,17.9,120,0.2,75.65,9.58,294.74,1.96,17.72,2.75,27.61,132
2023_SLK7,2023-08-12,19.2,40,7.2,84,0.4,85.53,12.09,301.2,3.26,21.98,5.63,15.7,133
2023_SLK7,2023-08-13,20.6,36,5.4,110,0.0,88.97,14.96,307.91,4.85,26.68,9.08,11.93,134
2023_SLK7,2023-08-14,22.8,34,10.0,218,0.0,90.49,18.22,315.02,7.62,31.83,14.41,10.31,135
2023_SLK7,2023-08-15,20.7,60,18.2,304,5.2,69.25,12.93,308.78,1.53,23.41,2.49,36.3,136
2023_SLK7,2023-08-16,14.8,100,20.1,114,10.3,15.28,6.22,284.58,0.0,11.79,0.0,168.72,137
2023_SLK7,2023-08-17,16.4,44,23.2,336,27.1,53.91,4.38,213.38,0.81,8.34,0.44,61.11,138
2023_SLK7,2023-08-18,23.2,43,21.4,205,0.1,83.22,7.24,220.56,4.88,13.38,6.2,18.34,139
2023_SLK7,2023-08-19,26.5,58,20.3,263,1.2,84.19,9.63,228.34,5.25,17.43,7.67,17.22,140
2023_SLK7,2023-08-20,18.5,45,18.5,283,0.8,85.75,11.86,234.67,5.94,21.06,9.47,15.45,141
2023_SLK7,2023-08-21,21.2,44,11.9,256,0.0,88.08,14.44,241.49,5.93,25.12,10.4,12.89,142
2023_SLK7,2023-08-22,18.4,65,5.0,159,0.2,86.63,15.85,247.81,3.41,27.33,6.72,14.47,143
2023_SLK7,2023-08-23,15.5,76,10.7,130,4.1,57.83,11.23,245.88,0.6,20.15,0.55,54.16,144
2023_SLK7,2023-08-24,19.0,71,9.0,337,3.5,56.88,8.65,246.39,0.52,15.91,0.41,55.81,145
2023_SLK7,2023-08-25,12.7,88,15.9,39,12.4,29.13,4.17,220.08,0.01,7.97,0.0,119.37,146
2023_SLK7,2023-08-26,18.9,40,8.2,229,0.0,68.21,6.65,226.49,0.89,12.39,0.61,37.8,147
2023_SLK7,2023-08-27,20.2,58,17.3,234,0.2,81.72,8.5,233.13,3.3,15.57,4.59,20.1,148
2023_SLK7,2023-08-28,12.8,73,8.2,337,2.8,61.65,6.66,234.74,0.68,12.44,0.46,47.81,149
2023_SLK7,2023-08-29,13.1,62,3.5,24,4.2,50.13,4.81,232.33,0.2,9.14,0.11,68.3,150
2023_SLK7,2023-08-30,20.3,56,12.6,270,0.0,75.72,6.75,238.99,1.51,12.61,1.2,27.51,151
2023_SLK7,2023-08-31,23.8,48,16.7,173,0.0,86.27,9.42,246.28,5.83,17.2,8.36,14.88,152
2023_SLK7,2023-09-01,22.9,57,15.0,235,1.3,82.74,11.26,252.1,3.33,20.26,5.46,18.89,153
2023_SLK7,2023-09-02,27.1,46,25.1,245,1.1,87.21,13.97,258.68,10.18,24.62,15.79,13.84,154
2023_SLK7,2023-09-03,24.2,35,13.0,284,0.0,90.32,16.9,264.74,8.64,29.15,15.17,10.49,155
2023_SLK7,2023-09-04,26.6,43,16.1,153,0.0,90.37,19.71,271.24,10.17,33.36,18.36,10.44,156
2023_SLK70,2023-07-01,29.2,38,12.3,249,0.1,83.57,13.53,197.34,3.23,23.1,5.76,17.93,91
2023_SLK70,2023-07-02,29.8,32,12.9,203,0.2,91.58,18.46,206.41,10.28,30.18,17.6,9.18,92
2023_SLK70,2023-07-03,24.3,46,18.4,235,0.6,88.96,21.68,214.49,9.33,34.62,17.55,11.94,93
2023_SLK70,2023-07-04,16.9,76,19.4,280,2.8,68.09,18.01,221.23,1.56,29.93,3.17,37.97,94
2023_SLK70,2023-07-05,16.2,37,13.9,291,0.4,83.65,20.57,227.85,3.54,33.56,7.89,17.84,95
2023_SLK75,2023-07-05,15.4,41,13.4,284,0.7,81.02,20.13,239.58,2.49,33.28,5.67,20.94,95
2023_SLK75,2023-07-06,21.8,39,20.4,226,0.0,88.36,23.41,247.21,9.47,37.86,18.56,12.59,96
2023_SLK75,2023-07-07,17.1,41,15.3,345,2.6,77.7,21.49,253.99,1.99,35.47,4.71,25.0,97
2023_SLK75,2023-07-08,21.1,39,19.7,235,0.2,87.6,24.67,261.49,8.2,39.92,17.14,13.41,98
2023_SLK75,2023-07-09,14.2,84,15.6,285,13.0,39.63,11.7,233.25,0.07,20.79,0.07,91.12,99
2023_SUD10,2023-06-03,24.6,32,14.4,77,1.5,88.11,55.6,135.54,6.76,55.59,17.68,12.85,63
2023_SUD10,2023-06-04,24.7,25,2.2,189,0.0,92.0,60.7,143.39,6.37,60.66,17.73,8.74,64
2023_SUD10,2023-06-05,24.4,33,14.3,18,0.3,92.05,65.19,151.19,11.8,65.14,28.5,8.69,65
2023_SUD10,2023-06-06,19.2,28,17.1,15,0.0,92.1,69.04,158.05,13.69,68.97,32.4,8.64,66
2023_SUD10,2023-06-07,18.0,30,21.0,16,0.0,92.15,72.56,164.69,16.78,72.48,37.96,8.59,67
2023_SUD10,2023-06-08,18.3,40,15.0,27,0.0,90.87,75.63,171.39,10.34,75.54,28.05,9.92,68
2023_SUD10,2023-06-09,23.4,30,13.0,358,0.0,91.6,80.14,179.01,10.37,80.04,28.91,9.16,69
2023_SUD10,2023-06-10,23.3,36,4.3,312,0.0,91.65,84.25,186.61,6.74,84.14,21.98,9.11,70
2023_SUD10,2023-06-11,12.7,68,14.3,34,6.2,55.78,51.82,180.31,0.61,60.31,1.65,57.74,71
2023_SUD17,2023-06-02,27.8,44,10.0,30,0.0,91.4,52.08,126.73,8.66,52.07,20.49,9.37,62
2023_SUD17,2023-06-03,25.1,34,13.1,81,2.2,85.53,50.15,134.65,4.39,51.94,12.21,15.71,63
2023_SUD17,2023-06-04,25.0,24,3.2,207,0.0,91.81,55.37,142.56,6.52,56.19,17.31,8.94,64
2023_SUD17,2023-06-05,24.5,33,14.5,19,0.5,91.86,59.89,150.37,11.6,60.02,27.04,8.89,65
2023_SUD17,2023-06-06,19.5,27,17.2,16,0.0,91.91,63.85,157.29,13.38,63.83,30.73,8.84,66
2023_SUD17,2023-06-07,18.3,29,20.8,14,0.0,91.96,67.47,163.98,16.16,67.45,35.78,8.79,67
2023_SUD17,2023-06-08,18.6,39,17.0,21,0.0,90.98,70.64,170.74,11.61,70.61,29.34,9.81,68
2023_SUD17,2023-06-09,23.8,29,11.2,345,0.1,91.85,75.29,178.42,9.81,75.24,27.0,8.9,69
2023_SUD17,2023-06-10,22.9,35,4.3,294,0.0,91.9,79.4,185.95,6.98,79.34,21.86,8.85,70
2023_SUD19,2023-06-06,19.1,28,18.4,11,0.0,91.28,73.84,181.32,13.0,73.83,32.37,9.49,66
2023_SUD19,2023-06-07,17.9,30,22.0,11,0.0,91.33,77.34,187.95,15.7,77.32,37.5,9.44,67
2023_SUD19,2023-06-08,18.2,41,15.8,17,0.0,90.5,80.34,194.63,10.21,80.31,28.67,10.3,68
2023_SUD19,2023-06-09,23.5,30,12.4,350,0.1,91.56,84.87,202.26,10.0,84.83,29.06,9.2,69
2023_SUD19,2023-06-10,23.1,36,7.3,349,0.1,91.61,88.95,209.82,7.79,88.89,25.06,9.15,70
2023_SUD19,2023-06-11,12.3,69,13.0,28,5.3,56.65,56.87,205.17,0.62,67.18,1.92,56.2,71
2023_THU40,2023-08-01,25.8,41,12.1,217,0.7,88.98,26.52,357.91,6.82,44.75,15.85,11.91,122
2023_THU40,2023-08-02,27.6,39,6.8,270,5.6,76.74,19.77,349.93,1.2,34.64,2.57,26.21,123
2023_THU40,2023-08-03,25.0,43,16.4,322,0.0,87.63,22.84,357.43,6.98,39.38,15.07,13.37,124
2023_THU40,2023-08-04,24.6,42,4.8,103,0.0,89.18,25.91,364.87,4.86,44.01,12.06,11.7,125
2023_TIM7,2023-06-03,24.5,31,10.5,94,0.2,88.62,38.01,126.03,5.97,43.34,14.07,12.31,63
2023_TIM7,2023-06-04,25.8,25,3.6,233,0.0,92.39,43.32,134.08,7.22,47.93,17.17,8.34,64
2023_TIM7,2023-06-05,22.0,40,16.7,7,0.1,91.32,46.97,141.45,12.01,51.33,25.63,9.45,65
2023_TIM7,2023-06-06,18.0,30,17.4,13,0.0,91.37,50.49,148.09,12.53,54.52,27.19,9.4,66
2023_TIM7,2023-06-07,17.3,33,23.6,21,0.0,91.42,53.74,154.61,17.25,57.51,34.6,9.34,67
2023_TIM7,2023-06-08,18.3,43,13.2,26,0.0,90.28,56.65,161.31,8.68,60.33,22.14,10.53,68
2023_TIM7,2023-06-09,23.6,33,9.8,343,0.0,91.0,61.01,168.96,8.11,64.13,21.77,9.78,69
2023_TIM7,2023-06-10,18.0,51,14.0,360,0.0,89.04,63.47,175.6,7.57,66.68,21.14,11.85,70
2023_WAW2,2023-05-26,20.5,33,14.9,238,0.0,88.87,26.39,95.06,7.73,31.15,14.41,12.03,55
2023_WAW2,2023-05-27,23.3,28,16.4,241,0.0,91.7,31.01,101.66,12.48,35.19,21.86,9.06,56
2023_WAW2,2023-05-28,26.5,27,1.5,166,0.0,92.65,36.32,108.84,6.73,39.6,14.71,8.08,57
2023_WAW3,2023-05-26,20.4,32,15.3,236,0.0,88.96,26.47,93.17,7.98,30.95,14.72,11.94,55
2023_WAW3,2023-05-27,23.5,27,16.7,237,0.0,91.94,31.2,99.8,13.11,35.02,22.58,8.81,56
2023_WAW3,2023-05-28,25.9,27,1.5,135,0.0,92.61,36.39,106.87,6.7,39.31,14.59,8.12,57
2023_WAW3,2023-05-29,27.0,18,11.9,209,0.0,94.75,42.45,114.13,15.24,43.99,28.0,5.97,58
2023_WAW3,2023-05-30,25.4,27,16.3,211,0.0,94.26,47.54,121.11,17.79,47.99,32.41,6.45,59
2023_WAW3,2023-05-31,27.4,29,13.4,204,0.0,94.1,52.87,128.45,15.03,52.85,30.31,6.61,60
2023_WAW3,2023-06-01,29.0,35,9.4,198,0.0,93.35,58.02,137.07,11.07,57.98,25.74,7.36,61
2023_WAW3,2023-06-02,25.8,49,9.0,74,0.4,90.68,61.63,145.12,7.43,61.59,20.02,10.12,62
2023_WAW3,2023-06-03,26.2,25,9.0,85,2.4,86.69,57.56,153.24,4.2,59.37,12.74,14.41,63
2023_WAW3,2023-06-04,26.9,34,9.0,286,0.0,90.84,62.43,161.48,7.61,63.49,20.69,9.94,64
2024_COC11,2024-06-23,25.3,37,15.3,49,0.0,90.98,39.07,217.45,10.66,53.92,24.17,9.8,83
2024_COC11,2024-06-24,28.1,36,5.9,256,0.0,91.27,43.99,225.91,6.92,59.17,18.6,9.5,84
2024_COC11,2024-06-25,20.8,78,20.7,215,7.1,58.64,26.62,217.36,1.06,40.76,2.52,52.79,85
2024_COC11,2024-06-26,15.2,40,8.7,343,2.6,67.55,24.3,223.5,0.9,38.22,1.82,38.76,86
2024_COC15,2024-06-23,25.2,42,10.3,241,0.0,88.83,26.29,172.98,6.09,38.1,13.33,12.08,83
2024_COC15,2024-06-24,23.1,52,23.4,151,1.5,84.09,29.35,180.54,6.06,41.73,13.95,17.33,84
2024_COC15,2024-06-25,6.7,74,33.0,16,14.5,44.33,13.01,153.19,0.39,21.47,0.37,80.35,85
2024_COC15,2024-06-26,10.9,53,10.4,314,0.0,67.02,14.5,158.55,0.96,23.6,0.97,39.53,86
2024_COC15,2024-06-27,15.3,48,8.6,213,0.4,80.23,16.74,164.71,1.8,26.7,3.42,21.88,87
2024_COC15,2024-06-28,8.5,68,29.2,308,4.2,59.71,11.77,163.11,1.75,19.95,2.61,50.99,88
2024_COC15,2024-06-29,9.5,67,12.5,12,0.0,71.86,12.7,168.23,1.25,21.36,1.65,32.65,89
2024_COC15,2024-06-30,22.3,53,26.9,296,0.0,84.79,15.59,175.64,7.95,25.52,13.28,16.53,90
2024_COC15,2024-07-01,24.0,37,26.8,253,0.5,89.82,19.3,183.67,16.12,30.57,24.48,11.02,91
2024_COC15,2024-07-02,17.2,65,22.1,154,0.0,86.62,20.81,190.47,8.04,32.69,15.24,14.49,92
2024_COC15,2024-07-03,18.4,85,14.5,255,7.8,46.27,11.81,181.32,0.21,20.32,0.19,76.16,93
2024_COC15,2024-07-04,14.5,51,25.8,334,2.5,66.71,10.87,187.64,2.06,18.99,3.1,40.0,94
2024_COC15,2024-07-05,19.6,53,20.4,248,0.0,82.34,13.16,194.87,4.15,22.51,7.18,19.36,95
2024_COC15,2024-07-06,23.4,60,7.3,106,2.2,75.37,13.12,202.79,1.13,22.58,1.43,27.97,96
2024_COC15,2024-07-07,24.6,62,18.0,187,6.1,68.97,9.61,198.71,1.5,17.14,1.79,36.7,97
2024_COC15,2024-07-08,18.5,45,7.3,218,16.8,54.81,6.64,166.71,0.4,12.08,0.27,59.48,98
2024_COC15,2024-07-09,11.9,78,19.6,13,3.2,52.22,4.78,168.44,0.57,8.92,0.32,64.28,99
2024_COC15,2024-07-10,19.5,51,14.8,229,0.0,77.7,7.15,175.65,1.94,12.98,2.07,25.0,100
2024_COC15,2024-07-11,23.8,68,24.0,260,0.6,83.06,9.02,183.64,5.45,16.07,7.59,18.52,101
2024_COC15,2024-07-12,14.8,64,15.2,51,22.7,48.66,5.04,138.7,0.3,9.24,0.17,71.24,102
2024_COC15,2024-07-13,11.0,86,19.5,104,5.4,36.92,2.75,135.54,0.05,5.24,0.02,97.84,103
2024_COC15,2024-07-14,13.9,83,7.2,90,1.1,48.23,3.35,141.75,0.19,6.33,0.09,72.11,104
2024_COC15,2024-07-15,17.4,70,8.6,61,0.8,65.88,4.65,148.58,0.84,8.63,0.47,41.24,105
2024_COC15,2024-07-16,14.2,68,22.0,5,0.2,77.37,5.8,154.84,2.71,10.61,2.84,25.41,106
2024_COC15,2024-07-17,15.9,61,11.9,331,0.0,82.39,7.36,161.41,2.72,13.21,3.33,19.31,107
2024_COC15,2024-07-18,21.0,63,23.3,261,0.1,84.73,9.28,168.89,6.57,16.32,9.02,16.6,108
2024_COC15,2024-07-19,14.6,64,27.5,338,3.6,68.35,7.21,170.1,2.37,13.04,2.78,37.59,109
2024_COC15,2024-07-20,9.9,77,25.8,324,0.0,75.46,7.8,175.59,2.89,14.05,3.71,27.85,110
2024_COC15,2024-07-21,11.5,76,11.8,321,0.0,78.55,8.52,181.36,1.79,15.24,2.13,23.93,111
2024_COC15,2024-07-22,11.5,74,16.6,2,1.6,70.73,8.6,187.13,1.48,15.43,1.54,34.21,112
2024_COC15,2024-07-23,19.7,57,6.5,336,0.1,81.13,10.7,194.38,1.79,18.82,2.55,20.79,113
2024_COC15,2024-07-24,22.7,46,11.9,252,0.1,87.12,13.72,202.17,5.17,23.46,8.92,13.94,114
2024_COC15,2024-07-25,10.9,74,14.9,37,0.0,84.29,14.45,207.84,4.06,24.63,7.41,17.1,115
2024_COC15,2024-07-26,21.3,66,19.0,170,0.2,84.73,16.24,215.38,5.29,27.33,9.9,16.61,116
2024_COC15,2024-07-27,26.4,45,21.6,233,4.6,80.12,13.8,215.33,3.42,23.79,6.2,22.01,117
2024_COC15,2024-07-28,27.2,54,31.0,232,3.5,81.13,12.51,218.46,6.14,21.88,9.94,20.79,118
2024_COC15,2024-07-29,19.9,67,5.9,310,0.4,83.26,14.14,225.74,2.25,24.44,4.12,18.3,119
2024_COC15,2024-07-30,24.9,62,14.3,195,0.0,85.57,16.46,233.93,4.68,27.99,9.06,15.66,120
2024_COC15,2024-07-31,28.8,49,14.3,207,0.0,88.62,20.04,242.82,7.23,33.22,14.15,12.31,121
2024_COC15,2024-08-01,20.4,77,9.7,338,1.5,75.98,21.06,249.49,1.32,34.78,2.92,27.19,122
2024_COC15,2024-08-02,18.7,62,32.2,278,0.1,83.28,22.61,255.86,8.48,37.04,16.91,18.27,123
2024_COC15,2024-08-03,11.3,82,45.3,302,3.2,62.64,17.37,255.76,4.65,29.7,9.31,46.24,124
2024_COC15,2024-08-04,14.4,52,38.0,308,0.3,80.74,18.91,261.36,8.35,32.03,15.52,21.27,125
2024_COC15,2024-08-05,15.9,44,29.6,312,0.0,86.4,20.87,267.22,11.38,34.93,20.38,14.73,126
2024_COC15,2024-08-06,13.9,57,14.2,290,0.0,86.45,22.21,272.73,5.27,36.9,11.68,14.68,127
2024_COC15,2024-08-07,14.4,63,8.9,34,0.9,81.49,23.39,278.32,2.1,38.66,5.3,20.36,128
2024_COC15,2024-08-08,12.8,71,17.3,43,0.0,82.19,24.22,283.63,3.49,39.92,8.66,19.54,129
2024_COC15,2024-08-09,13.7,63,27.3,34,0.0,83.63,25.35,289.1,6.94,41.59,15.45,17.86,130
2024_COC15,2024-08-10,17.5,54,16.7,1,0.0,85.65,27.12,295.26,5.35,44.11,13.05,15.56,131
2024_COC15,2024-08-11,18.0,58,5.5,347,0.0,85.7,28.77,301.5,3.06,46.46,8.48,15.51,132
2024_COC15,2024-08-12,26.8,44,12.9,277,0.0,89.07,32.0,309.33,7.18,50.85,17.64,11.83,133
2024_COC15,2024-08-13,28.8,44,7.1,246,0.0,89.8,35.46,317.52,5.96,55.44,16.08,11.04,134
2024_COC15,2024-08-14,28.7,44,10.3,268,0.0,89.9,38.9,325.69,7.1,59.91,19.08,10.94,135
2024_COC15,2024-08-15,28.0,49,16.5,196,0.0,89.95,41.97,333.73,9.77,63.86,24.78,10.89,136
2024_COC15,2024-08-16,22.7,73,21.3,284,0.7,84.88,43.29,340.82,6.06,65.72,17.85,16.44,137
2024_COC15,2024-08-17,14.7,76,19.4,317,0.3,83.72,44.08,346.47,4.71,66.88,14.91,17.76,138
2024_COC15,2024-08-18,10.9,62,25.3,324,0.0,83.86,45.02,351.44,6.46,68.2,19.08,17.6,139
2024_COC15,2024-08-19,14.1,56,10.0,339,0.0,84.9,46.4,356.98,3.44,70.04,11.96,16.41,140
2024_COC15,2024-08-20,18.9,40,7.3,190,0.0,87.97,48.88,363.38,4.63,73.15,15.47,13.01,141
2024_COC15,2024-08-21,23.3,48,21.1,180,0.0,88.25,51.49,370.58,9.65,76.44,26.92,12.71,142
2024_COC15,2024-08-22,26.5,52,16.5,204,0.0,88.3,54.23,378.36,7.71,79.85,23.54,12.65,143
2024_COC15,2024-08-23,22.4,68,26.7,230,0.7,84.4,55.78,385.39,7.46,81.92,23.3,16.98,144
2024_COC16,2024-07-09,24.5,40,4.9,280,0.9,71.37,19.26,206.81,0.84,31.24,1.12,33.32,99
2024_COC16,2024-07-10,18.4,45,7.5,35,0.0,83.18,21.77,213.82,2.41,34.71,5.65,18.38,100
2024_COC16,2024-07-11,26.0,38,18.0,212,0.0,89.72,25.72,222.21,10.19,39.9,20.12,11.13,101
2024_COC16,2024-07-12,26.2,53,20.0,28,0.0,89.49,28.73,230.63,10.92,43.82,22.16,11.37,102
2024_COC16,2024-07-13,21.2,56,11.2,136,3.2,73.56,24.12,233.32,1.25,38.34,2.97,30.35,103
2024_COC17,2024-07-10,18.3,45,7.5,35,0.0,82.67,21.4,212.24,2.26,34.19,5.24,18.97,100
2024_COC17,2024-07-11,26.1,38,18.0,212,0.0,89.68,25.37,220.64,10.14,39.41,19.91,11.17,101
2024_COC17,2024-07-12,23.7,56,20.0,28,0.0,88.68,27.93,228.61,9.73,42.79,20.14,12.23,102
2024_COC17,2024-07-13,20.9,56,11.2,136,3.2,73.21,23.45,231.28,1.23,37.42,2.85,30.82,103
2024_COC18,2024-07-08,19.3,37,1.3,135,5.5,62.92,15.12,218.82,0.51,25.78,0.55,45.79,98
2024_COC18,2024-07-09,16.8,78,13.1,2,2.0,62.55,14.01,225.55,0.91,24.25,0.94,46.37,99
2024_COC18,2024-07-10,18.7,44,2.6,258,0.2,78.94,16.61,232.62,1.17,28.19,2.0,23.46,100
2024_COC18,2024-07-11,26.4,50,18.6,220,0.0,87.19,19.84,241.08,7.32,32.91,14.22,13.86,101
2024_COC19,2024-07-12,14.5,68,12.4,47,11.4,49.42,10.14,211.97,0.29,18.11,0.24,69.72,102
2024_COC19,2024-07-13,13.7,92,10.2,126,7.6,25.12,5.39,201.63,0.0,10.11,0.0,131.99,103
2024_COC19,2024-07-14,14.2,92,4.1,90,16.4,11.82,2.35,169.57,0.0,4.54,0.0,184.06,104
2024_COC19,2024-07-15,20.4,65,3.6,49,4.6,39.0,2.5,169.35,0.03,4.83,0.01,92.66,105
2024_COC19,2024-07-16,15.6,64,14.7,6,1.5,61.33,3.91,175.87,0.93,7.42,0.48,48.32,106
2024_COC19,2024-07-17,16.8,53,14.3,354,0.0,78.84,5.89,182.59,2.08,10.9,1.99,23.58,107
2024_COC19,2024-07-18,23.5,49,19.5,266,0.0,86.68,8.84,190.53,7.13,15.84,9.51,14.41,108
2024_COC19,2024-07-19,17.4,49,17.3,340,3.4,73.28,7.89,192.48,1.68,14.32,1.81,30.73,109
2024_COC19,2024-07-20,10.4,71,16.7,317,0.0,78.41,8.68,198.05,2.26,15.64,3.0,24.11,110
2024_COC19,2024-07-21,15.0,64,10.1,319,0.0,82.07,10.04,204.46,2.39,17.88,3.53,19.68,111
2024_COC19,2024-07-22,10.0,82,11.2,350,0.3,81.5,10.51,209.96,2.36,18.68,3.6,20.36,112
2024_COC19,2024-07-23,19.1,47,4.7,344,0.0,85.89,13.02,217.1,3.02,22.65,5.33,15.3,113
2024_COC19,2024-07-24,22.9,40,5.9,230,0.0,88.86,16.4,224.93,4.9,27.75,9.37,12.04,114
2024_COC19,2024-07-25,15.0,65,12.3,15,0.0,86.39,17.73,231.33,4.75,29.75,9.49,14.74,115
2024_COC19,2024-07-26,22.6,60,15.8,161,0.0,86.44,19.95,239.1,5.71,33.02,11.71,14.69,116
2024_COC19,2024-07-27,26.9,44,10.9,214,0.9,87.7,23.63,247.65,5.34,38.16,12.01,13.3,117
2024_COC19,2024-07-28,25.2,71,23.7,216,0.5,86.25,25.43,255.89,8.27,40.73,17.45,14.9,118
2024_COC19,2024-07-29,23.8,56,3.2,267,0.6,86.06,28.0,263.88,2.87,44.26,7.76,15.11,119
2024_COC19,2024-07-30,20.5,88,7.8,171,5.2,46.95,18.2,259.84,0.16,30.97,0.2,74.74,120
2024_COC19,2024-07-31,28.9,48,11.2,195,2.0,78.2,19.61,268.75,1.69,33.18,3.75,24.37,121
2024_COC19,2024-08-01,26.4,64,9.2,276,2.2,75.89,18.73,276.5,1.28,32.03,2.61,27.3,122
2024_COC19,2024-08-02,22.3,52,23.0,280,2.7,77.98,17.02,283.52,3.0,29.59,6.27,24.65,123
2024_COC19,2024-08-03,13.0,83,25.6,295,2.1,65.32,15.07,288.86,1.94,26.67,3.73,42.08,124
2024_COC19,2024-08-04,14.7,51,25.3,301,0.3,80.86,16.67,294.51,4.46,29.21,8.9,21.13,125
2024_COC19,2024-08-05,16.4,38,20.0,308,0.0,87.24,18.91,300.47,7.9,32.68,15.03,13.81,126
2024_COC19,2024-08-06,14.5,57,9.6,283,0.0,86.97,20.3,306.08,4.51,34.82,9.93,14.1,127
2024_COC19,2024-08-07,17.1,52,6.9,45,1.8,77.19,20.39,312.17,1.25,35.05,2.73,25.64,128
2024_COC19,2024-08-08,13.2,71,14.3,69,0.7,78.73,21.24,317.55,2.06,36.4,4.99,23.71,129
2024_COC19,2024-08-09,12.8,80,21.4,32,0.8,77.03,21.82,322.85,2.57,37.33,6.29,25.84,130
2024_COC19,2024-08-10,17.1,48,15.5,9,2.5,74.43,19.79,328.94,1.62,34.41,3.7,29.2,131
2024_COC19,2024-08-11,19.2,49,6.5,8,0.0,83.58,21.93,335.4,2.42,37.7,5.97,17.92,132
2024_COC19,2024-08-12,26.5,44,8.3,275,0.0,88.55,25.12,343.17,5.29,42.47,12.66,12.38,133
2024_COC19,2024-08-13,29.4,38,5.7,261,0.0,90.79,29.03,351.47,6.4,48.12,15.7,10.0,134
2024_COC19,2024-08-14,29.1,41,6.2,287,0.0,90.84,32.7,359.71,6.61,53.29,17.0,9.95,135
2024_COC19,2024-08-15,28.1,46,11.7,193,0.0,90.89,35.96,367.77,8.78,57.79,21.83,9.9,136
2024_COC19,2024-08-16,27.6,45,14.4,237,0.0,90.94,39.22,375.74,10.13,62.2,25.07,9.85,137
2024_COC19,2024-08-17,16.6,74,12.9,324,0.4,85.54,40.17,381.73,4.35,63.6,13.62,15.69,138
2024_COC19,2024-08-18,11.1,65,17.1,328,0.3,85.11,41.05,386.74,5.07,64.88,15.5,16.17,139
2024_COC19,2024-08-19,13.9,57,8.6,350,0.0,85.2,42.38,392.24,3.34,66.74,11.35,16.08,140
2024_COC19,2024-08-20,18.7,41,3.2,196,0.0,87.7,44.79,398.61,3.62,69.94,12.46,13.3,141
2024_COC19,2024-08-21,23.1,44,13.2,175,0.0,88.76,47.59,405.77,6.98,73.6,21.01,12.15,142
2024_COC19,2024-08-22,25.8,54,10.3,195,0.0,88.81,50.15,413.42,6.07,76.96,19.46,12.1,143
2024_COC19,2024-08-23,23.7,61,19.8,236,0.4,87.82,52.14,420.69,8.5,79.61,25.17,13.17,144
2024_COC19,2024-08-24,16.4,66,10.6,304,1.0,81.17,53.37,426.65,2.21,81.31,9.06,20.75,145
2024_COC19,2024-08-25,24.3,53,13.3,153,0.0,86.41,55.83,434.03,5.01,84.5,17.78,14.72,146
2024_COC19,2024-08-26,25.8,51,21.2,257,0.4,87.96,58.56,441.67,9.31,87.96,28.19,13.02,147
2024_COC19,2024-08-27,14.3,52,21.5,329,0.0,87.73,60.08,447.25,9.15,89.95,28.18,13.26,148
2024_COC19,2024-08-28,15.9,41,4.4,153,0.0,88.15,62.15,453.12,4.1,92.56,16.09,12.82,149
2024_COC19,2024-08-29,20.0,42,17.4,187,0.0,88.7,64.68,459.72,8.55,95.7,27.74,12.22,150
2024_COC19,2024-08-30,19.0,60,28.1,213,9.7,65.53,34.97,426.09,2.22,58.04,7.33,41.76,151
2024_COC20,2024-07-10,19.0,42,3.6,27,1.6,76.47,18.93,192.91,1.01,30.4,1.69,26.55,100
2024_COC20,2024-07-11,26.9,45,16.8,219,0.0,87.77,22.54,201.46,7.26,35.23,14.66,13.22,101
2024_COC20,2024-07-12,16.1,95,14.7,27,8.0,32.18,12.17,190.94,0.01,21.0,0.01,110.49,102
2024_COC20,2024-07-13,22.8,55,11.5,166,4.5,60.85,9.97,191.0,0.77,17.64,0.64,49.12,103
2024_COC20,2024-07-14,21.3,88,3.7,23,11.6,28.69,5.19,172.86,0.0,9.65,0.0,120.69,104
2024_COC20,2024-07-15,23.5,53,8.4,239,1.8,64.88,6.92,180.79,0.8,12.62,0.55,42.75,105
2024_COC20,2024-07-16,12.5,98,11.3,43,17.3,13.56,2.87,148.18,0.0,5.47,0.0,176.16,106
2024_COC20,2024-07-17,18.0,45,15.8,346,1.0,60.34,5.34,155.12,0.93,9.83,0.55,49.95,107
2024_COC20,2024-07-18,24.3,39,17.7,276,0.0,85.45,8.97,163.2,5.47,15.78,7.54,15.79,108
2024_COC20,2024-07-19,18.2,68,9.6,334,4.4,61.58,6.69,163.19,0.73,12.13,0.49,47.93,109
2024_COC20,2024-07-20,13.1,60,13.1,313,0.0,75.74,8.02,169.25,1.55,14.35,1.54,27.5,110
2024_COC20,2024-07-21,18.6,53,10.9,309,0.0,83.63,10.2,176.3,3.04,17.82,4.59,17.86,111
2024_COC20,2024-07-22,15.4,62,10.3,354,0.1,84.29,11.67,182.78,3.21,20.13,5.25,17.11,112
2024_COC20,2024-07-23,17.7,44,5.7,11,0.0,86.97,14.14,189.67,3.7,23.84,6.68,14.1,113
2024_COC20,2024-07-24,21.7,36,2.2,256,0.0,89.37,17.57,197.28,4.37,28.74,8.67,11.5,114
2024_COC20,2024-07-25,22.8,54,11.1,351,0.0,88.85,20.15,205.09,6.36,32.36,12.62,12.06,115
2024_COC20,2024-07-26,23.5,56,15.3,178,0.0,88.55,22.69,213.02,7.53,35.84,15.2,12.38,116
2024_COC20,2024-07-27,25.6,73,8.9,251,0.3,86.14,24.39,221.33,3.87,38.24,9.22,15.02,117
2024_COC20,2024-07-28,24.6,77,24.7,226,9.4,61.69,13.63,207.71,1.57,23.42,2.58,47.75,118
2024_COC20,2024-07-29,26.2,49,4.9,231,1.7,76.79,15.78,216.13,1.1,26.69,1.69,26.15,119
2024_COC20,2024-07-30,19.6,95,6.2,154,3.2,44.95,11.63,218.7,0.11,20.53,0.1,78.99,120
2024_COC20,2024-07-31,29.7,45,10.9,200,5.2,74.67,10.69,217.53,1.3,19.05,1.55,28.89,121
2024_COC20,2024-08-01,28.7,56,8.7,252,5.4,71.86,8.72,214.95,1.03,15.84,0.81,32.65,122
2024_COC20,2024-08-02,24.4,45,21.9,282,0.5,86.64,11.62,222.35,7.98,20.55,11.93,14.47,123
2024_COC20,2024-08-03,17.6,57,26.6,297,0.7,84.95,13.28,228.52,8.0,23.19,12.71,16.35,124
2024_COC20,2024-08-04,15.8,45,22.5,298,0.1,87.02,15.2,234.37,8.69,26.15,14.41,14.05,125
2024_COC20,2024-08-05,17.2,41,19.3,304,0.0,88.23,17.43,240.47,8.8,29.51,15.47,12.72,126
2024_COC20,2024-08-06,16.8,51,11.8,314,0.0,88.24,19.24,246.5,6.04,32.19,12.08,12.71,127
2024_COC20,2024-08-07,18.2,63,4.9,90,0.0,86.93,20.71,252.78,3.53,34.38,8.0,14.15,128
2024_COC23,2024-07-10,18.4,44,5.9,31,0.0,83.4,20.58,210.3,2.29,33.07,5.18,18.13,100
2024_COC23,2024-07-11,26.4,39,18.8,212,0.0,89.67,24.52,218.76,10.54,38.31,20.19,11.18,101
2024_COC23,2024-07-12,18.8,62,18.6,31,0.7,85.02,26.3,225.85,5.39,40.74,12.56,16.28,102
2024_COC23,2024-07-13,20.4,56,11.2,135,3.3,71.84,21.87,228.17,1.17,35.28,2.52,32.68,103
2024_COC25,2024-07-10,21.6,42,11.8,226,0.0,85.49,12.85,84.37,4.08,18.61,6.32,15.75,100
2024_COC25,2024-07-11,25.7,66,12.8,255,0.0,85.54,14.99,92.7,4.33,21.35,7.23,15.69,101
2024_COC25,2024-07-12,16.7,59,12.0,73,3.9,66.33,11.67,94.56,1.02,17.84,0.86,40.56,102
2024_COC25,2024-07-13,18.3,83,2.7,228,15.1,29.47,5.93,74.41,0.0,9.89,0.0,118.34,103
2024_COC25,2024-07-14,18.5,80,8.0,316,0.5,51.74,6.85,81.45,0.3,11.32,0.19,65.19,104
2024_COC25,2024-07-15,19.7,63,3.0,308,1.2,65.59,8.66,88.7,0.63,13.92,0.46,41.68,105
2024_COC25,2024-07-16,16.2,49,15.0,10,15.6,55.39,5.77,67.6,0.62,9.51,0.36,58.44,106
2024_COC25,2024-07-17,18.9,44,6.9,317,0.0,77.94,8.4,74.71,1.33,13.11,0.93,24.69,107
2024_COC25,2024-07-18,24.1,46,17.4,257,0.0,87.11,11.59,82.75,6.81,17.17,9.54,13.95,108
2024_COC25,2024-07-19,18.6,46,12.5,4,0.9,85.38,14.09,89.8,4.17,20.24,6.77,15.87,109
2024_COC25,2024-07-20,15.7,58,8.8,355,0.0,85.42,15.75,96.33,3.48,22.36,6.07,15.82,110
2024_COC25,2024-07-21,19.7,55,4.0,309,0.0,86.15,17.95,103.58,3.03,25.05,5.69,15.0,111
2024_COC25,2024-07-22,13.0,70,10.0,28,0.0,84.86,18.94,109.63,3.42,26.45,6.62,16.46,112
2024_COC25,2024-07-23,19.9,47,3.9,16,0.0,87.01,21.55,116.91,3.4,29.51,7.04,14.06,113
2024_COC25,2024-07-24,21.9,38,13.9,204,0.0,89.4,24.9,124.56,7.92,33.21,15.18,11.47,114
2024_COC25,2024-07-25,20.2,57,7.6,65,0.0,88.17,27.05,131.9,4.83,35.77,10.69,12.79,115
2024_COC25,2024-07-26,20.4,77,16.5,188,0.6,84.32,28.22,139.28,4.41,37.46,10.17,17.07,116
2024_COC25,2024-07-27,27.1,39,17.9,236,0.3,89.9,32.26,147.86,10.41,41.75,20.9,10.94,117
2024_COC25,2024-07-28,23.2,57,27.5,251,0.5,88.46,34.71,155.74,13.75,44.58,26.26,12.47,118
2024_COC25,2024-07-29,23.0,56,7.1,260,0.2,88.43,37.2,163.58,4.89,47.43,12.66,12.51,119
2024_COC25,2024-07-30,27.0,46,6.4,209,0.0,89.12,40.76,172.15,5.22,51.21,13.9,11.77,120
2024_COC25,2024-07-31,22.1,79,3.2,43,2.1,68.83,37.37,179.83,0.71,49.19,1.64,36.9,121
2024_COC25,2024-08-01,23.4,74,7.2,288,0.5,78.19,38.68,187.04,1.38,51.0,4.18,24.39,122
2024_COC25,2024-08-02,21.0,45,24.7,281,0.1,86.81,41.19,193.83,9.43,53.8,22.14,14.27,123
2024_COC25,2024-08-03,14.4,65,23.7,305,0.2,85.75,42.31,199.42,7.72,55.3,19.45,15.45,124
2024_COC25,2024-08-04,17.1,43,19.1,313,0.1,87.65,44.45,205.51,8.02,57.7,20.43,13.35,125
2024_COC28,2024-08-01,28.6,56,8.9,246,5.2,71.43,6.89,215.78,1.03,12.76,0.71,33.24,122
2024_COC28,2024-08-02,24.5,45,21.8,283,0.9,85.4,9.8,223.2,6.68,17.66,9.53,15.84,123
2024_COC28,2024-08-03,18.2,55,24.2,298,0.7,85.06,11.59,229.48,7.2,20.58,10.98,16.23,124
2024_COC35,2024-08-15,29.3,40,3.9,217,0.0,90.4,20.78,270.94,5.53,34.87,11.76,10.4,136
2024_COC35,2024-08-16,26.2,37,13.8,196,0.0,90.75,24.33,278.66,9.57,39.94,19.22,10.04,137
2024_COC35,2024-08-17,22.8,68,2.5,315,1.6,76.92,24.85,285.76,0.98,40.83,2.26,25.98,138
2024_COC35,2024-08-18,16.2,62,17.3,359,0.4,82.43,26.21,291.68,3.59,42.8,9.25,19.26,139
2024_COC35,2024-08-19,14.5,48,19.6,349,0.0,85.72,27.88,297.3,6.25,45.17,14.92,15.49,140
2024_COC35,2024-08-20,16.8,47,14.9,2,0.0,86.99,29.84,303.33,5.91,47.9,14.74,14.07,141
2024_COC35,2024-08-21,19.7,31,8.0,335,0.0,90.05,32.8,309.88,6.46,51.88,16.48,10.78,142
2024_COC35,2024-08-22,23.0,37,2.9,259,0.0,90.21,35.94,317.02,5.12,56.0,14.38,10.61,143
2024_COC35,2024-08-23,25.3,41,18.2,219,0.0,90.26,39.15,324.58,11.14,60.16,26.33,10.55,144
2024_COC35,2024-08-24,24.5,54,11.4,266,0.1,89.22,41.59,331.99,6.81,63.34,19.06,11.66,145
2024_COC39,2024-08-26,28.6,44,18.1,215,0.0,88.04,38.27,326.9,8.05,59.21,20.78,12.93,147
2024_COC39,2024-08-27,17.7,67,16.9,2,2.7,71.49,32.57,333.09,1.54,52.34,4.81,33.16,148
2024_COC39,2024-08-28,13.7,56,11.6,356,0.2,80.45,33.91,338.56,2.14,54.24,6.79,21.61,149
2024_COC39,2024-08-29,19.2,45,6.5,180,0.0,86.03,36.22,345.02,3.37,57.38,10.46,15.14,150
2024_COC39,2024-08-30,22.6,63,24.5,184,0.8,84.36,38.03,352.09,6.63,59.89,18.15,17.03,151
2024_COC39,2024-08-31,23.7,47,20.9,225,5.3,76.07,26.88,344.77,2.34,44.99,6.52,27.07,152
2024_COC39,2024-09-01,14.6,63,16.6,286,12.6,51.61,13.17,308.42,0.46,23.79,0.46,65.42,153
2024_COC40,2024-08-29,19.8,38,15.8,188,0.0,89.31,59.61,395.18,8.61,86.58,26.51,11.56,150
2024_COC40,2024-08-30,16.9,85,21.9,203,4.7,55.24,40.54,387.55,0.86,64.27,2.94,58.7,151
2024_COC40,2024-08-31,14.4,90,10.7,282,3.4,40.55,30.95,385.18,0.07,51.54,0.11,88.95,152
2024_COC40,2024-09-01,9.0,72,24.8,294,2.3,52.91,27.03,388.5,0.79,46.04,1.85,62.97,153
2024_COC40,2024-09-02,15.5,50,16.4,289,3.3,64.34,21.7,385.43,1.17,38.05,2.71,43.58,154
2024_COC40,2024-09-03,20.6,63,8.5,204,1.2,74.11,23.13,390.84,1.12,40.3,2.69,29.62,155
2024_COC40,2024-09-04,19.5,84,20.8,239,0.0,77.97,23.72,396.06,2.68,41.26,6.99,24.65,156
2024_COC40,2024-09-05,9.1,61,12.9,347,5.1,54.51,15.61,384.0,0.51,28.33,0.58,60.02,157
2024_COC40,2024-09-06,9.4,54,14.9,1,0.0,72.32,16.47,387.4,1.44,29.77,2.83,32.03,158
2024_COC40,2024-09-07,10.1,54,2.3,67,0.0,78.7,17.38,390.92,1.12,31.29,2.11,23.75,159
2024_COC40,2024-09-08,13.7,42,7.7,1,0.0,84.78,18.91,395.09,3.01,33.78,6.85,16.55,160
2024_COC40,2024-09-09,13.6,48,5.2,304,0.0,86.01,20.27,399.24,3.15,35.98,7.42,15.16,161
2024_COC40,2024-09-10,20.5,50,10.4,141,0.0,87.14,22.2,404.64,4.81,39.04,11.18,13.91,162
2024_COC40,2024-09-11,24.5,58,10.3,192,0.0,87.19,24.11,410.75,4.82,42.05,11.68,13.86,163
2024_COC40,2024-09-12,16.4,50,10.0,23,2.8,72.59,20.6,415.41,1.13,36.66,2.5,31.67,164
2024_COC40,2024-09-13,17.1,49,11.1,132,0.0,82.93,22.25,420.19,2.8,39.3,7.04,18.68,165
2024_COC40,2024-09-14,25.4,55,12.7,188,0.0,86.62,24.38,426.46,5.01,42.66,12.16,14.49,166
2024_COC40,2024-09-15,24.7,57,11.1,220,0.0,86.9,26.35,432.61,4.81,45.74,12.24,14.18,167
2024_COC40,2024-09-16,23.4,67,12.1,269,1.0,82.44,27.79,438.53,2.77,47.98,7.92,19.24,168
2024_COC40,2024-09-17,21.1,63,5.8,182,0.1,84.41,29.25,444.03,2.61,50.23,7.72,16.96,169
2024_COC40,2024-09-18,21.7,71,12.9,98,0.0,84.46,30.43,449.64,3.75,52.05,10.78,16.91,170
2024_COC40,2024-09-19,21.2,83,9.5,136,12.2,43.01,14.35,404.82,0.1,26.36,0.1,83.27,171
2024_COC40,2024-09-20,24.4,56,17.5,160,0.0,77.4,16.35,410.91,2.17,29.74,4.55,25.38,172
2024_COC40,2024-09-21,20.3,80,11.7,165,1.0,75.73,17.11,416.27,1.44,31.03,2.95,27.5,173
2024_COC40,2024-09-22,17.8,70,15.1,225,4.8,59.87,11.7,406.33,0.87,21.83,0.83,50.72,174
2024_COC40,2024-09-23,13.3,45,12.5,259,0.1,77.88,13.11,410.43,1.75,24.28,3.07,24.77,175
2024_COC40,2024-09-24,16.0,52,17.2,157,0.0,84.15,14.57,415.01,4.47,26.79,8.47,17.27,176
2024_COC40,2024-09-25,16.5,68,2.9,240,0.3,84.19,15.58,419.69,2.19,28.51,4.46,17.22,177
2024_COC40,2024-09-26,14.4,76,4.8,331,0.0,83.62,16.24,423.98,2.23,29.64,4.68,17.87,178
2024_COC40,2024-09-27,20.9,57,15.1,195,0.0,85.74,17.92,429.45,5.0,32.46,10.4,15.46,179
2024_COC40,2024-09-28,18.9,55,8.1,209,0.0,86.19,19.52,434.56,3.74,35.11,8.52,14.96,180
2024_COC40,2024-09-29,16.1,48,10.0,306,0.2,86.86,21.12,439.16,4.52,37.7,10.43,14.23,181
2024_COC40,2024-09-30,17.4,51,24.7,172,0.0,86.9,22.73,443.99,9.55,40.3,19.29,14.17,182
2024_COC40,2024-10-01,12.4,60,22.0,259,2.3,73.1,20.03,446.93,2.12,36.02,5.09,30.97,183
2024_COC41,2024-09-14,24.2,59,28.0,192,0.0,86.01,11.65,362.05,9.94,21.57,14.52,15.17,166
2024_COC41,2024-09-15,22.4,51,26.0,226,0.0,87.39,13.7,367.79,10.93,25.07,16.8,13.64,167
2024_COC41,2024-09-16,18.2,57,19.2,264,0.1,87.44,15.18,372.77,7.81,27.55,13.63,13.59,168
2024_COC41,2024-09-17,20.4,64,6.4,50,0.0,86.8,16.56,378.14,3.74,29.85,7.73,14.28,169
2024_COC41,2024-09-18,22.4,64,16.6,103,0.0,86.85,18.06,383.88,6.3,32.33,12.53,14.23,170
2024_COC41,2024-09-19,18.1,84,23.4,131,0.0,82.61,18.61,388.84,5.0,33.24,10.55,19.04,171
2024_COC41,2024-09-20,23.3,62,26.5,173,0.0,85.34,20.26,394.74,8.4,35.92,16.53,15.91,172
2024_COC41,2024-09-21,17.6,59,9.9,261,0.2,85.45,21.63,399.61,3.69,38.1,8.83,15.8,173
2024_COC41,2024-09-22,6.9,79,25.8,311,18.2,38.47,9.33,334.69,0.09,17.44,0.08,93.95,174
2024_COC42,2024-09-13,14.8,56,12.7,130,0.0,79.86,23.79,472.51,2.13,42.27,5.7,22.32,165
2024_COC42,2024-09-14,24.9,59,13.4,191,0.0,85.32,25.69,478.7,4.33,45.31,11.17,15.94,166
2024_COC42,2024-09-15,24.8,55,13.0,226,0.0,86.96,27.77,484.87,5.34,48.58,13.75,14.11,167
2024_COC42,2024-09-16,23.3,68,13.7,272,4.2,68.55,20.36,476.37,1.19,36.78,2.68,37.3,168
2024_COC42,2024-09-17,16.8,74,4.7,164,0.1,75.68,21.18,481.09,1.01,38.17,2.2,27.57,169
2024_COC42,2024-09-18,19.4,79,12.2,117,0.0,79.41,21.95,486.29,1.98,39.45,5.07,22.88,170
2024_COC42,2024-09-19,20.2,82,13.9,131,8.4,48.19,12.14,455.46,0.26,22.77,0.26,72.19,171
2024_COC42,2024-09-20,24.0,57,19.0,157,0.0,78.65,14.06,461.48,2.6,26.14,5.02,23.81,172
2024_COC42,2024-09-21,19.1,87,15.2,163,2.2,63.2,12.1,466.63,1.05,22.73,1.18,45.35,173
2024_COC42,2024-09-22,18.8,85,14.5,215,3.4,52.29,8.75,462.02,0.44,16.71,0.36,64.13,174
2024_COC42,2024-09-23,11.9,48,13.5,268,0.6,72.98,9.96,465.87,1.37,18.9,1.7,31.13,175
2024_COC42,2024-09-24,14.9,58,20.9,155,0.0,81.71,11.15,470.25,3.95,21.06,6.59,20.11,176
2024_COC42,2024-09-25,13.9,93,2.8,259,3.2,46.15,7.85,465.72,0.11,15.06,0.09,76.42,177
2024_COC42,2024-09-26,13.0,81,7.6,345,0.0,59.47,8.32,469.76,0.58,15.94,0.46,51.39,178
2024_COC42,2024-09-27,19.2,63,18.7,173,0.0,77.85,9.66,474.92,2.39,18.39,3.6,24.81,179
2024_COC42,2024-09-28,16.8,59,7.1,187,0.0,82.7,10.97,479.65,2.22,20.75,3.62,18.94,180
2024_COC42,2024-09-29,15.5,51,13.0,311,0.2,85.41,12.42,484.14,4.3,23.34,7.56,15.83,181
2024_COC42,2024-09-30,16.4,56,26.6,171,0.2,85.71,13.79,488.8,8.89,25.76,14.56,15.5,182
2024_COC42,2024-10-01,13.6,54,23.2,245,1.2,81.27,14.81,491.95,4.21,27.55,8.17,20.64,183
2024_COC42,2024-10-02,12.8,50,23.0,195,0.0,84.9,15.87,494.96,6.62,29.38,12.38,16.42,184
2024_COC42,2024-10-03,9.9,50,21.5,258,3.7,66.77,11.66,485.41,1.66,22.01,2.65,39.9,185
2024_COC45,2024-09-12,15.8,53,9.8,31,2.2,74.44,15.52,393.22,1.22,28.26,2.15,29.19,164
2024_COC45,2024-09-13,16.9,51,14.1,145,0.0,83.37,17.1,397.97,3.44,30.87,7.32,18.17,165
2024_COC45,2024-09-14,24.4,59,13.6,185,0.0,85.94,18.96,404.07,4.77,33.93,10.25,15.24,166
2024_COC45,2024-09-15,24.2,57,12.6,209,0.0,86.7,20.89,410.13,5.04,37.07,11.29,14.4,167
2024_COC45,2024-09-16,23.5,60,9.6,274,10.7,61.63,11.85,376.33,0.73,21.96,0.7,47.84,168
2024_COC45,2024-09-17,22.6,60,8.2,195,0.0,78.85,13.53,382.1,1.54,24.86,2.65,23.57,169
2024_COC45,2024-09-18,21.4,72,14.9,105,0.0,82.32,14.65,387.66,3.14,26.78,6.15,19.39,170
2024_COC45,2024-09-19,19.7,88,10.7,131,9.5,39.11,7.7,359.98,0.05,14.62,0.04,92.39,171
2024_COC45,2024-09-20,23.3,62,17.7,158,0.0,73.55,9.35,365.88,1.74,17.58,2.32,30.36,172
2024_COC45,2024-09-21,21.1,73,9.7,176,0.4,79.97,10.42,371.38,1.85,19.47,2.75,22.19,173
2024_COC45,2024-09-22,16.3,64,16.5,215,5.8,60.24,6.82,358.74,0.95,13.02,0.67,50.11,174
2024_COC45,2024-09-23,13.0,50,12.7,245,1.4,71.48,8.07,362.79,1.25,15.3,0.96,33.18,175
2024_COC45,2024-09-24,15.8,55,17.4,160,0.0,81.76,9.43,367.33,3.33,17.72,5.02,20.05,176
2024_COC45,2024-09-25,16.8,63,3.0,213,0.0,83.44,10.61,372.06,1.99,19.8,3.06,18.09,177
2024_COC45,2024-09-26,13.9,77,0.9,259,0.0,83.22,11.22,376.27,1.74,20.89,2.69,18.34,178
2024_COC45,2024-09-27,21.2,62,14.0,222,0.0,84.98,12.73,381.79,4.25,23.5,7.52,16.33,179
2024_COC45,2024-09-28,19.9,47,12.9,199,0.4,87.27,14.71,387.07,5.55,26.87,10.22,13.77,180
2024_COC45,2024-09-29,16.1,52,5.8,265,0.5,87.32,16.18,391.68,3.91,29.33,7.95,13.72,181
2024_COC45,2024-09-30,17.7,48,25.5,169,0.0,87.37,17.92,396.57,10.63,32.21,18.63,13.66,182
2024_COC45,2024-10-01,9.8,74,23.1,273,2.2,69.16,15.57,399.03,1.95,28.38,3.93,36.43,183
2024_COC45,2024-10-02,11.3,67,19.2,203,2.4,64.78,13.19,401.77,1.38,24.38,2.23,42.9,184
2024_COC9,2024-06-02,21.1,45,9.9,251,0.7,87.43,21.56,103.18,4.88,28.32,9.45,13.6,62
2024_COC9,2024-06-03,24.0,35,12.8,158,0.3,90.31,25.86,110.91,8.55,32.67,15.95,10.5,63
2024_COC9,2024-06-04,24.2,52,15.0,204,2.6,79.89,24.27,118.67,2.39,32.11,5.32,22.29,64
2024_COC9,2024-06-05,27.3,49,17.7,175,0.3,87.67,28.08,126.99,7.49,36.17,15.21,13.33,65
2024_COC9,2024-06-06,20.8,74,14.5,173,9.3,55.54,15.56,117.07,0.61,23.36,0.61,58.16,66
2024_COC9,2024-06-07,17.9,78,1.3,214,5.9,36.54,10.05,114.24,0.02,16.48,0.01,98.81,67
2024_COC9,2024-06-08,13.8,85,14.8,266,3.8,37.92,6.92,115.22,0.05,12.04,0.03,95.32,68
2024_COC9,2024-06-09,7.7,92,17.7,322,1.3,41.04,7.11,120.01,0.1,12.38,0.07,87.8,69
2024_COC9,2024-06-10,10.8,53,23.5,339,4.7,54.42,5.32,118.43,0.86,9.57,0.51,60.19,70
2024_COC9,2024-06-11,17.9,35,3.6,180,0.0,77.56,8.57,125.05,1.09,14.64,0.82,25.18,71
2024_COC9,2024-06-12,19.8,50,24.7,211,0.0,85.58,11.32,132.02,7.92,18.65,11.29,15.65,72
2024_COC9,2024-06-13,20.7,60,10.0,240,4.8,65.96,8.99,131.79,0.91,15.35,0.7,41.12,73
2024_COC9,2024-06-14,8.9,56,15.6,299,7.7,49.69,5.59,123.02,0.35,10.03,0.21,69.18,74
2024_COC9,2024-06-15,16.8,36,10.1,243,0.0,77.25,8.6,129.45,1.48,14.75,1.44,25.57,75
2024_COC9,2024-06-16,23.7,40,24.1,212,0.0,88.22,12.52,137.12,11.18,20.38,15.46,12.74,76
2024_COC9,2024-06-17,20.8,80,20.5,218,1.8,74.38,12.31,144.27,2.08,20.3,3.3,29.27,77
2024_COC9,2024-06-18,25.2,71,17.1,202,1.5,77.4,14.32,152.21,2.12,23.19,3.73,25.38,78
2024_COC9,2024-06-19,28.6,62,23.6,251,0.1,85.58,17.29,160.76,7.5,27.25,13.13,15.65,79
2024_COC9,2024-06-20,21.4,37,18.3,285,4.8,76.74,14.55,160.11,2.15,23.71,3.84,26.21,80
2024_COC9,2024-06-21,24.3,33,14.1,232,0.0,89.15,19.03,167.88,7.72,29.66,14.04,11.74,81
2024_COC9,2024-06-22,24.2,41,0.7,90,0.0,89.56,22.96,175.64,4.17,34.61,9.26,11.3,82
2024_COC9,2024-06-23,23.6,41,17.7,57,0.1,89.6,26.8,183.3,9.88,39.25,19.51,11.25,83
2024_COC9,2024-06-24,25.5,38,11.2,320,0.0,90.36,31.14,191.29,7.94,44.26,17.67,10.45,84
2024_COC9,2024-06-25,19.8,82,22.6,211,7.3,54.82,18.06,183.33,0.86,28.98,0.99,59.47,85
2024_HEA11,2024-08-14,26.8,49,7.4,274,2.2,80.91,10.79,285.82,1.82,19.72,2.73,21.06,135
2024_HEA11,2024-08-15,27.7,39,7.7,177,0.0,89.21,14.41,293.81,5.64,25.68,10.1,11.68,136
2024_HEA11,2024-08-16,21.5,70,10.4,166,0.1,86.31,15.81,300.68,4.27,27.95,8.35,14.84,137
2024_HEA11,2024-08-17,18.7,96,12.0,83,5.5,36.5,9.5,293.53,0.03,17.57,0.03,98.91,138
2024_KLK5,2024-08-04,23.3,51,10.8,345,1.4,83.9,23.87,203.78,3.13,36.93,7.5,17.55,125
2024_KLK5,2024-08-05,21.8,39,6.5,346,0.0,88.39,26.76,210.71,4.72,40.62,11.27,12.55,126
2024_KLK5,2024-08-06,20.2,40,11.5,325,0.0,89.06,29.4,217.35,6.68,43.94,15.46,11.84,127
2024_KLK5,2024-08-07,21.9,37,3.1,152,0.0,89.83,32.39,224.3,4.89,47.59,12.67,11.02,128
2024_KLK5,2024-08-08,22.3,50,14.9,165,0.5,89.42,34.8,231.31,8.36,50.58,19.66,11.45,129
2024_KLK5,2024-08-09,22.4,50,5.4,274,0.4,89.37,37.23,238.35,5.14,53.55,14.08,11.5,130
2024_KLK5,2024-08-10,16.9,70,14.3,208,0.6,85.35,38.34,244.4,4.54,55.08,12.99,15.91,131
2024_KLK5,2024-08-11,16.3,75,10.2,314,8.8,48.3,20.88,229.03,0.22,34.0,0.28,71.95,132
2024_NIP17,2024-07-08,17.4,90,6.3,20,3.4,52.93,37.42,167.63,0.31,48.03,0.51,62.94,98
2024_NIP17,2024-07-09,24.0,51,11.1,318,1.3,76.7,40.31,175.66,1.49,51.23,4.57,26.26,99
2024_NIP17,2024-07-10,19.2,40,3.9,68,4.3,66.57,30.77,175.86,0.68,42.82,1.16,40.19,100
2024_NIP17,2024-07-11,27.6,44,15.0,238,0.0,86.61,34.55,184.53,5.62,47.07,14.05,14.5,101
2024_NIP17,2024-07-12,23.0,69,10.0,26,1.9,76.03,33.32,192.37,1.35,46.51,3.8,27.11,102
2024_NIP17,2024-07-13,27.5,57,11.8,241,1.4,81.98,36.21,201.03,2.58,49.94,7.61,19.79,103
2024_NIP17,2024-07-14,20.5,81,10.6,271,5.5,52.95,23.49,197.84,0.39,36.23,0.52,62.9,104
2024_NIP17,2024-07-15,21.3,55,2.9,187,7.4,51.66,15.2,189.95,0.23,25.34,0.24,65.34,105
2024_NIP17,2024-07-16,13.1,96,12.7,15,4.9,26.15,9.44,187.26,0.0,16.76,0.0,128.64,106
2024_NIP17,2024-07-17,17.8,42,13.9,343,1.2,65.82,12.01,194.17,1.1,20.8,1.13,41.32,107
2024_NIP17,2024-07-18,24.1,38,17.6,290,0.0,86.56,15.68,202.21,6.36,26.27,11.28,14.56,108
2024_NIP17,2024-07-19,19.1,88,13.5,324,5.5,47.96,9.81,198.74,0.25,17.47,0.21,72.65,109
2024_NIP17,2024-07-20,18.1,48,12.9,345,0.6,75.09,12.16,205.7,1.47,21.19,2.16,28.34,110
2024_NIP17,2024-07-21,21.3,46,10.6,314,0.0,85.33,15.0,213.24,3.76,25.51,7.07,15.92,111
2024_NIP26,2024-08-01,26.3,66,9.7,272,8.0,61.8,11.3,219.92,0.74,20.03,0.67,47.56,122
2024_NIP26,2024-08-02,22.7,49,24.0,280,0.2,83.62,13.81,227.01,5.87,23.97,10.05,17.87,123
2024_NIP26,2024-08-03,16.5,62,22.4,300,1.4,79.11,15.19,232.98,3.22,26.12,6.19,23.25,124
2024_NIP26,2024-08-04,16.1,47,20.6,307,0.4,85.37,17.07,238.88,6.26,28.96,11.75,15.88,125
2024_NIP27,2024-08-03,16.5,62,20.8,307,2.5,73.82,27.2,258.38,2.06,43.07,5.59,30.01,124
2024_NIP27,2024-08-04,16.8,46,19.4,308,0.4,84.34,29.2,264.41,5.12,45.76,12.86,17.05,125
2024_NIP27,2024-08-05,16.4,51,19.1,311,0.6,85.51,30.97,270.36,5.92,48.15,14.8,15.73,126
2024_NIP27,2024-08-06,20.2,42,14.2,258,0.1,88.2,33.52,277.0,6.77,51.47,17.0,12.76,127
2024_NIP27,2024-08-07,16.5,76,13.7,74,0.8,81.65,34.39,282.98,2.73,52.75,8.29,20.18,128
2024_NIP27,2024-08-08,11.5,95,24.2,41,5.6,36.32,21.2,274.78,0.06,35.54,0.07,99.36,129
2024_NIP27,2024-08-09,8.6,100,22.5,18,11.0,6.5,10.15,249.71,0.0,18.43,0.0,210.74,130
2024_NIP27,2024-08-10,16.2,45,11.5,350,8.7,47.22,6.91,234.33,0.2,12.88,0.14,74.18,131
2024_NIP27,2024-08-11,22.1,53,10.3,348,0.0,75.93,9.16,241.31,1.36,16.74,1.43,27.25,132
2024_NIP27,2024-08-12,26.4,46,8.8,265,0.0,86.83,12.23,249.07,4.24,21.79,7.18,14.26,133
2024_NIP27,2024-08-13,27.2,48,9.3,279,0.0,88.61,15.27,256.97,5.61,26.59,10.25,12.32,134
2024_NIP27,2024-08-14,27.6,45,6.9,211,0.0,89.4,18.53,264.94,5.57,31.54,11.18,11.47,135
2024_NIP27,2024-08-15,24.6,61,8.3,184,0.2,88.09,20.6,272.37,4.95,34.64,10.71,12.88,136
2024_NIP27,2024-08-16,25.4,56,8.1,267,0.0,88.14,23.0,279.95,4.94,38.17,11.28,12.82,137
2024_NIP27,2024-08-17,20.3,50,13.9,343,0.2,88.19,25.21,286.61,6.66,41.34,14.92,12.77,138
2024_NIP27,2024-08-18,17.0,60,14.3,339,0.0,87.08,26.71,292.67,5.8,43.49,13.78,13.98,139
2024_NIP27,2024-08-19,15.2,50,4.5,355,0.0,87.12,28.39,298.41,3.56,45.87,9.57,13.93,140
2024_NIP27,2024-08-20,20.1,43,7.6,185,0.0,88.29,30.88,305.03,4.92,49.29,12.99,12.66,141
2024_NIP27,2024-08-21,24.1,55,11.0,175,0.0,88.34,33.23,312.38,5.88,52.49,15.45,12.6,142
2024_NIP27,2024-08-22,25.8,52,19.5,220,0.0,88.39,35.89,320.02,9.09,56.06,22.03,12.55,143
2024_NIP27,2024-08-23,21.5,60,20.3,285,0.4,87.62,37.76,326.9,8.47,58.6,21.44,13.39,144
2024_NIP27,2024-08-24,21.2,55,2.2,275,0.0,87.67,39.83,333.72,3.43,61.35,11.03,13.34,145
2024_NIP27,2024-08-25,27.8,48,15.5,178,0.0,88.88,42.93,341.73,7.97,65.34,21.71,12.03,146
2024_NIP27,2024-08-26,21.5,59,20.9,270,0.0,87.84,44.84,348.6,9.01,67.86,24.15,13.15,147
2024_NIP27,2024-08-27,16.0,45,11.5,346,0.0,87.88,46.79,354.48,5.65,70.36,17.58,13.1,148
2024_NIP27,2024-08-28,16.8,38,8.9,146,0.0,88.74,49.08,360.51,5.6,73.23,17.86,12.17,149
2024_NIP27,2024-08-29,20.6,42,18.2,183,0.0,88.89,51.68,367.22,9.15,76.45,25.94,12.01,150
2024_NIP27,2024-08-30,15.7,84,34.6,233,8.9,50.5,28.24,343.98,1.0,46.87,2.65,67.58,151
2024_NIP27,2024-08-31,16.0,79,13.8,288,7.8,41.37,15.87,326.36,0.09,28.29,0.1,87.01,152
2024_NIP27,2024-09-01,12.2,51,28.3,319,3.0,62.05,12.91,324.87,1.92,23.48,3.34,47.16,153
2024_NIP27,2024-09-02,18.5,49,12.5,237,0.0,80.35,14.69,329.9,2.21,26.43,4.29,21.74,154
2024_NIP27,2024-09-03,22.5,55,14.9,225,1.9,79.24,14.84,335.66,2.23,26.72,4.36,23.09,155
2024_NIP27,2024-09-04,21.1,79,14.8,269,0.1,81.14,15.67,341.16,2.72,28.11,5.51,20.79,156
2024_NIP27,2024-09-05,8.4,58,11.2,358,8.7,48.3,8.7,317.79,0.23,16.28,0.19,71.95,157
2024_NIP27,2024-09-06,9.0,59,9.4,4,0.0,66.37,9.43,321.11,0.89,17.58,0.75,40.5,158
2024_NIP27,2024-09-07,13.5,53,10.8,208,0.0,78.79,10.65,325.25,1.74,19.7,2.56,23.64,159
2024_NIP27,2024-09-08,15.7,72,1.8,246,1.9,65.72,9.98,329.78,0.59,18.56,0.51,41.47,160
2024_NIP27,2024-09-09,21.0,52,6.4,218,0.0,80.81,11.87,335.26,1.71,21.81,2.73,21.19,161
2024_NIP27,2024-09-10,23.7,59,10.7,185,0.0,85.17,13.68,341.23,3.7,24.87,6.86,16.1,162
2024_NIP27,2024-09-11,17.3,96,10.0,337,9.2,27.46,6.93,317.67,0.0,13.14,0.0,124.49,163
2024_NIP27,2024-09-12,16.7,53,13.0,90,2.5,57.45,6.36,322.38,0.66,12.12,0.44,54.81,164
2024_NIP27,2024-09-13,18.7,73,17.2,169,0.0,74.0,7.31,327.45,1.73,13.85,1.83,29.77,165
2024_NIP27,2024-09-14,23.2,59,15.9,186,0.0,83.79,9.08,333.33,3.99,17.01,5.86,17.68,166
2024_NIP27,2024-09-15,23.3,68,14.1,203,0.0,84.56,10.47,339.23,4.04,19.45,6.42,16.8,167
2024_NIP27,2024-09-16,22.7,67,10.2,228,11.9,56.75,6.19,307.29,0.54,11.78,0.36,56.03,168
2024_NIP27,2024-09-17,19.7,75,8.2,189,0.0,71.41,7.11,312.54,0.99,13.46,0.71,33.28,169
2024_NIP27,2024-09-18,17.3,100,16.2,53,4.8,27.11,3.82,305.86,0.0,7.42,0.0,125.6,170
2024_NIP27,2024-09-19,22.5,78,12.9,160,0.2,57.61,4.75,311.61,0.66,9.15,0.38,54.55,171
2024_NIP27,2024-09-20,22.2,65,18.7,182,0.0,78.2,6.2,317.31,2.46,11.82,2.7,24.37,172
2024_NIP27,2024-09-21,19.7,59,2.4,171,0.7,81.14,7.72,322.56,1.45,14.57,1.37,20.79,173
2024_NIP27,2024-09-22,7.4,88,19.2,304,10.8,33.12,3.62,293.03,0.02,7.02,0.01,107.87,174
2024_NIP27,2024-09-23,14.3,55,11.2,224,4.2,50.9,2.84,288.34,0.32,5.54,0.14,66.79,175
2024_NIP27,2024-09-24,14.1,78,15.7,181,0.9,63.86,3.44,292.58,1.11,6.67,0.54,44.32,176
2024_NIP27,2024-09-25,16.7,73,8.6,250,8.5,44.97,2.04,274.3,0.13,4.01,0.05,78.96,177
2024_NIP27,2024-09-26,16.3,75,10.9,167,0.3,64.31,2.82,278.94,0.89,5.5,0.4,43.62,178
2024_NIP27,2024-09-27,19.9,61,16.0,278,0.0,79.75,4.28,284.22,2.48,8.24,2.07,22.47,179
2024_NIP27,2024-09-28,19.5,55,16.3,237,0.0,84.91,5.93,289.44,4.73,11.28,5.47,16.41,180
2024_NIP27,2024-09-29,17.8,50,11.3,228,0.0,86.49,7.61,294.35,4.58,14.29,6.06,14.63,181
2024_NIP27,2024-09-30,19.6,52,25.3,169,0.0,86.9,9.38,299.58,9.85,17.4,12.98,14.17,182
2024_NIP27,2024-10-01,10.5,63,23.3,274,2.7,69.3,7.38,302.17,1.98,13.9,2.28,36.22,183
2024_NIP27,2024-10-02,13.2,54,16.4,255,3.1,65.89,5.74,299.83,1.25,10.95,0.79,41.22,184
2024_NIP27,2024-10-03,7.6,67,20.1,263,3.6,55.68,3.68,294.81,0.82,7.13,0.41,57.92,185
2024_NIP27,2024-10-04,6.8,55,19.0,255,2.0,62.49,3.09,296.74,1.23,6.03,0.57,46.46,186
2024_NIP27,2024-10-05,14.2,54,19.5,164,0.3,78.62,4.16,300.0,2.66,8.04,2.26,23.86,187
2024_NIP27,2024-10-06,6.0,95,28.1,307,8.3,28.39,1.66,279.02,0.01,3.27,0.0,121.62,188
2024_NIP32,2024-08-16,24.4,67,10.4,287,0.3,86.84,46.78,287.01,4.61,66.48,14.61,14.24,137
2024_NIP32,2024-08-17,20.2,50,15.3,343,0.8,85.76,48.98,293.65,5.06,69.13,16.03,15.45,138
2024_NIP32,2024-08-18,14.7,64,14.7,335,0.0,85.71,50.15,299.3,4.88,70.69,15.79,15.5,139
2024_NIP32,2024-08-19,15.1,43,4.0,357,0.0,87.11,52.06,305.02,3.47,72.98,12.33,13.95,140
2024_NIP32,2024-08-20,20.4,41,8.5,179,0.0,88.63,54.68,311.7,5.41,76.02,17.76,12.29,141
2024_NIP32,2024-08-21,24.0,61,11.6,175,0.0,87.87,56.7,319.02,5.66,78.51,18.7,13.12,142
2024_NIP32,2024-08-22,25.4,58,17.9,219,0.0,87.91,59.0,326.6,7.83,81.29,24.02,13.07,143
2024_NIP32,2024-08-23,21.8,61,24.0,284,0.5,87.43,60.84,333.53,9.95,83.57,28.73,13.59,144
2024_NIP32,2024-08-24,19.4,55,2.2,305,0.0,87.48,62.75,340.02,3.34,85.88,13.16,13.54,145
2024_NIP32,2024-08-25,26.5,60,12.5,165,0.0,87.53,65.03,347.8,5.65,88.63,19.92,13.48,146
2024_NIP32,2024-08-26,21.0,57,22.1,270,0.4,87.58,66.99,354.58,9.23,91.0,28.5,13.43,147
2024_NIP32,2024-08-27,16.0,44,14.4,344,0.0,87.75,68.96,360.46,6.41,93.3,22.41,13.25,148
2024_NIP32,2024-08-28,17.0,38,9.5,155,0.0,88.74,71.28,366.53,5.77,95.92,21.09,12.17,149
2024_NIP32,2024-08-29,20.9,44,17.6,180,0.0,88.79,73.82,373.29,8.75,98.8,28.61,12.12,150
2024_NIP32,2024-08-30,15.9,82,33.2,221,10.9,50.47,38.29,342.01,0.92,59.83,3.01,67.64,151
2024_NIP32,2024-08-31,14.4,72,10.2,293,7.1,43.03,22.59,326.76,0.1,38.52,0.14,83.24,152
2024_NIP32,2024-09-01,12.6,49,27.4,309,2.7,64.17,19.25,330.73,2.03,33.6,4.63,43.84,153
2024_NIP32,2024-09-02,18.9,46,13.0,248,0.0,81.84,21.17,335.84,2.69,36.57,6.49,19.96,154
2024_NIP32,2024-09-03,21.8,62,14.4,229,0.8,83.08,22.72,341.47,3.37,38.96,8.27,18.51,155
2024_NIP32,2024-09-04,18.0,87,11.9,328,0.2,81.31,23.16,346.41,2.39,39.69,6.13,20.58,156
2024_NIP32,2024-09-05,8.4,57,10.8,357,5.2,54.7,15.15,335.62,0.47,27.22,0.52,59.68,157
2024_NIP32,2024-09-06,9.7,57,9.6,356,0.0,70.76,15.97,339.07,1.04,28.58,1.67,34.17,158
2024_NIP32,2024-09-07,14.0,51,11.6,202,0.0,81.07,17.29,343.3,2.29,30.71,4.94,20.87,159
2024_NIP32,2024-09-08,16.4,72,2.4,193,0.5,82.02,18.16,347.95,1.61,32.13,3.48,19.74,160
2024_NIP32,2024-09-09,20.3,61,7.0,203,0.3,84.47,19.65,353.31,2.79,34.5,6.46,16.9,161
2024_NIP32,2024-09-10,22.5,66,10.3,180,0.0,84.89,21.08,359.06,3.49,36.76,8.23,16.42,162
2024_NIP32,2024-09-11,16.1,98,11.9,354,7.9,26.14,11.29,338.91,0.0,20.84,0.0,128.67,163
2024_NIP32,2024-09-12,16.9,49,10.9,83,0.0,63.37,12.92,343.66,0.85,23.62,0.86,45.08,164
2024_NIP32,2024-09-13,18.7,72,18.3,167,0.0,76.73,13.91,348.73,2.15,25.3,4.02,26.22,165
2024_NIP32,2024-09-14,22.7,63,15.8,187,0.0,83.59,15.48,354.52,3.87,27.91,7.64,17.91,166
2024_NIP32,2024-09-15,23.0,67,13.9,207,0.0,84.62,16.89,360.36,4.03,30.24,8.31,16.73,167
2024_NIP32,2024-09-16,22.3,66,8.5,226,1.7,76.88,17.08,366.08,1.32,30.6,2.61,26.03,168
2024_NIP32,2024-09-17,22.2,65,9.2,208,0.0,82.76,18.53,371.78,2.49,32.96,5.63,18.87,169
2024_NIP32,2024-09-18,19.9,79,14.3,61,0.8,79.73,19.32,377.06,2.27,34.25,5.28,22.48,170
2024_NIP32,2024-09-19,20.4,85,12.6,147,0.7,78.06,19.89,382.44,1.79,35.21,4.19,24.54,171
2024_NIP32,2024-09-20,22.6,66,17.7,171,0.0,83.46,21.33,388.21,4.18,37.51,9.74,18.06,172
2024_NIP32,2024-09-21,19.9,60,1.4,140,0.7,82.84,22.82,393.5,1.7,39.87,4.35,18.78,173
2024_NIP32,2024-09-22,6.7,96,19.2,304,14.6,21.22,10.08,343.02,0.0,18.78,0.0,145.48,174
2024_NIP32,2024-09-23,14.1,49,10.0,216,4.6,47.79,7.3,335.61,0.2,13.85,0.15,73.01,175
2024_NIP32,2024-09-24,14.7,79,16.9,179,1.2,60.55,7.89,339.96,0.99,14.92,0.75,49.6,176
2024_NIP32,2024-09-25,16.6,75,5.5,247,7.5,41.56,4.61,322.46,0.06,8.89,0.03,86.57,177
2024_NIP32,2024-09-26,16.4,74,11.4,168,0.3,63.02,5.42,327.12,0.86,10.4,0.53,45.63,178
2024_NIP32,2024-09-27,19.7,64,16.8,280,0.0,78.72,6.75,332.37,2.34,12.85,2.7,23.72,179
2024_NIP32,2024-09-28,19.3,58,16.3,234,0.0,84.16,8.27,337.55,4.27,15.59,5.95,17.26,180
2024_NIP32,2024-09-29,17.8,53,10.5,243,0.0,85.87,9.86,342.45,4.04,18.39,6.21,15.32,181
2024_NIP32,2024-09-30,19.4,54,25.1,169,0.1,86.48,11.53,347.65,9.18,21.3,13.57,14.64,182
2024_NIP32,2024-10-01,10.6,67,23.2,269,1.8,73.93,10.81,350.26,2.33,20.06,3.74,29.86,183
2024_NIP36,2024-08-20,21.3,40,9.4,178,0.0,89.0,74.43,335.25,5.97,95.73,21.57,11.89,141
2024_NIP36,2024-08-21,25.0,53,11.9,179,0.0,89.05,76.97,342.75,6.82,98.59,24.06,11.84,142
2024_NIP36,2024-08-22,26.5,51,19.7,223,0.0,89.1,79.76,350.52,10.17,101.68,32.1,11.79,143
2024_NIP7,2024-06-22,24.9,29,4.3,222,0.1,90.98,16.92,35.96,6.12,16.84,8.62,9.81,82
2024_NIP7,2024-06-23,24.9,30,1.3,236,0.0,91.75,21.72,43.84,5.88,21.61,9.51,9.0,83
2024_NIP7,2024-06-24,25.0,41,17.8,201,0.0,91.43,25.77,51.75,12.9,25.66,19.21,9.33,84
2024_NIP7,2024-06-25,14.9,94,17.7,333,3.8,48.49,18.48,53.63,0.33,19.85,0.3,71.58,85
2024_RED11,2024-07-26,26.3,67,20.9,190,0.2,87.19,22.94,154.83,8.22,33.48,15.68,13.85,116
2024_RED11,2024-07-27,27.1,37,26.7,201,0.2,90.64,27.11,163.41,18.05,38.32,29.43,10.15,117
2024_RED11,2024-07-28,22.1,53,17.3,268,0.4,89.09,29.67,171.09,9.0,41.39,18.71,11.8,118
2024_RED11,2024-07-29,22.9,61,8.1,212,0.1,87.84,31.87,178.92,4.73,44.1,11.82,13.15,119
2024_RED11,2024-07-30,27.9,45,10.3,193,2.8,81.92,29.27,187.65,2.37,42.12,6.32,19.86,120
2024_RED11,2024-07-31,24.7,75,8.7,278,5.0,60.66,20.21,186.83,0.66,31.82,0.81,49.42,121
2024_RED14,2024-07-29,23.6,56,9.1,218,0.0,87.01,32.99,160.89,4.42,43.62,11.12,14.06,119
2024_RED14,2024-07-30,27.5,48,9.2,197,1.3,85.56,36.48,169.54,3.62,47.44,9.9,15.67,120
2024_RED14,2024-07-31,24.7,74,9.1,279,3.3,67.57,29.28,173.3,0.92,41.17,2.05,38.73,121
2024_RED14,2024-08-01,27.7,43,16.9,208,1.7,84.14,30.98,181.29,4.39,43.41,11.04,17.28,122
2024_RED14,2024-08-02,22.6,45,20.0,286,0.6,87.64,33.67,188.36,8.37,46.54,18.85,13.37,123
2024_RED14,2024-08-03,18.2,53,13.4,327,1.3,81.96,35.54,194.64,2.79,48.8,8.05,19.81,124
2024_RED14,2024-08-04,18.0,47,13.2,316,0.0,86.23,37.63,200.89,4.86,51.26,13.16,14.92,125
2024_RED14,2024-08-05,19.9,45,14.7,325,0.0,87.85,40.02,207.47,6.61,54.0,17.12,13.13,126
2024_RED14,2024-08-06,22.0,42,9.6,250,0.0,88.9,42.78,214.44,5.94,57.09,16.28,12.01,127
2024_RED14,2024-08-07,12.3,96,15.8,43,9.6,27.53,22.09,197.73,0.0,34.54,0.0,124.25,128
2024_RED14,2024-08-08,16.7,46,21.6,24,1.6,65.86,23.08,203.74,1.62,35.97,3.82,41.26,129
2024_RED14,2024-08-09,17.3,48,12.3,3,0.0,81.2,25.05,209.86,2.41,38.59,6.06,20.71,130
2024_RED14,2024-08-10,23.4,50,10.2,334,0.0,86.57,27.58,217.07,4.39,41.87,10.8,14.54,131
2024_RED14,2024-08-11,25.2,48,6.5,321,0.0,88.2,30.41,224.61,4.59,45.44,11.75,12.76,132
2024_RED14,2024-08-12,26.3,46,7.6,285,0.0,88.99,33.46,232.35,5.44,49.21,14.03,11.91,133
2024_RED14,2024-08-13,26.1,49,8.1,223,0.0,89.03,36.32,240.05,5.61,52.71,14.94,11.86,134
2024_RED14,2024-08-14,26.4,45,13.9,185,0.0,89.3,39.45,247.81,7.82,56.44,19.83,11.57,135
2024_RED14,2024-08-15,22.9,76,3.9,164,1.2,78.67,40.64,254.93,1.22,58.11,4.05,23.78,136
2024_RED14,2024-08-16,21.1,69,12.7,348,1.0,79.36,42.06,261.74,2.02,60.01,6.89,22.94,137
2024_RED14,2024-08-17,22.0,45,11.6,316,0.0,86.73,44.68,268.7,4.82,63.12,14.69,14.36,138
2024_RED14,2024-08-18,19.6,53,7.8,26,0.0,86.8,46.69,275.23,4.02,65.57,13.03,14.28,139
2024_RED14,2024-08-19,19.2,49,5.6,92,0.0,87.27,48.83,281.69,3.84,68.13,12.85,13.77,140
2024_RED14,2024-08-20,25.9,52,14.2,181,0.0,87.91,51.5,289.36,6.5,71.28,19.62,13.07,141
2024_RED14,2024-08-21,26.1,51,17.5,199,0.0,88.19,54.25,297.06,7.98,74.49,23.27,12.77,142
2024_RED14,2024-08-22,24.6,65,14.9,214,0.2,87.26,56.11,304.49,6.13,76.83,19.58,13.78,143
2024_RED14,2024-08-23,21.6,64,10.6,293,3.0,71.58,45.96,306.28,1.13,66.85,4.16,33.03,144
2024_RED14,2024-08-24,23.8,53,9.0,143,0.4,83.83,48.38,313.56,2.83,69.82,10.18,17.64,145
2024_RED14,2024-08-25,22.3,92,14.6,180,8.3,38.68,26.89,297.06,0.06,43.86,0.09,93.43,146
2024_RED14,2024-08-26,17.6,56,20.0,288,3.8,61.18,20.76,295.52,1.2,35.32,2.62,48.58,147
2024_RED14,2024-08-27,17.6,46,7.9,66,0.0,79.28,22.85,301.69,1.57,38.42,3.9,23.04,148
2024_RED14,2024-08-28,19.7,44,16.0,157,0.0,86.54,25.25,308.24,5.85,41.92,13.61,14.57,149
2024_RED14,2024-08-29,18.2,77,22.7,180,2.4,70.68,22.06,314.52,2.01,37.54,4.96,34.29,150
2024_RED14,2024-08-30,17.4,80,21.3,295,46.8,40.84,8.52,184.38,0.12,15.28,0.09,88.26,151
2024_RED14,2024-08-31,15.2,69,15.9,307,2.5,56.01,7.27,190.12,0.68,13.27,0.48,57.33,152
2024_RED14,2024-09-01,15.5,48,15.7,310,0.0,77.56,8.81,194.61,2.01,15.82,2.58,25.17,153
2024_RED14,2024-09-02,22.5,48,18.0,228,0.0,86.32,10.99,200.36,6.28,19.33,9.48,14.82,154
2024_RED14,2024-09-03,24.8,56,12.5,213,0.1,87.0,13.02,206.53,5.24,22.49,8.81,14.07,155
2024_RED14,2024-09-04,13.8,82,11.3,2,2.0,67.49,11.61,210.72,1.02,20.4,0.94,38.85,156
2024_RED14,2024-09-05,11.9,59,1.9,214,0.2,75.68,12.56,214.57,0.88,21.91,0.84,27.57,157
2024_RED14,2024-09-06,13.5,45,2.9,137,0.3,82.53,13.99,218.7,1.76,24.11,3.08,19.14,158
2024_RED14,2024-09-07,18.1,58,19.0,203,0.2,84.96,15.42,223.66,5.46,26.31,9.96,16.34,159
2024_RED14,2024-09-08,20.9,52,9.1,339,0.0,86.66,17.3,229.13,4.2,29.11,8.43,14.45,160
2024_RED14,2024-09-09,23.6,46,11.3,178,0.0,88.33,19.68,235.08,5.96,32.54,12.03,12.61,161
2024_RED14,2024-09-10,25.3,60,15.7,179,0.0,88.14,21.56,241.34,7.24,35.24,14.62,12.82,162
2024_RED14,2024-09-11,18.2,44,10.8,342,11.6,61.82,12.08,217.32,0.78,21.21,0.74,47.54,163
2024_RED14,2024-09-12,18.9,58,13.3,103,0.1,78.76,13.57,222.42,1.97,23.55,3.45,23.68,164
2024_RED14,2024-09-13,24.8,57,20.0,171,0.0,85.66,15.56,228.59,6.33,26.59,11.31,15.55,165
2024_RED14,2024-09-14,22.3,55,26.1,211,0.0,86.72,17.43,234.31,9.99,29.4,17.0,14.37,166
2024_RED14,2024-09-15,23.1,58,13.2,202,0.4,86.77,19.24,240.17,5.25,32.06,10.76,14.32,167
2024_RED27,2024-08-18,21.8,45,7.1,38,0.0,87.98,30.05,234.56,4.59,45.52,11.75,12.99,139
2024_RED27,2024-08-19,21.3,47,7.0,78,0.0,88.11,32.5,241.4,4.65,48.63,12.33,12.86,140
2024_RED27,2024-08-20,25.7,52,13.7,181,0.0,88.16,35.16,249.03,6.56,51.97,16.69,12.8,141
2024_RED27,2024-08-21,24.8,54,19.2,202,0.0,88.2,37.62,256.5,8.72,55.05,21.18,12.75,142
2024_RED27,2024-08-22,23.4,66,15.3,205,0.0,86.95,39.33,263.71,5.98,57.3,16.41,14.13,143
2024_RED32,2024-08-12,25.9,49,8.3,271,0.0,88.71,25.04,218.6,5.41,38.93,12.28,12.21,133
2024_RED32,2024-08-13,25.7,41,8.9,220,0.0,89.76,28.31,226.23,6.49,43.12,14.96,11.09,134
2024_RED32,2024-08-14,26.1,47,13.2,176,0.0,89.81,31.28,233.93,8.11,46.89,18.5,11.03,135
2024_RED32,2024-08-15,23.3,66,3.0,128,1.5,78.32,32.99,241.13,1.13,49.17,3.23,24.23,136
2024_RED32,2024-08-16,22.0,66,13.2,355,0.7,82.02,34.62,248.1,2.78,51.33,8.29,19.74,137
2024_RED32,2024-08-17,22.2,45,9.7,336,0.0,87.26,37.26,255.1,4.72,54.59,13.31,13.78,138
2024_RED32,2024-08-18,21.2,45,8.1,31,0.0,88.2,39.79,261.92,4.98,57.68,14.33,12.75,139
2024_RED32,2024-08-19,20.3,48,6.2,78,0.0,88.25,42.09,268.57,4.56,60.48,13.74,12.7,140
2024_RED32,2024-08-20,25.8,49,13.6,188,0.0,88.49,44.92,276.22,6.85,63.87,19.24,12.44,141
2024_RED32,2024-08-21,25.6,48,17.3,200,0.0,88.65,47.79,283.83,8.45,67.26,22.97,12.27,142
2024_RED32,2024-08-22,23.9,64,16.5,212,0.0,87.37,49.65,291.14,6.76,69.62,19.93,13.66,143
2024_RED32,2024-08-23,22.3,58,10.3,282,2.3,76.8,44.92,298.16,1.44,65.26,5.28,26.14,144
2024_RED32,2024-08-24,25.1,53,8.4,135,0.4,85.39,47.46,305.68,3.4,68.38,11.67,15.86,145
2024_RED32,2024-08-25,22.7,90,18.2,189,18.3,37.35,20.56,257.88,0.05,34.28,0.07,96.74,146
2024_RED32,2024-08-26,18.7,53,17.4,286,0.7,71.08,22.48,264.25,1.56,37.07,3.74,33.72,147
2024_RED32,2024-08-27,17.4,45,9.3,75,0.0,83.01,24.58,270.39,2.58,40.05,6.62,18.58,148
2024_RED32,2024-08-28,20.0,48,14.8,159,0.0,86.75,26.84,276.99,5.68,43.22,13.51,14.34,149
2024_RED32,2024-08-29,17.7,78,20.7,178,2.3,70.28,23.73,283.18,1.79,39.24,4.55,34.84,150
2024_RED32,2024-08-30,19.4,58,22.9,294,43.6,57.74,10.01,169.99,1.11,17.45,0.92,54.32,151
2024_RED32,2024-08-31,14.9,74,14.7,312,3.3,55.5,7.52,171.28,0.61,13.56,0.44,58.23,152
2024_RED32,2024-09-01,16.6,44,15.8,314,2.6,69.82,7.03,175.97,1.38,12.79,0.95,35.49,153
2024_RED32,2024-09-02,22.9,45,21.7,230,0.0,85.79,9.38,181.79,7.01,16.62,9.62,15.41,154
2024_RED32,2024-09-03,24.5,54,12.5,210,0.0,87.14,11.48,187.91,5.35,19.92,8.39,13.91,155
2024_RED32,2024-09-04,15.6,84,11.7,11,0.9,78.79,11.96,192.42,1.82,20.7,2.84,23.64,156
2024_RED32,2024-09-05,11.8,56,1.0,31,0.0,81.86,12.97,196.25,1.47,22.26,2.26,19.93,157
2024_RED32,2024-09-06,12.8,48,3.3,96,0.2,84.66,14.25,200.26,2.38,24.2,4.35,16.68,158
2024_RED32,2024-09-07,17.9,55,19.2,200,0.5,85.85,15.78,205.18,6.24,26.47,11.16,15.34,159
2024_RED32,2024-09-08,21.3,48,7.9,348,0.1,87.47,17.85,210.72,4.44,29.46,8.91,13.56,160
2024_RED32,2024-09-09,24.0,45,11.6,173,0.0,88.69,20.31,216.74,6.38,32.91,12.76,12.23,161
2024_RED32,2024-09-10,25.5,58,15.5,179,0.0,88.51,22.3,223.04,7.56,35.68,15.22,12.42,162
2024_RED32,2024-09-11,18.7,43,10.0,353,8.7,64.33,13.51,208.15,0.85,23.25,0.85,43.59,163
2024_RED32,2024-09-12,19.3,61,16.7,102,0.1,79.6,14.93,213.33,2.53,25.41,4.81,22.64,164
2024_RED32,2024-09-13,24.9,54,20.7,170,0.0,86.34,17.06,219.52,7.21,28.57,13.05,14.8,165
2024_RED32,2024-09-14,22.3,54,25.6,213,0.0,86.97,18.98,225.24,10.1,31.35,17.7,14.09,166
2024_RED32,2024-09-15,21.4,73,14.6,207,1.7,76.43,18.76,230.79,1.75,31.18,3.72,26.61,167
2024_RED32,2024-09-16,23.6,48,14.0,240,5.6,72.04,13.47,225.08,1.36,23.44,2.1,32.41,168
2024_RED32,2024-09-17,24.3,59,9.3,155,0.0,83.03,15.33,231.15,2.59,26.3,5.03,18.56,169
2024_RED32,2024-09-18,22.8,64,13.7,112,0.0,84.88,16.86,236.96,4.13,28.63,8.23,16.43,170
2024_SLK12,2024-08-16,23.6,66,9.8,346,0.1,87.12,51.52,313.75,4.65,73.05,15.51,13.93,137
2024_SLK12,2024-08-17,21.4,46,11.3,331,0.0,88.09,54.03,320.6,5.76,76.02,18.6,12.88,138
2024_SLK12,2024-08-18,17.9,53,12.8,357,0.0,88.09,55.87,326.83,6.21,78.28,19.96,12.88,139
2024_SLK12,2024-08-19,18.7,41,3.0,65,0.0,88.58,58.28,333.2,4.07,81.1,14.85,12.34,140
2024_SLK12,2024-08-20,24.4,38,9.8,186,0.0,90.02,61.55,340.59,7.05,84.79,22.8,10.81,141
2024_SLK12,2024-08-21,26.8,48,12.5,212,0.0,90.07,64.54,348.42,8.13,88.23,25.73,10.75,142
2024_SLK12,2024-08-22,25.9,51,19.1,216,0.0,89.8,67.27,356.09,10.9,91.38,31.97,11.04,143
2024_SLK12,2024-08-23,21.6,58,13.8,291,2.9,75.25,55.13,357.57,1.56,79.58,6.55,28.13,144
2024_SLK12,2024-08-24,23.3,47,3.4,186,0.0,84.84,57.8,364.76,2.45,82.8,10.01,16.48,145
2024_SLK12,2024-08-25,27.8,51,18.3,173,0.0,88.08,60.72,372.77,8.18,86.3,25.55,12.89,146
2024_SLK12,2024-08-26,19.8,51,21.6,277,1.8,81.47,58.42,379.34,3.97,84.36,14.92,20.39,147
2024_SLK12,2024-08-27,17.4,40,8.2,19,0.0,86.8,60.71,385.48,4.1,87.12,15.55,14.29,148
2024_SLK12,2024-08-28,19.2,35,12.2,151,0.0,89.35,63.43,391.94,7.23,90.32,23.98,11.52,149
2024_SLK12,2024-08-29,21.6,47,21.4,173,0.0,89.4,65.92,398.83,11.57,93.29,33.6,11.46,150
2024_SLK12,2024-08-30,14.7,96,28.4,265,18.5,24.15,28.51,335.61,0.0,47.04,0.0,135.23,151
2024_SLK12,2024-08-31,17.2,65,18.0,303,4.0,51.55,21.2,332.48,0.49,36.56,0.66,65.54,152
2024_SLK12,2024-09-01,13.9,45,21.1,314,1.5,71.97,22.12,336.69,1.94,37.99,4.82,32.5,153
2024_SLK12,2024-09-02,15.3,79,11.4,164,1.8,65.55,20.93,341.15,0.96,36.29,1.91,41.73,154
2024_SLK12,2024-09-03,24.5,49,14.5,223,0.0,84.15,23.25,347.26,3.9,39.84,9.51,17.27,155
2024_SLK12,2024-09-04,13.2,90,26.1,343,3.2,54.96,17.69,344.89,1.04,31.35,1.85,59.21,156
2024_SLK12,2024-09-05,9.7,53,7.2,6,1.0,67.38,18.59,348.34,0.83,32.8,1.2,39.01,157
2024_SLK12,2024-09-06,10.6,49,4.1,29,0.0,77.55,19.65,351.95,1.12,34.49,2.3,25.18,158
2024_SLK12,2024-09-07,13.6,66,14.6,198,0.0,81.43,20.54,356.11,2.78,35.91,6.6,20.45,159
2024_SLK12,2024-09-08,20.7,45,11.7,343,0.3,86.9,22.68,361.54,4.96,39.2,11.49,14.18,160
2024_SLK12,2024-09-09,23.3,37,9.5,219,0.0,89.71,25.41,367.43,6.64,43.33,15.27,11.14,161
2024_SLK12,2024-09-10,25.7,51,15.4,191,0.0,89.72,27.75,373.76,8.95,46.81,19.86,11.12,162
2024_SLK12,2024-09-11,16.1,85,12.4,347,3.9,55.14,19.97,368.63,0.53,35.17,0.69,58.88,163
2024_SLK12,2024-09-12,17.9,51,15.6,104,0.8,76.51,21.62,373.56,1.85,37.78,4.57,26.51,164
2024_SLK12,2024-09-13,23.8,58,18.5,172,0.0,84.79,23.49,379.54,5.2,40.68,12.2,16.54,165
2024_SLK12,2024-09-14,24.9,51,21.1,194,0.0,87.59,25.75,385.73,8.79,44.14,19.02,13.42,166
2024_SLK12,2024-09-15,18.3,92,16.4,210,2.8,57.28,20.7,385.32,0.77,36.5,1.23,55.12,167
2024_SLK14,2024-08-13,27.1,44,9.5,289,0.0,89.63,23.28,264.94,6.56,38.18,14.13,11.23,134
2024_SLK14,2024-08-14,27.7,36,10.8,206,0.2,91.05,27.09,272.93,8.58,43.41,18.53,9.73,135
2024_SLK14,2024-08-15,24.2,59,7.2,174,0.0,88.65,29.23,280.29,5.08,46.37,12.87,12.27,136
2024_SLK14,2024-08-16,24.4,62,9.4,337,0.6,86.14,31.23,287.68,3.97,49.13,10.91,15.02,137
2024_SLK14,2024-08-17,21.4,46,11.8,337,0.7,86.87,33.74,294.54,4.96,52.46,13.54,14.21,138
2024_SLK14,2024-08-18,18.1,53,12.1,3,0.0,86.92,35.6,300.8,5.07,54.95,14.14,14.16,139
2024_SLK14,2024-08-19,18.3,43,3.5,51,0.0,87.92,37.89,307.1,3.8,57.91,11.58,13.06,140
2024_SLK14,2024-08-20,23.7,38,9.0,183,0.0,89.79,41.06,314.37,6.55,61.91,18.29,11.06,141
2024_SLK14,2024-08-21,26.0,54,12.2,216,0.0,89.34,43.63,322.05,7.21,65.19,20.18,11.53,142
2024_SLK14,2024-08-22,25.9,50,19.0,211,0.0,89.39,46.42,329.72,10.23,68.67,26.53,11.48,143
2024_SLK14,2024-08-23,22.0,55,14.5,295,1.6,81.87,46.8,336.68,2.91,69.46,10.4,19.92,144
2024_SLK14,2024-08-24,23.2,50,2.5,172,0.0,86.16,49.31,343.86,2.81,72.59,10.36,15.0,145
2024_SLK15,2024-07-27,27.4,36,21.0,212,0.3,90.89,38.28,169.4,14.02,48.93,27.85,9.9,117
2024_SLK15,2024-07-28,21.1,58,22.8,265,0.4,88.22,40.47,176.9,10.47,51.49,23.33,12.74,118
2024_SLK15,2024-07-29,23.1,55,4.8,233,0.2,88.27,43.03,184.76,4.26,54.39,12.25,12.68,119
2024_SLK15,2024-07-30,26.8,47,8.1,233,0.0,88.92,46.5,193.29,5.53,58.08,15.57,11.98,120
2024_SLK15,2024-07-31,26.0,62,8.5,232,2.2,78.0,43.18,201.68,1.45,56.25,4.75,24.62,121
2024_SLK15,2024-08-01,27.0,38,11.3,231,2.3,83.49,40.91,209.54,3.04,54.98,9.34,18.02,122
2024_SLK15,2024-08-02,22.4,41,27.2,283,0.0,88.65,43.77,216.58,13.91,58.16,30.14,12.27,123
2024_SLK15,2024-08-03,18.1,40,20.2,319,1.1,85.96,46.15,222.84,6.67,60.82,18.37,15.22,124
2024_SLK15,2024-08-04,17.6,43,17.7,307,0.1,87.76,48.35,229.01,7.59,63.3,20.61,13.23,125
2024_SLK15,2024-08-05,17.2,50,15.4,336,0.1,87.81,50.24,235.11,6.81,65.49,19.4,13.18,126
2024_SLK15,2024-08-06,21.3,41,15.0,265,0.1,88.97,52.97,241.95,7.88,68.47,22.07,11.92,127
2024_SLK15,2024-08-07,14.7,56,15.0,55,1.0,82.89,54.41,247.6,3.39,70.23,11.84,18.72,128
2024_SLK15,2024-08-08,16.4,46,18.9,34,0.3,86.45,56.36,253.55,6.68,72.45,20.2,14.68,129
2024_SLK15,2024-08-09,17.0,47,13.2,17,0.0,87.19,58.34,259.62,5.57,74.71,17.99,13.86,130
2024_SLK15,2024-08-10,21.5,46,5.2,12,0.0,88.06,60.86,266.49,4.22,77.48,14.88,12.91,131
2024_SLK15,2024-08-11,25.5,41,3.6,340,0.0,89.54,64.1,274.09,4.81,80.9,16.83,11.32,132
2024_SLK15,2024-08-12,28.2,37,8.4,285,0.0,90.93,67.91,282.17,7.48,84.8,23.77,9.85,133
2024_SLK15,2024-08-13,28.2,37,11.1,277,0.0,91.11,71.72,290.25,8.79,88.66,27.22,9.66,134
2024_SLK15,2024-08-14,28.3,35,10.8,206,0.0,91.49,75.66,298.34,9.14,92.61,28.57,9.27,135
2024_SLK15,2024-08-15,23.5,65,5.8,200,0.4,87.8,77.44,305.58,4.19,94.81,16.57,13.19,136
2024_SLK15,2024-08-16,20.3,69,10.7,324,0.1,86.09,78.81,312.24,4.21,96.64,16.79,15.07,137
2024_SLK15,2024-08-17,21.6,43,12.3,291,0.0,88.37,81.48,319.13,6.3,99.47,22.87,12.58,138
2024_SLK15,2024-08-18,16.3,51,11.4,347,0.0,88.22,83.24,325.07,5.9,101.5,22.03,12.74,139
2024_SLK15,2024-08-19,18.1,39,2.3,113,0.0,88.8,85.66,331.33,4.05,104.06,16.97,12.11,140
2024_SLK15,2024-08-20,24.5,46,12.5,175,0.0,88.85,88.51,338.74,6.83,107.08,25.05,12.05,141
2024_SLK15,2024-08-21,27.2,50,14.6,199,0.0,88.9,91.43,346.64,7.64,110.2,27.44,12.0,142
2024_SLK15,2024-08-22,24.9,61,18.5,218,0.0,87.99,93.53,354.13,8.17,112.67,28.99,12.98,143
2024_SLK15,2024-08-23,20.4,74,15.0,291,5.1,61.67,60.02,346.91,0.96,83.79,4.19,47.79,144
2024_SLK15,2024-08-24,21.5,52,6.1,182,2.2,70.79,54.56,353.79,0.87,78.76,3.58,34.13,145
2024_SLK15,2024-08-25,25.1,69,16.1,175,0.0,81.65,56.24,361.31,3.08,80.97,11.91,20.18,146
2024_SLK15,2024-08-26,18.0,54,25.7,276,4.4,71.15,40.58,356.14,2.37,63.16,8.22,33.64,147
2024_SLK15,2024-08-27,17.0,43,9.1,14,0.0,83.21,42.71,362.21,2.62,65.97,9.22,18.35,148
2024_SLK15,2024-08-28,19.3,37,14.6,167,0.0,88.37,45.36,368.69,7.08,69.38,20.57,12.58,149
2024_SLK15,2024-08-29,21.6,47,19.4,170,0.0,88.41,47.84,375.58,9.08,72.57,25.12,12.52,150
2024_SLK15,2024-08-30,14.3,100,29.8,302,13.3,16.92,22.3,334.78,0.0,38.23,0.0,161.95,151
2024_SLK15,2024-08-31,14.7,67,17.0,310,7.7,41.82,13.07,317.8,0.11,23.71,0.12,85.98,152
2024_SLK15,2024-09-01,14.2,43,19.1,312,0.9,71.33,14.63,322.06,1.71,26.27,3.18,33.39,153
2024_SLK15,2024-09-02,14.4,87,13.3,171,4.0,47.28,9.95,317.43,0.22,18.46,0.19,74.06,154
2024_SLK15,2024-09-03,24.2,56,13.0,228,0.8,76.3,11.93,323.49,1.6,21.85,2.49,26.77,155
2024_SLK15,2024-09-04,9.8,86,16.5,349,5.1,43.97,7.23,314.07,0.16,13.68,0.12,81.13,156
2024_SLK15,2024-09-05,10.2,51,5.1,6,0.0,64.6,8.22,317.61,0.67,15.44,0.52,43.18,157
2024_SLK15,2024-09-06,13.5,41,1.2,321,0.0,77.39,9.75,321.74,0.95,18.13,0.81,25.39,158
2024_SLK15,2024-09-07,15.0,64,18.0,189,0.2,82.06,10.79,326.15,3.56,19.92,5.77,19.7,159
2024_SLK15,2024-09-08,20.5,55,10.6,342,0.1,85.48,12.52,331.54,3.84,22.87,6.74,15.76,160
2024_SLK15,2024-09-09,23.1,42,10.7,221,0.0,88.63,15.02,337.4,6.04,27.02,10.99,12.29,161
2024_SLK15,2024-09-10,25.4,54,14.5,191,0.0,88.68,17.19,343.68,7.37,30.55,13.75,12.24,162
2024_SLK15,2024-09-11,18.9,51,11.1,328,7.6,63.72,10.92,326.03,0.87,20.16,0.8,44.53,163
2024_SLK15,2024-09-12,18.3,53,13.7,124,0.0,80.19,12.55,331.03,2.31,22.92,4.07,21.92,164
2024_SLK15,2024-09-13,23.2,63,17.0,175,0.0,84.53,14.15,336.91,4.66,25.61,8.57,16.83,165
2024_SLK15,2024-09-14,24.1,55,25.1,203,0.0,86.84,16.17,342.95,9.65,28.93,16.44,14.25,166
2024_SLK15,2024-09-15,23.3,54,17.0,200,0.3,87.18,18.17,348.85,6.74,32.15,13.17,13.87,167
2024_SLK15,2024-09-16,22.9,51,8.8,235,1.1,84.33,20.26,354.67,3.0,35.46,7.03,17.06,168
2024_SLK15,2024-09-17,24.3,53,8.1,192,0.1,86.89,22.38,360.75,4.13,38.76,9.82,14.19,169
2024_SLK15,2024-09-18,23.3,55,13.8,99,0.0,87.05,24.34,366.65,5.63,41.75,13.17,14.02,170
2024_SLK16,2024-07-26,24.4,65,16.1,193,0.3,87.33,29.7,174.35,6.58,41.66,14.86,13.7,116
2024_SLK16,2024-07-27,28.1,34,20.5,224,0.3,91.34,34.23,183.12,14.58,46.65,27.95,9.43,117
2024_SLK16,2024-07-28,21.9,55,24.4,264,0.9,85.91,36.66,190.76,8.18,49.52,19.14,15.28,118
2024_SLK16,2024-07-29,22.5,57,5.0,296,0.2,86.42,39.04,198.52,3.3,52.34,9.73,14.71,119
2024_SLK16,2024-07-30,27.1,47,8.4,230,0.1,88.67,42.55,207.1,5.41,56.22,15.04,12.25,120
2024_SLK16,2024-07-31,26.3,63,6.9,208,0.6,86.17,44.93,215.54,3.51,59.07,11.0,14.98,121
2024_SLK16,2024-08-01,26.8,42,9.4,228,4.9,77.14,33.14,214.04,1.41,47.79,4.09,25.71,122
2024_SLK16,2024-08-02,22.9,39,26.2,274,0.3,88.24,36.17,221.16,12.47,51.34,26.31,12.71,123
2024_SLK16,2024-08-03,16.4,50,21.1,315,0.3,88.29,37.97,227.12,9.71,53.56,22.56,12.66,124
2024_SLK16,2024-08-04,17.8,43,18.0,314,0.0,88.34,40.2,233.33,8.37,56.19,20.79,12.61,125
2024_SLK16,2024-08-05,17.2,42,18.3,332,0.0,88.39,42.39,239.43,8.56,58.77,21.62,12.55,126
2024_SLK16,2024-08-06,22.1,40,11.2,272,0.1,89.33,45.26,246.41,6.85,62.04,18.93,11.54,127
2024_SLK16,2024-08-07,16.3,48,12.3,51,2.2,77.11,41.54,252.35,1.63,58.86,5.54,25.74,128
2024_SLK16,2024-08-08,16.7,44,16.8,35,0.0,85.32,43.6,258.36,5.14,61.32,15.18,15.93,129
2024_SLK16,2024-08-09,17.4,46,11.2,24,0.0,87.08,45.66,264.49,4.96,63.79,15.1,13.98,130
2024_SLK16,2024-08-10,21.7,46,3.0,17,0.0,88.02,48.2,271.4,3.75,66.76,12.47,12.95,131
2024_SLK16,2024-08-11,25.7,42,4.0,342,0.0,89.42,51.41,279.03,4.82,70.4,15.62,11.45,132
2024_SLK16,2024-08-12,28.7,35,8.3,290,0.0,91.34,55.41,287.2,7.89,74.76,23.12,9.43,133
2024_SLK16,2024-08-13,29.2,36,11.3,283,0.0,91.48,59.41,295.46,9.36,79.07,26.82,9.28,134
2024_SLK16,2024-08-14,29.1,33,10.4,222,0.0,92.01,63.59,303.7,9.65,83.48,28.12,8.73,135
2024_SLK16,2024-08-15,24.5,61,6.5,226,0.1,88.57,65.65,311.12,4.84,85.96,17.5,12.36,136
2024_SLK19,2024-07-31,24.3,76,9.0,227,0.8,83.17,45.1,188.89,2.6,56.49,8.29,18.39,121
2024_SLK19,2024-08-01,26.6,37,9.6,266,12.5,72.96,24.89,168.93,1.13,36.38,2.46,31.17,122
2024_SLK19,2024-08-02,23.3,38,20.2,289,0.1,87.66,28.02,176.13,8.48,40.09,17.62,13.35,123
2024_SLK19,2024-08-03,19.7,40,15.7,326,0.0,88.86,30.59,182.68,8.03,43.13,17.58,12.04,124
2024_SLK19,2024-08-04,17.9,43,12.6,313,0.0,88.91,32.83,188.9,6.92,45.77,16.23,11.99,125
2024_SLK19,2024-08-05,19.9,37,14.3,318,0.1,89.59,35.56,195.49,8.31,48.89,19.23,11.27,126
2024_SLK19,2024-08-06,21.2,41,12.4,254,0.0,89.64,38.28,202.31,7.6,51.97,18.61,11.22,127
2024_SLK19,2024-08-07,16.1,82,13.5,74,12.8,42.39,17.96,178.79,0.11,28.71,0.12,84.68,128
2024_SLK19,2024-08-08,16.1,52,20.1,21,3.2,63.21,14.86,180.45,1.34,24.64,2.17,45.33,129
2024_SLK19,2024-08-09,14.9,51,17.9,5,1.1,76.25,16.48,186.13,2.04,26.98,3.97,26.84,130
2024_SLK19,2024-08-10,20.7,40,10.2,351,0.0,86.43,19.18,192.86,4.3,30.72,8.88,14.7,131
2024_SLK19,2024-08-11,24.2,43,7.1,333,0.0,88.77,22.15,200.22,5.14,34.71,11.05,12.14,132
2024_SLK19,2024-08-12,25.4,46,9.4,274,0.1,88.96,25.11,207.8,5.93,38.57,13.14,11.94,133
2024_SLK19,2024-08-13,26.1,43,7.9,267,0.2,89.54,28.31,215.5,5.98,42.62,13.96,11.32,134
2024_SLK19,2024-08-14,26.1,39,14.2,196,0.1,90.29,31.73,223.2,9.14,46.82,20.17,10.52,135
2024_SLK19,2024-08-15,22.7,64,11.9,169,0.0,87.52,33.5,230.29,5.47,49.14,14.1,13.49,136
2024_SLK19,2024-08-16,23.2,62,8.3,16,0.7,85.0,35.41,237.47,3.2,51.59,9.39,16.3,137
2024_SLK19,2024-08-17,21.8,46,9.9,339,0.5,87.68,37.96,244.4,5.06,54.69,14.08,13.32,138
2024_SLK19,2024-08-18,20.7,43,8.5,13,0.0,88.52,40.53,251.13,5.32,57.75,15.08,12.41,139
2024_SLK19,2024-08-19,19.9,42,5.5,77,0.0,88.74,43.04,257.72,4.72,60.73,14.14,12.18,140
2024_SLK19,2024-08-20,24.7,40,10.3,184,0.0,89.78,46.24,265.17,6.98,64.4,19.58,11.07,141
2024_SLK19,2024-08-21,26.6,38,16.8,206,0.2,90.57,49.78,272.96,10.85,68.39,27.58,10.23,142
2024_SLK19,2024-08-22,25.8,45,18.8,201,0.0,90.62,52.84,280.61,12.09,71.85,30.42,10.17,143
2024_SLK19,2024-08-23,22.4,54,10.7,275,3.6,73.71,41.45,280.88,1.23,60.56,4.24,30.15,144
2024_SLK20,2024-08-11,24.8,44,4.2,350,0.0,88.85,36.63,208.39,4.49,50.9,12.31,12.06,132
2024_SLK20,2024-08-12,27.0,41,9.3,279,0.0,89.99,40.05,216.25,6.84,54.75,17.69,10.84,133
2024_SLK20,2024-08-13,27.3,44,10.0,287,0.0,90.04,43.34,224.17,7.13,58.43,18.9,10.79,134
2024_SLK20,2024-08-14,27.7,37,10.3,205,0.0,90.93,47.08,232.16,8.22,62.48,21.69,9.86,135
2024_SLK20,2024-08-15,23.5,65,5.7,204,0.2,87.7,48.86,239.39,4.11,64.7,13.16,13.3,136
2024_SLK20,2024-08-16,21.6,70,11.5,335,0.0,86.05,50.27,246.28,4.35,66.57,13.99,15.12,137
2024_SLK20,2024-08-17,21.1,48,10.2,306,0.0,87.52,52.65,253.09,5.02,69.27,15.95,13.5,138
2024_SLK20,2024-08-18,17.4,58,11.7,346,0.1,87.24,54.25,259.22,5.21,71.23,16.66,13.8,139
2024_SLK20,2024-08-19,17.9,44,2.9,90,0.0,87.84,56.45,265.45,3.64,73.71,12.89,13.15,140
2024_SLK20,2024-08-20,24.4,45,11.5,184,0.0,88.82,59.35,272.84,6.46,76.88,20.34,12.09,141
2024_SLK20,2024-08-21,26.9,51,13.7,205,0.0,88.86,62.18,280.69,7.27,80.03,22.59,12.04,142
2024_SLK20,2024-08-22,25.4,57,18.3,220,0.0,88.67,64.53,288.27,8.91,82.75,26.51,12.25,143
2024_SLK20,2024-08-23,21.5,62,16.3,290,3.4,72.8,50.07,288.91,1.57,69.87,6.03,31.38,144
2024_SLK20,2024-08-24,21.5,56,5.1,188,0.8,80.34,52.13,295.78,1.52,72.37,6.01,21.75,145
2024_SLK20,2024-08-25,26.5,61,16.4,176,0.0,85.52,54.35,303.56,5.17,75.09,17.07,15.71,146
2024_SLK21,2024-07-31,23.4,74,1.3,236,2.5,66.07,32.22,165.66,0.59,43.36,0.89,40.94,121
2024_SLK21,2024-08-01,23.3,69,10.6,267,0.5,79.01,33.78,172.85,1.76,45.39,4.96,23.37,122
2024_SLK21,2024-08-02,21.0,48,26.7,277,0.0,86.51,36.16,179.64,9.99,48.11,21.8,14.61,123
2024_SLK21,2024-08-03,15.8,56,23.6,310,1.1,82.4,37.69,185.49,4.92,49.99,13.09,19.3,124
2024_SLK21,2024-08-04,17.3,44,20.1,306,0.2,86.83,39.82,191.6,7.5,52.41,18.5,14.26,125
2024_SLK21,2024-08-05,16.3,56,19.2,321,0.5,86.88,41.4,197.54,7.21,54.33,18.33,14.2,126
2024_SLK21,2024-08-06,20.3,44,14.3,258,0.0,88.19,43.87,204.2,6.8,57.08,18.01,12.77,127
2024_SLK21,2024-08-07,12.9,69,16.4,60,1.0,80.47,44.77,209.53,2.73,58.36,8.84,21.59,128
2024_SLK21,2024-08-08,15.2,54,21.2,39,0.1,84.53,46.32,215.27,5.75,60.23,16.37,16.83,129
2024_SLK21,2024-08-09,13.9,55,18.2,18,0.0,85.27,47.71,220.77,5.47,61.95,16.02,15.99,130
2024_SLK21,2024-08-10,19.3,46,7.3,9,0.0,87.28,49.98,227.25,4.19,64.5,13.34,13.76,131
2024_SLK21,2024-08-11,23.3,47,5.2,348,0.0,88.2,52.65,234.45,4.3,67.44,13.96,12.76,132
2024_SLK21,2024-08-12,26.6,43,9.6,275,0.0,89.51,55.91,242.24,6.48,70.91,19.53,11.35,133
2024_SLK21,2024-08-13,27.3,46,11.6,266,0.0,89.56,59.08,250.16,7.22,74.29,21.64,11.3,134
2024_SLK21,2024-08-14,27.1,41,9.5,207,0.0,90.11,62.52,258.04,7.02,77.87,21.75,10.72,135
2024_SLK21,2024-08-15,24.3,59,10.1,204,0.1,88.45,64.66,265.42,5.71,80.37,19.03,12.49,136
2024_SLK21,2024-08-16,21.0,72,12.7,333,0.1,85.76,65.94,272.2,4.44,82.14,15.98,15.44,137
2024_SLK21,2024-08-17,20.7,47,10.5,322,0.0,87.54,68.33,278.93,5.11,84.75,18.07,13.48,138
2024_SLK21,2024-08-18,14.9,60,14.4,340,0.0,86.7,69.65,284.62,5.52,86.43,19.32,14.4,139
2024_SLK21,2024-08-19,15.7,47,0.9,281,0.0,87.02,71.49,290.45,2.93,88.51,12.07,14.05,140
2024_SLK21,2024-08-20,21.5,47,13.9,170,0.0,87.95,73.96,297.32,6.44,91.2,22.21,13.02,141
2024_SLK21,2024-08-21,24.5,62,14.9,193,0.0,87.67,75.97,304.74,6.51,93.6,22.68,13.33,142
2024_SLK21,2024-08-22,24.7,60,18.6,218,0.0,87.72,78.1,312.19,7.9,96.1,26.31,13.27,143
2024_SLK21,2024-08-23,20.4,73,22.9,297,2.3,74.16,67.25,318.86,2.32,88.07,9.96,29.56,144
2024_SLK21,2024-08-24,18.9,58,3.8,163,0.5,81.5,68.98,325.27,1.63,90.16,7.42,20.36,145
2024_SLK21,2024-08-25,26.5,58,16.7,161,0.0,86.21,71.38,333.04,5.79,92.95,20.79,14.94,146
2024_SLK21,2024-08-26,18.4,56,27.5,270,5.6,69.83,46.51,324.35,2.49,68.48,9.02,35.48,147
2024_SLK21,2024-08-27,15.5,47,13.3,357,0.0,82.1,48.33,330.15,2.82,70.76,10.24,19.64,148
2024_SLK21,2024-08-28,17.3,43,13.3,164,0.0,86.72,50.49,336.27,5.24,73.42,17.02,14.38,149
2024_SLK21,2024-08-29,20.4,41,21.2,170,0.0,88.69,53.11,342.94,10.34,76.58,28.24,12.23,150
2024_SLK21,2024-08-30,14.8,100,26.1,237,12.3,17.74,25.55,309.15,0.0,42.36,0.0,158.66,151
2024_SLK22,2024-07-31,26.2,62,9.1,245,4.2,71.6,37.27,189.19,1.04,49.94,2.98,33.02,121
2024_SLK22,2024-08-01,27.4,35,11.3,233,2.0,84.46,37.4,197.13,3.46,50.74,9.92,16.91,122
2024_SLK22,2024-08-02,22.7,40,26.5,283,0.8,88.07,40.35,204.22,12.36,54.02,26.81,12.9,123
2024_SLK22,2024-08-03,18.9,37,20.1,316,1.6,84.49,41.41,210.62,5.41,55.53,14.95,16.88,124
2024_SLK22,2024-08-04,18.0,41,16.8,305,0.1,87.8,43.74,216.87,7.29,58.15,19.15,13.19,125
2024_SLK22,2024-08-05,17.7,50,15.3,333,0.2,87.85,45.68,223.06,6.81,60.42,18.59,13.14,126
2024_SLK22,2024-08-06,21.5,39,15.4,265,0.1,89.33,48.52,229.93,8.46,63.53,22.33,11.54,127
2024_SLK22,2024-08-07,14.0,63,16.5,58,2.5,71.68,41.98,235.45,1.52,58.08,5.12,32.9,128
2024_SLK22,2024-08-08,16.8,44,19.8,34,0.6,83.66,44.05,241.48,4.77,60.51,14.23,17.83,129
2024_SLK22,2024-08-09,17.1,45,13.8,14,0.0,86.79,46.12,247.56,5.43,62.93,16.06,14.29,130
2024_SLK22,2024-08-10,22.2,43,6.0,7,0.0,88.5,48.86,254.56,4.68,66.03,14.72,12.43,131
2024_SLK22,2024-08-11,25.8,40,3.8,335,0.0,89.83,52.19,262.21,5.07,69.7,16.12,11.01,132
2024_SLK22,2024-08-12,28.3,36,8.4,281,0.0,91.16,56.08,270.31,7.72,73.85,22.63,9.62,133
2024_SLK22,2024-08-13,28.2,37,10.0,276,0.0,91.2,59.89,278.39,8.43,77.89,24.74,9.57,134
2024_SLK22,2024-08-14,28.4,34,10.4,201,0.0,91.69,63.91,286.51,9.22,82.06,27.03,9.06,135
2024_SLK22,2024-08-15,23.7,64,5.1,190,0.5,88.04,65.75,293.78,4.19,84.32,15.51,12.93,136
2024_SLK22,2024-08-16,20.9,68,10.9,329,0.0,86.35,67.2,300.54,4.41,86.21,16.33,14.78,137
2024_SLK22,2024-08-17,21.9,42,12.5,295,0.0,88.62,69.96,307.49,6.61,89.19,22.36,12.3,138
2024_SLK22,2024-08-18,17.1,51,10.2,352,0.1,88.38,71.8,313.57,5.69,91.32,20.33,12.56,139
2024_SLK22,2024-08-19,18.5,38,3.4,108,0.0,89.05,74.31,319.9,4.44,94.02,17.23,11.84,140
2024_SLK22,2024-08-20,24.9,45,12.2,178,0.0,89.1,77.26,327.39,6.97,97.18,24.26,11.79,141
2024_SLK22,2024-08-21,27.5,47,14.9,201,0.0,89.16,80.39,335.34,8.05,100.53,27.26,11.72,142
2024_SLK22,2024-08-22,25.2,59,19.0,218,0.1,88.37,82.61,342.88,8.84,103.12,29.4,12.57,143
2024_SLK22,2024-08-23,21.4,65,13.8,285,5.1,66.26,54.57,336.23,1.11,77.64,4.6,40.66,144
2024_SLK22,2024-08-24,22.1,50,6.1,175,0.8,80.11,56.97,343.21,1.56,80.52,6.62,22.03,145
2024_SLK22,2024-08-25,25.2,67,17.1,181,0.0,84.24,58.76,350.75,4.5,82.83,16.22,17.16,146
2024_SLK22,2024-08-26,18.3,53,24.8,276,6.3,68.73,37.36,338.74,2.1,58.57,7.01,37.05,147
2024_SLK22,2024-08-27,17.4,41,7.7,21,0.0,82.71,39.61,344.88,2.29,61.55,7.85,18.93,148
2024_SLK22,2024-08-28,19.6,36,14.2,164,0.0,88.48,42.35,351.41,7.05,65.09,19.84,12.45,149
2024_SLK22,2024-08-29,21.6,47,19.7,171,0.0,88.53,44.83,358.3,9.37,68.3,24.89,12.4,150
2024_SLK22,2024-08-30,14.4,100,28.8,295,11.7,18.23,21.62,325.14,0.0,37.08,0.0,156.73,151
2024_SLK22,2024-08-31,15.3,67,18.0,307,5.9,44.51,13.91,315.12,0.19,25.05,0.2,79.95,152
2024_SLK22,2024-09-01,14.8,40,17.7,308,1.4,71.14,15.6,319.49,1.58,27.81,3.03,33.64,153
2024_SLK22,2024-09-02,14.7,86,12.5,172,2.7,54.84,12.41,323.84,0.52,22.66,0.51,59.42,154
2024_SLK22,2024-09-03,24.5,54,13.5,228,1.0,78.54,14.51,329.95,1.95,26.15,3.7,23.95,155
2024_SLK22,2024-09-04,10.4,85,15.7,351,4.0,49.57,9.81,324.42,0.34,18.25,0.29,69.42,156
2024_SLK22,2024-09-05,10.7,46,5.2,14,0.1,69.29,10.95,328.05,0.79,20.21,0.73,36.24,157
2024_SLK22,2024-09-06,12.8,43,0.8,333,0.0,78.89,12.36,332.06,1.06,22.61,1.22,23.51,158
2024_SLK22,2024-09-07,15.8,60,18.2,194,0.0,83.27,13.56,336.61,4.18,24.64,7.62,18.28,159
2024_SLK22,2024-09-08,20.9,52,10.3,341,0.1,86.27,15.44,342.08,4.23,27.75,8.24,14.88,160
2024_SLK22,2024-09-09,23.4,41,10.7,216,0.0,88.99,18.02,347.99,6.36,31.9,12.53,11.9,161
2024_SLK22,2024-09-10,25.6,53,14.7,191,0.0,89.04,20.25,354.3,7.84,35.44,15.58,11.85,162
2024_SLK22,2024-09-11,19.0,49,10.9,331,7.1,65.03,12.99,337.95,0.91,23.71,0.92,42.51,163
2024_SLK22,2024-09-12,18.6,52,14.4,120,0.0,81.02,14.68,343.0,2.62,26.52,5.13,20.93,164
2024_SLK22,2024-09-13,23.8,61,17.5,175,0.0,85.15,16.41,348.99,5.19,29.36,10.15,16.13,165
2024_SLK22,2024-09-14,24.4,53,25.2,205,0.0,87.28,18.54,355.08,10.34,32.8,18.42,13.76,166
2024_SLK22,2024-09-15,23.1,57,15.8,199,0.3,87.33,20.39,360.95,6.48,35.74,13.52,13.71,167
2024_SLK22,2024-09-16,23.2,56,11.8,243,2.4,77.81,18.75,366.83,1.68,33.25,3.75,24.86,168
2024_SLK22,2024-09-17,24.6,50,8.3,196,0.2,85.99,21.04,372.96,3.67,36.88,8.63,15.19,169
2024_SLK22,2024-09-18,23.4,55,14.5,95,0.0,86.89,23.0,378.87,5.7,39.94,12.99,14.19,170
2024_SLK22,2024-09-19,23.6,68,17.2,150,0.0,86.47,24.41,384.83,6.16,42.13,14.2,14.65,171
2024_SLK22,2024-09-20,20.3,72,14.8,203,4.0,65.3,17.93,379.76,1.12,32.07,2.16,42.12,172
2024_SLK23,2024-08-01,27.2,36,11.7,226,2.5,84.18,44.97,209.93,3.4,58.57,10.65,17.23,122
2024_SLK23,2024-08-02,22.4,42,27.5,284,0.6,88.26,47.78,216.97,13.36,61.63,30.16,12.69,123
2024_SLK23,2024-08-03,18.7,39,19.9,319,0.9,87.15,50.27,223.34,7.76,64.34,21.14,13.91,124
2024_SLK23,2024-08-04,17.8,43,17.1,306,0.1,88.04,52.5,229.54,7.66,66.8,21.35,12.93,125
2024_SLK23,2024-08-05,17.6,51,15.1,337,0.0,88.09,54.39,235.72,6.98,68.99,20.3,12.88,126
2024_SLK23,2024-08-06,21.3,40,14.8,261,0.1,89.18,57.17,242.55,8.03,71.94,22.95,11.7,127
2024_SLK23,2024-08-07,13.8,64,15.1,54,1.0,81.62,58.27,248.04,2.91,73.42,10.75,20.22,128
2024_SLK23,2024-08-08,16.6,45,19.2,34,0.2,86.34,60.28,254.03,6.68,75.67,20.68,14.8,129
2024_SLK23,2024-08-09,17.0,46,12.5,16,0.0,87.29,62.3,260.1,5.46,77.93,18.13,13.74,130
2024_SLK23,2024-08-10,22.0,45,5.0,13,0.0,88.29,64.92,267.06,4.32,80.76,15.49,12.66,131
2024_SLK23,2024-08-11,25.6,42,3.6,333,0.0,89.45,68.12,274.67,4.75,84.1,17.04,11.41,132
2024_SLK23,2024-08-12,28.0,37,8.2,285,0.0,90.88,71.9,282.72,7.35,87.91,23.94,9.9,133
2024_SLK23,2024-08-13,27.9,39,10.8,275,0.0,90.93,75.56,290.74,8.44,91.6,26.91,9.85,134
2024_SLK23,2024-08-14,28.1,35,10.9,204,0.0,91.44,79.48,298.81,9.12,95.47,28.96,9.32,135
2024_SLK23,2024-08-15,23.4,66,5.7,191,0.5,87.64,81.19,306.02,4.07,97.63,16.47,13.37,136
2024_SLK23,2024-08-16,20.7,69,10.3,324,0.1,86.11,82.59,312.75,4.13,99.49,16.82,15.05,137
2024_SLK23,2024-08-17,21.9,43,13.0,289,0.0,88.43,85.3,319.7,6.59,102.33,23.92,12.51,138
2024_SLK23,2024-08-18,17.0,52,10.6,349,0.0,88.2,87.09,325.76,5.65,104.4,21.65,12.76,139
2024_SLK23,2024-08-19,18.3,39,2.9,112,0.0,88.83,89.53,332.06,4.19,106.96,17.65,12.08,140
2024_SLK23,2024-08-20,24.8,46,12.5,175,0.0,88.89,92.42,339.53,6.86,109.99,25.45,12.02,141
2024_SLK23,2024-08-21,27.3,48,15.1,200,0.0,88.95,95.47,347.45,7.89,113.19,28.38,11.95,142
2024_SLK23,2024-08-22,25.0,60,18.5,217,0.1,88.17,97.62,354.95,8.37,115.7,29.82,12.79,143
2024_SLK23,2024-08-23,21.1,66,13.1,288,6.1,63.33,59.27,344.02,0.95,82.85,4.1,45.14,144
2024_SLK24,2024-07-31,25.6,66,8.9,256,5.8,65.94,31.26,167.72,0.86,42.64,1.92,41.14,121
2024_SLK24,2024-08-01,27.0,36,10.7,241,1.4,84.69,34.97,175.58,3.46,46.69,9.45,16.65,122
2024_SLK24,2024-08-02,22.4,43,25.5,283,0.2,88.46,37.73,182.62,12.42,49.76,25.83,12.48,123
2024_SLK24,2024-08-03,18.9,39,19.9,316,3.2,78.34,31.56,184.74,2.64,44.23,7.21,24.2,124
2024_SLK24,2024-08-04,17.7,45,16.6,304,0.1,85.71,33.69,190.93,5.37,46.76,13.51,15.5,125
2024_SLK24,2024-08-05,18.2,49,16.1,329,0.1,86.93,35.72,197.21,6.22,49.18,15.55,14.14,126
2024_SLK24,2024-08-06,21.2,40,14.9,270,0.0,88.96,38.49,204.03,7.82,52.31,19.07,11.94,127
2024_SLK24,2024-08-07,12.4,88,17.0,60,4.5,49.32,26.43,201.26,0.36,39.8,0.51,69.91,128
2024_SLK24,2024-08-08,16.8,46,20.6,35,1.5,73.3,28.43,207.29,1.99,42.34,5.35,30.7,129
2024_SLK24,2024-08-09,16.5,48,15.0,13,0.0,83.47,30.32,213.26,3.66,44.74,9.64,18.04,130
2024_SLK24,2024-08-10,22.1,44,6.7,6,0.0,87.58,33.0,220.25,4.25,48.02,11.38,13.43,131
2024_SLK24,2024-08-11,25.4,43,4.4,339,0.0,89.14,36.12,227.82,4.73,51.73,12.94,11.75,132
2024_SLK24,2024-08-12,27.5,39,8.6,281,0.0,90.43,39.72,235.78,7.03,55.9,18.26,10.38,133
2024_SLK24,2024-08-13,27.3,44,8.9,279,0.0,90.48,43.0,243.69,7.19,59.68,19.22,10.33,134
2024_SLK24,2024-08-14,28.0,35,10.3,199,0.0,91.37,46.91,251.74,8.76,64.0,22.98,9.39,135
2024_SLK24,2024-08-15,23.6,64,4.9,188,0.3,87.98,48.74,258.99,4.11,66.3,13.34,13.0,136
2024_SLK24,2024-08-16,21.5,68,11.7,335,0.0,86.4,50.24,265.86,4.62,68.24,14.85,14.73,137
2024_SLK24,2024-08-17,21.6,45,11.5,304,0.0,88.12,52.82,272.76,5.84,71.18,18.13,12.85,138
2024_SLK24,2024-08-18,17.6,56,10.6,356,0.3,87.68,54.51,278.93,5.24,73.24,16.99,13.33,139
2024_SLK24,2024-08-19,18.3,42,3.6,99,0.0,88.29,56.84,285.23,4.02,75.88,14.17,12.66,140
2024_SLK24,2024-08-20,24.9,45,11.9,183,0.0,88.97,59.79,292.71,6.73,79.16,21.28,11.93,141
2024_SLK24,2024-08-21,27.4,47,14.6,202,0.0,89.13,62.91,300.65,7.9,82.6,24.36,11.76,142
2024_SLK24,2024-08-22,25.4,58,18.8,220,0.0,88.55,65.21,308.22,8.98,85.3,27.07,12.38,143
2024_SLK24,2024-08-23,21.5,62,14.6,291,4.8,68.5,44.91,303.72,1.24,65.58,4.56,37.38,144
2024_SLK27,2024-08-01,25.0,59,11.6,276,0.4,78.17,16.88,178.76,1.72,27.32,3.29,24.41,122
2024_SLK27,2024-08-02,22.3,45,22.6,282,0.1,87.07,19.54,185.77,8.79,30.94,15.85,14.0,123
2024_SLK27,2024-08-03,16.3,60,20.4,312,2.9,72.29,16.42,188.17,1.89,26.96,3.65,32.07,124
2024_SLK27,2024-08-04,17.0,45,18.7,309,0.2,84.13,18.47,194.23,4.8,29.85,9.6,17.29,125
2024_SLK27,2024-08-05,16.5,51,20.4,314,0.8,84.38,20.25,200.2,5.41,32.33,11.08,17.01,126
2024_SLK27,2024-08-06,20.2,42,13.3,257,0.1,87.95,22.8,206.84,6.25,35.75,13.13,13.03,127
2024_SLK27,2024-08-07,14.5,78,14.0,62,1.4,75.29,23.51,212.46,1.58,36.84,3.77,28.08,128
2024_SLK27,2024-08-08,14.1,70,21.1,40,3.7,62.02,17.64,212.02,1.33,29.2,2.52,47.22,129
2024_SLK27,2024-08-09,10.3,83,19.7,16,3.6,48.69,12.72,211.17,0.38,22.11,0.36,71.18,130
2024_SLK27,2024-08-10,18.1,37,9.7,1,0.9,75.63,15.22,217.43,1.3,25.9,2.16,27.63,131
2024_SLK27,2024-08-11,23.1,48,7.7,348,0.0,85.35,17.81,224.59,3.26,29.73,6.8,15.9,132
2024_SLK27,2024-08-12,27.0,42,9.9,275,0.0,89.32,21.18,232.46,6.4,34.5,13.14,11.56,133
2024_SLK27,2024-08-13,28.0,40,9.9,279,0.0,90.38,24.78,240.5,7.45,39.41,15.85,10.43,134
2024_SLK27,2024-08-14,27.8,40,9.5,209,0.0,90.48,28.36,248.51,7.42,44.13,16.77,10.32,135
2024_SLK27,2024-08-15,24.2,60,8.1,185,0.0,88.38,30.45,255.87,5.11,46.94,13.03,12.56,136
2024_SLK27,2024-08-16,24.3,63,9.3,316,0.4,87.58,32.39,263.25,4.84,49.54,12.86,13.43,137
2024_SLK27,2024-08-17,20.9,46,13.0,342,0.2,88.12,34.84,270.01,6.3,52.69,16.31,12.84,138
2024_SLK27,2024-08-18,17.0,60,15.3,338,0.0,87.05,36.34,276.08,6.08,54.68,16.19,14.01,139
2024_SLK27,2024-08-19,15.9,46,3.0,346,0.0,87.31,38.23,281.94,3.39,57.11,10.47,13.73,140
2024_SLK27,2024-08-20,21.5,41,10.1,181,0.0,88.87,40.99,288.82,6.06,60.51,17.07,12.04,141
2024_SLK27,2024-08-21,24.6,57,12.1,183,0.0,88.57,43.27,296.25,6.42,63.39,18.27,12.36,142
2024_SLK27,2024-08-22,25.8,53,20.1,220,0.1,88.62,45.88,303.9,9.68,66.62,25.14,12.31,143
2024_SLK27,2024-08-23,21.7,56,19.2,296,0.9,85.14,47.95,310.81,5.65,69.21,17.42,16.14,144
2024_SLK27,2024-08-24,21.3,54,1.9,209,0.0,86.32,50.08,317.64,2.79,71.84,10.23,14.82,145
2024_SLK27,2024-08-25,27.9,48,16.8,176,0.0,88.74,53.19,325.67,8.34,75.54,24.18,12.17,146
2024_SLK27,2024-08-26,20.3,55,20.7,272,0.4,88.24,55.18,332.33,9.45,77.99,26.8,12.71,147
2024_SLK27,2024-08-27,16.4,42,10.9,351,0.0,88.29,57.27,338.28,5.81,80.48,19.29,12.66,148
2024_SLK27,2024-08-28,17.5,38,10.2,152,0.0,88.95,59.65,344.44,6.16,83.26,20.51,11.95,149
2024_SLK27,2024-08-29,20.9,38,19.3,181,0.0,89.6,62.47,351.2,10.7,86.48,30.72,11.26,150
2024_SLK27,2024-08-30,15.5,92,26.9,229,10.4,36.69,31.83,323.57,0.07,51.09,0.12,98.43,151
2024_SLK27,2024-08-31,15.0,88,12.1,288,8.8,26.72,16.55,303.45,0.0,29.13,0.0,126.81,152
2024_SLK27,2024-09-01,12.3,49,27.1,319,1.0,63.17,17.77,307.37,1.91,31.05,4.1,45.39,153
2024_SLK27,2024-09-02,17.8,54,13.0,237,0.2,79.5,19.32,312.28,2.08,33.46,4.74,22.77,154
2024_SLK27,2024-09-03,22.4,56,14.6,224,2.3,77.09,17.99,318.01,1.83,31.51,3.96,25.77,155
2024_SLK27,2024-09-04,19.0,87,10.9,320,0.5,78.22,18.45,323.14,1.66,32.29,3.62,24.35,156
2024_SLK27,2024-09-05,8.7,55,10.8,2,4.5,56.88,12.69,315.67,0.56,23.06,0.56,55.81,157
2024_SLK27,2024-09-06,9.4,56,6.7,6,0.0,71.17,13.51,319.06,0.91,24.43,0.94,33.6,158
2024_SLK27,2024-09-07,13.5,58,12.1,203,0.0,80.01,14.6,323.2,2.09,26.24,4.01,22.15,159
2024_SLK27,2024-09-08,17.5,70,1.5,339,0.4,81.76,15.6,328.05,1.49,27.88,2.82,20.05,160
2024_SLK27,2024-09-09,21.7,45,7.5,220,0.2,86.98,17.83,333.66,4.06,31.45,8.56,14.09,161
2024_SLK27,2024-09-10,24.2,56,11.9,184,0.0,87.04,19.81,339.72,5.11,34.58,10.98,14.02,162
2024_SLK27,2024-09-11,16.3,95,12.0,352,3.3,48.6,14.63,337.66,0.25,26.41,0.27,71.35,163
2024_SLK27,2024-09-12,17.3,50,12.8,99,1.5,70.15,16.27,342.47,1.2,29.09,2.16,35.02,164
2024_SLK27,2024-09-13,19.0,73,19.1,172,0.0,79.05,17.24,347.6,2.71,30.67,5.83,23.31,165
2024_SLK27,2024-09-14,23.6,57,18.1,187,0.0,85.38,19.13,353.55,5.53,33.7,11.54,15.87,166
2024_SLK27,2024-09-15,22.4,76,15.7,210,0.0,84.73,20.13,359.29,4.48,35.32,9.96,16.61,167
2024_SLK27,2024-09-16,23.3,59,11.3,219,3.6,72.21,16.04,356.96,1.19,28.83,2.12,32.17,168
2024_SLK28,2024-08-03,19.4,37,19.7,315,2.8,80.49,35.17,236.13,3.23,51.26,9.43,21.56,124
2024_SLK28,2024-08-04,17.8,45,15.7,302,0.1,86.21,37.32,242.34,5.5,53.89,14.9,14.94,125
2024_SLK28,2024-08-05,18.0,45,17.4,315,0.0,87.58,39.49,248.58,7.29,56.53,18.86,13.43,126
2024_SLK28,2024-08-06,21.5,38,12.8,261,0.0,89.42,42.38,255.45,7.52,59.91,19.89,11.45,127
2024_SLK28,2024-08-07,14.2,100,16.1,50,5.1,31.79,27.6,250.12,0.01,43.27,0.02,111.6,128
2024_SLK28,2024-08-08,15.9,56,23.1,37,0.9,66.3,29.15,255.98,1.77,45.38,5.01,40.6,129
2024_SLK28,2024-08-09,13.7,60,18.6,9,0.5,78.57,30.37,261.45,2.53,47.07,7.2,23.91,130
2024_SLK28,2024-08-10,20.6,37,9.0,358,0.0,87.37,33.19,268.17,4.63,50.7,12.57,13.66,131
2024_SLK28,2024-08-11,24.9,42,6.3,347,0.0,89.21,36.31,275.65,5.26,54.62,14.48,11.67,132
2024_SLK28,2024-08-12,26.7,42,10.6,272,0.0,89.84,39.63,283.46,7.15,58.74,18.97,11.0,133
2024_SLK28,2024-08-13,27.3,43,9.3,286,0.0,89.89,42.98,291.38,6.74,62.8,18.84,10.95,134
2024_SLK28,2024-08-14,28.0,33,10.9,207,0.5,91.66,47.0,299.42,9.41,67.51,24.83,9.09,135
2024_SLK29,2024-08-11,25.4,43,4.4,339,0.0,89.15,36.49,229.14,4.74,52.2,13.03,11.73,132
2024_SLK29,2024-08-12,27.5,39,8.6,281,0.0,90.43,40.09,237.09,7.03,56.36,18.35,10.38,133
2024_SLK29,2024-08-13,27.3,44,8.9,279,0.0,90.48,43.37,245.01,7.19,60.13,19.3,10.32,134
2024_SLK29,2024-08-14,27.9,35,10.3,199,0.0,91.36,47.26,253.04,8.74,64.44,23.02,9.41,135
2024_SLK29,2024-08-15,23.6,64,4.9,188,0.3,87.98,49.1,260.29,4.11,66.73,13.38,13.0,136
2024_SLK29,2024-08-16,21.5,68,11.7,335,0.0,86.4,50.59,267.16,4.62,68.67,14.9,14.73,137
2024_SLK30,2024-08-13,27.0,47,8.3,275,0.0,90.03,41.84,258.49,6.54,59.58,17.91,10.8,134
2024_SLK30,2024-08-14,27.5,37,10.6,199,0.0,90.89,45.56,266.45,8.31,63.84,22.1,9.89,135
2024_SLK30,2024-08-15,23.4,66,5.0,180,0.4,87.56,47.28,273.66,3.89,66.04,12.74,13.45,136
2024_SLK30,2024-08-16,21.6,68,11.4,337,0.0,86.34,48.78,280.56,4.51,68.0,14.56,14.79,137
2024_SLK30,2024-08-17,21.8,46,12.3,302,0.0,88.0,51.33,287.48,5.98,70.98,18.42,12.97,138
2024_SLK30,2024-08-18,17.6,57,10.1,1,0.2,87.52,52.99,293.66,5.0,73.04,16.38,13.5,139
2024_SLK30,2024-08-19,18.3,45,4.1,103,0.0,87.86,55.2,299.95,3.88,75.61,13.75,13.12,140
2024_SLK30,2024-08-20,24.9,47,12.1,183,0.0,88.6,58.04,307.44,6.45,78.86,20.59,12.33,141
2024_SLK30,2024-08-21,27.1,46,15.2,203,0.0,89.2,61.19,315.32,8.22,82.4,25.01,11.68,142
2024_SLK30,2024-08-22,25.3,58,18.8,220,0.0,88.54,63.47,322.88,8.97,85.12,27.03,12.39,143
2024_SLK30,2024-08-23,21.3,63,12.9,290,5.1,66.59,42.81,316.85,1.07,64.01,3.8,40.18,144
2024_SLK30,2024-08-24,21.9,54,5.7,167,0.5,80.88,45.0,323.8,1.67,66.79,6.19,21.09,145
2024_SLK30,2024-08-25,23.9,76,18.0,188,0.0,82.66,46.24,331.11,3.83,68.54,12.87,18.99,146
2024_SLK30,2024-08-26,18.0,56,23.4,278,7.6,65.35,27.82,315.28,1.74,45.58,4.92,42.03,147
2024_SLK30,2024-08-27,17.0,45,7.0,29,0.0,80.51,29.88,321.34,1.71,48.48,5.05,21.54,148
2024_SLK30,2024-08-28,19.4,39,13.9,159,0.0,87.46,32.46,327.84,6.0,52.03,15.61,13.56,149
2024_SLK30,2024-08-29,20.8,54,19.5,170,0.0,87.51,34.54,334.59,8.01,54.9,19.91,13.51,150
2024_SLK30,2024-08-30,14.3,100,28.2,289,11.8,17.93,15.61,303.2,0.0,27.66,0.0,157.91,151
2024_SLK30,2024-08-31,15.3,65,17.5,307,4.5,46.49,11.07,298.73,0.25,20.26,0.23,75.71,152
2024_SLK30,2024-09-01,14.6,43,16.9,304,1.0,72.44,12.66,303.06,1.6,22.93,2.6,31.86,153
2024_SLK30,2024-09-02,16.1,80,12.2,179,1.5,68.28,13.27,307.66,1.1,23.96,1.46,37.69,154
2024_SLK30,2024-09-03,24.5,55,13.8,227,1.1,81.05,15.32,313.78,2.56,27.31,5.09,20.89,155
2024_SLK30,2024-09-04,10.9,87,14.7,353,2.8,55.89,11.89,312.92,0.63,21.72,0.6,57.55,156
2024_SLK30,2024-09-05,10.2,52,5.5,19,0.2,71.38,12.86,316.46,0.86,23.34,0.86,33.31,157
2024_SLK30,2024-09-06,11.6,49,0.8,333,0.0,78.72,14.01,320.26,1.04,25.26,1.42,23.72,158
2024_SLK30,2024-09-07,16.6,58,18.3,200,0.0,83.67,15.33,324.95,4.43,27.43,8.53,17.82,159
2024_SLK30,2024-09-08,20.8,54,10.7,340,0.0,86.08,17.13,330.4,4.2,30.32,8.63,15.09,160
2024_SLK30,2024-09-09,23.2,42,10.7,211,0.0,88.76,19.64,336.28,6.16,34.27,12.69,12.15,161
2024_SLK30,2024-09-10,25.4,56,14.8,190,0.0,88.81,21.71,342.55,7.62,37.48,15.7,12.1,162
2024_SLK30,2024-09-11,18.6,55,10.5,338,6.2,63.7,14.19,330.03,0.85,25.63,0.9,44.57,163
2024_SLK30,2024-09-12,18.7,53,14.9,115,0.0,80.53,15.85,335.1,2.55,28.34,5.21,21.52,164
2024_SLK30,2024-09-13,24.2,60,18.1,175,0.0,85.31,17.65,341.16,5.47,31.26,10.97,15.95,165
2024_SLK30,2024-09-14,24.1,54,25.2,208,0.0,87.1,19.71,347.2,10.07,34.53,18.54,13.96,166
2024_SLK30,2024-09-15,21.6,70,14.4,193,0.9,82.32,20.93,352.79,3.06,36.45,7.29,19.39,167
2024_SLK30,2024-09-16,23.4,54,12.9,243,3.3,74.93,17.38,351.78,1.46,30.93,3.0,28.54,168
2024_SLK34,2024-08-25,27.9,50,15.4,169,0.0,88.0,75.71,358.6,6.99,99.11,24.55,12.97,146
2024_SLK34,2024-08-26,19.5,55,24.5,271,2.1,79.58,68.1,365.11,3.74,92.89,15.05,22.67,147
2024_SLK34,2024-08-27,16.2,44,12.6,349,0.0,85.64,70.1,371.03,4.34,95.23,17.06,15.58,148
2024_SLK34,2024-08-28,17.8,39,10.3,158,0.0,88.2,72.48,377.24,5.57,97.93,20.76,12.76,149
2024_SLK34,2024-08-29,21.4,36,18.5,179,0.0,89.88,75.46,384.1,10.71,101.21,33.15,10.96,150
2024_SLK34,2024-08-30,15.2,91,26.4,226,9.0,39.57,41.02,359.16,0.12,63.82,0.24,91.28,151
2024_SLK34,2024-08-31,14.0,73,13.0,299,6.7,41.49,24.84,344.47,0.09,42.09,0.13,86.75,152
2024_SLK34,2024-09-01,12.6,46,26.5,312,1.7,67.69,24.64,348.44,2.21,41.88,5.88,38.54,153
2024_SLK34,2024-09-02,18.2,51,14.2,240,0.2,81.82,26.33,353.42,2.85,44.39,7.74,19.98,154
2024_SLK34,2024-09-03,22.2,58,14.5,233,4.4,70.38,19.35,347.94,1.31,33.98,2.84,34.7,155
2024_SLK34,2024-09-04,12.1,89,17.6,349,0.3,73.28,19.61,351.82,1.71,34.43,3.93,30.73,156
2024_SLK34,2024-09-05,8.6,56,10.8,2,2.7,63.08,16.22,355.07,0.84,29.11,0.97,45.54,157
2024_SLK34,2024-09-06,9.9,55,6.9,351,0.0,74.87,17.1,358.56,1.08,30.55,1.92,28.62,158
2024_SLK34,2024-09-07,13.5,58,13.1,196,0.0,81.48,18.19,362.69,2.59,32.32,5.78,20.38,159
2024_SLK34,2024-09-08,18.4,67,3.3,319,1.2,76.41,19.33,367.71,0.99,34.18,1.88,26.63,160
2024_SLK34,2024-09-09,21.4,46,8.4,223,0.5,85.48,21.5,373.26,3.44,37.58,8.24,15.75,161
2024_SLK34,2024-09-10,24.3,55,11.2,181,0.0,86.9,23.53,379.34,4.83,40.74,11.51,14.18,162
2024_SLK34,2024-09-11,16.0,89,11.4,349,1.8,66.94,22.0,383.93,1.01,38.48,2.21,39.65,163
2024_SLK34,2024-09-12,17.5,50,11.2,100,0.0,81.1,23.65,388.78,2.26,41.06,5.92,20.83,164
2024_SLK34,2024-09-13,19.6,70,18.2,168,0.0,83.09,24.76,394.01,4.09,42.8,10.31,18.49,165
2024_SLK34,2024-09-14,23.9,56,18.6,189,0.0,86.35,26.72,400.02,6.49,45.79,15.46,14.79,166
2024_SLK34,2024-09-15,23.7,60,13.8,221,0.0,86.39,28.48,405.99,5.13,48.47,13.3,14.74,167
2024_SLK34,2024-09-16,23.0,56,8.9,220,2.2,77.58,26.6,411.83,1.42,45.8,4.0,25.15,168
2024_SLK34,2024-09-17,23.4,57,7.5,213,0.0,84.41,28.47,417.75,2.84,48.65,8.16,16.97,169
2024_SLK34,2024-09-18,20.9,70,12.4,73,0.0,84.46,29.65,423.21,3.66,50.46,10.36,16.92,170
2024_SLK36,2024-09-12,17.6,54,15.9,105,0.4,75.38,16.9,357.21,1.74,30.22,3.63,27.95,164
2024_SLK36,2024-09-13,23.7,60,18.7,172,0.0,84.21,18.66,363.18,4.85,33.08,10.26,17.2,165
2024_SLK36,2024-09-14,24.4,54,21.6,197,0.0,86.96,20.75,369.27,8.24,36.39,16.4,14.11,166
2024_SLK36,2024-09-15,18.2,94,16.4,206,3.2,51.8,15.62,367.45,0.46,28.24,0.52,65.08,167
2024_SLK36,2024-09-16,24.6,45,15.7,233,3.2,75.0,13.77,366.8,1.69,25.18,3.03,28.46,168
2024_SLK6,2024-06-29,13.1,46,13.0,6,0.1,84.13,17.37,110.25,3.6,24.92,6.7,17.29,89
2024_SLK6,2024-06-30,21.5,33,13.6,282,0.0,89.65,21.35,117.53,8.09,29.37,14.48,11.2,90
2024_SLK6,2024-07-01,18.8,50,14.9,197,0.2,88.95,23.69,124.62,7.81,32.12,14.76,11.95,91
2024_THU21,2024-10-02,14.8,45,14.3,231,0.3,86.98,54.29,470.52,5.72,84.27,19.55,14.09,184
2024_THU21,2024-10-03,12.4,43,20.4,272,0.0,87.29,55.46,473.45,8.12,85.79,25.34,13.75,185
2024_THU21,2024-10-04,14.5,42,12.5,242,0.0,87.75,56.83,476.77,5.83,87.57,20.24,13.25,186
2024_THU21,2024-10-05,17.2,42,27.6,165,0.0,88.25,58.44,480.57,13.4,89.63,36.31,12.7,187
2024_THU24,2024-10-16,9.4,49,13.6,217,0.0,80.3,23.05,413.48,2.33,40.46,6.05,21.79,198
2024_THU24,2024-10-17,11.7,48,20.9,180,0.0,84.64,24.06,416.29,5.75,42.04,13.44,16.71,199
2024_THU24,2024-10-18,16.1,44,15.4,201,0.0,87.04,25.52,419.89,6.1,44.3,14.48,14.02,200
2024_THU24,2024-10-19,10.7,83,7.4,39,3.5,53.21,18.91,413.43,0.34,33.94,0.44,62.42,201
